<?xml version="1.0" encoding="UTF-8"?>
<gpx xmlns="http://www.topografix.com/GPX/1/1" xmlns:gpxtpx="http://www.garmin.com/xmlschemas/TrackPointExtension/v1" xmlns:xsi="http://www.w3.org/2001/XMLSchema-instance" xsi:schemaLocation="http://www.topografix.com/GPX/1/1 http://www.topografix.com/GPX/1/1/gpx.xsd" version="1.1" creator="gpx.py -- https://github.com/tkrajina/gpxpy">
  <trk>
    <name>gpx from keep</name>
    <type>Run</type>
    <trkseg>
      <trkpt lat="32.06877851858641" lon="118.59214441009945">
        <ele>38.5</ele>
        <time>2026-08-05T12:38:13Z</time>
        <extensions>
          <gpxtpx:TrackPointExtension>
            <gpxtpx:hr>122</gpxtpx:hr>
          </gpxtpx:TrackPointExtension>
        </extensions>
      </trkpt>
      <trkpt lat="32.068729507782315" lon="118.59213941390108">
        <ele>38.5</ele>
        <time>2026-08-05T12:38:14Z</time>
        <extensions>
          <gpxtpx:TrackPointExtension>
            <gpxtpx:hr>122</gpxtpx:hr>
          </gpxtpx:TrackPointExtension>
        </extensions>
      </trkpt>
      <trkpt lat="32.06868949908195" lon="118.59214141775077">
        <ele>38.5</ele>
        <time>2026-08-05T12:38:15Z</time>
        <extensions>
          <gpxtpx:TrackPointExtension>
            <gpxtpx:hr>122</gpxtpx:hr>
          </gpxtpx:TrackPointExtension>
        </extensions>
      </trkpt>
      <trkpt lat="32.068661493197084" lon="118.5921534217425">
        <ele>38.5</ele>
        <time>2026-08-05T12:38:16Z</time>
        <extensions>
          <gpxtpx:TrackPointExtension>
            <gpxtpx:hr>122</gpxtpx:hr>
          </gpxtpx:TrackPointExtension>
        </extensions>
      </trkpt>
      <trkpt lat="32.06863548781694" lon="118.59216942603177">
        <ele>38.5</ele>
        <time>2026-08-05T12:38:17Z</time>
        <extensions>
          <gpxtpx:TrackPointExtension>
            <gpxtpx:hr>122</gpxtpx:hr>
          </gpxtpx:TrackPointExtension>
        </extensions>
      </trkpt>
      <trkpt lat="32.06861248290096" lon="118.59217542883066">
        <ele>38.5</ele>
        <time>2026-08-05T12:38:18Z</time>
        <extensions>
          <gpxtpx:TrackPointExtension>
            <gpxtpx:hr>127</gpxtpx:hr>
          </gpxtpx:TrackPointExtension>
        </extensions>
      </trkpt>
      <trkpt lat="32.068585476797566" lon="118.59216442993008">
        <ele>38.5</ele>
        <time>2026-08-05T12:38:19Z</time>
        <extensions>
          <gpxtpx:TrackPointExtension>
            <gpxtpx:hr>127</gpxtpx:hr>
          </gpxtpx:TrackPointExtension>
        </extensions>
      </trkpt>
      <trkpt lat="32.068556470213075" lon="118.59215143095906">
        <ele>38.5</ele>
        <time>2026-08-05T12:38:20Z</time>
        <extensions>
          <gpxtpx:TrackPointExtension>
            <gpxtpx:hr>127</gpxtpx:hr>
          </gpxtpx:TrackPointExtension>
        </extensions>
      </trkpt>
      <trkpt lat="32.06852446314201" lon="118.59214743335318">
        <ele>38.5</ele>
        <time>2026-08-05T12:38:21Z</time>
        <extensions>
          <gpxtpx:TrackPointExtension>
            <gpxtpx:hr>127</gpxtpx:hr>
          </gpxtpx:TrackPointExtension>
        </extensions>
      </trkpt>
      <trkpt lat="32.06848945547288" lon="118.59214643638437">
        <ele>38.5</ele>
        <time>2026-08-05T12:38:22Z</time>
        <extensions>
          <gpxtpx:TrackPointExtension>
            <gpxtpx:hr>127</gpxtpx:hr>
          </gpxtpx:TrackPointExtension>
        </extensions>
      </trkpt>
      <trkpt lat="32.068453447565176" lon="118.59214443938306">
        <ele>38.4</ele>
        <time>2026-08-05T12:38:23Z</time>
        <extensions>
          <gpxtpx:TrackPointExtension>
            <gpxtpx:hr>130</gpxtpx:hr>
          </gpxtpx:TrackPointExtension>
        </extensions>
      </trkpt>
      <trkpt lat="32.0684184398558" lon="118.59214144216874">
        <ele>38.4</ele>
        <time>2026-08-05T12:38:24Z</time>
        <extensions>
          <gpxtpx:TrackPointExtension>
            <gpxtpx:hr>130</gpxtpx:hr>
          </gpxtpx:TrackPointExtension>
        </extensions>
      </trkpt>
      <trkpt lat="32.06838443234436" lon="118.59213744474094">
        <ele>38.4</ele>
        <time>2026-08-05T12:38:25Z</time>
        <extensions>
          <gpxtpx:TrackPointExtension>
            <gpxtpx:hr>130</gpxtpx:hr>
          </gpxtpx:TrackPointExtension>
        </extensions>
      </trkpt>
      <trkpt lat="32.06834942463327" lon="118.59213444752551">
        <ele>38.4</ele>
        <time>2026-08-05T12:38:26Z</time>
        <extensions>
          <gpxtpx:TrackPointExtension>
            <gpxtpx:hr>130</gpxtpx:hr>
          </gpxtpx:TrackPointExtension>
        </extensions>
      </trkpt>
      <trkpt lat="32.0683174175974" lon="118.59213245016252">
        <ele>38.4</ele>
        <time>2026-08-05T12:38:27Z</time>
        <extensions>
          <gpxtpx:TrackPointExtension>
            <gpxtpx:hr>130</gpxtpx:hr>
          </gpxtpx:TrackPointExtension>
        </extensions>
      </trkpt>
      <trkpt lat="32.068287411078714" lon="118.59213445311185">
        <ele>38.2</ele>
        <time>2026-08-05T12:38:28Z</time>
        <extensions>
          <gpxtpx:TrackPointExtension>
            <gpxtpx:hr>134</gpxtpx:hr>
          </gpxtpx:TrackPointExtension>
        </extensions>
      </trkpt>
      <trkpt lat="32.06826140549372" lon="118.59213945606929">
        <ele>38.2</ele>
        <time>2026-08-05T12:38:29Z</time>
        <extensions>
          <gpxtpx:TrackPointExtension>
            <gpxtpx:hr>134</gpxtpx:hr>
          </gpxtpx:TrackPointExtension>
        </extensions>
      </trkpt>
      <trkpt lat="32.06822739821676" lon="118.59214746011365">
        <ele>38.2</ele>
        <time>2026-08-05T12:38:30Z</time>
        <extensions>
          <gpxtpx:TrackPointExtension>
            <gpxtpx:hr>134</gpxtpx:hr>
          </gpxtpx:TrackPointExtension>
        </extensions>
      </trkpt>
      <trkpt lat="32.068194391174345" lon="118.59215646418649">
        <ele>38.2</ele>
        <time>2026-08-05T12:38:31Z</time>
        <extensions>
          <gpxtpx:TrackPointExtension>
            <gpxtpx:hr>134</gpxtpx:hr>
          </gpxtpx:TrackPointExtension>
        </extensions>
      </trkpt>
      <trkpt lat="32.06816238434669" lon="118.59216546816495">
        <ele>38.2</ele>
        <time>2026-08-05T12:38:32Z</time>
        <extensions>
          <gpxtpx:TrackPointExtension>
            <gpxtpx:hr>134</gpxtpx:hr>
          </gpxtpx:TrackPointExtension>
        </extensions>
      </trkpt>
      <trkpt lat="32.068131377770264" lon="118.5921764722909">
        <ele>38.1</ele>
        <time>2026-08-05T12:38:33Z</time>
        <extensions>
          <gpxtpx:TrackPointExtension>
            <gpxtpx:hr>145</gpxtpx:hr>
          </gpxtpx:TrackPointExtension>
        </extensions>
      </trkpt>
      <trkpt lat="32.0681073727367" lon="118.5921884759">
        <ele>38.1</ele>
        <time>2026-08-05T12:38:34Z</time>
        <extensions>
          <gpxtpx:TrackPointExtension>
            <gpxtpx:hr>145</gpxtpx:hr>
          </gpxtpx:TrackPointExtension>
        </extensions>
      </trkpt>
      <trkpt lat="32.06807736645254" lon="118.59220448052015">
        <ele>38.1</ele>
        <time>2026-08-05T12:38:35Z</time>
        <extensions>
          <gpxtpx:TrackPointExtension>
            <gpxtpx:hr>145</gpxtpx:hr>
          </gpxtpx:TrackPointExtension>
        </extensions>
      </trkpt>
      <trkpt lat="32.06804836039175" lon="118.59222148515522">
        <ele>38.1</ele>
        <time>2026-08-05T12:38:36Z</time>
        <extensions>
          <gpxtpx:TrackPointExtension>
            <gpxtpx:hr>145</gpxtpx:hr>
          </gpxtpx:TrackPointExtension>
        </extensions>
      </trkpt>
      <trkpt lat="32.06802435542699" lon="118.59223948944215">
        <ele>38.1</ele>
        <time>2026-08-05T12:38:37Z</time>
        <extensions>
          <gpxtpx:TrackPointExtension>
            <gpxtpx:hr>145</gpxtpx:hr>
          </gpxtpx:TrackPointExtension>
        </extensions>
      </trkpt>
      <trkpt lat="32.06799434919353" lon="118.5922614947186">
        <ele>38.0</ele>
        <time>2026-08-05T12:38:38Z</time>
        <extensions>
          <gpxtpx:TrackPointExtension>
            <gpxtpx:hr>148</gpxtpx:hr>
          </gpxtpx:TrackPointExtension>
        </extensions>
      </trkpt>
      <trkpt lat="32.067966343389415" lon="118.59228449990455">
        <ele>38.0</ele>
        <time>2026-08-05T12:38:39Z</time>
        <extensions>
          <gpxtpx:TrackPointExtension>
            <gpxtpx:hr>148</gpxtpx:hr>
          </gpxtpx:TrackPointExtension>
        </extensions>
      </trkpt>
      <trkpt lat="32.06793833758651" lon="118.59230950529047">
        <ele>38.0</ele>
        <time>2026-08-05T12:38:40Z</time>
        <extensions>
          <gpxtpx:TrackPointExtension>
            <gpxtpx:hr>148</gpxtpx:hr>
          </gpxtpx:TrackPointExtension>
        </extensions>
      </trkpt>
      <trkpt lat="32.067911331996996" lon="118.59233651077838">
        <ele>38.0</ele>
        <time>2026-08-05T12:38:41Z</time>
        <extensions>
          <gpxtpx:TrackPointExtension>
            <gpxtpx:hr>148</gpxtpx:hr>
          </gpxtpx:TrackPointExtension>
        </extensions>
      </trkpt>
      <trkpt lat="32.06788632682263" lon="118.59236451615868">
        <ele>38.0</ele>
        <time>2026-08-05T12:38:42Z</time>
        <extensions>
          <gpxtpx:TrackPointExtension>
            <gpxtpx:hr>148</gpxtpx:hr>
          </gpxtpx:TrackPointExtension>
        </extensions>
      </trkpt>
      <trkpt lat="32.06786232184102" lon="118.59239352151707">
        <ele>37.8</ele>
        <time>2026-08-05T12:38:43Z</time>
        <extensions>
          <gpxtpx:TrackPointExtension>
            <gpxtpx:hr>149</gpxtpx:hr>
          </gpxtpx:TrackPointExtension>
        </extensions>
      </trkpt>
      <trkpt lat="32.067844318120116" lon="118.59242052607463">
        <ele>37.8</ele>
        <time>2026-08-05T12:38:44Z</time>
        <extensions>
          <gpxtpx:TrackPointExtension>
            <gpxtpx:hr>149</gpxtpx:hr>
          </gpxtpx:TrackPointExtension>
        </extensions>
      </trkpt>
      <trkpt lat="32.067824313929506" lon="118.59244753077402">
        <ele>37.8</ele>
        <time>2026-08-05T12:38:45Z</time>
        <extensions>
          <gpxtpx:TrackPointExtension>
            <gpxtpx:hr>149</gpxtpx:hr>
          </gpxtpx:TrackPointExtension>
        </extensions>
      </trkpt>
      <trkpt lat="32.06780430969651" lon="118.59247253522457">
        <ele>37.8</ele>
        <time>2026-08-05T12:38:46Z</time>
        <extensions>
          <gpxtpx:TrackPointExtension>
            <gpxtpx:hr>149</gpxtpx:hr>
          </gpxtpx:TrackPointExtension>
        </extensions>
      </trkpt>
      <trkpt lat="32.067783305191995" lon="118.59249153910758">
        <ele>37.8</ele>
        <time>2026-08-05T12:38:47Z</time>
        <extensions>
          <gpxtpx:TrackPointExtension>
            <gpxtpx:hr>149</gpxtpx:hr>
          </gpxtpx:TrackPointExtension>
        </extensions>
      </trkpt>
      <trkpt lat="32.06775629934071" lon="118.59250554299511">
        <ele>37.8</ele>
        <time>2026-08-05T12:38:48Z</time>
        <extensions>
          <gpxtpx:TrackPointExtension>
            <gpxtpx:hr>154</gpxtpx:hr>
          </gpxtpx:TrackPointExtension>
        </extensions>
      </trkpt>
      <trkpt lat="32.067728293232165" lon="118.592510546035">
        <ele>37.8</ele>
        <time>2026-08-05T12:38:49Z</time>
        <extensions>
          <gpxtpx:TrackPointExtension>
            <gpxtpx:hr>154</gpxtpx:hr>
          </gpxtpx:TrackPointExtension>
        </extensions>
      </trkpt>
      <trkpt lat="32.067701287298725" lon="118.59250354774343">
        <ele>37.8</ele>
        <time>2026-08-05T12:38:50Z</time>
        <extensions>
          <gpxtpx:TrackPointExtension>
            <gpxtpx:hr>154</gpxtpx:hr>
          </gpxtpx:TrackPointExtension>
        </extensions>
      </trkpt>
      <trkpt lat="32.06766828002014" lon="118.59248954926043">
        <ele>37.8</ele>
        <time>2026-08-05T12:38:51Z</time>
        <extensions>
          <gpxtpx:TrackPointExtension>
            <gpxtpx:hr>154</gpxtpx:hr>
          </gpxtpx:TrackPointExtension>
        </extensions>
      </trkpt>
      <trkpt lat="32.067635272747495" lon="118.59247855108227">
        <ele>37.8</ele>
        <time>2026-08-05T12:38:52Z</time>
        <extensions>
          <gpxtpx:TrackPointExtension>
            <gpxtpx:hr>154</gpxtpx:hr>
          </gpxtpx:TrackPointExtension>
        </extensions>
      </trkpt>
      <trkpt lat="32.06760226544732" lon="118.59246355247514">
        <ele>37.6</ele>
        <time>2026-08-05T12:38:53Z</time>
        <extensions>
          <gpxtpx:TrackPointExtension>
            <gpxtpx:hr>151</gpxtpx:hr>
          </gpxtpx:TrackPointExtension>
        </extensions>
      </trkpt>
      <trkpt lat="32.06757025834326" lon="118.59244655355285">
        <ele>37.6</ele>
        <time>2026-08-05T12:38:54Z</time>
        <extensions>
          <gpxtpx:TrackPointExtension>
            <gpxtpx:hr>151</gpxtpx:hr>
          </gpxtpx:TrackPointExtension>
        </extensions>
      </trkpt>
      <trkpt lat="32.067538251219105" lon="118.59242855450776">
        <ele>37.6</ele>
        <time>2026-08-05T12:38:55Z</time>
        <extensions>
          <gpxtpx:TrackPointExtension>
            <gpxtpx:hr>151</gpxtpx:hr>
          </gpxtpx:TrackPointExtension>
        </extensions>
      </trkpt>
      <trkpt lat="32.06750924476048" lon="118.59241355550073">
        <ele>37.6</ele>
        <time>2026-08-05T12:38:56Z</time>
        <extensions>
          <gpxtpx:TrackPointExtension>
            <gpxtpx:hr>151</gpxtpx:hr>
          </gpxtpx:TrackPointExtension>
        </extensions>
      </trkpt>
      <trkpt lat="32.06748623963829" lon="118.59240255637755">
        <ele>37.6</ele>
        <time>2026-08-05T12:38:57Z</time>
        <extensions>
          <gpxtpx:TrackPointExtension>
            <gpxtpx:hr>151</gpxtpx:hr>
          </gpxtpx:TrackPointExtension>
        </extensions>
      </trkpt>
      <trkpt lat="32.06746423471199" lon="118.59238955693868">
        <ele>33.0</ele>
        <time>2026-08-05T12:38:58Z</time>
        <extensions>
          <gpxtpx:TrackPointExtension>
            <gpxtpx:hr>148</gpxtpx:hr>
          </gpxtpx:TrackPointExtension>
        </extensions>
      </trkpt>
      <trkpt lat="32.06743122734187" lon="118.5923735581508">
        <ele>33.0</ele>
        <time>2026-08-05T12:38:59Z</time>
        <extensions>
          <gpxtpx:TrackPointExtension>
            <gpxtpx:hr>148</gpxtpx:hr>
          </gpxtpx:TrackPointExtension>
        </extensions>
      </trkpt>
      <trkpt lat="32.06739421911494" lon="118.59236056004356">
        <ele>37.5</ele>
        <time>2026-08-05T12:39:00Z</time>
        <extensions>
          <gpxtpx:TrackPointExtension>
            <gpxtpx:hr>148</gpxtpx:hr>
          </gpxtpx:TrackPointExtension>
        </extensions>
      </trkpt>
      <trkpt lat="32.06735421022336" lon="118.59234756219774">
        <ele>37.5</ele>
        <time>2026-08-05T12:39:01Z</time>
        <extensions>
          <gpxtpx:TrackPointExtension>
            <gpxtpx:hr>148</gpxtpx:hr>
          </gpxtpx:TrackPointExtension>
        </extensions>
      </trkpt>
      <trkpt lat="32.06731520149754" lon="118.59233056380229">
        <ele>37.5</ele>
        <time>2026-08-05T12:39:02Z</time>
        <extensions>
          <gpxtpx:TrackPointExtension>
            <gpxtpx:hr>148</gpxtpx:hr>
          </gpxtpx:TrackPointExtension>
        </extensions>
      </trkpt>
      <trkpt lat="32.06727719300169" lon="118.59231556552874">
        <ele>37.5</ele>
        <time>2026-08-05T12:39:03Z</time>
        <extensions>
          <gpxtpx:TrackPointExtension>
            <gpxtpx:hr>145</gpxtpx:hr>
          </gpxtpx:TrackPointExtension>
        </extensions>
      </trkpt>
      <trkpt lat="32.06724118500894" lon="118.59230656774821">
        <ele>37.5</ele>
        <time>2026-08-05T12:39:04Z</time>
        <extensions>
          <gpxtpx:TrackPointExtension>
            <gpxtpx:hr>145</gpxtpx:hr>
          </gpxtpx:TrackPointExtension>
        </extensions>
      </trkpt>
      <trkpt lat="32.06721117843991" lon="118.59230657045117">
        <ele>37.5</ele>
        <time>2026-08-05T12:39:05Z</time>
        <extensions>
          <gpxtpx:TrackPointExtension>
            <gpxtpx:hr>145</gpxtpx:hr>
          </gpxtpx:TrackPointExtension>
        </extensions>
      </trkpt>
      <trkpt lat="32.067192174316546" lon="118.59230957250486">
        <ele>37.5</ele>
        <time>2026-08-05T12:39:06Z</time>
        <extensions>
          <gpxtpx:TrackPointExtension>
            <gpxtpx:hr>145</gpxtpx:hr>
          </gpxtpx:TrackPointExtension>
        </extensions>
      </trkpt>
      <trkpt lat="32.067189173647265" lon="118.59230857266127">
        <ele>37.5</ele>
        <time>2026-08-05T12:39:07Z</time>
        <extensions>
          <gpxtpx:TrackPointExtension>
            <gpxtpx:hr>145</gpxtpx:hr>
          </gpxtpx:TrackPointExtension>
        </extensions>
      </trkpt>
      <trkpt lat="32.06718617285165" lon="118.59229757167527">
        <ele>37.6</ele>
        <time>2026-08-05T12:39:08Z</time>
        <extensions>
          <gpxtpx:TrackPointExtension>
            <gpxtpx:hr>140</gpxtpx:hr>
          </gpxtpx:TrackPointExtension>
        </extensions>
      </trkpt>
      <trkpt lat="32.06716816888417" lon="118.59229557306796">
        <ele>37.6</ele>
        <time>2026-08-05T12:39:09Z</time>
        <extensions>
          <gpxtpx:TrackPointExtension>
            <gpxtpx:hr>140</gpxtpx:hr>
          </gpxtpx:TrackPointExtension>
        </extensions>
      </trkpt>
      <trkpt lat="32.067136162003635" lon="118.59230557709449">
        <ele>37.6</ele>
        <time>2026-08-05T12:39:10Z</time>
        <extensions>
          <gpxtpx:TrackPointExtension>
            <gpxtpx:hr>140</gpxtpx:hr>
          </gpxtpx:TrackPointExtension>
        </extensions>
      </trkpt>
      <trkpt lat="32.06710415515437" lon="118.59231858145617">
        <ele>37.6</ele>
        <time>2026-08-05T12:39:11Z</time>
        <extensions>
          <gpxtpx:TrackPointExtension>
            <gpxtpx:hr>140</gpxtpx:hr>
          </gpxtpx:TrackPointExtension>
        </extensions>
      </trkpt>
      <trkpt lat="32.06707214834242" lon="118.59233558625935">
        <ele>37.6</ele>
        <time>2026-08-05T12:39:12Z</time>
        <extensions>
          <gpxtpx:TrackPointExtension>
            <gpxtpx:hr>140</gpxtpx:hr>
          </gpxtpx:TrackPointExtension>
        </extensions>
      </trkpt>
      <trkpt lat="32.06704114170497" lon="118.59234959062216">
        <ele>37.6</ele>
        <time>2026-08-05T12:39:13Z</time>
        <extensions>
          <gpxtpx:TrackPointExtension>
            <gpxtpx:hr>137</gpxtpx:hr>
          </gpxtpx:TrackPointExtension>
        </extensions>
      </trkpt>
      <trkpt lat="32.067013135715705" lon="118.59236359470438">
        <ele>37.6</ele>
        <time>2026-08-05T12:39:14Z</time>
        <extensions>
          <gpxtpx:TrackPointExtension>
            <gpxtpx:hr>137</gpxtpx:hr>
          </gpxtpx:TrackPointExtension>
        </extensions>
      </trkpt>
      <trkpt lat="32.06698312927949" lon="118.59237759895645">
        <ele>37.6</ele>
        <time>2026-08-05T12:39:15Z</time>
        <extensions>
          <gpxtpx:TrackPointExtension>
            <gpxtpx:hr>137</gpxtpx:hr>
          </gpxtpx:TrackPointExtension>
        </extensions>
      </trkpt>
      <trkpt lat="32.06694712148484" lon="118.59238760330018">
        <ele>37.6</ele>
        <time>2026-08-05T12:39:16Z</time>
        <extensions>
          <gpxtpx:TrackPointExtension>
            <gpxtpx:hr>137</gpxtpx:hr>
          </gpxtpx:TrackPointExtension>
        </extensions>
      </trkpt>
      <trkpt lat="32.06690711282594" lon="118.59239960821739">
        <ele>37.6</ele>
        <time>2026-08-05T12:39:17Z</time>
        <extensions>
          <gpxtpx:TrackPointExtension>
            <gpxtpx:hr>137</gpxtpx:hr>
          </gpxtpx:TrackPointExtension>
        </extensions>
      </trkpt>
      <trkpt lat="32.066872105215865" lon="118.59240661213339">
        <ele>37.5</ele>
        <time>2026-08-05T12:39:18Z</time>
        <extensions>
          <gpxtpx:TrackPointExtension>
            <gpxtpx:hr>138</gpxtpx:hr>
          </gpxtpx:TrackPointExtension>
        </extensions>
      </trkpt>
      <trkpt lat="32.06685310107729" lon="118.59240961417127">
        <ele>37.5</ele>
        <time>2026-08-05T12:39:19Z</time>
        <extensions>
          <gpxtpx:TrackPointExtension>
            <gpxtpx:hr>138</gpxtpx:hr>
          </gpxtpx:TrackPointExtension>
        </extensions>
      </trkpt>
      <trkpt lat="32.066848100066395" lon="118.59242061581317">
        <ele>37.5</ele>
        <time>2026-08-05T12:39:20Z</time>
        <extensions>
          <gpxtpx:TrackPointExtension>
            <gpxtpx:hr>138</gpxtpx:hr>
          </gpxtpx:TrackPointExtension>
        </extensions>
      </trkpt>
      <trkpt lat="32.06682909592583" lon="118.59242361784885">
        <ele>37.5</ele>
        <time>2026-08-05T12:39:21Z</time>
        <extensions>
          <gpxtpx:TrackPointExtension>
            <gpxtpx:hr>138</gpxtpx:hr>
          </gpxtpx:TrackPointExtension>
        </extensions>
      </trkpt>
      <trkpt lat="32.06680008951214" lon="118.59241561959708">
        <ele>37.5</ele>
        <time>2026-08-05T12:39:22Z</time>
        <extensions>
          <gpxtpx:TrackPointExtension>
            <gpxtpx:hr>138</gpxtpx:hr>
          </gpxtpx:TrackPointExtension>
        </extensions>
      </trkpt>
      <trkpt lat="32.06676608203153" lon="118.5924116222268">
        <ele>37.4</ele>
        <time>2026-08-05T12:39:23Z</time>
        <extensions>
          <gpxtpx:TrackPointExtension>
            <gpxtpx:hr>142</gpxtpx:hr>
          </gpxtpx:TrackPointExtension>
        </extensions>
      </trkpt>
      <trkpt lat="32.06673307474473" lon="118.59240462443925">
        <ele>37.4</ele>
        <time>2026-08-05T12:39:24Z</time>
        <extensions>
          <gpxtpx:TrackPointExtension>
            <gpxtpx:hr>142</gpxtpx:hr>
          </gpxtpx:TrackPointExtension>
        </extensions>
      </trkpt>
      <trkpt lat="32.0667010676661" lon="118.59239662644977">
        <ele>37.4</ele>
        <time>2026-08-05T12:39:25Z</time>
        <extensions>
          <gpxtpx:TrackPointExtension>
            <gpxtpx:hr>142</gpxtpx:hr>
          </gpxtpx:TrackPointExtension>
        </extensions>
      </trkpt>
      <trkpt lat="32.06667306144311" lon="118.59238662787699">
        <ele>37.4</ele>
        <time>2026-08-05T12:39:26Z</time>
        <extensions>
          <gpxtpx:TrackPointExtension>
            <gpxtpx:hr>142</gpxtpx:hr>
          </gpxtpx:TrackPointExtension>
        </extensions>
      </trkpt>
      <trkpt lat="32.066650056282896" lon="118.59237362851724">
        <ele>37.4</ele>
        <time>2026-08-05T12:39:27Z</time>
        <extensions>
          <gpxtpx:TrackPointExtension>
            <gpxtpx:hr>142</gpxtpx:hr>
          </gpxtpx:TrackPointExtension>
        </extensions>
      </trkpt>
      <trkpt lat="32.06662805132414" lon="118.59235962894725">
        <ele>37.4</ele>
        <time>2026-08-05T12:39:28Z</time>
        <extensions>
          <gpxtpx:TrackPointExtension>
            <gpxtpx:hr>143</gpxtpx:hr>
          </gpxtpx:TrackPointExtension>
        </extensions>
      </trkpt>
      <trkpt lat="32.06660304565582" lon="118.59234162918895">
        <ele>37.4</ele>
        <time>2026-08-05T12:39:29Z</time>
        <extensions>
          <gpxtpx:TrackPointExtension>
            <gpxtpx:hr>143</gpxtpx:hr>
          </gpxtpx:TrackPointExtension>
        </extensions>
      </trkpt>
      <trkpt lat="32.066578039949555" lon="118.59232162918723">
        <ele>37.4</ele>
        <time>2026-08-05T12:39:30Z</time>
        <extensions>
          <gpxtpx:TrackPointExtension>
            <gpxtpx:hr>143</gpxtpx:hr>
          </gpxtpx:TrackPointExtension>
        </extensions>
      </trkpt>
      <trkpt lat="32.0665520339809" lon="118.59229962902585">
        <ele>37.4</ele>
        <time>2026-08-05T12:39:31Z</time>
        <extensions>
          <gpxtpx:TrackPointExtension>
            <gpxtpx:hr>143</gpxtpx:hr>
          </gpxtpx:TrackPointExtension>
        </extensions>
      </trkpt>
      <trkpt lat="32.066527028182385" lon="118.59227562851767">
        <ele>37.4</ele>
        <time>2026-08-05T12:39:32Z</time>
        <extensions>
          <gpxtpx:TrackPointExtension>
            <gpxtpx:hr>143</gpxtpx:hr>
          </gpxtpx:TrackPointExtension>
        </extensions>
      </trkpt>
      <trkpt lat="32.06650602326477" lon="118.5922536278525">
        <ele>37.4</ele>
        <time>2026-08-05T12:39:33Z</time>
        <extensions>
          <gpxtpx:TrackPointExtension>
            <gpxtpx:hr>158</gpxtpx:hr>
          </gpxtpx:TrackPointExtension>
        </extensions>
      </trkpt>
      <trkpt lat="32.06648001726115" lon="118.59223362784817">
        <ele>37.4</ele>
        <time>2026-08-05T12:39:34Z</time>
        <extensions>
          <gpxtpx:TrackPointExtension>
            <gpxtpx:hr>158</gpxtpx:hr>
          </gpxtpx:TrackPointExtension>
        </extensions>
      </trkpt>
      <trkpt lat="32.066455011508374" lon="118.59221662808919">
        <ele>37.4</ele>
        <time>2026-08-05T12:39:35Z</time>
        <extensions>
          <gpxtpx:TrackPointExtension>
            <gpxtpx:hr>158</gpxtpx:hr>
          </gpxtpx:TrackPointExtension>
        </extensions>
      </trkpt>
      <trkpt lat="32.066429005540606" lon="118.59220062852471">
        <ele>37.4</ele>
        <time>2026-08-05T12:39:36Z</time>
        <extensions>
          <gpxtpx:TrackPointExtension>
            <gpxtpx:hr>158</gpxtpx:hr>
          </gpxtpx:TrackPointExtension>
        </extensions>
      </trkpt>
      <trkpt lat="32.066401999377696" lon="118.59218662927762">
        <ele>37.4</ele>
        <time>2026-08-05T12:39:37Z</time>
        <extensions>
          <gpxtpx:TrackPointExtension>
            <gpxtpx:hr>158</gpxtpx:hr>
          </gpxtpx:TrackPointExtension>
        </extensions>
      </trkpt>
      <trkpt lat="32.06637399300503" lon="118.59217363023137">
        <ele>37.5</ele>
        <time>2026-08-05T12:39:38Z</time>
        <extensions>
          <gpxtpx:TrackPointExtension>
            <gpxtpx:hr>159</gpxtpx:hr>
          </gpxtpx:TrackPointExtension>
        </extensions>
      </trkpt>
      <trkpt lat="32.066345986624675" lon="118.5921606311762">
        <ele>37.5</ele>
        <time>2026-08-05T12:39:39Z</time>
        <extensions>
          <gpxtpx:TrackPointExtension>
            <gpxtpx:hr>159</gpxtpx:hr>
          </gpxtpx:TrackPointExtension>
        </extensions>
      </trkpt>
      <trkpt lat="32.0663189803581" lon="118.59214263140937">
        <ele>37.5</ele>
        <time>2026-08-05T12:39:40Z</time>
        <extensions>
          <gpxtpx:TrackPointExtension>
            <gpxtpx:hr>159</gpxtpx:hr>
          </gpxtpx:TrackPointExtension>
        </extensions>
      </trkpt>
      <trkpt lat="32.066291974117874" lon="118.59212663187259">
        <ele>37.5</ele>
        <time>2026-08-05T12:39:41Z</time>
        <extensions>
          <gpxtpx:TrackPointExtension>
            <gpxtpx:hr>159</gpxtpx:hr>
          </gpxtpx:TrackPointExtension>
        </extensions>
      </trkpt>
      <trkpt lat="32.06626296751158" lon="118.59211463299947">
        <ele>37.5</ele>
        <time>2026-08-05T12:39:42Z</time>
        <extensions>
          <gpxtpx:TrackPointExtension>
            <gpxtpx:hr>159</gpxtpx:hr>
          </gpxtpx:TrackPointExtension>
        </extensions>
      </trkpt>
      <trkpt lat="32.06623496109651" lon="118.59210163390387">
        <ele>37.7</ele>
        <time>2026-08-05T12:39:43Z</time>
        <extensions>
          <gpxtpx:TrackPointExtension>
            <gpxtpx:hr>159</gpxtpx:hr>
          </gpxtpx:TrackPointExtension>
        </extensions>
      </trkpt>
      <trkpt lat="32.066206954585226" lon="118.5920846342969">
        <ele>37.7</ele>
        <time>2026-08-05T12:39:44Z</time>
        <extensions>
          <gpxtpx:TrackPointExtension>
            <gpxtpx:hr>159</gpxtpx:hr>
          </gpxtpx:TrackPointExtension>
        </extensions>
      </trkpt>
      <trkpt lat="32.06617894810683" lon="118.59206963492782">
        <ele>37.7</ele>
        <time>2026-08-05T12:39:45Z</time>
        <extensions>
          <gpxtpx:TrackPointExtension>
            <gpxtpx:hr>159</gpxtpx:hr>
          </gpxtpx:TrackPointExtension>
        </extensions>
      </trkpt>
      <trkpt lat="32.06614894122668" lon="118.59205663598155">
        <ele>37.7</ele>
        <time>2026-08-05T12:39:46Z</time>
        <extensions>
          <gpxtpx:TrackPointExtension>
            <gpxtpx:hr>159</gpxtpx:hr>
          </gpxtpx:TrackPointExtension>
        </extensions>
      </trkpt>
      <trkpt lat="32.066118934338796" lon="118.59204363702639">
        <ele>37.7</ele>
        <time>2026-08-05T12:39:47Z</time>
        <extensions>
          <gpxtpx:TrackPointExtension>
            <gpxtpx:hr>159</gpxtpx:hr>
          </gpxtpx:TrackPointExtension>
        </extensions>
      </trkpt>
      <trkpt lat="32.066087927248454" lon="118.59203163828094">
        <ele>37.8</ele>
        <time>2026-08-05T12:39:48Z</time>
        <extensions>
          <gpxtpx:TrackPointExtension>
            <gpxtpx:hr>160</gpxtpx:hr>
          </gpxtpx:TrackPointExtension>
        </extensions>
      </trkpt>
      <trkpt lat="32.06605892064022" lon="118.5920216396059">
        <ele>37.8</ele>
        <time>2026-08-05T12:39:49Z</time>
        <extensions>
          <gpxtpx:TrackPointExtension>
            <gpxtpx:hr>160</gpxtpx:hr>
          </gpxtpx:TrackPointExtension>
        </extensions>
      </trkpt>
      <trkpt lat="32.0660319145421" lon="118.59201464113387">
        <ele>37.8</ele>
        <time>2026-08-05T12:39:50Z</time>
        <extensions>
          <gpxtpx:TrackPointExtension>
            <gpxtpx:hr>160</gpxtpx:hr>
          </gpxtpx:TrackPointExtension>
        </extensions>
      </trkpt>
      <trkpt lat="32.066001907783544" lon="118.59200764292953">
        <ele>37.8</ele>
        <time>2026-08-05T12:39:51Z</time>
        <extensions>
          <gpxtpx:TrackPointExtension>
            <gpxtpx:hr>160</gpxtpx:hr>
          </gpxtpx:TrackPointExtension>
        </extensions>
      </trkpt>
      <trkpt lat="32.06597290126782" lon="118.59200164476265">
        <ele>37.8</ele>
        <time>2026-08-05T12:39:52Z</time>
        <extensions>
          <gpxtpx:TrackPointExtension>
            <gpxtpx:hr>160</gpxtpx:hr>
          </gpxtpx:TrackPointExtension>
        </extensions>
      </trkpt>
      <trkpt lat="32.065947895679905" lon="118.59199764649418">
        <ele>38.2</ele>
        <time>2026-08-05T12:39:53Z</time>
        <extensions>
          <gpxtpx:TrackPointExtension>
            <gpxtpx:hr>161</gpxtpx:hr>
          </gpxtpx:TrackPointExtension>
        </extensions>
      </trkpt>
      <trkpt lat="32.06592188984547" lon="118.59199264818443">
        <ele>38.2</ele>
        <time>2026-08-05T12:39:54Z</time>
        <extensions>
          <gpxtpx:TrackPointExtension>
            <gpxtpx:hr>161</gpxtpx:hr>
          </gpxtpx:TrackPointExtension>
        </extensions>
      </trkpt>
      <trkpt lat="32.065890882806485" lon="118.59198364980006">
        <ele>38.2</ele>
        <time>2026-08-05T12:39:55Z</time>
        <extensions>
          <gpxtpx:TrackPointExtension>
            <gpxtpx:hr>161</gpxtpx:hr>
          </gpxtpx:TrackPointExtension>
        </extensions>
      </trkpt>
      <trkpt lat="32.065859875790686" lon="118.59197565154292">
        <ele>38.2</ele>
        <time>2026-08-05T12:39:56Z</time>
        <extensions>
          <gpxtpx:TrackPointExtension>
            <gpxtpx:hr>161</gpxtpx:hr>
          </gpxtpx:TrackPointExtension>
        </extensions>
      </trkpt>
      <trkpt lat="32.06582786868867" lon="118.59197265403128">
        <ele>38.2</ele>
        <time>2026-08-05T12:39:57Z</time>
        <extensions>
          <gpxtpx:TrackPointExtension>
            <gpxtpx:hr>161</gpxtpx:hr>
          </gpxtpx:TrackPointExtension>
        </extensions>
      </trkpt>
      <trkpt lat="32.06579786213356" lon="118.5919736568657">
        <ele>38.0</ele>
        <time>2026-08-05T12:39:58Z</time>
        <extensions>
          <gpxtpx:TrackPointExtension>
            <gpxtpx:hr>162</gpxtpx:hr>
          </gpxtpx:TrackPointExtension>
        </extensions>
      </trkpt>
      <trkpt lat="32.06577085620929" lon="118.59197365929823">
        <ele>38.0</ele>
        <time>2026-08-05T12:39:59Z</time>
        <extensions>
          <gpxtpx:TrackPointExtension>
            <gpxtpx:hr>162</gpxtpx:hr>
          </gpxtpx:TrackPointExtension>
        </extensions>
      </trkpt>
      <trkpt lat="32.06573684866727" lon="118.59197066196644">
        <ele>38.6</ele>
        <time>2026-08-05T12:40:00Z</time>
        <extensions>
          <gpxtpx:TrackPointExtension>
            <gpxtpx:hr>162</gpxtpx:hr>
          </gpxtpx:TrackPointExtension>
        </extensions>
      </trkpt>
      <trkpt lat="32.065701840932405" lon="118.59196866485615">
        <ele>38.6</ele>
        <time>2026-08-05T12:40:01Z</time>
        <extensions>
          <gpxtpx:TrackPointExtension>
            <gpxtpx:hr>162</gpxtpx:hr>
          </gpxtpx:TrackPointExtension>
        </extensions>
      </trkpt>
      <trkpt lat="32.06566483273065" lon="118.59196566779384">
        <ele>38.6</ele>
        <time>2026-08-05T12:40:02Z</time>
        <extensions>
          <gpxtpx:TrackPointExtension>
            <gpxtpx:hr>162</gpxtpx:hr>
          </gpxtpx:TrackPointExtension>
        </extensions>
      </trkpt>
      <trkpt lat="32.06562982502208" lon="118.59196467081509">
        <ele>38.8</ele>
        <time>2026-08-05T12:40:03Z</time>
        <extensions>
          <gpxtpx:TrackPointExtension>
            <gpxtpx:hr>161</gpxtpx:hr>
          </gpxtpx:TrackPointExtension>
        </extensions>
      </trkpt>
      <trkpt lat="32.06560281936927" lon="118.59197467456544">
        <ele>38.8</ele>
        <time>2026-08-05T12:40:04Z</time>
        <extensions>
          <gpxtpx:TrackPointExtension>
            <gpxtpx:hr>161</gpxtpx:hr>
          </gpxtpx:TrackPointExtension>
        </extensions>
      </trkpt>
      <trkpt lat="32.06558081496817" lon="118.59199067864506">
        <ele>38.8</ele>
        <time>2026-08-05T12:40:05Z</time>
        <extensions>
          <gpxtpx:TrackPointExtension>
            <gpxtpx:hr>161</gpxtpx:hr>
          </gpxtpx:TrackPointExtension>
        </extensions>
      </trkpt>
      <trkpt lat="32.065566812337174" lon="118.59200768212024">
        <ele>38.8</ele>
        <time>2026-08-05T12:40:06Z</time>
        <extensions>
          <gpxtpx:TrackPointExtension>
            <gpxtpx:hr>161</gpxtpx:hr>
          </gpxtpx:TrackPointExtension>
        </extensions>
      </trkpt>
      <trkpt lat="32.065546808176144" lon="118.59201668508798">
        <ele>38.8</ele>
        <time>2026-08-05T12:40:07Z</time>
        <extensions>
          <gpxtpx:TrackPointExtension>
            <gpxtpx:hr>161</gpxtpx:hr>
          </gpxtpx:TrackPointExtension>
        </extensions>
      </trkpt>
      <trkpt lat="32.06551380113311" lon="118.5920246890938">
        <ele>39.1</ele>
        <time>2026-08-05T12:40:08Z</time>
        <extensions>
          <gpxtpx:TrackPointExtension>
            <gpxtpx:hr>161</gpxtpx:hr>
          </gpxtpx:TrackPointExtension>
        </extensions>
      </trkpt>
      <trkpt lat="32.06548079428159" lon="118.59204069412223">
        <ele>39.1</ele>
        <time>2026-08-05T12:40:09Z</time>
        <extensions>
          <gpxtpx:TrackPointExtension>
            <gpxtpx:hr>161</gpxtpx:hr>
          </gpxtpx:TrackPointExtension>
        </extensions>
      </trkpt>
      <trkpt lat="32.065451788296556" lon="118.59205669877682">
        <ele>39.1</ele>
        <time>2026-08-05T12:40:10Z</time>
        <extensions>
          <gpxtpx:TrackPointExtension>
            <gpxtpx:hr>161</gpxtpx:hr>
          </gpxtpx:TrackPointExtension>
        </extensions>
      </trkpt>
      <trkpt lat="32.06542478273905" lon="118.5920727032377">
        <ele>39.1</ele>
        <time>2026-08-05T12:40:11Z</time>
        <extensions>
          <gpxtpx:TrackPointExtension>
            <gpxtpx:hr>161</gpxtpx:hr>
          </gpxtpx:TrackPointExtension>
        </extensions>
      </trkpt>
      <trkpt lat="32.065396776928445" lon="118.59208770764965">
        <ele>39.1</ele>
        <time>2026-08-05T12:40:12Z</time>
        <extensions>
          <gpxtpx:TrackPointExtension>
            <gpxtpx:hr>161</gpxtpx:hr>
          </gpxtpx:TrackPointExtension>
        </extensions>
      </trkpt>
      <trkpt lat="32.06536777086671" lon="118.59210171201502">
        <ele>39.1</ele>
        <time>2026-08-05T12:40:13Z</time>
        <extensions>
          <gpxtpx:TrackPointExtension>
            <gpxtpx:hr>162</gpxtpx:hr>
          </gpxtpx:TrackPointExtension>
        </extensions>
      </trkpt>
      <trkpt lat="32.06534076519339" lon="118.59211371594161">
        <ele>39.1</ele>
        <time>2026-08-05T12:40:14Z</time>
        <extensions>
          <gpxtpx:TrackPointExtension>
            <gpxtpx:hr>162</gpxtpx:hr>
          </gpxtpx:TrackPointExtension>
        </extensions>
      </trkpt>
      <trkpt lat="32.06531175917592" lon="118.59213072065792">
        <ele>39.1</ele>
        <time>2026-08-05T12:40:15Z</time>
        <extensions>
          <gpxtpx:TrackPointExtension>
            <gpxtpx:hr>162</gpxtpx:hr>
          </gpxtpx:TrackPointExtension>
        </extensions>
      </trkpt>
      <trkpt lat="32.06528375338448" lon="118.59214872539128">
        <ele>39.1</ele>
        <time>2026-08-05T12:40:16Z</time>
        <extensions>
          <gpxtpx:TrackPointExtension>
            <gpxtpx:hr>162</gpxtpx:hr>
          </gpxtpx:TrackPointExtension>
        </extensions>
      </trkpt>
      <trkpt lat="32.065254747340326" lon="118.59216573007623">
        <ele>39.1</ele>
        <time>2026-08-05T12:40:17Z</time>
        <extensions>
          <gpxtpx:TrackPointExtension>
            <gpxtpx:hr>162</gpxtpx:hr>
          </gpxtpx:TrackPointExtension>
        </extensions>
      </trkpt>
      <trkpt lat="32.06523574358573" lon="118.59218873456742">
        <ele>39.2</ele>
        <time>2026-08-05T12:40:18Z</time>
        <extensions>
          <gpxtpx:TrackPointExtension>
            <gpxtpx:hr>162</gpxtpx:hr>
          </gpxtpx:TrackPointExtension>
        </extensions>
      </trkpt>
      <trkpt lat="32.06523774459942" lon="118.5922227384449">
        <ele>39.2</ele>
        <time>2026-08-05T12:40:19Z</time>
        <extensions>
          <gpxtpx:TrackPointExtension>
            <gpxtpx:hr>162</gpxtpx:hr>
          </gpxtpx:TrackPointExtension>
        </extensions>
      </trkpt>
      <trkpt lat="32.06523674479985" lon="118.59224974171389">
        <ele>39.2</ele>
        <time>2026-08-05T12:40:20Z</time>
        <extensions>
          <gpxtpx:TrackPointExtension>
            <gpxtpx:hr>162</gpxtpx:hr>
          </gpxtpx:TrackPointExtension>
        </extensions>
      </trkpt>
      <trkpt lat="32.06520773872219" lon="118.59226974665651">
        <ele>39.2</ele>
        <time>2026-08-05T12:40:21Z</time>
        <extensions>
          <gpxtpx:TrackPointExtension>
            <gpxtpx:hr>162</gpxtpx:hr>
          </gpxtpx:TrackPointExtension>
        </extensions>
      </trkpt>
      <trkpt lat="32.06517273145163" lon="118.59230075337953">
        <ele>39.2</ele>
        <time>2026-08-05T12:40:22Z</time>
        <extensions>
          <gpxtpx:TrackPointExtension>
            <gpxtpx:hr>162</gpxtpx:hr>
          </gpxtpx:TrackPointExtension>
        </extensions>
      </trkpt>
      <trkpt lat="32.06514172502824" lon="118.59233275980425">
        <ele>39.2</ele>
        <time>2026-08-05T12:40:23Z</time>
        <extensions>
          <gpxtpx:TrackPointExtension>
            <gpxtpx:hr>163</gpxtpx:hr>
          </gpxtpx:TrackPointExtension>
        </extensions>
      </trkpt>
      <trkpt lat="32.06511371916833" lon="118.59235976534926">
        <ele>39.2</ele>
        <time>2026-08-05T12:40:24Z</time>
        <extensions>
          <gpxtpx:TrackPointExtension>
            <gpxtpx:hr>163</gpxtpx:hr>
          </gpxtpx:TrackPointExtension>
        </extensions>
      </trkpt>
      <trkpt lat="32.06508771371539" lon="118.5923867706757">
        <ele>39.2</ele>
        <time>2026-08-05T12:40:25Z</time>
        <extensions>
          <gpxtpx:TrackPointExtension>
            <gpxtpx:hr>163</gpxtpx:hr>
          </gpxtpx:TrackPointExtension>
        </extensions>
      </trkpt>
      <trkpt lat="32.06506270845757" lon="118.59241477598204">
        <ele>39.2</ele>
        <time>2026-08-05T12:40:26Z</time>
        <extensions>
          <gpxtpx:TrackPointExtension>
            <gpxtpx:hr>163</gpxtpx:hr>
          </gpxtpx:TrackPointExtension>
        </extensions>
      </trkpt>
      <trkpt lat="32.06504070383049" lon="118.59244378108366">
        <ele>39.2</ele>
        <time>2026-08-05T12:40:27Z</time>
        <extensions>
          <gpxtpx:TrackPointExtension>
            <gpxtpx:hr>163</gpxtpx:hr>
          </gpxtpx:TrackPointExtension>
        </extensions>
      </trkpt>
      <trkpt lat="32.06502270005005" lon="118.5924737858859">
        <ele>39.1</ele>
        <time>2026-08-05T12:40:28Z</time>
        <extensions>
          <gpxtpx:TrackPointExtension>
            <gpxtpx:hr>163</gpxtpx:hr>
          </gpxtpx:TrackPointExtension>
        </extensions>
      </trkpt>
      <trkpt lat="32.06500969734307" lon="118.59250779060451">
        <ele>39.1</ele>
        <time>2026-08-05T12:40:29Z</time>
        <extensions>
          <gpxtpx:TrackPointExtension>
            <gpxtpx:hr>163</gpxtpx:hr>
          </gpxtpx:TrackPointExtension>
        </extensions>
      </trkpt>
      <trkpt lat="32.065000695463894" lon="118.59254179490193">
        <ele>39.1</ele>
        <time>2026-08-05T12:40:30Z</time>
        <extensions>
          <gpxtpx:TrackPointExtension>
            <gpxtpx:hr>163</gpxtpx:hr>
          </gpxtpx:TrackPointExtension>
        </extensions>
      </trkpt>
      <trkpt lat="32.06499569441425" lon="118.59257879907753">
        <ele>39.1</ele>
        <time>2026-08-05T12:40:31Z</time>
        <extensions>
          <gpxtpx:TrackPointExtension>
            <gpxtpx:hr>163</gpxtpx:hr>
          </gpxtpx:TrackPointExtension>
        </extensions>
      </trkpt>
      <trkpt lat="32.06499169352056" lon="118.59261880338406">
        <ele>39.1</ele>
        <time>2026-08-05T12:40:32Z</time>
        <extensions>
          <gpxtpx:TrackPointExtension>
            <gpxtpx:hr>163</gpxtpx:hr>
          </gpxtpx:TrackPointExtension>
        </extensions>
      </trkpt>
      <trkpt lat="32.06498569211728" lon="118.5926588077866">
        <ele>38.9</ele>
        <time>2026-08-05T12:40:33Z</time>
        <extensions>
          <gpxtpx:TrackPointExtension>
            <gpxtpx:hr>163</gpxtpx:hr>
          </gpxtpx:TrackPointExtension>
        </extensions>
      </trkpt>
      <trkpt lat="32.0649786904193" lon="118.59269981228849">
        <ele>38.9</ele>
        <time>2026-08-05T12:40:34Z</time>
        <extensions>
          <gpxtpx:TrackPointExtension>
            <gpxtpx:hr>163</gpxtpx:hr>
          </gpxtpx:TrackPointExtension>
        </extensions>
      </trkpt>
      <trkpt lat="32.06496768777543" lon="118.59273981697112">
        <ele>38.9</ele>
        <time>2026-08-05T12:40:35Z</time>
        <extensions>
          <gpxtpx:TrackPointExtension>
            <gpxtpx:hr>163</gpxtpx:hr>
          </gpxtpx:TrackPointExtension>
        </extensions>
      </trkpt>
      <trkpt lat="32.064954684654886" lon="118.59277582139285">
        <ele>38.9</ele>
        <time>2026-08-05T12:40:36Z</time>
        <extensions>
          <gpxtpx:TrackPointExtension>
            <gpxtpx:hr>163</gpxtpx:hr>
          </gpxtpx:TrackPointExtension>
        </extensions>
      </trkpt>
      <trkpt lat="32.06493668047412" lon="118.59280182531974">
        <ele>38.9</ele>
        <time>2026-08-05T12:40:37Z</time>
        <extensions>
          <gpxtpx:TrackPointExtension>
            <gpxtpx:hr>163</gpxtpx:hr>
          </gpxtpx:TrackPointExtension>
        </extensions>
      </trkpt>
      <trkpt lat="32.064922677121366" lon="118.59282982902387">
        <ele>38.5</ele>
        <time>2026-08-05T12:40:38Z</time>
        <extensions>
          <gpxtpx:TrackPointExtension>
            <gpxtpx:hr>164</gpxtpx:hr>
          </gpxtpx:TrackPointExtension>
        </extensions>
      </trkpt>
      <trkpt lat="32.064906673247464" lon="118.5928618332067">
        <ele>38.5</ele>
        <time>2026-08-05T12:40:39Z</time>
        <extensions>
          <gpxtpx:TrackPointExtension>
            <gpxtpx:hr>164</gpxtpx:hr>
          </gpxtpx:TrackPointExtension>
        </extensions>
      </trkpt>
      <trkpt lat="32.06488366773708" lon="118.59289783829853">
        <ele>38.5</ele>
        <time>2026-08-05T12:40:40Z</time>
        <extensions>
          <gpxtpx:TrackPointExtension>
            <gpxtpx:hr>164</gpxtpx:hr>
          </gpxtpx:TrackPointExtension>
        </extensions>
      </trkpt>
      <trkpt lat="32.06486566323794" lon="118.5929358430338">
        <ele>38.5</ele>
        <time>2026-08-05T12:40:41Z</time>
        <extensions>
          <gpxtpx:TrackPointExtension>
            <gpxtpx:hr>164</gpxtpx:hr>
          </gpxtpx:TrackPointExtension>
        </extensions>
      </trkpt>
      <trkpt lat="32.06484865894538" lon="118.59297084736609">
        <ele>38.5</ele>
        <time>2026-08-05T12:40:42Z</time>
        <extensions>
          <gpxtpx:TrackPointExtension>
            <gpxtpx:hr>164</gpxtpx:hr>
          </gpxtpx:TrackPointExtension>
        </extensions>
      </trkpt>
      <trkpt lat="32.06483365505665" lon="118.59300485137656">
        <ele>38.1</ele>
        <time>2026-08-05T12:40:43Z</time>
        <extensions>
          <gpxtpx:TrackPointExtension>
            <gpxtpx:hr>164</gpxtpx:hr>
          </gpxtpx:TrackPointExtension>
        </extensions>
      </trkpt>
      <trkpt lat="32.06482365221574" lon="118.59303885487587">
        <ele>38.1</ele>
        <time>2026-08-05T12:40:44Z</time>
        <extensions>
          <gpxtpx:TrackPointExtension>
            <gpxtpx:hr>164</gpxtpx:hr>
          </gpxtpx:TrackPointExtension>
        </extensions>
      </trkpt>
      <trkpt lat="32.06480864822555" lon="118.59307285876496">
        <ele>38.1</ele>
        <time>2026-08-05T12:40:45Z</time>
        <extensions>
          <gpxtpx:TrackPointExtension>
            <gpxtpx:hr>164</gpxtpx:hr>
          </gpxtpx:TrackPointExtension>
        </extensions>
      </trkpt>
      <trkpt lat="32.064783641896426" lon="118.59311086378167">
        <ele>38.1</ele>
        <time>2026-08-05T12:40:46Z</time>
        <extensions>
          <gpxtpx:TrackPointExtension>
            <gpxtpx:hr>164</gpxtpx:hr>
          </gpxtpx:TrackPointExtension>
        </extensions>
      </trkpt>
      <trkpt lat="32.06475563486912" lon="118.59314786892308">
        <ele>38.1</ele>
        <time>2026-08-05T12:40:47Z</time>
        <extensions>
          <gpxtpx:TrackPointExtension>
            <gpxtpx:hr>164</gpxtpx:hr>
          </gpxtpx:TrackPointExtension>
        </extensions>
      </trkpt>
      <trkpt lat="32.064726627691705" lon="118.59317987374276">
        <ele>37.8</ele>
        <time>2026-08-05T12:40:48Z</time>
        <extensions>
          <gpxtpx:TrackPointExtension>
            <gpxtpx:hr>165</gpxtpx:hr>
          </gpxtpx:TrackPointExtension>
        </extensions>
      </trkpt>
      <trkpt lat="32.06470362189636" lon="118.59320787770193">
        <ele>37.8</ele>
        <time>2026-08-05T12:40:49Z</time>
        <extensions>
          <gpxtpx:TrackPointExtension>
            <gpxtpx:hr>165</gpxtpx:hr>
          </gpxtpx:TrackPointExtension>
        </extensions>
      </trkpt>
      <trkpt lat="32.06469962029834" lon="118.59323387977777">
        <ele>37.8</ele>
        <time>2026-08-05T12:40:50Z</time>
        <extensions>
          <gpxtpx:TrackPointExtension>
            <gpxtpx:hr>165</gpxtpx:hr>
          </gpxtpx:TrackPointExtension>
        </extensions>
      </trkpt>
      <trkpt lat="32.06471162189084" lon="118.59326988101344">
        <ele>37.8</ele>
        <time>2026-08-05T12:40:51Z</time>
        <extensions>
          <gpxtpx:TrackPointExtension>
            <gpxtpx:hr>165</gpxtpx:hr>
          </gpxtpx:TrackPointExtension>
        </extensions>
      </trkpt>
      <trkpt lat="32.06471262100938" lon="118.59330588317212">
        <ele>37.8</ele>
        <time>2026-08-05T12:40:52Z</time>
        <extensions>
          <gpxtpx:TrackPointExtension>
            <gpxtpx:hr>165</gpxtpx:hr>
          </gpxtpx:TrackPointExtension>
        </extensions>
      </trkpt>
      <trkpt lat="32.06468861493731" lon="118.59333088685595">
        <ele>37.2</ele>
        <time>2026-08-05T12:40:53Z</time>
        <extensions>
          <gpxtpx:TrackPointExtension>
            <gpxtpx:hr>164</gpxtpx:hr>
          </gpxtpx:TrackPointExtension>
        </extensions>
      </trkpt>
      <trkpt lat="32.06466060802572" lon="118.59335389074946">
        <ele>37.2</ele>
        <time>2026-08-05T12:40:54Z</time>
        <extensions>
          <gpxtpx:TrackPointExtension>
            <gpxtpx:hr>164</gpxtpx:hr>
          </gpxtpx:TrackPointExtension>
        </extensions>
      </trkpt>
      <trkpt lat="32.06462960039692" lon="118.59337789494326">
        <ele>37.2</ele>
        <time>2026-08-05T12:40:55Z</time>
        <extensions>
          <gpxtpx:TrackPointExtension>
            <gpxtpx:hr>164</gpxtpx:hr>
          </gpxtpx:TrackPointExtension>
        </extensions>
      </trkpt>
      <trkpt lat="32.06460059325325" lon="118.59339989881362">
        <ele>37.2</ele>
        <time>2026-08-05T12:40:56Z</time>
        <extensions>
          <gpxtpx:TrackPointExtension>
            <gpxtpx:hr>164</gpxtpx:hr>
          </gpxtpx:TrackPointExtension>
        </extensions>
      </trkpt>
      <trkpt lat="32.06457458667451" lon="118.5934239024991">
        <ele>37.2</ele>
        <time>2026-08-05T12:40:57Z</time>
        <extensions>
          <gpxtpx:TrackPointExtension>
            <gpxtpx:hr>164</gpxtpx:hr>
          </gpxtpx:TrackPointExtension>
        </extensions>
      </trkpt>
      <trkpt lat="32.06454857999509" lon="118.59344990626245">
        <ele>36.6</ele>
        <time>2026-08-05T12:40:58Z</time>
        <extensions>
          <gpxtpx:TrackPointExtension>
            <gpxtpx:hr>164</gpxtpx:hr>
          </gpxtpx:TrackPointExtension>
        </extensions>
      </trkpt>
      <trkpt lat="32.06452257328589" lon="118.59347590999036">
        <ele>36.6</ele>
        <time>2026-08-05T12:40:59Z</time>
        <extensions>
          <gpxtpx:TrackPointExtension>
            <gpxtpx:hr>164</gpxtpx:hr>
          </gpxtpx:TrackPointExtension>
        </extensions>
      </trkpt>
      <trkpt lat="32.064495566367036" lon="118.59350091372167">
        <ele>36.6</ele>
        <time>2026-08-05T12:41:00Z</time>
        <extensions>
          <gpxtpx:TrackPointExtension>
            <gpxtpx:hr>164</gpxtpx:hr>
          </gpxtpx:TrackPointExtension>
        </extensions>
      </trkpt>
      <trkpt lat="32.06446355836251" lon="118.59352491782066">
        <ele>36.6</ele>
        <time>2026-08-05T12:41:01Z</time>
        <extensions>
          <gpxtpx:TrackPointExtension>
            <gpxtpx:hr>164</gpxtpx:hr>
          </gpxtpx:TrackPointExtension>
        </extensions>
      </trkpt>
      <trkpt lat="32.06442354869967" lon="118.5935459224636">
        <ele>36.6</ele>
        <time>2026-08-05T12:41:02Z</time>
        <extensions>
          <gpxtpx:TrackPointExtension>
            <gpxtpx:hr>164</gpxtpx:hr>
          </gpxtpx:TrackPointExtension>
        </extensions>
      </trkpt>
      <trkpt lat="32.06436653570544" lon="118.59355692813388">
        <ele>36.2</ele>
        <time>2026-08-05T12:41:03Z</time>
        <extensions>
          <gpxtpx:TrackPointExtension>
            <gpxtpx:hr>164</gpxtpx:hr>
          </gpxtpx:TrackPointExtension>
        </extensions>
      </trkpt>
      <trkpt lat="32.064323525954045" lon="118.59356393234498">
        <ele>36.2</ele>
        <time>2026-08-05T12:41:04Z</time>
        <extensions>
          <gpxtpx:TrackPointExtension>
            <gpxtpx:hr>164</gpxtpx:hr>
          </gpxtpx:TrackPointExtension>
        </extensions>
      </trkpt>
      <trkpt lat="32.064312523620785" lon="118.59356193323985">
        <ele>36.2</ele>
        <time>2026-08-05T12:41:05Z</time>
        <extensions>
          <gpxtpx:TrackPointExtension>
            <gpxtpx:hr>164</gpxtpx:hr>
          </gpxtpx:TrackPointExtension>
        </extensions>
      </trkpt>
      <trkpt lat="32.0643015204721" lon="118.59357893504105">
        <ele>36.2</ele>
        <time>2026-08-05T12:41:06Z</time>
        <extensions>
          <gpxtpx:TrackPointExtension>
            <gpxtpx:hr>164</gpxtpx:hr>
          </gpxtpx:TrackPointExtension>
        </extensions>
      </trkpt>
      <trkpt lat="32.064282513937115" lon="118.5936319391816">
        <ele>36.2</ele>
        <time>2026-08-05T12:41:07Z</time>
        <extensions>
          <gpxtpx:TrackPointExtension>
            <gpxtpx:hr>164</gpxtpx:hr>
          </gpxtpx:TrackPointExtension>
        </extensions>
      </trkpt>
      <trkpt lat="32.06425850679954" lon="118.59367194307944">
        <ele>35.4</ele>
        <time>2026-08-05T12:41:08Z</time>
        <extensions>
          <gpxtpx:TrackPointExtension>
            <gpxtpx:hr>165</gpxtpx:hr>
          </gpxtpx:TrackPointExtension>
        </extensions>
      </trkpt>
      <trkpt lat="32.06422649909547" lon="118.59368594654998">
        <ele>35.4</ele>
        <time>2026-08-05T12:41:09Z</time>
        <extensions>
          <gpxtpx:TrackPointExtension>
            <gpxtpx:hr>165</gpxtpx:hr>
          </gpxtpx:TrackPointExtension>
        </extensions>
      </trkpt>
      <trkpt lat="32.0641964918709" lon="118.59369894978917">
        <ele>35.4</ele>
        <time>2026-08-05T12:41:10Z</time>
        <extensions>
          <gpxtpx:TrackPointExtension>
            <gpxtpx:hr>165</gpxtpx:hr>
          </gpxtpx:TrackPointExtension>
        </extensions>
      </trkpt>
      <trkpt lat="32.06418148764171" lon="118.59371795190877">
        <ele>35.4</ele>
        <time>2026-08-05T12:41:11Z</time>
        <extensions>
          <gpxtpx:TrackPointExtension>
            <gpxtpx:hr>165</gpxtpx:hr>
          </gpxtpx:TrackPointExtension>
        </extensions>
      </trkpt>
      <trkpt lat="32.064171484596585" lon="118.59373495348103">
        <ele>35.4</ele>
        <time>2026-08-05T12:41:12Z</time>
        <extensions>
          <gpxtpx:TrackPointExtension>
            <gpxtpx:hr>165</gpxtpx:hr>
          </gpxtpx:TrackPointExtension>
        </extensions>
      </trkpt>
      <trkpt lat="32.06414547812186" lon="118.59374995640316">
        <ele>34.6</ele>
        <time>2026-08-05T12:41:13Z</time>
        <extensions>
          <gpxtpx:TrackPointExtension>
            <gpxtpx:hr>166</gpxtpx:hr>
          </gpxtpx:TrackPointExtension>
        </extensions>
      </trkpt>
      <trkpt lat="32.06411447007265" lon="118.59377396009914">
        <ele>34.6</ele>
        <time>2026-08-05T12:41:14Z</time>
        <extensions>
          <gpxtpx:TrackPointExtension>
            <gpxtpx:hr>166</gpxtpx:hr>
          </gpxtpx:TrackPointExtension>
        </extensions>
      </trkpt>
      <trkpt lat="32.064092463659264" lon="118.59380396316776">
        <ele>34.6</ele>
        <time>2026-08-05T12:41:15Z</time>
        <extensions>
          <gpxtpx:TrackPointExtension>
            <gpxtpx:hr>166</gpxtpx:hr>
          </gpxtpx:TrackPointExtension>
        </extensions>
      </trkpt>
      <trkpt lat="32.06406845682099" lon="118.59383296633557">
        <ele>34.6</ele>
        <time>2026-08-05T12:41:16Z</time>
        <extensions>
          <gpxtpx:TrackPointExtension>
            <gpxtpx:hr>166</gpxtpx:hr>
          </gpxtpx:TrackPointExtension>
        </extensions>
      </trkpt>
      <trkpt lat="32.06404444983435" lon="118.59386396952408">
        <ele>34.6</ele>
        <time>2026-08-05T12:41:17Z</time>
        <extensions>
          <gpxtpx:TrackPointExtension>
            <gpxtpx:hr>166</gpxtpx:hr>
          </gpxtpx:TrackPointExtension>
        </extensions>
      </trkpt>
      <trkpt lat="32.064024443456525" lon="118.59389897242428">
        <ele>34.2</ele>
        <time>2026-08-05T12:41:18Z</time>
        <extensions>
          <gpxtpx:TrackPointExtension>
            <gpxtpx:hr>165</gpxtpx:hr>
          </gpxtpx:TrackPointExtension>
        </extensions>
      </trkpt>
      <trkpt lat="32.06400843790493" lon="118.59393397490005">
        <ele>34.2</ele>
        <time>2026-08-05T12:41:19Z</time>
        <extensions>
          <gpxtpx:TrackPointExtension>
            <gpxtpx:hr>165</gpxtpx:hr>
          </gpxtpx:TrackPointExtension>
        </extensions>
      </trkpt>
      <trkpt lat="32.06399943377914" lon="118.59396997670795">
        <ele>34.2</ele>
        <time>2026-08-05T12:41:20Z</time>
        <extensions>
          <gpxtpx:TrackPointExtension>
            <gpxtpx:hr>165</gpxtpx:hr>
          </gpxtpx:TrackPointExtension>
        </extensions>
      </trkpt>
      <trkpt lat="32.06399243003669" lon="118.59400597826793">
        <ele>34.2</ele>
        <time>2026-08-05T12:41:21Z</time>
        <extensions>
          <gpxtpx:TrackPointExtension>
            <gpxtpx:hr>165</gpxtpx:hr>
          </gpxtpx:TrackPointExtension>
        </extensions>
      </trkpt>
      <trkpt lat="32.06398842696108" lon="118.59404097946688">
        <ele>34.2</ele>
        <time>2026-08-05T12:41:22Z</time>
        <extensions>
          <gpxtpx:TrackPointExtension>
            <gpxtpx:hr>165</gpxtpx:hr>
          </gpxtpx:TrackPointExtension>
        </extensions>
      </trkpt>
      <trkpt lat="32.06398542405199" lon="118.59407598051172">
        <ele>33.6</ele>
        <time>2026-08-05T12:41:23Z</time>
        <extensions>
          <gpxtpx:TrackPointExtension>
            <gpxtpx:hr>164</gpxtpx:hr>
          </gpxtpx:TrackPointExtension>
        </extensions>
      </trkpt>
      <trkpt lat="32.06398342130943" lon="118.59411098140247">
        <ele>33.6</ele>
        <time>2026-08-05T12:41:24Z</time>
        <extensions>
          <gpxtpx:TrackPointExtension>
            <gpxtpx:hr>164</gpxtpx:hr>
          </gpxtpx:TrackPointExtension>
        </extensions>
      </trkpt>
      <trkpt lat="32.06398141864951" lon="118.594143982194">
        <ele>33.6</ele>
        <time>2026-08-05T12:41:25Z</time>
        <extensions>
          <gpxtpx:TrackPointExtension>
            <gpxtpx:hr>164</gpxtpx:hr>
          </gpxtpx:TrackPointExtension>
        </extensions>
      </trkpt>
      <trkpt lat="32.06398041609261" lon="118.59417798285446">
        <ele>33.6</ele>
        <time>2026-08-05T12:41:26Z</time>
        <extensions>
          <gpxtpx:TrackPointExtension>
            <gpxtpx:hr>164</gpxtpx:hr>
          </gpxtpx:TrackPointExtension>
        </extensions>
      </trkpt>
      <trkpt lat="32.063983414081" lon="118.59421598315025">
        <ele>33.6</ele>
        <time>2026-08-05T12:41:27Z</time>
        <extensions>
          <gpxtpx:TrackPointExtension>
            <gpxtpx:hr>164</gpxtpx:hr>
          </gpxtpx:TrackPointExtension>
        </extensions>
      </trkpt>
      <trkpt lat="32.06399041310446" lon="118.59425098297429">
        <ele>32.9</ele>
        <time>2026-08-05T12:41:28Z</time>
        <extensions>
          <gpxtpx:TrackPointExtension>
            <gpxtpx:hr>165</gpxtpx:hr>
          </gpxtpx:TrackPointExtension>
        </extensions>
      </trkpt>
      <trkpt lat="32.06400141317671" lon="118.59428298234303">
        <ele>32.9</ele>
        <time>2026-08-05T12:41:29Z</time>
        <extensions>
          <gpxtpx:TrackPointExtension>
            <gpxtpx:hr>165</gpxtpx:hr>
          </gpxtpx:TrackPointExtension>
        </extensions>
      </trkpt>
      <trkpt lat="32.06401241327972" lon="118.59431398164956">
        <ele>32.9</ele>
        <time>2026-08-05T12:41:30Z</time>
        <extensions>
          <gpxtpx:TrackPointExtension>
            <gpxtpx:hr>165</gpxtpx:hr>
          </gpxtpx:TrackPointExtension>
        </extensions>
      </trkpt>
      <trkpt lat="32.06402641377022" lon="118.59434798065695">
        <ele>32.9</ele>
        <time>2026-08-05T12:41:31Z</time>
        <extensions>
          <gpxtpx:TrackPointExtension>
            <gpxtpx:hr>165</gpxtpx:hr>
          </gpxtpx:TrackPointExtension>
        </extensions>
      </trkpt>
      <trkpt lat="32.06404541515322" lon="118.59438397916395">
        <ele>32.9</ele>
        <time>2026-08-05T12:41:32Z</time>
        <extensions>
          <gpxtpx:TrackPointExtension>
            <gpxtpx:hr>165</gpxtpx:hr>
          </gpxtpx:TrackPointExtension>
        </extensions>
      </trkpt>
      <trkpt lat="32.06407141801923" lon="118.59441997697269">
        <ele>32.6</ele>
        <time>2026-08-05T12:41:33Z</time>
        <extensions>
          <gpxtpx:TrackPointExtension>
            <gpxtpx:hr>164</gpxtpx:hr>
          </gpxtpx:TrackPointExtension>
        </extensions>
      </trkpt>
      <trkpt lat="32.0640984211301" lon="118.59445497462234">
        <ele>32.6</ele>
        <time>2026-08-05T12:41:34Z</time>
        <extensions>
          <gpxtpx:TrackPointExtension>
            <gpxtpx:hr>164</gpxtpx:hr>
          </gpxtpx:TrackPointExtension>
        </extensions>
      </trkpt>
      <trkpt lat="32.064118423393786" lon="118.59448097284016">
        <ele>32.6</ele>
        <time>2026-08-05T12:41:35Z</time>
        <extensions>
          <gpxtpx:TrackPointExtension>
            <gpxtpx:hr>164</gpxtpx:hr>
          </gpxtpx:TrackPointExtension>
        </extensions>
      </trkpt>
      <trkpt lat="32.06412142138566" lon="118.59451297254562">
        <ele>32.6</ele>
        <time>2026-08-05T12:41:36Z</time>
        <extensions>
          <gpxtpx:TrackPointExtension>
            <gpxtpx:hr>164</gpxtpx:hr>
          </gpxtpx:TrackPointExtension>
        </extensions>
      </trkpt>
      <trkpt lat="32.06409641240411" lon="118.59455397468868">
        <ele>32.6</ele>
        <time>2026-08-05T12:41:37Z</time>
        <extensions>
          <gpxtpx:TrackPointExtension>
            <gpxtpx:hr>164</gpxtpx:hr>
          </gpxtpx:TrackPointExtension>
        </extensions>
      </trkpt>
      <trkpt lat="32.064066402512246" lon="118.59459197721193">
        <ele>32.0</ele>
        <time>2026-08-05T12:41:38Z</time>
        <extensions>
          <gpxtpx:TrackPointExtension>
            <gpxtpx:hr>164</gpxtpx:hr>
          </gpxtpx:TrackPointExtension>
        </extensions>
      </trkpt>
      <trkpt lat="32.06404739479829" lon="118.59463197865347">
        <ele>32.0</ele>
        <time>2026-08-05T12:41:39Z</time>
        <extensions>
          <gpxtpx:TrackPointExtension>
            <gpxtpx:hr>164</gpxtpx:hr>
          </gpxtpx:TrackPointExtension>
        </extensions>
      </trkpt>
      <trkpt lat="32.06403338847797" lon="118.59466797960027">
        <ele>32.0</ele>
        <time>2026-08-05T12:41:40Z</time>
        <extensions>
          <gpxtpx:TrackPointExtension>
            <gpxtpx:hr>164</gpxtpx:hr>
          </gpxtpx:TrackPointExtension>
        </extensions>
      </trkpt>
      <trkpt lat="32.06401638236297" lon="118.5946939808627">
        <ele>32.0</ele>
        <time>2026-08-05T12:41:41Z</time>
        <extensions>
          <gpxtpx:TrackPointExtension>
            <gpxtpx:hr>164</gpxtpx:hr>
          </gpxtpx:TrackPointExtension>
        </extensions>
      </trkpt>
      <trkpt lat="32.06400037587922" lon="118.5947259819246">
        <ele>32.0</ele>
        <time>2026-08-05T12:41:42Z</time>
        <extensions>
          <gpxtpx:TrackPointExtension>
            <gpxtpx:hr>164</gpxtpx:hr>
          </gpxtpx:TrackPointExtension>
        </extensions>
      </trkpt>
      <trkpt lat="32.063995371201315" lon="118.5947639818551">
        <ele>31.4</ele>
        <time>2026-08-05T12:41:43Z</time>
        <extensions>
          <gpxtpx:TrackPointExtension>
            <gpxtpx:hr>163</gpxtpx:hr>
          </gpxtpx:TrackPointExtension>
        </extensions>
      </trkpt>
      <trkpt lat="32.063988366310426" lon="118.59479898194029">
        <ele>31.4</ele>
        <time>2026-08-05T12:41:44Z</time>
        <extensions>
          <gpxtpx:TrackPointExtension>
            <gpxtpx:hr>163</gpxtpx:hr>
          </gpxtpx:TrackPointExtension>
        </extensions>
      </trkpt>
      <trkpt lat="32.06396435821423" lon="118.59482798360219">
        <ele>31.4</ele>
        <time>2026-08-05T12:41:45Z</time>
        <extensions>
          <gpxtpx:TrackPointExtension>
            <gpxtpx:hr>163</gpxtpx:hr>
          </gpxtpx:TrackPointExtension>
        </extensions>
      </trkpt>
      <trkpt lat="32.06392934776054" lon="118.59485598623075">
        <ele>31.4</ele>
        <time>2026-08-05T12:41:46Z</time>
        <extensions>
          <gpxtpx:TrackPointExtension>
            <gpxtpx:hr>163</gpxtpx:hr>
          </gpxtpx:TrackPointExtension>
        </extensions>
      </trkpt>
      <trkpt lat="32.063900338692555" lon="118.59488298829886">
        <ele>31.4</ele>
        <time>2026-08-05T12:41:47Z</time>
        <extensions>
          <gpxtpx:TrackPointExtension>
            <gpxtpx:hr>163</gpxtpx:hr>
          </gpxtpx:TrackPointExtension>
        </extensions>
      </trkpt>
      <trkpt lat="32.06387433025263" lon="118.59490999005878">
        <ele>31.1</ele>
        <time>2026-08-05T12:41:48Z</time>
        <extensions>
          <gpxtpx:TrackPointExtension>
            <gpxtpx:hr>163</gpxtpx:hr>
          </gpxtpx:TrackPointExtension>
        </extensions>
      </trkpt>
      <trkpt lat="32.06384732197049" lon="118.59493299196514">
        <ele>31.1</ele>
        <time>2026-08-05T12:41:49Z</time>
        <extensions>
          <gpxtpx:TrackPointExtension>
            <gpxtpx:hr>163</gpxtpx:hr>
          </gpxtpx:TrackPointExtension>
        </extensions>
      </trkpt>
      <trkpt lat="32.06381831332845" lon="118.59495499404878">
        <ele>31.1</ele>
        <time>2026-08-05T12:41:50Z</time>
        <extensions>
          <gpxtpx:TrackPointExtension>
            <gpxtpx:hr>163</gpxtpx:hr>
          </gpxtpx:TrackPointExtension>
        </extensions>
      </trkpt>
      <trkpt lat="32.063785303576466" lon="118.59497899641597">
        <ele>31.1</ele>
        <time>2026-08-05T12:41:51Z</time>
        <extensions>
          <gpxtpx:TrackPointExtension>
            <gpxtpx:hr>163</gpxtpx:hr>
          </gpxtpx:TrackPointExtension>
        </extensions>
      </trkpt>
      <trkpt lat="32.06375829522469" lon="118.59500199823978">
        <ele>31.1</ele>
        <time>2026-08-05T12:41:52Z</time>
        <extensions>
          <gpxtpx:TrackPointExtension>
            <gpxtpx:hr>163</gpxtpx:hr>
          </gpxtpx:TrackPointExtension>
        </extensions>
      </trkpt>
      <trkpt lat="32.06373128674338" lon="118.59502600000778">
        <ele>30.5</ele>
        <time>2026-08-05T12:41:53Z</time>
        <extensions>
          <gpxtpx:TrackPointExtension>
            <gpxtpx:hr>163</gpxtpx:hr>
          </gpxtpx:TrackPointExtension>
        </extensions>
      </trkpt>
      <trkpt lat="32.06370427823685" lon="118.5950500017458">
        <ele>30.5</ele>
        <time>2026-08-05T12:41:54Z</time>
        <extensions>
          <gpxtpx:TrackPointExtension>
            <gpxtpx:hr>163</gpxtpx:hr>
          </gpxtpx:TrackPointExtension>
        </extensions>
      </trkpt>
      <trkpt lat="32.06368127047684" lon="118.59507500306273">
        <ele>30.5</ele>
        <time>2026-08-05T12:41:55Z</time>
        <extensions>
          <gpxtpx:TrackPointExtension>
            <gpxtpx:hr>163</gpxtpx:hr>
          </gpxtpx:TrackPointExtension>
        </extensions>
      </trkpt>
      <trkpt lat="32.06365426202838" lon="118.59509800477169">
        <ele>30.5</ele>
        <time>2026-08-05T12:41:56Z</time>
        <extensions>
          <gpxtpx:TrackPointExtension>
            <gpxtpx:hr>163</gpxtpx:hr>
          </gpxtpx:TrackPointExtension>
        </extensions>
      </trkpt>
      <trkpt lat="32.06363025432742" lon="118.5951200062161">
        <ele>30.5</ele>
        <time>2026-08-05T12:41:57Z</time>
        <extensions>
          <gpxtpx:TrackPointExtension>
            <gpxtpx:hr>163</gpxtpx:hr>
          </gpxtpx:TrackPointExtension>
        </extensions>
      </trkpt>
      <trkpt lat="32.063611247928385" lon="118.5951400072535">
        <ele>29.8</ele>
        <time>2026-08-05T12:41:58Z</time>
        <extensions>
          <gpxtpx:TrackPointExtension>
            <gpxtpx:hr>164</gpxtpx:hr>
          </gpxtpx:TrackPointExtension>
        </extensions>
      </trkpt>
      <trkpt lat="32.06358824063157" lon="118.59516000863046">
        <ele>29.8</ele>
        <time>2026-08-05T12:41:59Z</time>
        <extensions>
          <gpxtpx:TrackPointExtension>
            <gpxtpx:hr>164</gpxtpx:hr>
          </gpxtpx:TrackPointExtension>
        </extensions>
      </trkpt>
      <trkpt lat="32.06356623376334" lon="118.59517800996906">
        <ele>29.8</ele>
        <time>2026-08-05T12:42:00Z</time>
        <extensions>
          <gpxtpx:TrackPointExtension>
            <gpxtpx:hr>164</gpxtpx:hr>
          </gpxtpx:TrackPointExtension>
        </extensions>
      </trkpt>
      <trkpt lat="32.06354422665333" lon="118.59519801121643">
        <ele>29.8</ele>
        <time>2026-08-05T12:42:01Z</time>
        <extensions>
          <gpxtpx:TrackPointExtension>
            <gpxtpx:hr>164</gpxtpx:hr>
          </gpxtpx:TrackPointExtension>
        </extensions>
      </trkpt>
      <trkpt lat="32.063525219727" lon="118.59522201201919">
        <ele>29.8</ele>
        <time>2026-08-05T12:42:02Z</time>
        <extensions>
          <gpxtpx:TrackPointExtension>
            <gpxtpx:hr>164</gpxtpx:hr>
          </gpxtpx:TrackPointExtension>
        </extensions>
      </trkpt>
      <trkpt lat="32.06350621254365" lon="118.59524801271243">
        <ele>29.6</ele>
        <time>2026-08-05T12:42:03Z</time>
        <extensions>
          <gpxtpx:TrackPointExtension>
            <gpxtpx:hr>163</gpxtpx:hr>
          </gpxtpx:TrackPointExtension>
        </extensions>
      </trkpt>
      <trkpt lat="32.06349120632845" lon="118.5952730130514">
        <ele>29.6</ele>
        <time>2026-08-05T12:42:04Z</time>
        <extensions>
          <gpxtpx:TrackPointExtension>
            <gpxtpx:hr>163</gpxtpx:hr>
          </gpxtpx:TrackPointExtension>
        </extensions>
      </trkpt>
      <trkpt lat="32.0634882029637" lon="118.59529601236162">
        <ele>29.6</ele>
        <time>2026-08-05T12:42:05Z</time>
        <extensions>
          <gpxtpx:TrackPointExtension>
            <gpxtpx:hr>163</gpxtpx:hr>
          </gpxtpx:TrackPointExtension>
        </extensions>
      </trkpt>
      <trkpt lat="32.06348920069454" lon="118.59531701137097">
        <ele>29.6</ele>
        <time>2026-08-05T12:42:06Z</time>
        <extensions>
          <gpxtpx:TrackPointExtension>
            <gpxtpx:hr>163</gpxtpx:hr>
          </gpxtpx:TrackPointExtension>
        </extensions>
      </trkpt>
      <trkpt lat="32.06347019424368" lon="118.59533601224813">
        <ele>29.6</ele>
        <time>2026-08-05T12:42:07Z</time>
        <extensions>
          <gpxtpx:TrackPointExtension>
            <gpxtpx:hr>163</gpxtpx:hr>
          </gpxtpx:TrackPointExtension>
        </extensions>
      </trkpt>
      <trkpt lat="32.06344018499357" lon="118.59535801396105">
        <ele>29.1</ele>
        <time>2026-08-05T12:42:08Z</time>
        <extensions>
          <gpxtpx:TrackPointExtension>
            <gpxtpx:hr>163</gpxtpx:hr>
          </gpxtpx:TrackPointExtension>
        </extensions>
      </trkpt>
      <trkpt lat="32.063412175797126" lon="118.59538301532834">
        <ele>29.1</ele>
        <time>2026-08-05T12:42:09Z</time>
        <extensions>
          <gpxtpx:TrackPointExtension>
            <gpxtpx:hr>163</gpxtpx:hr>
          </gpxtpx:TrackPointExtension>
        </extensions>
      </trkpt>
      <trkpt lat="32.06338316647614" lon="118.59540701680139">
        <ele>29.1</ele>
        <time>2026-08-05T12:42:10Z</time>
        <extensions>
          <gpxtpx:TrackPointExtension>
            <gpxtpx:hr>163</gpxtpx:hr>
          </gpxtpx:TrackPointExtension>
        </extensions>
      </trkpt>
      <trkpt lat="32.06335315690979" lon="118.59543101833465">
        <ele>29.1</ele>
        <time>2026-08-05T12:42:11Z</time>
        <extensions>
          <gpxtpx:TrackPointExtension>
            <gpxtpx:hr>163</gpxtpx:hr>
          </gpxtpx:TrackPointExtension>
        </extensions>
      </trkpt>
      <trkpt lat="32.06332414766334" lon="118.5954540197985">
        <ele>29.1</ele>
        <time>2026-08-05T12:42:12Z</time>
        <extensions>
          <gpxtpx:TrackPointExtension>
            <gpxtpx:hr>163</gpxtpx:hr>
          </gpxtpx:TrackPointExtension>
        </extensions>
      </trkpt>
      <trkpt lat="32.063302140186664" lon="118.59547502070762">
        <ele>28.8</ele>
        <time>2026-08-05T12:42:13Z</time>
        <extensions>
          <gpxtpx:TrackPointExtension>
            <gpxtpx:hr>165</gpxtpx:hr>
          </gpxtpx:TrackPointExtension>
        </extensions>
      </trkpt>
      <trkpt lat="32.063282133131096" lon="118.59549602141371">
        <ele>28.8</ele>
        <time>2026-08-05T12:42:14Z</time>
        <extensions>
          <gpxtpx:TrackPointExtension>
            <gpxtpx:hr>165</gpxtpx:hr>
          </gpxtpx:TrackPointExtension>
        </extensions>
      </trkpt>
      <trkpt lat="32.063266127447314" lon="118.59551302195138">
        <ele>28.8</ele>
        <time>2026-08-05T12:42:15Z</time>
        <extensions>
          <gpxtpx:TrackPointExtension>
            <gpxtpx:hr>165</gpxtpx:hr>
          </gpxtpx:TrackPointExtension>
        </extensions>
      </trkpt>
      <trkpt lat="32.063245120136784" lon="118.59553402270615">
        <ele>28.8</ele>
        <time>2026-08-05T12:42:16Z</time>
        <extensions>
          <gpxtpx:TrackPointExtension>
            <gpxtpx:hr>165</gpxtpx:hr>
          </gpxtpx:TrackPointExtension>
        </extensions>
      </trkpt>
      <trkpt lat="32.063222112237334" lon="118.59555602356242">
        <ele>28.8</ele>
        <time>2026-08-05T12:42:17Z</time>
        <extensions>
          <gpxtpx:TrackPointExtension>
            <gpxtpx:hr>165</gpxtpx:hr>
          </gpxtpx:TrackPointExtension>
        </extensions>
      </trkpt>
      <trkpt lat="32.06319710439721" lon="118.59557402480122">
        <ele>28.7</ele>
        <time>2026-08-05T12:42:18Z</time>
        <extensions>
          <gpxtpx:TrackPointExtension>
            <gpxtpx:hr>165</gpxtpx:hr>
          </gpxtpx:TrackPointExtension>
        </extensions>
      </trkpt>
      <trkpt lat="32.06317409724501" lon="118.59559002595836">
        <ele>28.7</ele>
        <time>2026-08-05T12:42:19Z</time>
        <extensions>
          <gpxtpx:TrackPointExtension>
            <gpxtpx:hr>165</gpxtpx:hr>
          </gpxtpx:TrackPointExtension>
        </extensions>
      </trkpt>
      <trkpt lat="32.063151090081575" lon="118.5956060271022">
        <ele>28.7</ele>
        <time>2026-08-05T12:42:20Z</time>
        <extensions>
          <gpxtpx:TrackPointExtension>
            <gpxtpx:hr>165</gpxtpx:hr>
          </gpxtpx:TrackPointExtension>
        </extensions>
      </trkpt>
      <trkpt lat="32.06312608259864" lon="118.5956210284722">
        <ele>28.7</ele>
        <time>2026-08-05T12:42:21Z</time>
        <extensions>
          <gpxtpx:TrackPointExtension>
            <gpxtpx:hr>165</gpxtpx:hr>
          </gpxtpx:TrackPointExtension>
        </extensions>
      </trkpt>
      <trkpt lat="32.063101074840084" lon="118.59563802971044">
        <ele>28.7</ele>
        <time>2026-08-05T12:42:22Z</time>
        <extensions>
          <gpxtpx:TrackPointExtension>
            <gpxtpx:hr>165</gpxtpx:hr>
          </gpxtpx:TrackPointExtension>
        </extensions>
      </trkpt>
      <trkpt lat="32.06307606720244" lon="118.59565403099465">
        <ele>28.6</ele>
        <time>2026-08-05T12:42:23Z</time>
        <extensions>
          <gpxtpx:TrackPointExtension>
            <gpxtpx:hr>163</gpxtpx:hr>
          </gpxtpx:TrackPointExtension>
        </extensions>
      </trkpt>
      <trkpt lat="32.063050059601764" lon="118.59566803247905">
        <ele>28.6</ele>
        <time>2026-08-05T12:42:24Z</time>
        <extensions>
          <gpxtpx:TrackPointExtension>
            <gpxtpx:hr>163</gpxtpx:hr>
          </gpxtpx:TrackPointExtension>
        </extensions>
      </trkpt>
      <trkpt lat="32.06302305163733" lon="118.595683033981">
        <ele>28.6</ele>
        <time>2026-08-05T12:42:25Z</time>
        <extensions>
          <gpxtpx:TrackPointExtension>
            <gpxtpx:hr>163</gpxtpx:hr>
          </gpxtpx:TrackPointExtension>
        </extensions>
      </trkpt>
      <trkpt lat="32.062995043578155" lon="118.59569703562453">
        <ele>28.6</ele>
        <time>2026-08-05T12:42:26Z</time>
        <extensions>
          <gpxtpx:TrackPointExtension>
            <gpxtpx:hr>163</gpxtpx:hr>
          </gpxtpx:TrackPointExtension>
        </extensions>
      </trkpt>
      <trkpt lat="32.062966035017816" lon="118.59571303722015">
        <ele>28.6</ele>
        <time>2026-08-05T12:42:27Z</time>
        <extensions>
          <gpxtpx:TrackPointExtension>
            <gpxtpx:hr>163</gpxtpx:hr>
          </gpxtpx:TrackPointExtension>
        </extensions>
      </trkpt>
      <trkpt lat="32.06293902702351" lon="118.59572803868711">
        <ele>28.6</ele>
        <time>2026-08-05T12:42:28Z</time>
        <extensions>
          <gpxtpx:TrackPointExtension>
            <gpxtpx:hr>163</gpxtpx:hr>
          </gpxtpx:TrackPointExtension>
        </extensions>
      </trkpt>
      <trkpt lat="32.06291301951433" lon="118.59574104018326">
        <ele>28.6</ele>
        <time>2026-08-05T12:42:29Z</time>
        <extensions>
          <gpxtpx:TrackPointExtension>
            <gpxtpx:hr>163</gpxtpx:hr>
          </gpxtpx:TrackPointExtension>
        </extensions>
      </trkpt>
      <trkpt lat="32.06289401409098" lon="118.595750041304">
        <ele>28.6</ele>
        <time>2026-08-05T12:42:30Z</time>
        <extensions>
          <gpxtpx:TrackPointExtension>
            <gpxtpx:hr>163</gpxtpx:hr>
          </gpxtpx:TrackPointExtension>
        </extensions>
      </trkpt>
      <trkpt lat="32.06287500838768" lon="118.59576104228776">
        <ele>28.6</ele>
        <time>2026-08-05T12:42:31Z</time>
        <extensions>
          <gpxtpx:TrackPointExtension>
            <gpxtpx:hr>163</gpxtpx:hr>
          </gpxtpx:TrackPointExtension>
        </extensions>
      </trkpt>
      <trkpt lat="32.062851001022416" lon="118.59577604344715">
        <ele>28.6</ele>
        <time>2026-08-05T12:42:32Z</time>
        <extensions>
          <gpxtpx:TrackPointExtension>
            <gpxtpx:hr>163</gpxtpx:hr>
          </gpxtpx:TrackPointExtension>
        </extensions>
      </trkpt>
      <trkpt lat="32.062819992105084" lon="118.5957910452255">
        <ele>28.6</ele>
        <time>2026-08-05T12:42:33Z</time>
        <extensions>
          <gpxtpx:TrackPointExtension>
            <gpxtpx:hr>162</gpxtpx:hr>
          </gpxtpx:TrackPointExtension>
        </extensions>
      </trkpt>
      <trkpt lat="32.06279098417867" lon="118.59580204708674">
        <ele>28.6</ele>
        <time>2026-08-05T12:42:34Z</time>
        <extensions>
          <gpxtpx:TrackPointExtension>
            <gpxtpx:hr>162</gpxtpx:hr>
          </gpxtpx:TrackPointExtension>
        </extensions>
      </trkpt>
      <trkpt lat="32.06276597684708" lon="118.59581504844296">
        <ele>28.6</ele>
        <time>2026-08-05T12:42:35Z</time>
        <extensions>
          <gpxtpx:TrackPointExtension>
            <gpxtpx:hr>162</gpxtpx:hr>
          </gpxtpx:TrackPointExtension>
        </extensions>
      </trkpt>
      <trkpt lat="32.062732967463" lon="118.59583005037116">
        <ele>28.6</ele>
        <time>2026-08-05T12:42:36Z</time>
        <extensions>
          <gpxtpx:TrackPointExtension>
            <gpxtpx:hr>162</gpxtpx:hr>
          </gpxtpx:TrackPointExtension>
        </extensions>
      </trkpt>
      <trkpt lat="32.06269495696713" lon="118.59584505273814">
        <ele>28.6</ele>
        <time>2026-08-05T12:42:37Z</time>
        <extensions>
          <gpxtpx:TrackPointExtension>
            <gpxtpx:hr>162</gpxtpx:hr>
          </gpxtpx:TrackPointExtension>
        </extensions>
      </trkpt>
      <trkpt lat="32.06266394843091" lon="118.59585705467738">
        <ele>28.7</ele>
        <time>2026-08-05T12:42:38Z</time>
        <extensions>
          <gpxtpx:TrackPointExtension>
            <gpxtpx:hr>162</gpxtpx:hr>
          </gpxtpx:TrackPointExtension>
        </extensions>
      </trkpt>
      <trkpt lat="32.062636940912505" lon="118.59586805632085">
        <ele>28.7</ele>
        <time>2026-08-05T12:42:39Z</time>
        <extensions>
          <gpxtpx:TrackPointExtension>
            <gpxtpx:hr>162</gpxtpx:hr>
          </gpxtpx:TrackPointExtension>
        </extensions>
      </trkpt>
      <trkpt lat="32.0626119339727" lon="118.59587805785043">
        <ele>28.7</ele>
        <time>2026-08-05T12:42:40Z</time>
        <extensions>
          <gpxtpx:TrackPointExtension>
            <gpxtpx:hr>162</gpxtpx:hr>
          </gpxtpx:TrackPointExtension>
        </extensions>
      </trkpt>
      <trkpt lat="32.06259092819723" lon="118.59588605916045">
        <ele>28.7</ele>
        <time>2026-08-05T12:42:41Z</time>
        <extensions>
          <gpxtpx:TrackPointExtension>
            <gpxtpx:hr>162</gpxtpx:hr>
          </gpxtpx:TrackPointExtension>
        </extensions>
      </trkpt>
      <trkpt lat="32.06256792197809" lon="118.59589406064731">
        <ele>28.7</ele>
        <time>2026-08-05T12:42:42Z</time>
        <extensions>
          <gpxtpx:TrackPointExtension>
            <gpxtpx:hr>162</gpxtpx:hr>
          </gpxtpx:TrackPointExtension>
        </extensions>
      </trkpt>
      <trkpt lat="32.06253891414496" lon="118.59590406252376">
        <ele>28.5</ele>
        <time>2026-08-05T12:42:43Z</time>
        <extensions>
          <gpxtpx:TrackPointExtension>
            <gpxtpx:hr>162</gpxtpx:hr>
          </gpxtpx:TrackPointExtension>
        </extensions>
      </trkpt>
      <trkpt lat="32.062507905866454" lon="118.5959140645752">
        <ele>28.5</ele>
        <time>2026-08-05T12:42:44Z</time>
        <extensions>
          <gpxtpx:TrackPointExtension>
            <gpxtpx:hr>162</gpxtpx:hr>
          </gpxtpx:TrackPointExtension>
        </extensions>
      </trkpt>
      <trkpt lat="32.06247889787889" lon="118.59592506636638">
        <ele>28.5</ele>
        <time>2026-08-05T12:42:45Z</time>
        <extensions>
          <gpxtpx:TrackPointExtension>
            <gpxtpx:hr>162</gpxtpx:hr>
          </gpxtpx:TrackPointExtension>
        </extensions>
      </trkpt>
      <trkpt lat="32.06244988974005" lon="118.59593706807573">
        <ele>28.5</ele>
        <time>2026-08-05T12:42:46Z</time>
        <extensions>
          <gpxtpx:TrackPointExtension>
            <gpxtpx:hr>162</gpxtpx:hr>
          </gpxtpx:TrackPointExtension>
        </extensions>
      </trkpt>
      <trkpt lat="32.06242188210776" lon="118.59594706983982">
        <ele>28.5</ele>
        <time>2026-08-05T12:42:47Z</time>
        <extensions>
          <gpxtpx:TrackPointExtension>
            <gpxtpx:hr>162</gpxtpx:hr>
          </gpxtpx:TrackPointExtension>
        </extensions>
      </trkpt>
      <trkpt lat="32.06239287439715" lon="118.59595607176541">
        <ele>28.4</ele>
        <time>2026-08-05T12:42:48Z</time>
        <extensions>
          <gpxtpx:TrackPointExtension>
            <gpxtpx:hr>162</gpxtpx:hr>
          </gpxtpx:TrackPointExtension>
        </extensions>
      </trkpt>
      <trkpt lat="32.06236386653573" lon="118.59596607360976">
        <ele>28.4</ele>
        <time>2026-08-05T12:42:49Z</time>
        <extensions>
          <gpxtpx:TrackPointExtension>
            <gpxtpx:hr>162</gpxtpx:hr>
          </gpxtpx:TrackPointExtension>
        </extensions>
      </trkpt>
      <trkpt lat="32.06233085749283" lon="118.59597807565399">
        <ele>28.4</ele>
        <time>2026-08-05T12:42:50Z</time>
        <extensions>
          <gpxtpx:TrackPointExtension>
            <gpxtpx:hr>162</gpxtpx:hr>
          </gpxtpx:TrackPointExtension>
        </extensions>
      </trkpt>
      <trkpt lat="32.0623028496938" lon="118.59598907731862">
        <ele>28.4</ele>
        <time>2026-08-05T12:42:51Z</time>
        <extensions>
          <gpxtpx:TrackPointExtension>
            <gpxtpx:hr>162</gpxtpx:hr>
          </gpxtpx:TrackPointExtension>
        </extensions>
      </trkpt>
      <trkpt lat="32.06227384152028" lon="118.59600107898824">
        <ele>28.4</ele>
        <time>2026-08-05T12:42:52Z</time>
        <extensions>
          <gpxtpx:TrackPointExtension>
            <gpxtpx:hr>162</gpxtpx:hr>
          </gpxtpx:TrackPointExtension>
        </extensions>
      </trkpt>
      <trkpt lat="32.06224483348938" lon="118.59601208072986">
        <ele>28.1</ele>
        <time>2026-08-05T12:42:53Z</time>
        <extensions>
          <gpxtpx:TrackPointExtension>
            <gpxtpx:hr>163</gpxtpx:hr>
          </gpxtpx:TrackPointExtension>
        </extensions>
      </trkpt>
      <trkpt lat="32.06221482538202" lon="118.59602208263532">
        <ele>28.1</ele>
        <time>2026-08-05T12:42:54Z</time>
        <extensions>
          <gpxtpx:TrackPointExtension>
            <gpxtpx:hr>163</gpxtpx:hr>
          </gpxtpx:TrackPointExtension>
        </extensions>
      </trkpt>
      <trkpt lat="32.062186817561134" lon="118.59603308427491">
        <ele>28.1</ele>
        <time>2026-08-05T12:42:55Z</time>
        <extensions>
          <gpxtpx:TrackPointExtension>
            <gpxtpx:hr>163</gpxtpx:hr>
          </gpxtpx:TrackPointExtension>
        </extensions>
      </trkpt>
      <trkpt lat="32.06215780921332" lon="118.59604608583601">
        <ele>28.1</ele>
        <time>2026-08-05T12:42:56Z</time>
        <extensions>
          <gpxtpx:TrackPointExtension>
            <gpxtpx:hr>163</gpxtpx:hr>
          </gpxtpx:TrackPointExtension>
        </extensions>
      </trkpt>
      <trkpt lat="32.06212980122954" lon="118.59605808738014">
        <ele>28.1</ele>
        <time>2026-08-05T12:42:57Z</time>
        <extensions>
          <gpxtpx:TrackPointExtension>
            <gpxtpx:hr>163</gpxtpx:hr>
          </gpxtpx:TrackPointExtension>
        </extensions>
      </trkpt>
      <trkpt lat="32.06210179293609" lon="118.59607208875182">
        <ele>27.9</ele>
        <time>2026-08-05T12:42:58Z</time>
        <extensions>
          <gpxtpx:TrackPointExtension>
            <gpxtpx:hr>164</gpxtpx:hr>
          </gpxtpx:TrackPointExtension>
        </extensions>
      </trkpt>
      <trkpt lat="32.06207278410883" lon="118.59608809003679">
        <ele>27.9</ele>
        <time>2026-08-05T12:42:59Z</time>
        <extensions>
          <gpxtpx:TrackPointExtension>
            <gpxtpx:hr>164</gpxtpx:hr>
          </gpxtpx:TrackPointExtension>
        </extensions>
      </trkpt>
      <trkpt lat="32.062042774743574" lon="118.59610609123008">
        <ele>27.9</ele>
        <time>2026-08-05T12:43:00Z</time>
        <extensions>
          <gpxtpx:TrackPointExtension>
            <gpxtpx:hr>164</gpxtpx:hr>
          </gpxtpx:TrackPointExtension>
        </extensions>
      </trkpt>
      <trkpt lat="32.06201176514352" lon="118.59612409249671">
        <ele>27.9</ele>
        <time>2026-08-05T12:43:01Z</time>
        <extensions>
          <gpxtpx:TrackPointExtension>
            <gpxtpx:hr>164</gpxtpx:hr>
          </gpxtpx:TrackPointExtension>
        </extensions>
      </trkpt>
      <trkpt lat="32.06197775502217" lon="118.59614109410298">
        <ele>27.9</ele>
        <time>2026-08-05T12:43:02Z</time>
        <extensions>
          <gpxtpx:TrackPointExtension>
            <gpxtpx:hr>164</gpxtpx:hr>
          </gpxtpx:TrackPointExtension>
        </extensions>
      </trkpt>
      <trkpt lat="32.06194174398059" lon="118.59616109561323">
        <ele>27.8</ele>
        <time>2026-08-05T12:43:03Z</time>
        <extensions>
          <gpxtpx:TrackPointExtension>
            <gpxtpx:hr>166</gpxtpx:hr>
          </gpxtpx:TrackPointExtension>
        </extensions>
      </trkpt>
      <trkpt lat="32.06191473584395" lon="118.59617509682026">
        <ele>27.8</ele>
        <time>2026-08-05T12:43:04Z</time>
        <extensions>
          <gpxtpx:TrackPointExtension>
            <gpxtpx:hr>166</gpxtpx:hr>
          </gpxtpx:TrackPointExtension>
        </extensions>
      </trkpt>
      <trkpt lat="32.06189773084391" lon="118.596183097647">
        <ele>27.8</ele>
        <time>2026-08-05T12:43:05Z</time>
        <extensions>
          <gpxtpx:TrackPointExtension>
            <gpxtpx:hr>166</gpxtpx:hr>
          </gpxtpx:TrackPointExtension>
        </extensions>
      </trkpt>
      <trkpt lat="32.06187772455176" lon="118.59619509838545">
        <ele>27.8</ele>
        <time>2026-08-05T12:43:06Z</time>
        <extensions>
          <gpxtpx:TrackPointExtension>
            <gpxtpx:hr>166</gpxtpx:hr>
          </gpxtpx:TrackPointExtension>
        </extensions>
      </trkpt>
      <trkpt lat="32.06184471459761" lon="118.59621209983925">
        <ele>27.8</ele>
        <time>2026-08-05T12:43:07Z</time>
        <extensions>
          <gpxtpx:TrackPointExtension>
            <gpxtpx:hr>166</gpxtpx:hr>
          </gpxtpx:TrackPointExtension>
        </extensions>
      </trkpt>
      <trkpt lat="32.06181270500968" lon="118.59622810127864">
        <ele>27.7</ele>
        <time>2026-08-05T12:43:08Z</time>
        <extensions>
          <gpxtpx:TrackPointExtension>
            <gpxtpx:hr>167</gpxtpx:hr>
          </gpxtpx:TrackPointExtension>
        </extensions>
      </trkpt>
      <trkpt lat="32.061780695410405" lon="118.59624410270483">
        <ele>27.7</ele>
        <time>2026-08-05T12:43:09Z</time>
        <extensions>
          <gpxtpx:TrackPointExtension>
            <gpxtpx:hr>167</gpxtpx:hr>
          </gpxtpx:TrackPointExtension>
        </extensions>
      </trkpt>
      <trkpt lat="32.061749686180164" lon="118.59625910411995">
        <ele>27.7</ele>
        <time>2026-08-05T12:43:10Z</time>
        <extensions>
          <gpxtpx:TrackPointExtension>
            <gpxtpx:hr>167</gpxtpx:hr>
          </gpxtpx:TrackPointExtension>
        </extensions>
      </trkpt>
      <trkpt lat="32.06171867693993" lon="118.59627410552343">
        <ele>27.7</ele>
        <time>2026-08-05T12:43:11Z</time>
        <extensions>
          <gpxtpx:TrackPointExtension>
            <gpxtpx:hr>167</gpxtpx:hr>
          </gpxtpx:TrackPointExtension>
        </extensions>
      </trkpt>
      <trkpt lat="32.061687668011665" lon="118.59628710710273">
        <ele>27.7</ele>
        <time>2026-08-05T12:43:12Z</time>
        <extensions>
          <gpxtpx:TrackPointExtension>
            <gpxtpx:hr>167</gpxtpx:hr>
          </gpxtpx:TrackPointExtension>
        </extensions>
      </trkpt>
      <trkpt lat="32.061660660442705" lon="118.59629710859573">
        <ele>27.5</ele>
        <time>2026-08-05T12:43:13Z</time>
        <extensions>
          <gpxtpx:TrackPointExtension>
            <gpxtpx:hr>168</gpxtpx:hr>
          </gpxtpx:TrackPointExtension>
        </extensions>
      </trkpt>
      <trkpt lat="32.061631652266094" lon="118.59630811016902">
        <ele>27.5</ele>
        <time>2026-08-05T12:43:14Z</time>
        <extensions>
          <gpxtpx:TrackPointExtension>
            <gpxtpx:hr>168</gpxtpx:hr>
          </gpxtpx:TrackPointExtension>
        </extensions>
      </trkpt>
      <trkpt lat="32.061600643642684" lon="118.59631911191623">
        <ele>27.5</ele>
        <time>2026-08-05T12:43:15Z</time>
        <extensions>
          <gpxtpx:TrackPointExtension>
            <gpxtpx:hr>168</gpxtpx:hr>
          </gpxtpx:TrackPointExtension>
        </extensions>
      </trkpt>
      <trkpt lat="32.06156863479309" lon="118.59633011374724">
        <ele>27.5</ele>
        <time>2026-08-05T12:43:16Z</time>
        <extensions>
          <gpxtpx:TrackPointExtension>
            <gpxtpx:hr>168</gpxtpx:hr>
          </gpxtpx:TrackPointExtension>
        </extensions>
      </trkpt>
      <trkpt lat="32.061536626101216" lon="118.59634011566845">
        <ele>27.5</ele>
        <time>2026-08-05T12:43:17Z</time>
        <extensions>
          <gpxtpx:TrackPointExtension>
            <gpxtpx:hr>168</gpxtpx:hr>
          </gpxtpx:TrackPointExtension>
        </extensions>
      </trkpt>
      <trkpt lat="32.061501617233375" lon="118.59634711814526">
        <ele>27.4</ele>
        <time>2026-08-05T12:43:18Z</time>
        <extensions>
          <gpxtpx:TrackPointExtension>
            <gpxtpx:hr>168</gpxtpx:hr>
          </gpxtpx:TrackPointExtension>
        </extensions>
      </trkpt>
      <trkpt lat="32.06146660852685" lon="118.59635312071664">
        <ele>27.4</ele>
        <time>2026-08-05T12:43:19Z</time>
        <extensions>
          <gpxtpx:TrackPointExtension>
            <gpxtpx:hr>168</gpxtpx:hr>
          </gpxtpx:TrackPointExtension>
        </extensions>
      </trkpt>
      <trkpt lat="32.06143260003914" lon="118.59635912319608">
        <ele>27.4</ele>
        <time>2026-08-05T12:43:20Z</time>
        <extensions>
          <gpxtpx:TrackPointExtension>
            <gpxtpx:hr>168</gpxtpx:hr>
          </gpxtpx:TrackPointExtension>
        </extensions>
      </trkpt>
      <trkpt lat="32.06140159254023" lon="118.59636312559867">
        <ele>27.4</ele>
        <time>2026-08-05T12:43:21Z</time>
        <extensions>
          <gpxtpx:TrackPointExtension>
            <gpxtpx:hr>168</gpxtpx:hr>
          </gpxtpx:TrackPointExtension>
        </extensions>
      </trkpt>
      <trkpt lat="32.06137258531742" lon="118.59636812772246">
        <ele>27.4</ele>
        <time>2026-08-05T12:43:22Z</time>
        <extensions>
          <gpxtpx:TrackPointExtension>
            <gpxtpx:hr>168</gpxtpx:hr>
          </gpxtpx:TrackPointExtension>
        </extensions>
      </trkpt>
      <trkpt lat="32.06133657654806" lon="118.59637313047554">
        <ele>27.1</ele>
        <time>2026-08-05T12:43:23Z</time>
        <extensions>
          <gpxtpx:TrackPointExtension>
            <gpxtpx:hr>168</gpxtpx:hr>
          </gpxtpx:TrackPointExtension>
        </extensions>
      </trkpt>
      <trkpt lat="32.06130156816284" lon="118.59637713323556">
        <ele>27.1</ele>
        <time>2026-08-05T12:43:24Z</time>
        <extensions>
          <gpxtpx:TrackPointExtension>
            <gpxtpx:hr>168</gpxtpx:hr>
          </gpxtpx:TrackPointExtension>
        </extensions>
      </trkpt>
      <trkpt lat="32.06126755983233" lon="118.59638213580615">
        <ele>27.1</ele>
        <time>2026-08-05T12:43:25Z</time>
        <extensions>
          <gpxtpx:TrackPointExtension>
            <gpxtpx:hr>168</gpxtpx:hr>
          </gpxtpx:TrackPointExtension>
        </extensions>
      </trkpt>
      <trkpt lat="32.06123455221671" lon="118.5963841385816">
        <ele>27.1</ele>
        <time>2026-08-05T12:43:26Z</time>
        <extensions>
          <gpxtpx:TrackPointExtension>
            <gpxtpx:hr>168</gpxtpx:hr>
          </gpxtpx:TrackPointExtension>
        </extensions>
      </trkpt>
      <trkpt lat="32.0612065458697" lon="118.59638514100517">
        <ele>27.1</ele>
        <time>2026-08-05T12:43:27Z</time>
        <extensions>
          <gpxtpx:TrackPointExtension>
            <gpxtpx:hr>168</gpxtpx:hr>
          </gpxtpx:TrackPointExtension>
        </extensions>
      </trkpt>
      <trkpt lat="32.06117753930163" lon="118.59638614351879">
        <ele>26.7</ele>
        <time>2026-08-05T12:43:28Z</time>
        <extensions>
          <gpxtpx:TrackPointExtension>
            <gpxtpx:hr>168</gpxtpx:hr>
          </gpxtpx:TrackPointExtension>
        </extensions>
      </trkpt>
      <trkpt lat="32.06114653245688" lon="118.59638614631132">
        <ele>26.7</ele>
        <time>2026-08-05T12:43:29Z</time>
        <extensions>
          <gpxtpx:TrackPointExtension>
            <gpxtpx:hr>168</gpxtpx:hr>
          </gpxtpx:TrackPointExtension>
        </extensions>
      </trkpt>
      <trkpt lat="32.06111352517022" lon="118.59638614928399">
        <ele>26.7</ele>
        <time>2026-08-05T12:43:30Z</time>
        <extensions>
          <gpxtpx:TrackPointExtension>
            <gpxtpx:hr>168</gpxtpx:hr>
          </gpxtpx:TrackPointExtension>
        </extensions>
      </trkpt>
      <trkpt lat="32.06108151843438" lon="118.59638415236404">
        <ele>26.7</ele>
        <time>2026-08-05T12:43:31Z</time>
        <extensions>
          <gpxtpx:TrackPointExtension>
            <gpxtpx:hr>168</gpxtpx:hr>
          </gpxtpx:TrackPointExtension>
        </extensions>
      </trkpt>
      <trkpt lat="32.06105651357383" lon="118.59638015501035">
        <ele>26.7</ele>
        <time>2026-08-05T12:43:32Z</time>
        <extensions>
          <gpxtpx:TrackPointExtension>
            <gpxtpx:hr>168</gpxtpx:hr>
          </gpxtpx:TrackPointExtension>
        </extensions>
      </trkpt>
      <trkpt lat="32.061026507772965" lon="118.59637515820445">
        <ele>26.5</ele>
        <time>2026-08-05T12:43:33Z</time>
        <extensions>
          <gpxtpx:TrackPointExtension>
            <gpxtpx:hr>168</gpxtpx:hr>
          </gpxtpx:TrackPointExtension>
        </extensions>
      </trkpt>
      <trkpt lat="32.060995502078846" lon="118.59636816168316">
        <ele>26.5</ele>
        <time>2026-08-05T12:43:34Z</time>
        <extensions>
          <gpxtpx:TrackPointExtension>
            <gpxtpx:hr>168</gpxtpx:hr>
          </gpxtpx:TrackPointExtension>
        </extensions>
      </trkpt>
      <trkpt lat="32.060964496382326" lon="118.59636116515932">
        <ele>26.5</ele>
        <time>2026-08-05T12:43:35Z</time>
        <extensions>
          <gpxtpx:TrackPointExtension>
            <gpxtpx:hr>168</gpxtpx:hr>
          </gpxtpx:TrackPointExtension>
        </extensions>
      </trkpt>
      <trkpt lat="32.06093349051958" lon="118.59635516853581">
        <ele>26.5</ele>
        <time>2026-08-05T12:43:36Z</time>
        <extensions>
          <gpxtpx:TrackPointExtension>
            <gpxtpx:hr>168</gpxtpx:hr>
          </gpxtpx:TrackPointExtension>
        </extensions>
      </trkpt>
      <trkpt lat="32.06090248465501" lon="118.59634917191042">
        <ele>26.5</ele>
        <time>2026-08-05T12:43:37Z</time>
        <extensions>
          <gpxtpx:TrackPointExtension>
            <gpxtpx:hr>168</gpxtpx:hr>
          </gpxtpx:TrackPointExtension>
        </extensions>
      </trkpt>
      <trkpt lat="32.060871478788606" lon="118.59634317528318">
        <ele>25.8</ele>
        <time>2026-08-05T12:43:38Z</time>
        <extensions>
          <gpxtpx:TrackPointExtension>
            <gpxtpx:hr>169</gpxtpx:hr>
          </gpxtpx:TrackPointExtension>
        </extensions>
      </trkpt>
      <trkpt lat="32.06084047259412" lon="118.59633917846146">
        <ele>25.8</ele>
        <time>2026-08-05T12:43:39Z</time>
        <extensions>
          <gpxtpx:TrackPointExtension>
            <gpxtpx:hr>169</gpxtpx:hr>
          </gpxtpx:TrackPointExtension>
        </extensions>
      </trkpt>
      <trkpt lat="32.06080546551506" lon="118.59633518199925">
        <ele>25.8</ele>
        <time>2026-08-05T12:43:40Z</time>
        <extensions>
          <gpxtpx:TrackPointExtension>
            <gpxtpx:hr>169</gpxtpx:hr>
          </gpxtpx:TrackPointExtension>
        </extensions>
      </trkpt>
      <trkpt lat="32.06077445915576" lon="118.59633218507993">
        <ele>25.8</ele>
        <time>2026-08-05T12:43:41Z</time>
        <extensions>
          <gpxtpx:TrackPointExtension>
            <gpxtpx:hr>169</gpxtpx:hr>
          </gpxtpx:TrackPointExtension>
        </extensions>
      </trkpt>
      <trkpt lat="32.06074345247023" lon="118.59633118796837">
        <ele>25.8</ele>
        <time>2026-08-05T12:43:42Z</time>
        <extensions>
          <gpxtpx:TrackPointExtension>
            <gpxtpx:hr>169</gpxtpx:hr>
          </gpxtpx:TrackPointExtension>
        </extensions>
      </trkpt>
      <trkpt lat="32.060707444354094" lon="118.59633219111528">
        <ele>25.3</ele>
        <time>2026-08-05T12:43:43Z</time>
        <extensions>
          <gpxtpx:TrackPointExtension>
            <gpxtpx:hr>169</gpxtpx:hr>
          </gpxtpx:TrackPointExtension>
        </extensions>
      </trkpt>
      <trkpt lat="32.06067843729518" lon="118.59633619334323">
        <ele>25.3</ele>
        <time>2026-08-05T12:43:44Z</time>
        <extensions>
          <gpxtpx:TrackPointExtension>
            <gpxtpx:hr>169</gpxtpx:hr>
          </gpxtpx:TrackPointExtension>
        </extensions>
      </trkpt>
      <trkpt lat="32.06064942974552" lon="118.59634319528091">
        <ele>25.3</ele>
        <time>2026-08-05T12:43:45Z</time>
        <extensions>
          <gpxtpx:TrackPointExtension>
            <gpxtpx:hr>169</gpxtpx:hr>
          </gpxtpx:TrackPointExtension>
        </extensions>
      </trkpt>
      <trkpt lat="32.06061942180887" lon="118.5963511972092">
        <ele>25.3</ele>
        <time>2026-08-05T12:43:46Z</time>
        <extensions>
          <gpxtpx:TrackPointExtension>
            <gpxtpx:hr>169</gpxtpx:hr>
          </gpxtpx:TrackPointExtension>
        </extensions>
      </trkpt>
      <trkpt lat="32.06059041392613" lon="118.5963601989467">
        <ele>25.3</ele>
        <time>2026-08-05T12:43:47Z</time>
        <extensions>
          <gpxtpx:TrackPointExtension>
            <gpxtpx:hr>169</gpxtpx:hr>
          </gpxtpx:TrackPointExtension>
        </extensions>
      </trkpt>
      <trkpt lat="32.06056140603965" lon="118.59636920068">
        <ele>25.2</ele>
        <time>2026-08-05T12:43:48Z</time>
        <extensions>
          <gpxtpx:TrackPointExtension>
            <gpxtpx:hr>170</gpxtpx:hr>
          </gpxtpx:TrackPointExtension>
        </extensions>
      </trkpt>
      <trkpt lat="32.06053139759867" lon="118.59638020230238">
        <ele>25.2</ele>
        <time>2026-08-05T12:43:49Z</time>
        <extensions>
          <gpxtpx:TrackPointExtension>
            <gpxtpx:hr>170</gpxtpx:hr>
          </gpxtpx:TrackPointExtension>
        </extensions>
      </trkpt>
      <trkpt lat="32.060501388986786" lon="118.59639220381946">
        <ele>25.2</ele>
        <time>2026-08-05T12:43:50Z</time>
        <extensions>
          <gpxtpx:TrackPointExtension>
            <gpxtpx:hr>170</gpxtpx:hr>
          </gpxtpx:TrackPointExtension>
        </extensions>
      </trkpt>
      <trkpt lat="32.060472380589445" lon="118.59640420523904">
        <ele>25.2</ele>
        <time>2026-08-05T12:43:51Z</time>
        <extensions>
          <gpxtpx:TrackPointExtension>
            <gpxtpx:hr>170</gpxtpx:hr>
          </gpxtpx:TrackPointExtension>
        </extensions>
      </trkpt>
      <trkpt lat="32.06044337185259" lon="118.59641820645041">
        <ele>25.2</ele>
        <time>2026-08-05T12:43:52Z</time>
        <extensions>
          <gpxtpx:TrackPointExtension>
            <gpxtpx:hr>170</gpxtpx:hr>
          </gpxtpx:TrackPointExtension>
        </extensions>
      </trkpt>
      <trkpt lat="32.060415362491646" lon="118.59643720705519">
        <ele>25.0</ele>
        <time>2026-08-05T12:43:53Z</time>
        <extensions>
          <gpxtpx:TrackPointExtension>
            <gpxtpx:hr>169</gpxtpx:hr>
          </gpxtpx:TrackPointExtension>
        </extensions>
      </trkpt>
      <trkpt lat="32.06038835316772" lon="118.59645720744885">
        <ele>25.0</ele>
        <time>2026-08-05T12:43:54Z</time>
        <extensions>
          <gpxtpx:TrackPointExtension>
            <gpxtpx:hr>169</gpxtpx:hr>
          </gpxtpx:TrackPointExtension>
        </extensions>
      </trkpt>
      <trkpt lat="32.060362343878246" lon="118.5964782076283">
        <ele>25.0</ele>
        <time>2026-08-05T12:43:55Z</time>
        <extensions>
          <gpxtpx:TrackPointExtension>
            <gpxtpx:hr>169</gpxtpx:hr>
          </gpxtpx:TrackPointExtension>
        </extensions>
      </trkpt>
      <trkpt lat="32.06033733462054" lon="118.59650020759028">
        <ele>25.0</ele>
        <time>2026-08-05T12:43:56Z</time>
        <extensions>
          <gpxtpx:TrackPointExtension>
            <gpxtpx:hr>169</gpxtpx:hr>
          </gpxtpx:TrackPointExtension>
        </extensions>
      </trkpt>
      <trkpt lat="32.06031332556285" lon="118.5965222074372">
        <ele>25.0</ele>
        <time>2026-08-05T12:43:57Z</time>
        <extensions>
          <gpxtpx:TrackPointExtension>
            <gpxtpx:hr>169</gpxtpx:hr>
          </gpxtpx:TrackPointExtension>
        </extensions>
      </trkpt>
      <trkpt lat="32.060290316361126" lon="118.59654620695513">
        <ele>24.9</ele>
        <time>2026-08-05T12:43:58Z</time>
        <extensions>
          <gpxtpx:TrackPointExtension>
            <gpxtpx:hr>170</gpxtpx:hr>
          </gpxtpx:TrackPointExtension>
        </extensions>
      </trkpt>
      <trkpt lat="32.06026930740342" lon="118.59657120615488">
        <ele>24.9</ele>
        <time>2026-08-05T12:43:59Z</time>
        <extensions>
          <gpxtpx:TrackPointExtension>
            <gpxtpx:hr>170</gpxtpx:hr>
          </gpxtpx:TrackPointExtension>
        </extensions>
      </trkpt>
      <trkpt lat="32.06024829824443" lon="118.59659720521277">
        <ele>24.9</ele>
        <time>2026-08-05T12:44:00Z</time>
        <extensions>
          <gpxtpx:TrackPointExtension>
            <gpxtpx:hr>170</gpxtpx:hr>
          </gpxtpx:TrackPointExtension>
        </extensions>
      </trkpt>
      <trkpt lat="32.06022828910186" lon="118.5966242040347">
        <ele>24.9</ele>
        <time>2026-08-05T12:44:01Z</time>
        <extensions>
          <gpxtpx:TrackPointExtension>
            <gpxtpx:hr>170</gpxtpx:hr>
          </gpxtpx:TrackPointExtension>
        </extensions>
      </trkpt>
      <trkpt lat="32.06020927997225" lon="118.5966522026165">
        <ele>24.9</ele>
        <time>2026-08-05T12:44:02Z</time>
        <extensions>
          <gpxtpx:TrackPointExtension>
            <gpxtpx:hr>170</gpxtpx:hr>
          </gpxtpx:TrackPointExtension>
        </extensions>
      </trkpt>
      <trkpt lat="32.060190271342165" lon="118.59667720149946">
        <ele>24.8</ele>
        <time>2026-08-05T12:44:03Z</time>
        <extensions>
          <gpxtpx:TrackPointExtension>
            <gpxtpx:hr>170</gpxtpx:hr>
          </gpxtpx:TrackPointExtension>
        </extensions>
      </trkpt>
      <trkpt lat="32.060170262106325" lon="118.59670420021004">
        <ele>24.8</ele>
        <time>2026-08-05T12:44:04Z</time>
        <extensions>
          <gpxtpx:TrackPointExtension>
            <gpxtpx:hr>170</gpxtpx:hr>
          </gpxtpx:TrackPointExtension>
        </extensions>
      </trkpt>
      <trkpt lat="32.060153253142104" lon="118.59673319837958">
        <ele>24.8</ele>
        <time>2026-08-05T12:44:05Z</time>
        <extensions>
          <gpxtpx:TrackPointExtension>
            <gpxtpx:hr>170</gpxtpx:hr>
          </gpxtpx:TrackPointExtension>
        </extensions>
      </trkpt>
      <trkpt lat="32.06013624414163" lon="118.59676219650578">
        <ele>24.8</ele>
        <time>2026-08-05T12:44:06Z</time>
        <extensions>
          <gpxtpx:TrackPointExtension>
            <gpxtpx:hr>170</gpxtpx:hr>
          </gpxtpx:TrackPointExtension>
        </extensions>
      </trkpt>
      <trkpt lat="32.06011923492226" lon="118.59679219446899">
        <ele>24.8</ele>
        <time>2026-08-05T12:44:07Z</time>
        <extensions>
          <gpxtpx:TrackPointExtension>
            <gpxtpx:hr>170</gpxtpx:hr>
          </gpxtpx:TrackPointExtension>
        </extensions>
      </trkpt>
      <trkpt lat="32.06010422592234" lon="118.59682319208439">
        <ele>24.7</ele>
        <time>2026-08-05T12:44:08Z</time>
        <extensions>
          <gpxtpx:TrackPointExtension>
            <gpxtpx:hr>171</gpxtpx:hr>
          </gpxtpx:TrackPointExtension>
        </extensions>
      </trkpt>
      <trkpt lat="32.06009021710216" lon="118.59685418956023">
        <ele>24.7</ele>
        <time>2026-08-05T12:44:09Z</time>
        <extensions>
          <gpxtpx:TrackPointExtension>
            <gpxtpx:hr>171</gpxtpx:hr>
          </gpxtpx:TrackPointExtension>
        </extensions>
      </trkpt>
      <trkpt lat="32.060077208088316" lon="118.59688718664741">
        <ele>24.7</ele>
        <time>2026-08-05T12:44:10Z</time>
        <extensions>
          <gpxtpx:TrackPointExtension>
            <gpxtpx:hr>171</gpxtpx:hr>
          </gpxtpx:TrackPointExtension>
        </extensions>
      </trkpt>
      <trkpt lat="32.060064198839434" lon="118.5969211835522">
        <ele>24.7</ele>
        <time>2026-08-05T12:44:11Z</time>
        <extensions>
          <gpxtpx:TrackPointExtension>
            <gpxtpx:hr>171</gpxtpx:hr>
          </gpxtpx:TrackPointExtension>
        </extensions>
      </trkpt>
      <trkpt lat="32.06005218976196" lon="118.59695518030742">
        <ele>24.7</ele>
        <time>2026-08-05T12:44:12Z</time>
        <extensions>
          <gpxtpx:TrackPointExtension>
            <gpxtpx:hr>171</gpxtpx:hr>
          </gpxtpx:TrackPointExtension>
        </extensions>
      </trkpt>
      <trkpt lat="32.0600401806348" lon="118.59698917700315">
        <ele>24.8</ele>
        <time>2026-08-05T12:44:13Z</time>
        <extensions>
          <gpxtpx:TrackPointExtension>
            <gpxtpx:hr>169</gpxtpx:hr>
          </gpxtpx:TrackPointExtension>
        </extensions>
      </trkpt>
      <trkpt lat="32.060029172064176" lon="118.59702117381241">
        <ele>24.8</ele>
        <time>2026-08-05T12:44:14Z</time>
        <extensions>
          <gpxtpx:TrackPointExtension>
            <gpxtpx:hr>169</gpxtpx:hr>
          </gpxtpx:TrackPointExtension>
        </extensions>
      </trkpt>
      <trkpt lat="32.0600211643068" lon="118.5970521704319">
        <ele>24.8</ele>
        <time>2026-08-05T12:44:15Z</time>
        <extensions>
          <gpxtpx:TrackPointExtension>
            <gpxtpx:hr>169</gpxtpx:hr>
          </gpxtpx:TrackPointExtension>
        </extensions>
      </trkpt>
      <trkpt lat="32.06001515675521" lon="118.59708416668708">
        <ele>24.8</ele>
        <time>2026-08-05T12:44:16Z</time>
        <extensions>
          <gpxtpx:TrackPointExtension>
            <gpxtpx:hr>169</gpxtpx:hr>
          </gpxtpx:TrackPointExtension>
        </extensions>
      </trkpt>
      <trkpt lat="32.06001214962645" lon="118.59711716248297">
        <ele>24.8</ele>
        <time>2026-08-05T12:44:17Z</time>
        <extensions>
          <gpxtpx:TrackPointExtension>
            <gpxtpx:hr>169</gpxtpx:hr>
          </gpxtpx:TrackPointExtension>
        </extensions>
      </trkpt>
      <trkpt lat="32.06001214331237" lon="118.59714915809074">
        <ele>24.8</ele>
        <time>2026-08-05T12:44:18Z</time>
        <extensions>
          <gpxtpx:TrackPointExtension>
            <gpxtpx:hr>169</gpxtpx:hr>
          </gpxtpx:TrackPointExtension>
        </extensions>
      </trkpt>
      <trkpt lat="32.060012136754956" lon="118.59718215350613">
        <ele>24.8</ele>
        <time>2026-08-05T12:44:19Z</time>
        <extensions>
          <gpxtpx:TrackPointExtension>
            <gpxtpx:hr>169</gpxtpx:hr>
          </gpxtpx:TrackPointExtension>
        </extensions>
      </trkpt>
      <trkpt lat="32.06001012870387" lon="118.59722014833771">
        <ele>24.8</ele>
        <time>2026-08-05T12:44:20Z</time>
        <extensions>
          <gpxtpx:TrackPointExtension>
            <gpxtpx:hr>169</gpxtpx:hr>
          </gpxtpx:TrackPointExtension>
        </extensions>
      </trkpt>
      <trkpt lat="32.06000512134516" lon="118.59725114436984">
        <ele>24.8</ele>
        <time>2026-08-05T12:44:21Z</time>
        <extensions>
          <gpxtpx:TrackPointExtension>
            <gpxtpx:hr>169</gpxtpx:hr>
          </gpxtpx:TrackPointExtension>
        </extensions>
      </trkpt>
      <trkpt lat="32.05999311321178" lon="118.5972781415624">
        <ele>24.8</ele>
        <time>2026-08-05T12:44:22Z</time>
        <extensions>
          <gpxtpx:TrackPointExtension>
            <gpxtpx:hr>169</gpxtpx:hr>
          </gpxtpx:TrackPointExtension>
        </extensions>
      </trkpt>
      <trkpt lat="32.05997510556076" lon="118.59729614057076">
        <ele>25.1</ele>
        <time>2026-08-05T12:44:23Z</time>
        <extensions>
          <gpxtpx:TrackPointExtension>
            <gpxtpx:hr>170</gpxtpx:hr>
          </gpxtpx:TrackPointExtension>
        </extensions>
      </trkpt>
      <trkpt lat="32.059951100253315" lon="118.59729614273267">
        <ele>25.1</ele>
        <time>2026-08-05T12:44:24Z</time>
        <extensions>
          <gpxtpx:TrackPointExtension>
            <gpxtpx:hr>170</gpxtpx:hr>
          </gpxtpx:TrackPointExtension>
        </extensions>
      </trkpt>
      <trkpt lat="32.0599210954558" lon="118.59728714674365">
        <ele>25.1</ele>
        <time>2026-08-05T12:44:25Z</time>
        <extensions>
          <gpxtpx:TrackPointExtension>
            <gpxtpx:hr>170</gpxtpx:hr>
          </gpxtpx:TrackPointExtension>
        </extensions>
      </trkpt>
      <trkpt lat="32.05989009165382" lon="118.59727215170788">
        <ele>25.1</ele>
        <time>2026-08-05T12:44:26Z</time>
        <extensions>
          <gpxtpx:TrackPointExtension>
            <gpxtpx:hr>170</gpxtpx:hr>
          </gpxtpx:TrackPointExtension>
        </extensions>
      </trkpt>
      <trkpt lat="32.05986108889198" lon="118.59725415691105">
        <ele>25.1</ele>
        <time>2026-08-05T12:44:27Z</time>
        <extensions>
          <gpxtpx:TrackPointExtension>
            <gpxtpx:hr>170</gpxtpx:hr>
          </gpxtpx:TrackPointExtension>
        </extensions>
      </trkpt>
      <trkpt lat="32.05983608720243" lon="118.59723516187975">
        <ele>25.6</ele>
        <time>2026-08-05T12:44:28Z</time>
        <extensions>
          <gpxtpx:TrackPointExtension>
            <gpxtpx:hr>170</gpxtpx:hr>
          </gpxtpx:TrackPointExtension>
        </extensions>
      </trkpt>
      <trkpt lat="32.05981408696394" lon="118.59721216712536">
        <ele>25.6</ele>
        <time>2026-08-05T12:44:29Z</time>
        <extensions>
          <gpxtpx:TrackPointExtension>
            <gpxtpx:hr>170</gpxtpx:hr>
          </gpxtpx:TrackPointExtension>
        </extensions>
      </trkpt>
      <trkpt lat="32.05979108688078" lon="118.59718717271404">
        <ele>25.6</ele>
        <time>2026-08-05T12:44:30Z</time>
        <extensions>
          <gpxtpx:TrackPointExtension>
            <gpxtpx:hr>170</gpxtpx:hr>
          </gpxtpx:TrackPointExtension>
        </extensions>
      </trkpt>
      <trkpt lat="32.059771087037056" lon="118.59716417772276">
        <ele>25.6</ele>
        <time>2026-08-05T12:44:31Z</time>
        <extensions>
          <gpxtpx:TrackPointExtension>
            <gpxtpx:hr>170</gpxtpx:hr>
          </gpxtpx:TrackPointExtension>
        </extensions>
      </trkpt>
      <trkpt lat="32.05975008813449" lon="118.59713518361943">
        <ele>25.6</ele>
        <time>2026-08-05T12:44:32Z</time>
        <extensions>
          <gpxtpx:TrackPointExtension>
            <gpxtpx:hr>170</gpxtpx:hr>
          </gpxtpx:TrackPointExtension>
        </extensions>
      </trkpt>
      <trkpt lat="32.05973008980915" lon="118.59710418965443">
        <ele>25.7</ele>
        <time>2026-08-05T12:44:33Z</time>
        <extensions>
          <gpxtpx:TrackPointExtension>
            <gpxtpx:hr>170</gpxtpx:hr>
          </gpxtpx:TrackPointExtension>
        </extensions>
      </trkpt>
      <trkpt lat="32.05971209207961" lon="118.59707219559401">
        <ele>25.7</ele>
        <time>2026-08-05T12:44:34Z</time>
        <extensions>
          <gpxtpx:TrackPointExtension>
            <gpxtpx:hr>170</gpxtpx:hr>
          </gpxtpx:TrackPointExtension>
        </extensions>
      </trkpt>
      <trkpt lat="32.05969309369806" lon="118.59704220130595">
        <ele>25.7</ele>
        <time>2026-08-05T12:44:35Z</time>
        <extensions>
          <gpxtpx:TrackPointExtension>
            <gpxtpx:hr>170</gpxtpx:hr>
          </gpxtpx:TrackPointExtension>
        </extensions>
      </trkpt>
      <trkpt lat="32.05967309486441" lon="118.59701320693061">
        <ele>25.7</ele>
        <time>2026-08-05T12:44:36Z</time>
        <extensions>
          <gpxtpx:TrackPointExtension>
            <gpxtpx:hr>170</gpxtpx:hr>
          </gpxtpx:TrackPointExtension>
        </extensions>
      </trkpt>
      <trkpt lat="32.05965209539138" lon="118.5969862123428">
        <ele>25.7</ele>
        <time>2026-08-05T12:44:37Z</time>
        <extensions>
          <gpxtpx:TrackPointExtension>
            <gpxtpx:hr>170</gpxtpx:hr>
          </gpxtpx:TrackPointExtension>
        </extensions>
      </trkpt>
      <trkpt lat="32.0596290948747" lon="118.59696221751247">
        <ele>25.7</ele>
        <time>2026-08-05T12:44:38Z</time>
        <extensions>
          <gpxtpx:TrackPointExtension>
            <gpxtpx:hr>171</gpxtpx:hr>
          </gpxtpx:TrackPointExtension>
        </extensions>
      </trkpt>
      <trkpt lat="32.059600093005656" lon="118.59693822319296">
        <ele>25.7</ele>
        <time>2026-08-05T12:44:39Z</time>
        <extensions>
          <gpxtpx:TrackPointExtension>
            <gpxtpx:hr>171</gpxtpx:hr>
          </gpxtpx:TrackPointExtension>
        </extensions>
      </trkpt>
      <trkpt lat="32.05957409064715" lon="118.5969202278167">
        <ele>25.7</ele>
        <time>2026-08-05T12:44:40Z</time>
        <extensions>
          <gpxtpx:TrackPointExtension>
            <gpxtpx:hr>171</gpxtpx:hr>
          </gpxtpx:TrackPointExtension>
        </extensions>
      </trkpt>
      <trkpt lat="32.059545087235875" lon="118.59690423244314">
        <ele>25.7</ele>
        <time>2026-08-05T12:44:41Z</time>
        <extensions>
          <gpxtpx:TrackPointExtension>
            <gpxtpx:hr>171</gpxtpx:hr>
          </gpxtpx:TrackPointExtension>
        </extensions>
      </trkpt>
      <trkpt lat="32.05951508340526" lon="118.59688923702181">
        <ele>25.7</ele>
        <time>2026-08-05T12:44:42Z</time>
        <extensions>
          <gpxtpx:TrackPointExtension>
            <gpxtpx:hr>171</gpxtpx:hr>
          </gpxtpx:TrackPointExtension>
        </extensions>
      </trkpt>
      <trkpt lat="32.05948407878467" lon="118.59687724130693">
        <ele>24.9</ele>
        <time>2026-08-05T12:44:43Z</time>
        <extensions>
          <gpxtpx:TrackPointExtension>
            <gpxtpx:hr>171</gpxtpx:hr>
          </gpxtpx:TrackPointExtension>
        </extensions>
      </trkpt>
      <trkpt lat="32.0594540738213" lon="118.59686824512391">
        <ele>24.9</ele>
        <time>2026-08-05T12:44:44Z</time>
        <extensions>
          <gpxtpx:TrackPointExtension>
            <gpxtpx:hr>171</gpxtpx:hr>
          </gpxtpx:TrackPointExtension>
        </extensions>
      </trkpt>
      <trkpt lat="32.059428069368195" lon="118.59686124833">
        <ele>24.9</ele>
        <time>2026-08-05T12:44:45Z</time>
        <extensions>
          <gpxtpx:TrackPointExtension>
            <gpxtpx:hr>171</gpxtpx:hr>
          </gpxtpx:TrackPointExtension>
        </extensions>
      </trkpt>
      <trkpt lat="32.059399063878125" lon="118.59685625155788">
        <ele>24.9</ele>
        <time>2026-08-05T12:44:46Z</time>
        <extensions>
          <gpxtpx:TrackPointExtension>
            <gpxtpx:hr>171</gpxtpx:hr>
          </gpxtpx:TrackPointExtension>
        </extensions>
      </trkpt>
      <trkpt lat="32.05936805757362" lon="118.59685325471902">
        <ele>24.9</ele>
        <time>2026-08-05T12:44:47Z</time>
        <extensions>
          <gpxtpx:TrackPointExtension>
            <gpxtpx:hr>171</gpxtpx:hr>
          </gpxtpx:TrackPointExtension>
        </extensions>
      </trkpt>
      <trkpt lat="32.05933504989947" lon="118.59685525744574">
        <ele>24.5</ele>
        <time>2026-08-05T12:44:48Z</time>
        <extensions>
          <gpxtpx:TrackPointExtension>
            <gpxtpx:hr>172</gpxtpx:hr>
          </gpxtpx:TrackPointExtension>
        </extensions>
      </trkpt>
      <trkpt lat="32.05930304244617" lon="118.59685726008216">
        <ele>24.5</ele>
        <time>2026-08-05T12:44:49Z</time>
        <extensions>
          <gpxtpx:TrackPointExtension>
            <gpxtpx:hr>172</gpxtpx:hr>
          </gpxtpx:TrackPointExtension>
        </extensions>
      </trkpt>
      <trkpt lat="32.0592710349924" lon="118.59685926271837">
        <ele>24.5</ele>
        <time>2026-08-05T12:44:50Z</time>
        <extensions>
          <gpxtpx:TrackPointExtension>
            <gpxtpx:hr>172</gpxtpx:hr>
          </gpxtpx:TrackPointExtension>
        </extensions>
      </trkpt>
      <trkpt lat="32.059239027166825" lon="118.59686326510774">
        <ele>24.5</ele>
        <time>2026-08-05T12:44:51Z</time>
        <extensions>
          <gpxtpx:TrackPointExtension>
            <gpxtpx:hr>172</gpxtpx:hr>
          </gpxtpx:TrackPointExtension>
        </extensions>
      </trkpt>
      <trkpt lat="32.05920801881771" lon="118.59687126691153">
        <ele>24.5</ele>
        <time>2026-08-05T12:44:52Z</time>
        <extensions>
          <gpxtpx:TrackPointExtension>
            <gpxtpx:hr>172</gpxtpx:hr>
          </gpxtpx:TrackPointExtension>
        </extensions>
      </trkpt>
      <trkpt lat="32.059179010535416" lon="118.59688126828338">
        <ele>23.5</ele>
        <time>2026-08-05T12:44:53Z</time>
        <extensions>
          <gpxtpx:TrackPointExtension>
            <gpxtpx:hr>170</gpxtpx:hr>
          </gpxtpx:TrackPointExtension>
        </extensions>
      </trkpt>
      <trkpt lat="32.059158004019565" lon="118.59689126892948">
        <ele>23.5</ele>
        <time>2026-08-05T12:44:54Z</time>
        <extensions>
          <gpxtpx:TrackPointExtension>
            <gpxtpx:hr>170</gpxtpx:hr>
          </gpxtpx:TrackPointExtension>
        </extensions>
      </trkpt>
      <trkpt lat="32.05913499724387" lon="118.59690026987589">
        <ele>23.5</ele>
        <time>2026-08-05T12:44:55Z</time>
        <extensions>
          <gpxtpx:TrackPointExtension>
            <gpxtpx:hr>170</gpxtpx:hr>
          </gpxtpx:TrackPointExtension>
        </extensions>
      </trkpt>
      <trkpt lat="32.059103988130175" lon="118.59691227116129">
        <ele>23.5</ele>
        <time>2026-08-05T12:44:56Z</time>
        <extensions>
          <gpxtpx:TrackPointExtension>
            <gpxtpx:hr>170</gpxtpx:hr>
          </gpxtpx:TrackPointExtension>
        </extensions>
      </trkpt>
      <trkpt lat="32.05906597727187" lon="118.59692527294327">
        <ele>23.5</ele>
        <time>2026-08-05T12:44:57Z</time>
        <extensions>
          <gpxtpx:TrackPointExtension>
            <gpxtpx:hr>170</gpxtpx:hr>
          </gpxtpx:TrackPointExtension>
        </extensions>
      </trkpt>
      <trkpt lat="32.059033969055896" lon="118.59693127506542">
        <ele>22.6</ele>
        <time>2026-08-05T12:44:58Z</time>
        <extensions>
          <gpxtpx:TrackPointExtension>
            <gpxtpx:hr>170</gpxtpx:hr>
          </gpxtpx:TrackPointExtension>
        </extensions>
      </trkpt>
      <trkpt lat="32.05900096156063" lon="118.596932277911">
        <ele>22.6</ele>
        <time>2026-08-05T12:44:59Z</time>
        <extensions>
          <gpxtpx:TrackPointExtension>
            <gpxtpx:hr>170</gpxtpx:hr>
          </gpxtpx:TrackPointExtension>
        </extensions>
      </trkpt>
      <trkpt lat="32.058969955639455" lon="118.59692728133727">
        <ele>22.6</ele>
        <time>2026-08-05T12:45:00Z</time>
        <extensions>
          <gpxtpx:TrackPointExtension>
            <gpxtpx:hr>170</gpxtpx:hr>
          </gpxtpx:TrackPointExtension>
        </extensions>
      </trkpt>
      <trkpt lat="32.05893995125511" lon="118.59691528555571">
        <ele>22.6</ele>
        <time>2026-08-05T12:45:01Z</time>
        <extensions>
          <gpxtpx:TrackPointExtension>
            <gpxtpx:hr>170</gpxtpx:hr>
          </gpxtpx:TrackPointExtension>
        </extensions>
      </trkpt>
      <trkpt lat="32.05891394831222" lon="118.59690028978248">
        <ele>22.6</ele>
        <time>2026-08-05T12:45:02Z</time>
        <extensions>
          <gpxtpx:TrackPointExtension>
            <gpxtpx:hr>170</gpxtpx:hr>
          </gpxtpx:TrackPointExtension>
        </extensions>
      </trkpt>
      <trkpt lat="32.058891946618495" lon="118.59688329388626">
        <ele>22.2</ele>
        <time>2026-08-05T12:45:03Z</time>
        <extensions>
          <gpxtpx:TrackPointExtension>
            <gpxtpx:hr>171</gpxtpx:hr>
          </gpxtpx:TrackPointExtension>
        </extensions>
      </trkpt>
      <trkpt lat="32.05886594514072" lon="118.59686029907563">
        <ele>22.2</ele>
        <time>2026-08-05T12:45:04Z</time>
        <extensions>
          <gpxtpx:TrackPointExtension>
            <gpxtpx:hr>171</gpxtpx:hr>
          </gpxtpx:TrackPointExtension>
        </extensions>
      </trkpt>
      <trkpt lat="32.05884194426753" lon="118.5968363041796">
        <ele>22.2</ele>
        <time>2026-08-05T12:45:05Z</time>
        <extensions>
          <gpxtpx:TrackPointExtension>
            <gpxtpx:hr>171</gpxtpx:hr>
          </gpxtpx:TrackPointExtension>
        </extensions>
      </trkpt>
      <trkpt lat="32.05881694351491" lon="118.59681030958538">
        <ele>22.2</ele>
        <time>2026-08-05T12:45:06Z</time>
        <extensions>
          <gpxtpx:TrackPointExtension>
            <gpxtpx:hr>171</gpxtpx:hr>
          </gpxtpx:TrackPointExtension>
        </extensions>
      </trkpt>
      <trkpt lat="32.05878994265466" lon="118.59678231537495">
        <ele>22.2</ele>
        <time>2026-08-05T12:45:07Z</time>
        <extensions>
          <gpxtpx:TrackPointExtension>
            <gpxtpx:hr>171</gpxtpx:hr>
          </gpxtpx:TrackPointExtension>
        </extensions>
      </trkpt>
      <trkpt lat="32.05876794196222" lon="118.59675932008437">
        <ele>21.4</ele>
        <time>2026-08-05T12:45:08Z</time>
        <extensions>
          <gpxtpx:TrackPointExtension>
            <gpxtpx:hr>171</gpxtpx:hr>
          </gpxtpx:TrackPointExtension>
        </extensions>
      </trkpt>
      <trkpt lat="32.05874794096849" lon="118.59674032411868">
        <ele>21.4</ele>
        <time>2026-08-05T12:45:09Z</time>
        <extensions>
          <gpxtpx:TrackPointExtension>
            <gpxtpx:hr>171</gpxtpx:hr>
          </gpxtpx:TrackPointExtension>
        </extensions>
      </trkpt>
      <trkpt lat="32.05872493983327" lon="118.59671832875254">
        <ele>21.4</ele>
        <time>2026-08-05T12:45:10Z</time>
        <extensions>
          <gpxtpx:TrackPointExtension>
            <gpxtpx:hr>171</gpxtpx:hr>
          </gpxtpx:TrackPointExtension>
        </extensions>
      </trkpt>
      <trkpt lat="32.05870193831993" lon="118.59669833313183">
        <ele>21.4</ele>
        <time>2026-08-05T12:45:11Z</time>
        <extensions>
          <gpxtpx:TrackPointExtension>
            <gpxtpx:hr>171</gpxtpx:hr>
          </gpxtpx:TrackPointExtension>
        </extensions>
      </trkpt>
      <trkpt lat="32.05867993701074" lon="118.59667833740042">
        <ele>21.4</ele>
        <time>2026-08-05T12:45:12Z</time>
        <extensions>
          <gpxtpx:TrackPointExtension>
            <gpxtpx:hr>171</gpxtpx:hr>
          </gpxtpx:TrackPointExtension>
        </extensions>
      </trkpt>
      <trkpt lat="32.05865793550728" lon="118.59665934153557">
        <ele>20.8</ele>
        <time>2026-08-05T12:45:13Z</time>
        <extensions>
          <gpxtpx:TrackPointExtension>
            <gpxtpx:hr>172</gpxtpx:hr>
          </gpxtpx:TrackPointExtension>
        </extensions>
      </trkpt>
      <trkpt lat="32.058632933147436" lon="118.59664134581043">
        <ele>20.8</ele>
        <time>2026-08-05T12:45:14Z</time>
        <extensions>
          <gpxtpx:TrackPointExtension>
            <gpxtpx:hr>172</gpxtpx:hr>
          </gpxtpx:TrackPointExtension>
        </extensions>
      </trkpt>
      <trkpt lat="32.0586069293231" lon="118.59663034938039">
        <ele>20.8</ele>
        <time>2026-08-05T12:45:15Z</time>
        <extensions>
          <gpxtpx:TrackPointExtension>
            <gpxtpx:hr>172</gpxtpx:hr>
          </gpxtpx:TrackPointExtension>
        </extensions>
      </trkpt>
      <trkpt lat="32.05857892312021" lon="118.59663035190243">
        <ele>20.8</ele>
        <time>2026-08-05T12:45:16Z</time>
        <extensions>
          <gpxtpx:TrackPointExtension>
            <gpxtpx:hr>172</gpxtpx:hr>
          </gpxtpx:TrackPointExtension>
        </extensions>
      </trkpt>
      <trkpt lat="32.05855191537949" lon="118.59664035321823">
        <ele>20.8</ele>
        <time>2026-08-05T12:45:17Z</time>
        <extensions>
          <gpxtpx:TrackPointExtension>
            <gpxtpx:hr>172</gpxtpx:hr>
          </gpxtpx:TrackPointExtension>
        </extensions>
      </trkpt>
      <trkpt lat="32.05852490604347" lon="118.59665935351528">
        <ele>20.6</ele>
        <time>2026-08-05T12:45:18Z</time>
        <extensions>
          <gpxtpx:TrackPointExtension>
            <gpxtpx:hr>172</gpxtpx:hr>
          </gpxtpx:TrackPointExtension>
        </extensions>
      </trkpt>
      <trkpt lat="32.05849889655767" lon="118.59668035347588">
        <ele>20.6</ele>
        <time>2026-08-05T12:45:19Z</time>
        <extensions>
          <gpxtpx:TrackPointExtension>
            <gpxtpx:hr>172</gpxtpx:hr>
          </gpxtpx:TrackPointExtension>
        </extensions>
      </trkpt>
      <trkpt lat="32.05847188718857" lon="118.59669935373375">
        <ele>20.6</ele>
        <time>2026-08-05T12:45:20Z</time>
        <extensions>
          <gpxtpx:TrackPointExtension>
            <gpxtpx:hr>172</gpxtpx:hr>
          </gpxtpx:TrackPointExtension>
        </extensions>
      </trkpt>
      <trkpt lat="32.058442878257466" lon="118.596713354732">
        <ele>20.6</ele>
        <time>2026-08-05T12:45:21Z</time>
        <extensions>
          <gpxtpx:TrackPointExtension>
            <gpxtpx:hr>172</gpxtpx:hr>
          </gpxtpx:TrackPointExtension>
        </extensions>
      </trkpt>
      <trkpt lat="32.058410869731425" lon="118.59672135668758">
        <ele>20.6</ele>
        <time>2026-08-05T12:45:22Z</time>
        <extensions>
          <gpxtpx:TrackPointExtension>
            <gpxtpx:hr>172</gpxtpx:hr>
          </gpxtpx:TrackPointExtension>
        </extensions>
      </trkpt>
      <trkpt lat="32.05837786116068" lon="118.59672835884636">
        <ele>20.4</ele>
        <time>2026-08-05T12:45:23Z</time>
        <extensions>
          <gpxtpx:TrackPointExtension>
            <gpxtpx:hr>172</gpxtpx:hr>
          </gpxtpx:TrackPointExtension>
        </extensions>
      </trkpt>
      <trkpt lat="32.058344852587524" lon="118.59673536100262">
        <ele>20.4</ele>
        <time>2026-08-05T12:45:24Z</time>
        <extensions>
          <gpxtpx:TrackPointExtension>
            <gpxtpx:hr>172</gpxtpx:hr>
          </gpxtpx:TrackPointExtension>
        </extensions>
      </trkpt>
      <trkpt lat="32.05831284477493" lon="118.59673936341744">
        <ele>20.4</ele>
        <time>2026-08-05T12:45:25Z</time>
        <extensions>
          <gpxtpx:TrackPointExtension>
            <gpxtpx:hr>172</gpxtpx:hr>
          </gpxtpx:TrackPointExtension>
        </extensions>
      </trkpt>
      <trkpt lat="32.05828083714191" lon="118.5967423659486">
        <ele>20.4</ele>
        <time>2026-08-05T12:45:26Z</time>
        <extensions>
          <gpxtpx:TrackPointExtension>
            <gpxtpx:hr>172</gpxtpx:hr>
          </gpxtpx:TrackPointExtension>
        </extensions>
      </trkpt>
      <trkpt lat="32.05824782892519" lon="118.59674736833469">
        <ele>20.4</ele>
        <time>2026-08-05T12:45:27Z</time>
        <extensions>
          <gpxtpx:TrackPointExtension>
            <gpxtpx:hr>172</gpxtpx:hr>
          </gpxtpx:TrackPointExtension>
        </extensions>
      </trkpt>
      <trkpt lat="32.058215820928744" lon="118.59675237062939">
        <ele>20.3</ele>
        <time>2026-08-05T12:45:28Z</time>
        <extensions>
          <gpxtpx:TrackPointExtension>
            <gpxtpx:hr>172</gpxtpx:hr>
          </gpxtpx:TrackPointExtension>
        </extensions>
      </trkpt>
      <trkpt lat="32.0581838138362" lon="118.59675237351169">
        <ele>20.3</ele>
        <time>2026-08-05T12:45:29Z</time>
        <extensions>
          <gpxtpx:TrackPointExtension>
            <gpxtpx:hr>173</gpxtpx:hr>
          </gpxtpx:TrackPointExtension>
        </extensions>
      </trkpt>
      <trkpt lat="32.05815880956053" lon="118.59674537658574">
        <ele>20.3</ele>
        <time>2026-08-05T12:45:30Z</time>
        <extensions>
          <gpxtpx:TrackPointExtension>
            <gpxtpx:hr>173</gpxtpx:hr>
          </gpxtpx:TrackPointExtension>
        </extensions>
      </trkpt>
      <trkpt lat="32.058133806003624" lon="118.59673438012456">
        <ele>20.3</ele>
        <time>2026-08-05T12:45:31Z</time>
        <extensions>
          <gpxtpx:TrackPointExtension>
            <gpxtpx:hr>173</gpxtpx:hr>
          </gpxtpx:TrackPointExtension>
        </extensions>
      </trkpt>
      <trkpt lat="32.05810380169232" lon="118.59672138433969">
        <ele>20.3</ele>
        <time>2026-08-05T12:45:32Z</time>
        <extensions>
          <gpxtpx:TrackPointExtension>
            <gpxtpx:hr>173</gpxtpx:hr>
          </gpxtpx:TrackPointExtension>
        </extensions>
      </trkpt>
      <trkpt lat="32.058075797816834" lon="118.59670838836595">
        <ele>20.3</ele>
        <time>2026-08-05T12:45:33Z</time>
        <extensions>
          <gpxtpx:TrackPointExtension>
            <gpxtpx:hr>173</gpxtpx:hr>
          </gpxtpx:TrackPointExtension>
        </extensions>
      </trkpt>
      <trkpt lat="32.0580517948206" lon="118.59669539202322">
        <ele>20.3</ele>
        <time>2026-08-05T12:45:34Z</time>
        <extensions>
          <gpxtpx:TrackPointExtension>
            <gpxtpx:hr>173</gpxtpx:hr>
          </gpxtpx:TrackPointExtension>
        </extensions>
      </trkpt>
      <trkpt lat="32.0580207902651" lon="118.59668239630228">
        <ele>20.3</ele>
        <time>2026-08-05T12:45:35Z</time>
        <extensions>
          <gpxtpx:TrackPointExtension>
            <gpxtpx:hr>173</gpxtpx:hr>
          </gpxtpx:TrackPointExtension>
        </extensions>
      </trkpt>
      <trkpt lat="32.05799078521391" lon="118.59667340002866">
        <ele>20.3</ele>
        <time>2026-08-05T12:45:36Z</time>
        <extensions>
          <gpxtpx:TrackPointExtension>
            <gpxtpx:hr>173</gpxtpx:hr>
          </gpxtpx:TrackPointExtension>
        </extensions>
      </trkpt>
      <trkpt lat="32.05796178038069" lon="118.5966644036608">
        <ele>20.3</ele>
        <time>2026-08-05T12:45:37Z</time>
        <extensions>
          <gpxtpx:TrackPointExtension>
            <gpxtpx:hr>173</gpxtpx:hr>
          </gpxtpx:TrackPointExtension>
        </extensions>
      </trkpt>
      <trkpt lat="32.05793477616394" lon="118.59665440722124">
        <ele>20.3</ele>
        <time>2026-08-05T12:45:38Z</time>
        <extensions>
          <gpxtpx:TrackPointExtension>
            <gpxtpx:hr>173</gpxtpx:hr>
          </gpxtpx:TrackPointExtension>
        </extensions>
      </trkpt>
      <trkpt lat="32.05790877251691" lon="118.5966424109105">
        <ele>20.4</ele>
        <time>2026-08-05T12:45:39Z</time>
        <extensions>
          <gpxtpx:TrackPointExtension>
            <gpxtpx:hr>173</gpxtpx:hr>
          </gpxtpx:TrackPointExtension>
        </extensions>
      </trkpt>
      <trkpt lat="32.05788276921482" lon="118.59662841481493">
        <ele>20.4</ele>
        <time>2026-08-05T12:45:40Z</time>
        <extensions>
          <gpxtpx:TrackPointExtension>
            <gpxtpx:hr>173</gpxtpx:hr>
          </gpxtpx:TrackPointExtension>
        </extensions>
      </trkpt>
      <trkpt lat="32.05785676572908" lon="118.59661541859872">
        <ele>20.4</ele>
        <time>2026-08-05T12:45:41Z</time>
        <extensions>
          <gpxtpx:TrackPointExtension>
            <gpxtpx:hr>173</gpxtpx:hr>
          </gpxtpx:TrackPointExtension>
        </extensions>
      </trkpt>
      <trkpt lat="32.0578287612687" lon="118.59660542222394">
        <ele>20.4</ele>
        <time>2026-08-05T12:45:42Z</time>
        <extensions>
          <gpxtpx:TrackPointExtension>
            <gpxtpx:hr>173</gpxtpx:hr>
          </gpxtpx:TrackPointExtension>
        </extensions>
      </trkpt>
      <trkpt lat="32.057799755536124" lon="118.59660142527585">
        <ele>20.4</ele>
        <time>2026-08-05T12:45:43Z</time>
        <extensions>
          <gpxtpx:TrackPointExtension>
            <gpxtpx:hr>173</gpxtpx:hr>
          </gpxtpx:TrackPointExtension>
        </extensions>
      </trkpt>
      <trkpt lat="32.057769749232214" lon="118.59659942819756">
        <ele>20.4</ele>
        <time>2026-08-05T12:45:44Z</time>
        <extensions>
          <gpxtpx:TrackPointExtension>
            <gpxtpx:hr>173</gpxtpx:hr>
          </gpxtpx:TrackPointExtension>
        </extensions>
      </trkpt>
      <trkpt lat="32.05773974275358" lon="118.5965984310094">
        <ele>20.4</ele>
        <time>2026-08-05T12:45:45Z</time>
        <extensions>
          <gpxtpx:TrackPointExtension>
            <gpxtpx:hr>173</gpxtpx:hr>
          </gpxtpx:TrackPointExtension>
        </extensions>
      </trkpt>
      <trkpt lat="32.057708735878585" lon="118.59659843380156">
        <ele>20.4</ele>
        <time>2026-08-05T12:45:46Z</time>
        <extensions>
          <gpxtpx:TrackPointExtension>
            <gpxtpx:hr>173</gpxtpx:hr>
          </gpxtpx:TrackPointExtension>
        </extensions>
      </trkpt>
      <trkpt lat="32.05767672825837" lon="118.59660143635445">
        <ele>20.4</ele>
        <time>2026-08-05T12:45:47Z</time>
        <extensions>
          <gpxtpx:TrackPointExtension>
            <gpxtpx:hr>173</gpxtpx:hr>
          </gpxtpx:TrackPointExtension>
        </extensions>
      </trkpt>
      <trkpt lat="32.05764472046289" lon="118.59660543879681">
        <ele>20.4</ele>
        <time>2026-08-05T12:45:48Z</time>
        <extensions>
          <gpxtpx:TrackPointExtension>
            <gpxtpx:hr>173</gpxtpx:hr>
          </gpxtpx:TrackPointExtension>
        </extensions>
      </trkpt>
      <trkpt lat="32.057612712316754" lon="118.5966114410177">
        <ele>20.4</ele>
        <time>2026-08-05T12:45:49Z</time>
        <extensions>
          <gpxtpx:TrackPointExtension>
            <gpxtpx:hr>174</gpxtpx:hr>
          </gpxtpx:TrackPointExtension>
        </extensions>
      </trkpt>
      <trkpt lat="32.05758170404024" lon="118.5966194429252">
        <ele>20.4</ele>
        <time>2026-08-05T12:45:50Z</time>
        <extensions>
          <gpxtpx:TrackPointExtension>
            <gpxtpx:hr>174</gpxtpx:hr>
          </gpxtpx:TrackPointExtension>
        </extensions>
      </trkpt>
      <trkpt lat="32.05755569669422" lon="118.5966284442678">
        <ele>20.4</ele>
        <time>2026-08-05T12:45:51Z</time>
        <extensions>
          <gpxtpx:TrackPointExtension>
            <gpxtpx:hr>174</gpxtpx:hr>
          </gpxtpx:TrackPointExtension>
        </extensions>
      </trkpt>
      <trkpt lat="32.05752568845721" lon="118.59663744596651">
        <ele>20.4</ele>
        <time>2026-08-05T12:45:52Z</time>
        <extensions>
          <gpxtpx:TrackPointExtension>
            <gpxtpx:hr>174</gpxtpx:hr>
          </gpxtpx:TrackPointExtension>
        </extensions>
      </trkpt>
      <trkpt lat="32.05749668043831" lon="118.59664644757099">
        <ele>20.4</ele>
        <time>2026-08-05T12:45:53Z</time>
        <extensions>
          <gpxtpx:TrackPointExtension>
            <gpxtpx:hr>174</gpxtpx:hr>
          </gpxtpx:TrackPointExtension>
        </extensions>
      </trkpt>
      <trkpt lat="32.057467671531285" lon="118.5966604486074">
        <ele>20.3</ele>
        <time>2026-08-05T12:45:54Z</time>
        <extensions>
          <gpxtpx:TrackPointExtension>
            <gpxtpx:hr>172</gpxtpx:hr>
          </gpxtpx:TrackPointExtension>
        </extensions>
      </trkpt>
      <trkpt lat="32.057439662482174" lon="118.59667644931629">
        <ele>20.3</ele>
        <time>2026-08-05T12:45:55Z</time>
        <extensions>
          <gpxtpx:TrackPointExtension>
            <gpxtpx:hr>172</gpxtpx:hr>
          </gpxtpx:TrackPointExtension>
        </extensions>
      </trkpt>
      <trkpt lat="32.057410653199966" lon="118.59669245010205">
        <ele>20.3</ele>
        <time>2026-08-05T12:45:56Z</time>
        <extensions>
          <gpxtpx:TrackPointExtension>
            <gpxtpx:hr>172</gpxtpx:hr>
          </gpxtpx:TrackPointExtension>
        </extensions>
      </trkpt>
      <trkpt lat="32.057382644486424" lon="118.5967064510152">
        <ele>20.3</ele>
        <time>2026-08-05T12:45:57Z</time>
        <extensions>
          <gpxtpx:TrackPointExtension>
            <gpxtpx:hr>172</gpxtpx:hr>
          </gpxtpx:TrackPointExtension>
        </extensions>
      </trkpt>
      <trkpt lat="32.05735363572189" lon="118.5967194521243">
        <ele>20.3</ele>
        <time>2026-08-05T12:45:58Z</time>
        <extensions>
          <gpxtpx:TrackPointExtension>
            <gpxtpx:hr>172</gpxtpx:hr>
          </gpxtpx:TrackPointExtension>
        </extensions>
      </trkpt>
      <trkpt lat="32.05732362726805" lon="118.59672945366434">
        <ele>20.2</ele>
        <time>2026-08-05T12:45:59Z</time>
        <extensions>
          <gpxtpx:TrackPointExtension>
            <gpxtpx:hr>174</gpxtpx:hr>
          </gpxtpx:TrackPointExtension>
        </extensions>
      </trkpt>
      <trkpt lat="32.05729361953086" lon="118.59673545566673">
        <ele>20.2</ele>
        <time>2026-08-05T12:46:00Z</time>
        <extensions>
          <gpxtpx:TrackPointExtension>
            <gpxtpx:hr>174</gpxtpx:hr>
          </gpxtpx:TrackPointExtension>
        </extensions>
      </trkpt>
      <trkpt lat="32.057263612513424" lon="118.59673745813515">
        <ele>20.2</ele>
        <time>2026-08-05T12:46:01Z</time>
        <extensions>
          <gpxtpx:TrackPointExtension>
            <gpxtpx:hr>174</gpxtpx:hr>
          </gpxtpx:TrackPointExtension>
        </extensions>
      </trkpt>
      <trkpt lat="32.05723160559272" lon="118.5967364611342">
        <ele>20.2</ele>
        <time>2026-08-05T12:46:02Z</time>
        <extensions>
          <gpxtpx:TrackPointExtension>
            <gpxtpx:hr>174</gpxtpx:hr>
          </gpxtpx:TrackPointExtension>
        </extensions>
      </trkpt>
      <trkpt lat="32.05720059943407" lon="118.59673246439317">
        <ele>20.2</ele>
        <time>2026-08-05T12:46:03Z</time>
        <extensions>
          <gpxtpx:TrackPointExtension>
            <gpxtpx:hr>174</gpxtpx:hr>
          </gpxtpx:TrackPointExtension>
        </extensions>
      </trkpt>
      <trkpt lat="32.05717059403593" lon="118.59672546791025">
        <ele>20.1</ele>
        <time>2026-08-05T12:46:04Z</time>
        <extensions>
          <gpxtpx:TrackPointExtension>
            <gpxtpx:hr>172</gpxtpx:hr>
          </gpxtpx:TrackPointExtension>
        </extensions>
      </trkpt>
      <trkpt lat="32.05713758850789" lon="118.59671547204245">
        <ele>20.1</ele>
        <time>2026-08-05T12:46:05Z</time>
        <extensions>
          <gpxtpx:TrackPointExtension>
            <gpxtpx:hr>172</gpxtpx:hr>
          </gpxtpx:TrackPointExtension>
        </extensions>
      </trkpt>
      <trkpt lat="32.05710958462157" lon="118.59670247606458">
        <ele>20.1</ele>
        <time>2026-08-05T12:46:06Z</time>
        <extensions>
          <gpxtpx:TrackPointExtension>
            <gpxtpx:hr>172</gpxtpx:hr>
          </gpxtpx:TrackPointExtension>
        </extensions>
      </trkpt>
      <trkpt lat="32.05708158126227" lon="118.59668648042094">
        <ele>20.1</ele>
        <time>2026-08-05T12:46:07Z</time>
        <extensions>
          <gpxtpx:TrackPointExtension>
            <gpxtpx:hr>172</gpxtpx:hr>
          </gpxtpx:TrackPointExtension>
        </extensions>
      </trkpt>
      <trkpt lat="32.05705357824649" lon="118.59666848499084">
        <ele>20.1</ele>
        <time>2026-08-05T12:46:08Z</time>
        <extensions>
          <gpxtpx:TrackPointExtension>
            <gpxtpx:hr>172</gpxtpx:hr>
          </gpxtpx:TrackPointExtension>
        </extensions>
      </trkpt>
      <trkpt lat="32.0570255753931" lon="118.5966494896564">
        <ele>20.0</ele>
        <time>2026-08-05T12:46:09Z</time>
        <extensions>
          <gpxtpx:TrackPointExtension>
            <gpxtpx:hr>172</gpxtpx:hr>
          </gpxtpx:TrackPointExtension>
        </extensions>
      </trkpt>
      <trkpt lat="32.05699857327282" lon="118.5966274945471">
        <ele>20.0</ele>
        <time>2026-08-05T12:46:10Z</time>
        <extensions>
          <gpxtpx:TrackPointExtension>
            <gpxtpx:hr>172</gpxtpx:hr>
          </gpxtpx:TrackPointExtension>
        </extensions>
      </trkpt>
      <trkpt lat="32.05697457214663" lon="118.5966034993627">
        <ele>20.0</ele>
        <time>2026-08-05T12:46:11Z</time>
        <extensions>
          <gpxtpx:TrackPointExtension>
            <gpxtpx:hr>172</gpxtpx:hr>
          </gpxtpx:TrackPointExtension>
        </extensions>
      </trkpt>
      <trkpt lat="32.05694156882406" lon="118.59658050485042">
        <ele>20.0</ele>
        <time>2026-08-05T12:46:12Z</time>
        <extensions>
          <gpxtpx:TrackPointExtension>
            <gpxtpx:hr>172</gpxtpx:hr>
          </gpxtpx:TrackPointExtension>
        </extensions>
      </trkpt>
      <trkpt lat="32.05690856565095" lon="118.59655651041844">
        <ele>20.0</ele>
        <time>2026-08-05T12:46:13Z</time>
        <extensions>
          <gpxtpx:TrackPointExtension>
            <gpxtpx:hr>172</gpxtpx:hr>
          </gpxtpx:TrackPointExtension>
        </extensions>
      </trkpt>
      <trkpt lat="32.05687656181682" lon="118.5965375153345">
        <ele>19.8</ele>
        <time>2026-08-05T12:46:14Z</time>
        <extensions>
          <gpxtpx:TrackPointExtension>
            <gpxtpx:hr>172</gpxtpx:hr>
          </gpxtpx:TrackPointExtension>
        </extensions>
      </trkpt>
      <trkpt lat="32.05686256059472" lon="118.59652651776447">
        <ele>19.8</ele>
        <time>2026-08-05T12:46:15Z</time>
        <extensions>
          <gpxtpx:TrackPointExtension>
            <gpxtpx:hr>172</gpxtpx:hr>
          </gpxtpx:TrackPointExtension>
        </extensions>
      </trkpt>
      <trkpt lat="32.056870567148124" lon="118.59649851999148">
        <ele>19.8</ele>
        <time>2026-08-05T12:46:16Z</time>
        <extensions>
          <gpxtpx:TrackPointExtension>
            <gpxtpx:hr>172</gpxtpx:hr>
          </gpxtpx:TrackPointExtension>
        </extensions>
      </trkpt>
      <trkpt lat="32.05686157039981" lon="118.59646752401827">
        <ele>19.8</ele>
        <time>2026-08-05T12:46:17Z</time>
        <extensions>
          <gpxtpx:TrackPointExtension>
            <gpxtpx:hr>172</gpxtpx:hr>
          </gpxtpx:TrackPointExtension>
        </extensions>
      </trkpt>
      <trkpt lat="32.05682856509433" lon="118.59645552822212">
        <ele>19.8</ele>
        <time>2026-08-05T12:46:18Z</time>
        <extensions>
          <gpxtpx:TrackPointExtension>
            <gpxtpx:hr>172</gpxtpx:hr>
          </gpxtpx:TrackPointExtension>
        </extensions>
      </trkpt>
      <trkpt lat="32.05679155771965" lon="118.59645053206557">
        <ele>19.8</ele>
        <time>2026-08-05T12:46:19Z</time>
        <extensions>
          <gpxtpx:TrackPointExtension>
            <gpxtpx:hr>172</gpxtpx:hr>
          </gpxtpx:TrackPointExtension>
        </extensions>
      </trkpt>
      <trkpt lat="32.05676055234634" lon="118.59644153577416">
        <ele>19.8</ele>
        <time>2026-08-05T12:46:20Z</time>
        <extensions>
          <gpxtpx:TrackPointExtension>
            <gpxtpx:hr>172</gpxtpx:hr>
          </gpxtpx:TrackPointExtension>
        </extensions>
      </trkpt>
      <trkpt lat="32.056731548081714" lon="118.5964285397026">
        <ele>19.8</ele>
        <time>2026-08-05T12:46:21Z</time>
        <extensions>
          <gpxtpx:TrackPointExtension>
            <gpxtpx:hr>172</gpxtpx:hr>
          </gpxtpx:TrackPointExtension>
        </extensions>
      </trkpt>
      <trkpt lat="32.05670254347662" lon="118.59641754342168">
        <ele>19.8</ele>
        <time>2026-08-05T12:46:22Z</time>
        <extensions>
          <gpxtpx:TrackPointExtension>
            <gpxtpx:hr>172</gpxtpx:hr>
          </gpxtpx:TrackPointExtension>
        </extensions>
      </trkpt>
      <trkpt lat="32.056673539198094" lon="118.596404547334">
        <ele>19.8</ele>
        <time>2026-08-05T12:46:23Z</time>
        <extensions>
          <gpxtpx:TrackPointExtension>
            <gpxtpx:hr>172</gpxtpx:hr>
          </gpxtpx:TrackPointExtension>
        </extensions>
      </trkpt>
      <trkpt lat="32.056649536022405" lon="118.59639155078725">
        <ele>19.8</ele>
        <time>2026-08-05T12:46:24Z</time>
        <extensions>
          <gpxtpx:TrackPointExtension>
            <gpxtpx:hr>172</gpxtpx:hr>
          </gpxtpx:TrackPointExtension>
        </extensions>
      </trkpt>
      <trkpt lat="32.05662453228743" lon="118.59638055412503">
        <ele>19.8</ele>
        <time>2026-08-05T12:46:25Z</time>
        <extensions>
          <gpxtpx:TrackPointExtension>
            <gpxtpx:hr>172</gpxtpx:hr>
          </gpxtpx:TrackPointExtension>
        </extensions>
      </trkpt>
      <trkpt lat="32.056593526062294" lon="118.59637655731049">
        <ele>19.8</ele>
        <time>2026-08-05T12:46:26Z</time>
        <extensions>
          <gpxtpx:TrackPointExtension>
            <gpxtpx:hr>172</gpxtpx:hr>
          </gpxtpx:TrackPointExtension>
        </extensions>
      </trkpt>
      <trkpt lat="32.056561518955434" lon="118.59637656019258">
        <ele>19.8</ele>
        <time>2026-08-05T12:46:27Z</time>
        <extensions>
          <gpxtpx:TrackPointExtension>
            <gpxtpx:hr>172</gpxtpx:hr>
          </gpxtpx:TrackPointExtension>
        </extensions>
      </trkpt>
      <trkpt lat="32.05652851129658" lon="118.59637856296813">
        <ele>19.8</ele>
        <time>2026-08-05T12:46:28Z</time>
        <extensions>
          <gpxtpx:TrackPointExtension>
            <gpxtpx:hr>172</gpxtpx:hr>
          </gpxtpx:TrackPointExtension>
        </extensions>
      </trkpt>
      <trkpt lat="32.056497503586485" lon="118.59638356526774">
        <ele>19.9</ele>
        <time>2026-08-05T12:46:29Z</time>
        <extensions>
          <gpxtpx:TrackPointExtension>
            <gpxtpx:hr>173</gpxtpx:hr>
          </gpxtpx:TrackPointExtension>
        </extensions>
      </trkpt>
      <trkpt lat="32.05646649587506" lon="118.59638856756605">
        <ele>19.9</ele>
        <time>2026-08-05T12:46:30Z</time>
        <extensions>
          <gpxtpx:TrackPointExtension>
            <gpxtpx:hr>173</gpxtpx:hr>
          </gpxtpx:TrackPointExtension>
        </extensions>
      </trkpt>
      <trkpt lat="32.05643648838441" lon="118.59639356977301">
        <ele>19.9</ele>
        <time>2026-08-05T12:46:31Z</time>
        <extensions>
          <gpxtpx:TrackPointExtension>
            <gpxtpx:hr>173</gpxtpx:hr>
          </gpxtpx:TrackPointExtension>
        </extensions>
      </trkpt>
      <trkpt lat="32.05640348006032" lon="118.59639957214947">
        <ele>19.9</ele>
        <time>2026-08-05T12:46:32Z</time>
        <extensions>
          <gpxtpx:TrackPointExtension>
            <gpxtpx:hr>173</gpxtpx:hr>
          </gpxtpx:TrackPointExtension>
        </extensions>
      </trkpt>
      <trkpt lat="32.05636747056971" lon="118.59640857449476">
        <ele>19.9</ele>
        <time>2026-08-05T12:46:33Z</time>
        <extensions>
          <gpxtpx:TrackPointExtension>
            <gpxtpx:hr>173</gpxtpx:hr>
          </gpxtpx:TrackPointExtension>
        </extensions>
      </trkpt>
      <trkpt lat="32.056328459742346" lon="118.5964215767042">
        <ele>19.9</ele>
        <time>2026-08-05T12:46:34Z</time>
        <extensions>
          <gpxtpx:TrackPointExtension>
            <gpxtpx:hr>174</gpxtpx:hr>
          </gpxtpx:TrackPointExtension>
        </extensions>
      </trkpt>
      <trkpt lat="32.056291450354394" lon="118.59642857933132">
        <ele>19.9</ele>
        <time>2026-08-05T12:46:35Z</time>
        <extensions>
          <gpxtpx:TrackPointExtension>
            <gpxtpx:hr>174</gpxtpx:hr>
          </gpxtpx:TrackPointExtension>
        </extensions>
      </trkpt>
      <trkpt lat="32.056263445134825" lon="118.59642258245779">
        <ele>19.9</ele>
        <time>2026-08-05T12:46:36Z</time>
        <extensions>
          <gpxtpx:TrackPointExtension>
            <gpxtpx:hr>174</gpxtpx:hr>
          </gpxtpx:TrackPointExtension>
        </extensions>
      </trkpt>
      <trkpt lat="32.056247442912536" lon="118.59641458470216">
        <ele>19.9</ele>
        <time>2026-08-05T12:46:37Z</time>
        <extensions>
          <gpxtpx:TrackPointExtension>
            <gpxtpx:hr>174</gpxtpx:hr>
          </gpxtpx:TrackPointExtension>
        </extensions>
      </trkpt>
      <trkpt lat="32.05624244279924" lon="118.59640858575283">
        <ele>19.9</ele>
        <time>2026-08-05T12:46:38Z</time>
        <extensions>
          <gpxtpx:TrackPointExtension>
            <gpxtpx:hr>174</gpxtpx:hr>
          </gpxtpx:TrackPointExtension>
        </extensions>
      </trkpt>
      <trkpt lat="32.05622443846758" lon="118.59641058717408">
        <ele>20.0</ele>
        <time>2026-08-05T12:46:39Z</time>
        <extensions>
          <gpxtpx:TrackPointExtension>
            <gpxtpx:hr>173</gpxtpx:hr>
          </gpxtpx:TrackPointExtension>
        </extensions>
      </trkpt>
      <trkpt lat="32.05619043091311" lon="118.59641059023626">
        <ele>20.0</ele>
        <time>2026-08-05T12:46:40Z</time>
        <extensions>
          <gpxtpx:TrackPointExtension>
            <gpxtpx:hr>173</gpxtpx:hr>
          </gpxtpx:TrackPointExtension>
        </extensions>
      </trkpt>
      <trkpt lat="32.05615342302408" lon="118.59640859376853">
        <ele>20.0</ele>
        <time>2026-08-05T12:46:41Z</time>
        <extensions>
          <gpxtpx:TrackPointExtension>
            <gpxtpx:hr>173</gpxtpx:hr>
          </gpxtpx:TrackPointExtension>
        </extensions>
      </trkpt>
      <trkpt lat="32.05612341669" lon="118.59640659667015">
        <ele>20.0</ele>
        <time>2026-08-05T12:46:42Z</time>
        <extensions>
          <gpxtpx:TrackPointExtension>
            <gpxtpx:hr>173</gpxtpx:hr>
          </gpxtpx:TrackPointExtension>
        </extensions>
      </trkpt>
      <trkpt lat="32.05609241063099" lon="118.59640159996047">
        <ele>20.0</ele>
        <time>2026-08-05T12:46:43Z</time>
        <extensions>
          <gpxtpx:TrackPointExtension>
            <gpxtpx:hr>173</gpxtpx:hr>
          </gpxtpx:TrackPointExtension>
        </extensions>
      </trkpt>
      <trkpt lat="32.05606240545501" lon="118.59639260355614">
        <ele>20.1</ele>
        <time>2026-08-05T12:46:44Z</time>
        <extensions>
          <gpxtpx:TrackPointExtension>
            <gpxtpx:hr>173</gpxtpx:hr>
          </gpxtpx:TrackPointExtension>
        </extensions>
      </trkpt>
      <trkpt lat="32.05603340115742" lon="118.59637960745161">
        <ele>20.1</ele>
        <time>2026-08-05T12:46:45Z</time>
        <extensions>
          <gpxtpx:TrackPointExtension>
            <gpxtpx:hr>173</gpxtpx:hr>
          </gpxtpx:TrackPointExtension>
        </extensions>
      </trkpt>
      <trkpt lat="32.05600339663008" lon="118.59636661142841">
        <ele>20.1</ele>
        <time>2026-08-05T12:46:46Z</time>
        <extensions>
          <gpxtpx:TrackPointExtension>
            <gpxtpx:hr>173</gpxtpx:hr>
          </gpxtpx:TrackPointExtension>
        </extensions>
      </trkpt>
      <trkpt lat="32.05597539335802" lon="118.596348615701">
        <ele>20.1</ele>
        <time>2026-08-05T12:46:47Z</time>
        <extensions>
          <gpxtpx:TrackPointExtension>
            <gpxtpx:hr>173</gpxtpx:hr>
          </gpxtpx:TrackPointExtension>
        </extensions>
      </trkpt>
      <trkpt lat="32.0559513919367" lon="118.59632462017092">
        <ele>20.1</ele>
        <time>2026-08-05T12:46:48Z</time>
        <extensions>
          <gpxtpx:TrackPointExtension>
            <gpxtpx:hr>173</gpxtpx:hr>
          </gpxtpx:TrackPointExtension>
        </extensions>
      </trkpt>
      <trkpt lat="32.055933391662485" lon="118.59630162397636">
        <ele>20.2</ele>
        <time>2026-08-05T12:46:49Z</time>
        <extensions>
          <gpxtpx:TrackPointExtension>
            <gpxtpx:hr>173</gpxtpx:hr>
          </gpxtpx:TrackPointExtension>
        </extensions>
      </trkpt>
      <trkpt lat="32.05591239134035" lon="118.59627462839703">
        <ele>20.2</ele>
        <time>2026-08-05T12:46:50Z</time>
        <extensions>
          <gpxtpx:TrackPointExtension>
            <gpxtpx:hr>173</gpxtpx:hr>
          </gpxtpx:TrackPointExtension>
        </extensions>
      </trkpt>
      <trkpt lat="32.05589339159038" lon="118.59624663269145">
        <ele>20.2</ele>
        <time>2026-08-05T12:46:51Z</time>
        <extensions>
          <gpxtpx:TrackPointExtension>
            <gpxtpx:hr>173</gpxtpx:hr>
          </gpxtpx:TrackPointExtension>
        </extensions>
      </trkpt>
      <trkpt lat="32.055877392789164" lon="118.59621663685523">
        <ele>20.2</ele>
        <time>2026-08-05T12:46:52Z</time>
        <extensions>
          <gpxtpx:TrackPointExtension>
            <gpxtpx:hr>173</gpxtpx:hr>
          </gpxtpx:TrackPointExtension>
        </extensions>
      </trkpt>
      <trkpt lat="32.055861393949044" lon="118.59618664097252">
        <ele>20.2</ele>
        <time>2026-08-05T12:46:53Z</time>
        <extensions>
          <gpxtpx:TrackPointExtension>
            <gpxtpx:hr>173</gpxtpx:hr>
          </gpxtpx:TrackPointExtension>
        </extensions>
      </trkpt>
      <trkpt lat="32.05584439484774" lon="118.59615664513336">
        <ele>20.5</ele>
        <time>2026-08-05T12:46:54Z</time>
        <extensions>
          <gpxtpx:TrackPointExtension>
            <gpxtpx:hr>173</gpxtpx:hr>
          </gpxtpx:TrackPointExtension>
        </extensions>
      </trkpt>
      <trkpt lat="32.05582439488664" lon="118.59612764943249">
        <ele>20.5</ele>
        <time>2026-08-05T12:46:55Z</time>
        <extensions>
          <gpxtpx:TrackPointExtension>
            <gpxtpx:hr>173</gpxtpx:hr>
          </gpxtpx:TrackPointExtension>
        </extensions>
      </trkpt>
      <trkpt lat="32.05579939331914" lon="118.59610165388658">
        <ele>20.5</ele>
        <time>2026-08-05T12:46:56Z</time>
        <extensions>
          <gpxtpx:TrackPointExtension>
            <gpxtpx:hr>173</gpxtpx:hr>
          </gpxtpx:TrackPointExtension>
        </extensions>
      </trkpt>
      <trkpt lat="32.05577038961748" lon="118.59608365800273">
        <ele>20.5</ele>
        <time>2026-08-05T12:46:57Z</time>
        <extensions>
          <gpxtpx:TrackPointExtension>
            <gpxtpx:hr>173</gpxtpx:hr>
          </gpxtpx:TrackPointExtension>
        </extensions>
      </trkpt>
      <trkpt lat="32.05574538360312" lon="118.5960866600047">
        <ele>20.5</ele>
        <time>2026-08-05T12:46:58Z</time>
        <extensions>
          <gpxtpx:TrackPointExtension>
            <gpxtpx:hr>173</gpxtpx:hr>
          </gpxtpx:TrackPointExtension>
        </extensions>
      </trkpt>
      <trkpt lat="32.05573337925795" lon="118.59609766016641">
        <ele>20.7</ele>
        <time>2026-08-05T12:46:59Z</time>
        <extensions>
          <gpxtpx:TrackPointExtension>
            <gpxtpx:hr>174</gpxtpx:hr>
          </gpxtpx:TrackPointExtension>
        </extensions>
      </trkpt>
      <trkpt lat="32.05573237934099" lon="118.59609566042404">
        <ele>20.7</ele>
        <time>2026-08-05T12:47:00Z</time>
        <extensions>
          <gpxtpx:TrackPointExtension>
            <gpxtpx:hr>174</gpxtpx:hr>
          </gpxtpx:TrackPointExtension>
        </extensions>
      </trkpt>
      <trkpt lat="32.05571637608905" lon="118.59609366203237">
        <ele>20.7</ele>
        <time>2026-08-05T12:47:01Z</time>
        <extensions>
          <gpxtpx:TrackPointExtension>
            <gpxtpx:hr>174</gpxtpx:hr>
          </gpxtpx:TrackPointExtension>
        </extensions>
      </trkpt>
      <trkpt lat="32.05568036502555" lon="118.59611366359174">
        <ele>20.7</ele>
        <time>2026-08-05T12:47:02Z</time>
        <extensions>
          <gpxtpx:TrackPointExtension>
            <gpxtpx:hr>174</gpxtpx:hr>
          </gpxtpx:TrackPointExtension>
        </extensions>
      </trkpt>
      <trkpt lat="32.055642353499756" lon="118.59613366531052">
        <ele>20.7</ele>
        <time>2026-08-05T12:47:03Z</time>
        <extensions>
          <gpxtpx:TrackPointExtension>
            <gpxtpx:hr>174</gpxtpx:hr>
          </gpxtpx:TrackPointExtension>
        </extensions>
      </trkpt>
      <trkpt lat="32.055613345197244" lon="118.59614566689027">
        <ele>20.8</ele>
        <time>2026-08-05T12:47:04Z</time>
        <extensions>
          <gpxtpx:TrackPointExtension>
            <gpxtpx:hr>175</gpxtpx:hr>
          </gpxtpx:TrackPointExtension>
        </extensions>
      </trkpt>
      <trkpt lat="32.055585336177984" lon="118.59616366784995">
        <ele>20.8</ele>
        <time>2026-08-05T12:47:05Z</time>
        <extensions>
          <gpxtpx:TrackPointExtension>
            <gpxtpx:hr>175</gpxtpx:hr>
          </gpxtpx:TrackPointExtension>
        </extensions>
      </trkpt>
      <trkpt lat="32.055556326609384" lon="118.59618366870649">
        <ele>20.8</ele>
        <time>2026-08-05T12:47:06Z</time>
        <extensions>
          <gpxtpx:TrackPointExtension>
            <gpxtpx:hr>175</gpxtpx:hr>
          </gpxtpx:TrackPointExtension>
        </extensions>
      </trkpt>
      <trkpt lat="32.055528317088346" lon="118.59620466936296">
        <ele>20.8</ele>
        <time>2026-08-05T12:47:07Z</time>
        <extensions>
          <gpxtpx:TrackPointExtension>
            <gpxtpx:hr>175</gpxtpx:hr>
          </gpxtpx:TrackPointExtension>
        </extensions>
      </trkpt>
      <trkpt lat="32.0554993076421" lon="118.59622367026749">
        <ele>20.8</ele>
        <time>2026-08-05T12:47:08Z</time>
        <extensions>
          <gpxtpx:TrackPointExtension>
            <gpxtpx:hr>175</gpxtpx:hr>
          </gpxtpx:TrackPointExtension>
        </extensions>
      </trkpt>
      <trkpt lat="32.05547129872034" lon="118.59624067124587">
        <ele>20.8</ele>
        <time>2026-08-05T12:47:09Z</time>
        <extensions>
          <gpxtpx:TrackPointExtension>
            <gpxtpx:hr>175</gpxtpx:hr>
          </gpxtpx:TrackPointExtension>
        </extensions>
      </trkpt>
      <trkpt lat="32.05544228988267" lon="118.59625567248347">
        <ele>20.8</ele>
        <time>2026-08-05T12:47:10Z</time>
        <extensions>
          <gpxtpx:TrackPointExtension>
            <gpxtpx:hr>175</gpxtpx:hr>
          </gpxtpx:TrackPointExtension>
        </extensions>
      </trkpt>
      <trkpt lat="32.05541328087486" lon="118.59627167361664">
        <ele>20.8</ele>
        <time>2026-08-05T12:47:11Z</time>
        <extensions>
          <gpxtpx:TrackPointExtension>
            <gpxtpx:hr>175</gpxtpx:hr>
          </gpxtpx:TrackPointExtension>
        </extensions>
      </trkpt>
      <trkpt lat="32.05538627213967" lon="118.5962886744628">
        <ele>20.8</ele>
        <time>2026-08-05T12:47:12Z</time>
        <extensions>
          <gpxtpx:TrackPointExtension>
            <gpxtpx:hr>175</gpxtpx:hr>
          </gpxtpx:TrackPointExtension>
        </extensions>
      </trkpt>
      <trkpt lat="32.05536126335137" lon="118.59630867482994">
        <ele>20.8</ele>
        <time>2026-08-05T12:47:13Z</time>
        <extensions>
          <gpxtpx:TrackPointExtension>
            <gpxtpx:hr>175</gpxtpx:hr>
          </gpxtpx:TrackPointExtension>
        </extensions>
      </trkpt>
      <trkpt lat="32.055332253818634" lon="118.59632767563238">
        <ele>20.7</ele>
        <time>2026-08-05T12:47:14Z</time>
        <extensions>
          <gpxtpx:TrackPointExtension>
            <gpxtpx:hr>175</gpxtpx:hr>
          </gpxtpx:TrackPointExtension>
        </extensions>
      </trkpt>
      <trkpt lat="32.055303244433546" lon="118.59634567651287">
        <ele>20.7</ele>
        <time>2026-08-05T12:47:15Z</time>
        <extensions>
          <gpxtpx:TrackPointExtension>
            <gpxtpx:hr>175</gpxtpx:hr>
          </gpxtpx:TrackPointExtension>
        </extensions>
      </trkpt>
      <trkpt lat="32.055275235420886" lon="118.5963626773841">
        <ele>20.7</ele>
        <time>2026-08-05T12:47:16Z</time>
        <extensions>
          <gpxtpx:TrackPointExtension>
            <gpxtpx:hr>175</gpxtpx:hr>
          </gpxtpx:TrackPointExtension>
        </extensions>
      </trkpt>
      <trkpt lat="32.055245225950664" lon="118.59637967842055">
        <ele>20.7</ele>
        <time>2026-08-05T12:47:17Z</time>
        <extensions>
          <gpxtpx:TrackPointExtension>
            <gpxtpx:hr>175</gpxtpx:hr>
          </gpxtpx:TrackPointExtension>
        </extensions>
      </trkpt>
      <trkpt lat="32.05521521663335" lon="118.59639567954133">
        <ele>20.7</ele>
        <time>2026-08-05T12:47:18Z</time>
        <extensions>
          <gpxtpx:TrackPointExtension>
            <gpxtpx:hr>175</gpxtpx:hr>
          </gpxtpx:TrackPointExtension>
        </extensions>
      </trkpt>
      <trkpt lat="32.055185207471006" lon="118.59641068074893">
        <ele>20.6</ele>
        <time>2026-08-05T12:47:19Z</time>
        <extensions>
          <gpxtpx:TrackPointExtension>
            <gpxtpx:hr>174</gpxtpx:hr>
          </gpxtpx:TrackPointExtension>
        </extensions>
      </trkpt>
      <trkpt lat="32.05515719857679" lon="118.59642668166398">
        <ele>20.6</ele>
        <time>2026-08-05T12:47:20Z</time>
        <extensions>
          <gpxtpx:TrackPointExtension>
            <gpxtpx:hr>174</gpxtpx:hr>
          </gpxtpx:TrackPointExtension>
        </extensions>
      </trkpt>
      <trkpt lat="32.05513319056124" lon="118.59644268220556">
        <ele>20.6</ele>
        <time>2026-08-05T12:47:21Z</time>
        <extensions>
          <gpxtpx:TrackPointExtension>
            <gpxtpx:hr>174</gpxtpx:hr>
          </gpxtpx:TrackPointExtension>
        </extensions>
      </trkpt>
      <trkpt lat="32.05510218097711" lon="118.59645868336438">
        <ele>20.6</ele>
        <time>2026-08-05T12:47:22Z</time>
        <extensions>
          <gpxtpx:TrackPointExtension>
            <gpxtpx:hr>174</gpxtpx:hr>
          </gpxtpx:TrackPointExtension>
        </extensions>
      </trkpt>
      <trkpt lat="32.05507317233344" lon="118.59647168463954">
        <ele>20.6</ele>
        <time>2026-08-05T12:47:23Z</time>
        <extensions>
          <gpxtpx:TrackPointExtension>
            <gpxtpx:hr>174</gpxtpx:hr>
          </gpxtpx:TrackPointExtension>
        </extensions>
      </trkpt>
      <trkpt lat="32.055044163343354" lon="118.59648668569821">
        <ele>20.3</ele>
        <time>2026-08-05T12:47:24Z</time>
        <extensions>
          <gpxtpx:TrackPointExtension>
            <gpxtpx:hr>175</gpxtpx:hr>
          </gpxtpx:TrackPointExtension>
        </extensions>
      </trkpt>
      <trkpt lat="32.05501615473599" lon="118.59650068675991">
        <ele>20.3</ele>
        <time>2026-08-05T12:47:25Z</time>
        <extensions>
          <gpxtpx:TrackPointExtension>
            <gpxtpx:hr>175</gpxtpx:hr>
          </gpxtpx:TrackPointExtension>
        </extensions>
      </trkpt>
      <trkpt lat="32.054994147625756" lon="118.59651368737647">
        <ele>20.3</ele>
        <time>2026-08-05T12:47:26Z</time>
        <extensions>
          <gpxtpx:TrackPointExtension>
            <gpxtpx:hr>175</gpxtpx:hr>
          </gpxtpx:TrackPointExtension>
        </extensions>
      </trkpt>
      <trkpt lat="32.05497213999426" lon="118.59652968766612">
        <ele>20.3</ele>
        <time>2026-08-05T12:47:27Z</time>
        <extensions>
          <gpxtpx:TrackPointExtension>
            <gpxtpx:hr>175</gpxtpx:hr>
          </gpxtpx:TrackPointExtension>
        </extensions>
      </trkpt>
      <trkpt lat="32.05494412998344" lon="118.59655168784019">
        <ele>20.3</ele>
        <time>2026-08-05T12:47:28Z</time>
        <extensions>
          <gpxtpx:TrackPointExtension>
            <gpxtpx:hr>175</gpxtpx:hr>
          </gpxtpx:TrackPointExtension>
        </extensions>
      </trkpt>
      <trkpt lat="32.05491612029798" lon="118.59657168820601">
        <ele>20.0</ele>
        <time>2026-08-05T12:47:29Z</time>
        <extensions>
          <gpxtpx:TrackPointExtension>
            <gpxtpx:hr>176</gpxtpx:hr>
          </gpxtpx:TrackPointExtension>
        </extensions>
      </trkpt>
      <trkpt lat="32.054888110595094" lon="118.59659168855121">
        <ele>20.0</ele>
        <time>2026-08-05T12:47:30Z</time>
        <extensions>
          <gpxtpx:TrackPointExtension>
            <gpxtpx:hr>176</gpxtpx:hr>
          </gpxtpx:TrackPointExtension>
        </extensions>
      </trkpt>
      <trkpt lat="32.05486110074749" lon="118.59661368856489">
        <ele>20.0</ele>
        <time>2026-08-05T12:47:31Z</time>
        <extensions>
          <gpxtpx:TrackPointExtension>
            <gpxtpx:hr>176</gpxtpx:hr>
          </gpxtpx:TrackPointExtension>
        </extensions>
      </trkpt>
      <trkpt lat="32.05483509127731" lon="118.59663468857511">
        <ele>20.0</ele>
        <time>2026-08-05T12:47:32Z</time>
        <extensions>
          <gpxtpx:TrackPointExtension>
            <gpxtpx:hr>176</gpxtpx:hr>
          </gpxtpx:TrackPointExtension>
        </extensions>
      </trkpt>
      <trkpt lat="32.05481008218729" lon="118.59665468858516">
        <ele>20.0</ele>
        <time>2026-08-05T12:47:33Z</time>
        <extensions>
          <gpxtpx:TrackPointExtension>
            <gpxtpx:hr>176</gpxtpx:hr>
          </gpxtpx:TrackPointExtension>
        </extensions>
      </trkpt>
      <trkpt lat="32.05478807428018" lon="118.59667168864505">
        <ele>19.8</ele>
        <time>2026-08-05T12:47:34Z</time>
        <extensions>
          <gpxtpx:TrackPointExtension>
            <gpxtpx:hr>176</gpxtpx:hr>
          </gpxtpx:TrackPointExtension>
        </extensions>
      </trkpt>
      <trkpt lat="32.05476106489115" lon="118.59669068891155">
        <ele>19.8</ele>
        <time>2026-08-05T12:47:35Z</time>
        <extensions>
          <gpxtpx:TrackPointExtension>
            <gpxtpx:hr>176</gpxtpx:hr>
          </gpxtpx:TrackPointExtension>
        </extensions>
      </trkpt>
      <trkpt lat="32.054734055486406" lon="118.59670968915945">
        <ele>19.8</ele>
        <time>2026-08-05T12:47:36Z</time>
        <extensions>
          <gpxtpx:TrackPointExtension>
            <gpxtpx:hr>176</gpxtpx:hr>
          </gpxtpx:TrackPointExtension>
        </extensions>
      </trkpt>
      <trkpt lat="32.054707046065936" lon="118.59672868938874">
        <ele>19.8</ele>
        <time>2026-08-05T12:47:37Z</time>
        <extensions>
          <gpxtpx:TrackPointExtension>
            <gpxtpx:hr>176</gpxtpx:hr>
          </gpxtpx:TrackPointExtension>
        </extensions>
      </trkpt>
      <trkpt lat="32.05468003735231" lon="118.59674369006855">
        <ele>19.8</ele>
        <time>2026-08-05T12:47:38Z</time>
        <extensions>
          <gpxtpx:TrackPointExtension>
            <gpxtpx:hr>176</gpxtpx:hr>
          </gpxtpx:TrackPointExtension>
        </extensions>
      </trkpt>
      <trkpt lat="32.05465202894964" lon="118.59675569118042">
        <ele>19.5</ele>
        <time>2026-08-05T12:47:39Z</time>
        <extensions>
          <gpxtpx:TrackPointExtension>
            <gpxtpx:hr>176</gpxtpx:hr>
          </gpxtpx:TrackPointExtension>
        </extensions>
      </trkpt>
      <trkpt lat="32.05462402072214" lon="118.59676669240326">
        <ele>19.5</ele>
        <time>2026-08-05T12:47:40Z</time>
        <extensions>
          <gpxtpx:TrackPointExtension>
            <gpxtpx:hr>176</gpxtpx:hr>
          </gpxtpx:TrackPointExtension>
        </extensions>
      </trkpt>
      <trkpt lat="32.05459501263054" lon="118.59677569394768">
        <ele>19.5</ele>
        <time>2026-08-05T12:47:41Z</time>
        <extensions>
          <gpxtpx:TrackPointExtension>
            <gpxtpx:hr>176</gpxtpx:hr>
          </gpxtpx:TrackPointExtension>
        </extensions>
      </trkpt>
      <trkpt lat="32.05456600526419" lon="118.59678069596463">
        <ele>19.5</ele>
        <time>2026-08-05T12:47:42Z</time>
        <extensions>
          <gpxtpx:TrackPointExtension>
            <gpxtpx:hr>176</gpxtpx:hr>
          </gpxtpx:TrackPointExtension>
        </extensions>
      </trkpt>
      <trkpt lat="32.05453599822079" lon="118.59678269842816">
        <ele>19.5</ele>
        <time>2026-08-05T12:47:43Z</time>
        <extensions>
          <gpxtpx:TrackPointExtension>
            <gpxtpx:hr>176</gpxtpx:hr>
          </gpxtpx:TrackPointExtension>
        </extensions>
      </trkpt>
      <trkpt lat="32.054505991541554" lon="118.59678270112992">
        <ele>19.4</ele>
        <time>2026-08-05T12:47:44Z</time>
        <extensions>
          <gpxtpx:TrackPointExtension>
            <gpxtpx:hr>176</gpxtpx:hr>
          </gpxtpx:TrackPointExtension>
        </extensions>
      </trkpt>
      <trkpt lat="32.054476984537814" lon="118.59678570338386">
        <ele>19.4</ele>
        <time>2026-08-05T12:47:45Z</time>
        <extensions>
          <gpxtpx:TrackPointExtension>
            <gpxtpx:hr>176</gpxtpx:hr>
          </gpxtpx:TrackPointExtension>
        </extensions>
      </trkpt>
      <trkpt lat="32.05444897739107" lon="118.59679070530818">
        <ele>19.4</ele>
        <time>2026-08-05T12:47:46Z</time>
        <extensions>
          <gpxtpx:TrackPointExtension>
            <gpxtpx:hr>176</gpxtpx:hr>
          </gpxtpx:TrackPointExtension>
        </extensions>
      </trkpt>
      <trkpt lat="32.05441997056855" lon="118.5967927076806">
        <ele>19.4</ele>
        <time>2026-08-05T12:47:47Z</time>
        <extensions>
          <gpxtpx:TrackPointExtension>
            <gpxtpx:hr>176</gpxtpx:hr>
          </gpxtpx:TrackPointExtension>
        </extensions>
      </trkpt>
      <trkpt lat="32.054388963117525" lon="118.5967957101131">
        <ele>19.4</ele>
        <time>2026-08-05T12:47:48Z</time>
        <extensions>
          <gpxtpx:TrackPointExtension>
            <gpxtpx:hr>176</gpxtpx:hr>
          </gpxtpx:TrackPointExtension>
        </extensions>
      </trkpt>
      <trkpt lat="32.054356954528025" lon="118.59680371203451">
        <ele>19.3</ele>
        <time>2026-08-05T12:47:49Z</time>
        <extensions>
          <gpxtpx:TrackPointExtension>
            <gpxtpx:hr>175</gpxtpx:hr>
          </gpxtpx:TrackPointExtension>
        </extensions>
      </trkpt>
      <trkpt lat="32.05432594597469" lon="118.59681271374187">
        <ele>19.3</ele>
        <time>2026-08-05T12:47:50Z</time>
        <extensions>
          <gpxtpx:TrackPointExtension>
            <gpxtpx:hr>175</gpxtpx:hr>
          </gpxtpx:TrackPointExtension>
        </extensions>
      </trkpt>
      <trkpt lat="32.05429593727241" lon="118.5968237151125">
        <ele>19.3</ele>
        <time>2026-08-05T12:47:51Z</time>
        <extensions>
          <gpxtpx:TrackPointExtension>
            <gpxtpx:hr>175</gpxtpx:hr>
          </gpxtpx:TrackPointExtension>
        </extensions>
      </trkpt>
      <trkpt lat="32.05426592874914" lon="118.59683371659875">
        <ele>19.3</ele>
        <time>2026-08-05T12:47:52Z</time>
        <extensions>
          <gpxtpx:TrackPointExtension>
            <gpxtpx:hr>175</gpxtpx:hr>
          </gpxtpx:TrackPointExtension>
        </extensions>
      </trkpt>
      <trkpt lat="32.05423592059097" lon="118.59684171832438">
        <ele>19.3</ele>
        <time>2026-08-05T12:47:53Z</time>
        <extensions>
          <gpxtpx:TrackPointExtension>
            <gpxtpx:hr>175</gpxtpx:hr>
          </gpxtpx:TrackPointExtension>
        </extensions>
      </trkpt>
      <trkpt lat="32.05420691320768" lon="118.59684672032434">
        <ele>19.3</ele>
        <time>2026-08-05T12:47:54Z</time>
        <extensions>
          <gpxtpx:TrackPointExtension>
            <gpxtpx:hr>175</gpxtpx:hr>
          </gpxtpx:TrackPointExtension>
        </extensions>
      </trkpt>
      <trkpt lat="32.05418090649129" lon="118.59685172205282">
        <ele>19.3</ele>
        <time>2026-08-05T12:47:55Z</time>
        <extensions>
          <gpxtpx:TrackPointExtension>
            <gpxtpx:hr>175</gpxtpx:hr>
          </gpxtpx:TrackPointExtension>
        </extensions>
      </trkpt>
      <trkpt lat="32.05415189836343" lon="118.59686072355781">
        <ele>19.3</ele>
        <time>2026-08-05T12:47:56Z</time>
        <extensions>
          <gpxtpx:TrackPointExtension>
            <gpxtpx:hr>175</gpxtpx:hr>
          </gpxtpx:TrackPointExtension>
        </extensions>
      </trkpt>
      <trkpt lat="32.054124890863314" lon="118.59686872500214">
        <ele>19.3</ele>
        <time>2026-08-05T12:47:57Z</time>
        <extensions>
          <gpxtpx:TrackPointExtension>
            <gpxtpx:hr>175</gpxtpx:hr>
          </gpxtpx:TrackPointExtension>
        </extensions>
      </trkpt>
      <trkpt lat="32.05410288447401" lon="118.59687672599289">
        <ele>19.3</ele>
        <time>2026-08-05T12:47:58Z</time>
        <extensions>
          <gpxtpx:TrackPointExtension>
            <gpxtpx:hr>175</gpxtpx:hr>
          </gpxtpx:TrackPointExtension>
        </extensions>
      </trkpt>
      <trkpt lat="32.05407387652253" lon="118.59688472761074">
        <ele>19.2</ele>
        <time>2026-08-05T12:47:59Z</time>
        <extensions>
          <gpxtpx:TrackPointExtension>
            <gpxtpx:hr>175</gpxtpx:hr>
          </gpxtpx:TrackPointExtension>
        </extensions>
      </trkpt>
      <trkpt lat="32.05404286849638" lon="118.596890729655">
        <ele>19.2</ele>
        <time>2026-08-05T12:48:00Z</time>
        <extensions>
          <gpxtpx:TrackPointExtension>
            <gpxtpx:hr>175</gpxtpx:hr>
          </gpxtpx:TrackPointExtension>
        </extensions>
      </trkpt>
      <trkpt lat="32.05401686195649" lon="118.59689473149713">
        <ele>19.2</ele>
        <time>2026-08-05T12:48:01Z</time>
        <extensions>
          <gpxtpx:TrackPointExtension>
            <gpxtpx:hr>175</gpxtpx:hr>
          </gpxtpx:TrackPointExtension>
        </extensions>
      </trkpt>
      <trkpt lat="32.05398585261511" lon="118.59690773266024">
        <ele>19.2</ele>
        <time>2026-08-05T12:48:02Z</time>
        <extensions>
          <gpxtpx:TrackPointExtension>
            <gpxtpx:hr>175</gpxtpx:hr>
          </gpxtpx:TrackPointExtension>
        </extensions>
      </trkpt>
      <trkpt lat="32.053951842221416" lon="118.59692273383214">
        <ele>19.2</ele>
        <time>2026-08-05T12:48:03Z</time>
        <extensions>
          <gpxtpx:TrackPointExtension>
            <gpxtpx:hr>176</gpxtpx:hr>
          </gpxtpx:TrackPointExtension>
        </extensions>
      </trkpt>
      <trkpt lat="32.05391783238426" lon="118.59693473537372">
        <ele>19.2</ele>
        <time>2026-08-05T12:48:04Z</time>
        <extensions>
          <gpxtpx:TrackPointExtension>
            <gpxtpx:hr>176</gpxtpx:hr>
          </gpxtpx:TrackPointExtension>
        </extensions>
      </trkpt>
      <trkpt lat="32.05389182451233" lon="118.59694573631504">
        <ele>19.2</ele>
        <time>2026-08-05T12:48:05Z</time>
        <extensions>
          <gpxtpx:TrackPointExtension>
            <gpxtpx:hr>176</gpxtpx:hr>
          </gpxtpx:TrackPointExtension>
        </extensions>
      </trkpt>
      <trkpt lat="32.053867817270344" lon="118.59695573719812">
        <ele>19.2</ele>
        <time>2026-08-05T12:48:06Z</time>
        <extensions>
          <gpxtpx:TrackPointExtension>
            <gpxtpx:hr>176</gpxtpx:hr>
          </gpxtpx:TrackPointExtension>
        </extensions>
      </trkpt>
      <trkpt lat="32.05383780830671" lon="118.59696773835908">
        <ele>19.2</ele>
        <time>2026-08-05T12:48:07Z</time>
        <extensions>
          <gpxtpx:TrackPointExtension>
            <gpxtpx:hr>176</gpxtpx:hr>
          </gpxtpx:TrackPointExtension>
        </extensions>
      </trkpt>
      <trkpt lat="32.05380779952734" lon="118.59697873964193">
        <ele>19.2</ele>
        <time>2026-08-05T12:48:08Z</time>
        <extensions>
          <gpxtpx:TrackPointExtension>
            <gpxtpx:hr>114</gpxtpx:hr>
          </gpxtpx:TrackPointExtension>
        </extensions>
      </trkpt>
      <trkpt lat="32.053777790933644" lon="118.59698874104836">
        <ele>19.0</ele>
        <time>2026-08-05T12:48:09Z</time>
        <extensions>
          <gpxtpx:TrackPointExtension>
            <gpxtpx:hr>114</gpxtpx:hr>
          </gpxtpx:TrackPointExtension>
        </extensions>
      </trkpt>
      <trkpt lat="32.053749782781104" lon="118.59699874226953">
        <ele>19.0</ele>
        <time>2026-08-05T12:48:10Z</time>
        <extensions>
          <gpxtpx:TrackPointExtension>
            <gpxtpx:hr>114</gpxtpx:hr>
          </gpxtpx:TrackPointExtension>
        </extensions>
      </trkpt>
      <trkpt lat="32.05372077459314" lon="118.59700774370641">
        <ele>19.0</ele>
        <time>2026-08-05T12:48:11Z</time>
        <extensions>
          <gpxtpx:TrackPointExtension>
            <gpxtpx:hr>114</gpxtpx:hr>
          </gpxtpx:TrackPointExtension>
        </extensions>
      </trkpt>
      <trkpt lat="32.05369376665488" lon="118.59701774482777">
        <ele>19.0</ele>
        <time>2026-08-05T12:48:12Z</time>
        <extensions>
          <gpxtpx:TrackPointExtension>
            <gpxtpx:hr>114</gpxtpx:hr>
          </gpxtpx:TrackPointExtension>
        </extensions>
      </trkpt>
      <trkpt lat="32.05366975995883" lon="118.59702474606893">
        <ele>19.0</ele>
        <time>2026-08-05T12:48:13Z</time>
        <extensions>
          <gpxtpx:TrackPointExtension>
            <gpxtpx:hr>120</gpxtpx:hr>
          </gpxtpx:TrackPointExtension>
        </extensions>
      </trkpt>
      <trkpt lat="32.05364575326051" lon="118.59703174730757">
        <ele>19.0</ele>
        <time>2026-08-05T12:48:14Z</time>
        <extensions>
          <gpxtpx:TrackPointExtension>
            <gpxtpx:hr>120</gpxtpx:hr>
          </gpxtpx:TrackPointExtension>
        </extensions>
      </trkpt>
      <trkpt lat="32.0536237470057" lon="118.59703874836359">
        <ele>19.0</ele>
        <time>2026-08-05T12:48:15Z</time>
        <extensions>
          <gpxtpx:TrackPointExtension>
            <gpxtpx:hr>120</gpxtpx:hr>
          </gpxtpx:TrackPointExtension>
        </extensions>
      </trkpt>
      <trkpt lat="32.05360674166952" lon="118.59704674883406">
        <ele>19.0</ele>
        <time>2026-08-05T12:48:16Z</time>
        <extensions>
          <gpxtpx:TrackPointExtension>
            <gpxtpx:hr>120</gpxtpx:hr>
          </gpxtpx:TrackPointExtension>
        </extensions>
      </trkpt>
      <trkpt lat="32.05359273486347" lon="118.59706574756298">
        <ele>17.5</ele>
        <time>2026-08-05T12:50:04Z</time>
        <extensions>
          <gpxtpx:TrackPointExtension>
            <gpxtpx:hr>165</gpxtpx:hr>
          </gpxtpx:TrackPointExtension>
        </extensions>
      </trkpt>
      <trkpt lat="32.053580728877975" lon="118.59708274636256">
        <ele>17.5</ele>
        <time>2026-08-05T12:50:05Z</time>
        <extensions>
          <gpxtpx:TrackPointExtension>
            <gpxtpx:hr>165</gpxtpx:hr>
          </gpxtpx:TrackPointExtension>
        </extensions>
      </trkpt>
      <trkpt lat="32.05356472394483" lon="118.59708974685987">
        <ele>17.5</ele>
        <time>2026-08-05T12:50:06Z</time>
        <extensions>
          <gpxtpx:TrackPointExtension>
            <gpxtpx:hr>165</gpxtpx:hr>
          </gpxtpx:TrackPointExtension>
        </extensions>
      </trkpt>
      <trkpt lat="32.0535427182591" lon="118.5970937483008">
        <ele>17.5</ele>
        <time>2026-08-05T12:50:07Z</time>
        <extensions>
          <gpxtpx:TrackPointExtension>
            <gpxtpx:hr>165</gpxtpx:hr>
          </gpxtpx:TrackPointExtension>
        </extensions>
      </trkpt>
      <trkpt lat="32.05351771307767" lon="118.59709175082247">
        <ele>17.3</ele>
        <time>2026-08-05T12:50:08Z</time>
        <extensions>
          <gpxtpx:TrackPointExtension>
            <gpxtpx:hr>168</gpxtpx:hr>
          </gpxtpx:TrackPointExtension>
        </extensions>
      </trkpt>
      <trkpt lat="32.053491707672976" lon="118.59708975343399">
        <ele>17.3</ele>
        <time>2026-08-05T12:50:09Z</time>
        <extensions>
          <gpxtpx:TrackPointExtension>
            <gpxtpx:hr>168</gpxtpx:hr>
          </gpxtpx:TrackPointExtension>
        </extensions>
      </trkpt>
      <trkpt lat="32.053465701877194" lon="118.59708975577546">
        <ele>17.3</ele>
        <time>2026-08-05T12:50:10Z</time>
        <extensions>
          <gpxtpx:TrackPointExtension>
            <gpxtpx:hr>168</gpxtpx:hr>
          </gpxtpx:TrackPointExtension>
        </extensions>
      </trkpt>
      <trkpt lat="32.05343869546737" lon="118.59709175793692">
        <ele>17.3</ele>
        <time>2026-08-05T12:50:11Z</time>
        <extensions>
          <gpxtpx:TrackPointExtension>
            <gpxtpx:hr>168</gpxtpx:hr>
          </gpxtpx:TrackPointExtension>
        </extensions>
      </trkpt>
      <trkpt lat="32.05341268830162" lon="118.59709875933154">
        <ele>17.3</ele>
        <time>2026-08-05T12:50:12Z</time>
        <extensions>
          <gpxtpx:TrackPointExtension>
            <gpxtpx:hr>168</gpxtpx:hr>
          </gpxtpx:TrackPointExtension>
        </extensions>
      </trkpt>
      <trkpt lat="32.0533866807413" lon="118.59710776045195">
        <ele>17.1</ele>
        <time>2026-08-05T12:50:13Z</time>
        <extensions>
          <gpxtpx:TrackPointExtension>
            <gpxtpx:hr>168</gpxtpx:hr>
          </gpxtpx:TrackPointExtension>
        </extensions>
      </trkpt>
      <trkpt lat="32.053362673426605" lon="118.59711776125168">
        <ele>17.1</ele>
        <time>2026-08-05T12:50:14Z</time>
        <extensions>
          <gpxtpx:TrackPointExtension>
            <gpxtpx:hr>168</gpxtpx:hr>
          </gpxtpx:TrackPointExtension>
        </extensions>
      </trkpt>
      <trkpt lat="32.053342667590236" lon="118.59712476209663">
        <ele>17.1</ele>
        <time>2026-08-05T12:50:15Z</time>
        <extensions>
          <gpxtpx:TrackPointExtension>
            <gpxtpx:hr>168</gpxtpx:hr>
          </gpxtpx:TrackPointExtension>
        </extensions>
      </trkpt>
      <trkpt lat="32.053320661502966" lon="118.59713076325626">
        <ele>17.1</ele>
        <time>2026-08-05T12:50:16Z</time>
        <extensions>
          <gpxtpx:TrackPointExtension>
            <gpxtpx:hr>168</gpxtpx:hr>
          </gpxtpx:TrackPointExtension>
        </extensions>
      </trkpt>
      <trkpt lat="32.05329265308851" lon="118.59714176426677">
        <ele>17.1</ele>
        <time>2026-08-05T12:50:17Z</time>
        <extensions>
          <gpxtpx:TrackPointExtension>
            <gpxtpx:hr>168</gpxtpx:hr>
          </gpxtpx:TrackPointExtension>
        </extensions>
      </trkpt>
      <trkpt lat="32.05326564489163" lon="118.597152765181">
        <ele>16.8</ele>
        <time>2026-08-05T12:50:18Z</time>
        <extensions>
          <gpxtpx:TrackPointExtension>
            <gpxtpx:hr>170</gpxtpx:hr>
          </gpxtpx:TrackPointExtension>
        </extensions>
      </trkpt>
      <trkpt lat="32.05323963711093" lon="118.5971627661377">
        <ele>16.8</ele>
        <time>2026-08-05T12:50:19Z</time>
        <extensions>
          <gpxtpx:TrackPointExtension>
            <gpxtpx:hr>170</gpxtpx:hr>
          </gpxtpx:TrackPointExtension>
        </extensions>
      </trkpt>
      <trkpt lat="32.053218631037424" lon="118.5971697670565">
        <ele>16.8</ele>
        <time>2026-08-05T12:50:20Z</time>
        <extensions>
          <gpxtpx:TrackPointExtension>
            <gpxtpx:hr>170</gpxtpx:hr>
          </gpxtpx:TrackPointExtension>
        </extensions>
      </trkpt>
      <trkpt lat="32.05319362446798" lon="118.59717476861178">
        <ele>16.8</ele>
        <time>2026-08-05T12:50:21Z</time>
        <extensions>
          <gpxtpx:TrackPointExtension>
            <gpxtpx:hr>170</gpxtpx:hr>
          </gpxtpx:TrackPointExtension>
        </extensions>
      </trkpt>
      <trkpt lat="32.05317061834329" lon="118.59717976998569">
        <ele>16.8</ele>
        <time>2026-08-05T12:50:22Z</time>
        <extensions>
          <gpxtpx:TrackPointExtension>
            <gpxtpx:hr>170</gpxtpx:hr>
          </gpxtpx:TrackPointExtension>
        </extensions>
      </trkpt>
      <trkpt lat="32.05314861224087" lon="118.59718577112835">
        <ele>16.4</ele>
        <time>2026-08-05T12:50:23Z</time>
        <extensions>
          <gpxtpx:TrackPointExtension>
            <gpxtpx:hr>170</gpxtpx:hr>
          </gpxtpx:TrackPointExtension>
        </extensions>
      </trkpt>
      <trkpt lat="32.053119604375915" lon="118.59719277275931">
        <ele>16.4</ele>
        <time>2026-08-05T12:50:24Z</time>
        <extensions>
          <gpxtpx:TrackPointExtension>
            <gpxtpx:hr>170</gpxtpx:hr>
          </gpxtpx:TrackPointExtension>
        </extensions>
      </trkpt>
      <trkpt lat="32.053090595908024" lon="118.59720277396562">
        <ele>16.4</ele>
        <time>2026-08-05T12:50:25Z</time>
        <extensions>
          <gpxtpx:TrackPointExtension>
            <gpxtpx:hr>170</gpxtpx:hr>
          </gpxtpx:TrackPointExtension>
        </extensions>
      </trkpt>
      <trkpt lat="32.05306558832772" lon="118.59721277480658">
        <ele>16.4</ele>
        <time>2026-08-05T12:50:26Z</time>
        <extensions>
          <gpxtpx:TrackPointExtension>
            <gpxtpx:hr>170</gpxtpx:hr>
          </gpxtpx:TrackPointExtension>
        </extensions>
      </trkpt>
      <trkpt lat="32.0530385802969" lon="118.5972227758225">
        <ele>16.4</ele>
        <time>2026-08-05T12:50:27Z</time>
        <extensions>
          <gpxtpx:TrackPointExtension>
            <gpxtpx:hr>170</gpxtpx:hr>
          </gpxtpx:TrackPointExtension>
        </extensions>
      </trkpt>
      <trkpt lat="32.053012572686185" lon="118.59723177688555">
        <ele>16.2</ele>
        <time>2026-08-05T12:50:28Z</time>
        <extensions>
          <gpxtpx:TrackPointExtension>
            <gpxtpx:hr>170</gpxtpx:hr>
          </gpxtpx:TrackPointExtension>
        </extensions>
      </trkpt>
      <trkpt lat="32.05298556464685" lon="118.5972417778917">
        <ele>16.2</ele>
        <time>2026-08-05T12:50:29Z</time>
        <extensions>
          <gpxtpx:TrackPointExtension>
            <gpxtpx:hr>170</gpxtpx:hr>
          </gpxtpx:TrackPointExtension>
        </extensions>
      </trkpt>
      <trkpt lat="32.05295755638" lon="118.59725177898278">
        <ele>16.2</ele>
        <time>2026-08-05T12:50:30Z</time>
        <extensions>
          <gpxtpx:TrackPointExtension>
            <gpxtpx:hr>170</gpxtpx:hr>
          </gpxtpx:TrackPointExtension>
        </extensions>
      </trkpt>
      <trkpt lat="32.052928548493796" lon="118.59725878059">
        <ele>16.2</ele>
        <time>2026-08-05T12:50:31Z</time>
        <extensions>
          <gpxtpx:TrackPointExtension>
            <gpxtpx:hr>170</gpxtpx:hr>
          </gpxtpx:TrackPointExtension>
        </extensions>
      </trkpt>
      <trkpt lat="32.05289353886086" lon="118.59726778244688">
        <ele>16.2</ele>
        <time>2026-08-05T12:50:32Z</time>
        <extensions>
          <gpxtpx:TrackPointExtension>
            <gpxtpx:hr>170</gpxtpx:hr>
          </gpxtpx:TrackPointExtension>
        </extensions>
      </trkpt>
      <trkpt lat="32.052864530766" lon="118.59727578390381">
        <ele>15.7</ele>
        <time>2026-08-05T12:50:33Z</time>
        <extensions>
          <gpxtpx:TrackPointExtension>
            <gpxtpx:hr>170</gpxtpx:hr>
          </gpxtpx:TrackPointExtension>
        </extensions>
      </trkpt>
      <trkpt lat="32.05283352181445" lon="118.59728578524759">
        <ele>15.7</ele>
        <time>2026-08-05T12:50:34Z</time>
        <extensions>
          <gpxtpx:TrackPointExtension>
            <gpxtpx:hr>170</gpxtpx:hr>
          </gpxtpx:TrackPointExtension>
        </extensions>
      </trkpt>
      <trkpt lat="32.05279450841468" lon="118.59730878541001">
        <ele>15.7</ele>
        <time>2026-08-05T12:50:35Z</time>
        <extensions>
          <gpxtpx:TrackPointExtension>
            <gpxtpx:hr>170</gpxtpx:hr>
          </gpxtpx:TrackPointExtension>
        </extensions>
      </trkpt>
      <trkpt lat="32.05276950119742" lon="118.5973167864899">
        <ele>15.7</ele>
        <time>2026-08-05T12:50:36Z</time>
      </trkpt>
      <trkpt lat="32.052764502336046" lon="118.59730578855012">
        <ele>15.7</ele>
        <time>2026-08-05T12:50:37Z</time>
      </trkpt>
      <trkpt lat="32.052757498725356" lon="118.59731578771716">
        <ele>15.7</ele>
        <time>2026-08-05T12:50:38Z</time>
      </trkpt>
      <trkpt lat="32.05273249006621" lon="118.59733078776391">
        <ele>15.7</ele>
        <time>2026-08-05T12:50:39Z</time>
      </trkpt>
      <trkpt lat="32.052684478533365" lon="118.59733479149666">
        <ele>15.7</ele>
        <time>2026-08-05T12:50:40Z</time>
      </trkpt>
      <trkpt lat="32.05264346938521" lon="118.59733479518889">
        <ele>15.7</ele>
        <time>2026-08-05T12:50:41Z</time>
      </trkpt>
      <trkpt lat="32.05262046363516" lon="118.5973377968172">
        <ele>15.7</ele>
        <time>2026-08-05T12:50:42Z</time>
      </trkpt>
      <trkpt lat="32.05259845769527" lon="118.59734279805915">
        <ele>15.7</ele>
        <time>2026-08-05T12:50:43Z</time>
      </trkpt>
      <trkpt lat="32.05257044979564" lon="118.59735079939523">
        <ele>15.7</ele>
        <time>2026-08-05T12:50:44Z</time>
      </trkpt>
      <trkpt lat="32.052543442116225" lon="118.59735880063795">
        <ele>15.7</ele>
        <time>2026-08-05T12:50:45Z</time>
      </trkpt>
      <trkpt lat="32.052521435964216" lon="118.59736480172542">
        <ele>15.7</ele>
        <time>2026-08-05T12:50:46Z</time>
      </trkpt>
      <trkpt lat="32.052492427625744" lon="118.59737380299296">
        <ele>15.7</ele>
        <time>2026-08-05T12:50:47Z</time>
      </trkpt>
      <trkpt lat="32.05246341949156" lon="118.59738180440634">
        <ele>15.7</ele>
        <time>2026-08-05T12:50:48Z</time>
      </trkpt>
      <trkpt lat="32.05243441197907" lon="118.59738680626738">
        <ele>15.7</ele>
        <time>2026-08-05T12:50:49Z</time>
      </trkpt>
      <trkpt lat="32.0524054042569" lon="118.5973928079766">
        <ele>15.7</ele>
        <time>2026-08-05T12:50:50Z</time>
      </trkpt>
      <trkpt lat="32.052377396756185" lon="118.59739880959393">
        <ele>15.7</ele>
        <time>2026-08-05T12:50:51Z</time>
      </trkpt>
      <trkpt lat="32.05234838903051" lon="118.59740481129944">
        <ele>15.7</ele>
        <time>2026-08-05T12:50:52Z</time>
      </trkpt>
      <trkpt lat="32.0523213821678" lon="118.59740881312585">
        <ele>15.7</ele>
        <time>2026-08-05T12:50:53Z</time>
      </trkpt>
      <trkpt lat="32.05229437509492" lon="118.59741381479984">
        <ele>15.7</ele>
        <time>2026-08-05T12:50:54Z</time>
      </trkpt>
      <trkpt lat="32.05226736802077" lon="118.59741881647253">
        <ele>15.7</ele>
        <time>2026-08-05T12:50:55Z</time>
      </trkpt>
      <trkpt lat="32.05223936072214" lon="118.59742381823399">
        <ele>15.7</ele>
        <time>2026-08-05T12:50:56Z</time>
      </trkpt>
      <trkpt lat="32.05221235364549" lon="118.59742881990412">
        <ele>15.7</ele>
        <time>2026-08-05T12:50:57Z</time>
      </trkpt>
      <trkpt lat="32.05218334654133" lon="118.59743182205825">
        <ele>15.7</ele>
        <time>2026-08-05T12:50:58Z</time>
      </trkpt>
      <trkpt lat="32.052153339213305" lon="118.59743482430198">
        <ele>15.7</ele>
        <time>2026-08-05T12:50:59Z</time>
      </trkpt>
      <trkpt lat="32.05211933078125" lon="118.59743882675257">
        <ele>15.7</ele>
        <time>2026-08-05T12:51:00Z</time>
      </trkpt>
      <trkpt lat="32.052093324134404" lon="118.59744282848192">
        <ele>15.7</ele>
        <time>2026-08-05T12:51:01Z</time>
      </trkpt>
      <trkpt lat="32.0520713183798" lon="118.59744682985024">
        <ele>15.7</ele>
        <time>2026-08-05T12:51:02Z</time>
      </trkpt>
      <trkpt lat="32.05204631216542" lon="118.59744983164137">
        <ele>15.7</ele>
        <time>2026-08-05T12:51:03Z</time>
      </trkpt>
      <trkpt lat="32.05202030509407" lon="118.59745583306102">
        <ele>15.7</ele>
        <time>2026-08-05T12:51:04Z</time>
      </trkpt>
      <trkpt lat="32.051997298690885" lon="118.59746183420866">
        <ele>15.7</ele>
        <time>2026-08-05T12:51:05Z</time>
      </trkpt>
      <trkpt lat="32.05196829115782" lon="118.59746683604912">
        <ele>15.7</ele>
        <time>2026-08-05T12:51:06Z</time>
      </trkpt>
      <trkpt lat="32.051938283400155" lon="118.59747183797836">
        <ele>15.7</ele>
        <time>2026-08-05T12:51:07Z</time>
      </trkpt>
      <trkpt lat="32.05190827521709" lon="118.5974788395965">
        <ele>15.7</ele>
        <time>2026-08-05T12:51:08Z</time>
      </trkpt>
      <trkpt lat="32.051876266160164" lon="118.59748784108152">
        <ele>15.7</ele>
        <time>2026-08-05T12:51:09Z</time>
      </trkpt>
      <trkpt lat="32.05184925906731" lon="118.5974928427352">
        <ele>15.7</ele>
        <time>2026-08-05T12:51:10Z</time>
      </trkpt>
      <trkpt lat="32.051824253271164" lon="118.5974938448308">
        <ele>15.7</ele>
        <time>2026-08-05T12:51:11Z</time>
      </trkpt>
      <trkpt lat="32.05179124398443" lon="118.59750284639894">
        <ele>15.7</ele>
        <time>2026-08-05T12:51:12Z</time>
      </trkpt>
      <trkpt lat="32.05176923715086" lon="118.59751184697234">
        <ele>15.7</ele>
        <time>2026-08-05T12:51:13Z</time>
      </trkpt>
      <trkpt lat="32.051763235170014" lon="118.59751484704249">
        <ele>15.7</ele>
        <time>2026-08-05T12:51:14Z</time>
      </trkpt>
      <trkpt lat="32.05175523338316" lon="118.5975148477629">
        <ele>15.7</ele>
        <time>2026-08-05T12:51:15Z</time>
      </trkpt>
      <trkpt lat="32.05173122887671" lon="118.5975108505509">
        <ele>15.7</ele>
        <time>2026-08-05T12:51:16Z</time>
      </trkpt>
      <trkpt lat="32.051697221282204" lon="118.59751085361265">
        <ele>15.7</ele>
        <time>2026-08-05T12:51:17Z</time>
      </trkpt>
      <trkpt lat="32.05166021152195" lon="118.59751785584713">
        <ele>15.7</ele>
        <time>2026-08-05T12:51:18Z</time>
      </trkpt>
      <trkpt lat="32.05162620178704" lon="118.59752785733679">
        <ele>15.7</ele>
        <time>2026-08-05T12:51:19Z</time>
      </trkpt>
      <trkpt lat="32.051594193138015" lon="118.5975348591149">
        <ele>15.7</ele>
        <time>2026-08-05T12:51:20Z</time>
      </trkpt>
      <trkpt lat="32.051563185354226" lon="118.59753886127478">
        <ele>15.7</ele>
        <time>2026-08-05T12:51:21Z</time>
      </trkpt>
      <trkpt lat="32.051539179348225" lon="118.59754186296169">
        <ele>15.7</ele>
        <time>2026-08-05T12:51:22Z</time>
      </trkpt>
      <trkpt lat="32.05151117201809" lon="118.59754686469157">
        <ele>15.7</ele>
        <time>2026-08-05T12:51:23Z</time>
      </trkpt>
      <trkpt lat="32.05148216446325" lon="118.59755186651017">
        <ele>15.7</ele>
        <time>2026-08-05T12:51:24Z</time>
      </trkpt>
      <trkpt lat="32.05145215689912" lon="118.5975558685765">
        <ele>15.7</ele>
        <time>2026-08-05T12:51:25Z</time>
      </trkpt>
      <trkpt lat="32.05142214911848" lon="118.59756087048288">
        <ele>15.7</ele>
        <time>2026-08-05T12:51:26Z</time>
      </trkpt>
      <trkpt lat="32.051392141768105" lon="118.5975638727067">
        <ele>15.7</ele>
        <time>2026-08-05T12:51:27Z</time>
      </trkpt>
      <trkpt lat="32.05136413464815" lon="118.59756787459044">
        <ele>15.7</ele>
        <time>2026-08-05T12:51:28Z</time>
      </trkpt>
      <trkpt lat="32.05133512687161" lon="118.59757387624389">
        <ele>15.7</ele>
        <time>2026-08-05T12:51:29Z</time>
      </trkpt>
      <trkpt lat="32.05130611909331" lon="118.59757987789548">
        <ele>15.7</ele>
        <time>2026-08-05T12:51:30Z</time>
      </trkpt>
      <trkpt lat="32.05127711131327" lon="118.59758587954522">
        <ele>15.7</ele>
        <time>2026-08-05T12:51:31Z</time>
      </trkpt>
      <trkpt lat="32.05124910397186" lon="118.5975908812638">
        <ele>15.5</ele>
        <time>2026-08-05T12:51:32Z</time>
      </trkpt>
      <trkpt lat="32.05122009705681" lon="118.59759288355376">
        <ele>15.5</ele>
        <time>2026-08-05T12:51:33Z</time>
      </trkpt>
      <trkpt lat="32.05119109057542" lon="118.5975928861652">
        <ele>15.5</ele>
        <time>2026-08-05T12:51:34Z</time>
      </trkpt>
      <trkpt lat="32.05116208452768" lon="118.59759088909811">
        <ele>15.5</ele>
        <time>2026-08-05T12:51:35Z</time>
      </trkpt>
      <trkpt lat="32.05113207782235" lon="118.5975908917996">
        <ele>15.5</ele>
        <time>2026-08-05T12:51:36Z</time>
      </trkpt>
      <trkpt lat="32.05110307025534" lon="118.59759589360692">
        <ele>15.5</ele>
        <time>2026-08-05T12:51:37Z</time>
      </trkpt>
      <trkpt lat="32.05107306137639" lon="118.59760589469636">
        <ele>15.5</ele>
        <time>2026-08-05T12:51:38Z</time>
      </trkpt>
      <trkpt lat="32.05104205205143" lon="118.5976168957087">
        <ele>15.5</ele>
        <time>2026-08-05T12:51:39Z</time>
      </trkpt>
      <trkpt lat="32.05100804270563" lon="118.59762489747251">
        <ele>15.5</ele>
        <time>2026-08-05T12:51:40Z</time>
      </trkpt>
      <trkpt lat="32.050972033565564" lon="118.59762989990146">
        <ele>15.5</ele>
        <time>2026-08-05T12:51:41Z</time>
      </trkpt>
      <trkpt lat="32.05093702595953" lon="118.59762890321585">
        <ele>15.5</ele>
        <time>2026-08-05T12:51:42Z</time>
      </trkpt>
      <trkpt lat="32.050907019907854" lon="118.597625906405">
        <ele>15.5</ele>
        <time>2026-08-05T12:51:43Z</time>
      </trkpt>
      <trkpt lat="32.05089101633068" lon="118.59762590784578">
        <ele>15.5</ele>
        <time>2026-08-05T12:51:44Z</time>
      </trkpt>
      <trkpt lat="32.05088301410522" lon="118.5976279082411">
        <ele>15.5</ele>
        <time>2026-08-05T12:51:45Z</time>
      </trkpt>
      <trkpt lat="32.05086300875939" lon="118.59763190939131">
        <ele>15.5</ele>
        <time>2026-08-05T12:51:46Z</time>
      </trkpt>
      <trkpt lat="32.05082800005895" lon="118.5976359118914">
        <ele>15.5</ele>
        <time>2026-08-05T12:51:47Z</time>
      </trkpt>
      <trkpt lat="32.0507919915718" lon="118.59763791480705">
        <ele>15.5</ele>
        <time>2026-08-05T12:51:48Z</time>
      </trkpt>
      <trkpt lat="32.0507589828787" lon="118.59764391679913">
        <ele>15.5</ele>
        <time>2026-08-05T12:51:49Z</time>
      </trkpt>
      <trkpt lat="32.050728974854636" lon="118.5976499185192">
        <ele>15.5</ele>
        <time>2026-08-05T12:51:50Z</time>
      </trkpt>
      <trkpt lat="32.050698967926614" lon="118.5976509210569">
        <ele>15.5</ele>
        <time>2026-08-05T12:51:51Z</time>
      </trkpt>
      <trkpt lat="32.05066195899383" lon="118.59765392389714">
        <ele>15.5</ele>
        <time>2026-08-05T12:51:52Z</time>
      </trkpt>
      <trkpt lat="32.05062595028395" lon="118.59765692664686">
        <ele>15.5</ele>
        <time>2026-08-05T12:51:53Z</time>
      </trkpt>
      <trkpt lat="32.050590941137315" lon="118.59766292881318">
        <ele>15.5</ele>
        <time>2026-08-05T12:51:54Z</time>
      </trkpt>
      <trkpt lat="32.05055593154829" lon="118.59767093064816">
        <ele>15.5</ele>
        <time>2026-08-05T12:51:55Z</time>
      </trkpt>
      <trkpt lat="32.05054092841367" lon="118.59766993216363">
        <ele>15.5</ele>
        <time>2026-08-05T12:51:56Z</time>
      </trkpt>
      <trkpt lat="32.05053292904472" lon="118.59765893469304">
        <ele>15.5</ele>
        <time>2026-08-05T12:51:57Z</time>
      </trkpt>
      <trkpt lat="32.050505924543224" lon="118.5976519382723">
        <ele>15.5</ele>
        <time>2026-08-05T12:51:58Z</time>
      </trkpt>
      <trkpt lat="32.05046991495336" lon="118.59765894036603">
        <ele>15.5</ele>
        <time>2026-08-05T12:51:59Z</time>
      </trkpt>
      <trkpt lat="32.05043690625222" lon="118.59766494235161">
        <ele>15.5</ele>
        <time>2026-08-05T12:52:00Z</time>
      </trkpt>
      <trkpt lat="32.050407899765155" lon="118.59766494496297">
        <ele>15.5</ele>
        <time>2026-08-05T12:52:01Z</time>
      </trkpt>
      <trkpt lat="32.05037489150251" lon="118.59766894727619">
        <ele>15.5</ele>
        <time>2026-08-05T12:52:02Z</time>
      </trkpt>
      <trkpt lat="32.05034488346916" lon="118.59767494898854">
        <ele>15.5</ele>
        <time>2026-08-05T12:52:03Z</time>
      </trkpt>
      <trkpt lat="32.050315875216214" lon="118.59768295027831">
        <ele>15.5</ele>
        <time>2026-08-05T12:52:04Z</time>
      </trkpt>
      <trkpt lat="32.05029086719152" lon="118.59769395070691">
        <ele>15.5</ele>
        <time>2026-08-05T12:52:05Z</time>
      </trkpt>
      <trkpt lat="32.050272860505835" lon="118.59770595033244">
        <ele>15.5</ele>
        <time>2026-08-05T12:52:06Z</time>
      </trkpt>
      <trkpt lat="32.0502528511411" lon="118.59772794845614">
        <ele>15.5</ele>
        <time>2026-08-05T12:52:07Z</time>
        <extensions>
          <gpxtpx:TrackPointExtension>
            <gpxtpx:hr>169</gpxtpx:hr>
          </gpxtpx:TrackPointExtension>
        </extensions>
      </trkpt>
      <trkpt lat="32.05023584130782" lon="118.59775494544007">
        <ele>15.5</ele>
        <time>2026-08-05T12:52:08Z</time>
        <extensions>
          <gpxtpx:TrackPointExtension>
            <gpxtpx:hr>169</gpxtpx:hr>
          </gpxtpx:TrackPointExtension>
        </extensions>
      </trkpt>
      <trkpt lat="32.05022383143619" lon="118.59778694108343">
        <ele>15.5</ele>
        <time>2026-08-05T12:52:09Z</time>
        <extensions>
          <gpxtpx:TrackPointExtension>
            <gpxtpx:hr>169</gpxtpx:hr>
          </gpxtpx:TrackPointExtension>
        </extensions>
      </trkpt>
      <trkpt lat="32.0502158219624" lon="118.59782093596934">
        <ele>15.5</ele>
        <time>2026-08-05T12:52:10Z</time>
        <extensions>
          <gpxtpx:TrackPointExtension>
            <gpxtpx:hr>169</gpxtpx:hr>
          </gpxtpx:TrackPointExtension>
        </extensions>
      </trkpt>
      <trkpt lat="32.05021081265398" lon="118.5978569301774">
        <ele>15.5</ele>
        <time>2026-08-05T12:52:11Z</time>
        <extensions>
          <gpxtpx:TrackPointExtension>
            <gpxtpx:hr>169</gpxtpx:hr>
          </gpxtpx:TrackPointExtension>
        </extensions>
      </trkpt>
      <trkpt lat="32.05020880396143" lon="118.59789292404899">
        <ele>15.5</ele>
        <time>2026-08-05T12:52:12Z</time>
        <extensions>
          <gpxtpx:TrackPointExtension>
            <gpxtpx:hr>169</gpxtpx:hr>
          </gpxtpx:TrackPointExtension>
        </extensions>
      </trkpt>
      <trkpt lat="32.05020779543728" lon="118.59792891776422">
        <ele>15.5</ele>
        <time>2026-08-05T12:52:13Z</time>
        <extensions>
          <gpxtpx:TrackPointExtension>
            <gpxtpx:hr>169</gpxtpx:hr>
          </gpxtpx:TrackPointExtension>
        </extensions>
      </trkpt>
      <trkpt lat="32.05020878730527" lon="118.59796491123306">
        <ele>15.5</ele>
        <time>2026-08-05T12:52:14Z</time>
        <extensions>
          <gpxtpx:TrackPointExtension>
            <gpxtpx:hr>169</gpxtpx:hr>
          </gpxtpx:TrackPointExtension>
        </extensions>
      </trkpt>
      <trkpt lat="32.05021178003417" lon="118.5979989048188">
        <ele>15.5</ele>
        <time>2026-08-05T12:52:15Z</time>
        <extensions>
          <gpxtpx:TrackPointExtension>
            <gpxtpx:hr>169</gpxtpx:hr>
          </gpxtpx:TrackPointExtension>
        </extensions>
      </trkpt>
      <trkpt lat="32.05021577270167" lon="118.59803389807202">
        <ele>15.5</ele>
        <time>2026-08-05T12:52:16Z</time>
        <extensions>
          <gpxtpx:TrackPointExtension>
            <gpxtpx:hr>169</gpxtpx:hr>
          </gpxtpx:TrackPointExtension>
        </extensions>
      </trkpt>
      <trkpt lat="32.050219765791425" lon="118.59806689163283">
        <ele>15.5</ele>
        <time>2026-08-05T12:52:17Z</time>
        <extensions>
          <gpxtpx:TrackPointExtension>
            <gpxtpx:hr>169</gpxtpx:hr>
          </gpxtpx:TrackPointExtension>
        </extensions>
      </trkpt>
      <trkpt lat="32.050222758610985" lon="118.59809988522802">
        <ele>15.5</ele>
        <time>2026-08-05T12:52:18Z</time>
        <extensions>
          <gpxtpx:TrackPointExtension>
            <gpxtpx:hr>169</gpxtpx:hr>
          </gpxtpx:TrackPointExtension>
        </extensions>
      </trkpt>
      <trkpt lat="32.0502237509366" lon="118.59813287894767">
        <ele>15.5</ele>
        <time>2026-08-05T12:52:19Z</time>
        <extensions>
          <gpxtpx:TrackPointExtension>
            <gpxtpx:hr>169</gpxtpx:hr>
          </gpxtpx:TrackPointExtension>
        </extensions>
      </trkpt>
      <trkpt lat="32.050218741148804" lon="118.59816887258138">
        <ele>15.5</ele>
        <time>2026-08-05T12:52:20Z</time>
        <extensions>
          <gpxtpx:TrackPointExtension>
            <gpxtpx:hr>170</gpxtpx:hr>
          </gpxtpx:TrackPointExtension>
        </extensions>
      </trkpt>
      <trkpt lat="32.0502087294575" lon="118.59820786602259">
        <ele>15.5</ele>
        <time>2026-08-05T12:52:21Z</time>
        <extensions>
          <gpxtpx:TrackPointExtension>
            <gpxtpx:hr>170</gpxtpx:hr>
          </gpxtpx:TrackPointExtension>
        </extensions>
      </trkpt>
      <trkpt lat="32.0501997184148" lon="118.5982448596845">
        <ele>15.5</ele>
        <time>2026-08-05T12:52:22Z</time>
        <extensions>
          <gpxtpx:TrackPointExtension>
            <gpxtpx:hr>170</gpxtpx:hr>
          </gpxtpx:TrackPointExtension>
        </extensions>
      </trkpt>
      <trkpt lat="32.050196710133825" lon="118.5982758539115">
        <ele>15.5</ele>
        <time>2026-08-05T12:52:23Z</time>
        <extensions>
          <gpxtpx:TrackPointExtension>
            <gpxtpx:hr>170</gpxtpx:hr>
          </gpxtpx:TrackPointExtension>
        </extensions>
      </trkpt>
      <trkpt lat="32.05020470501529" lon="118.59830384769064">
        <ele>15.5</ele>
        <time>2026-08-05T12:52:24Z</time>
        <extensions>
          <gpxtpx:TrackPointExtension>
            <gpxtpx:hr>170</gpxtpx:hr>
          </gpxtpx:TrackPointExtension>
        </extensions>
      </trkpt>
      <trkpt lat="32.050224701802485" lon="118.59833483975319">
        <ele>15.5</ele>
        <time>2026-08-05T12:52:25Z</time>
        <extensions>
          <gpxtpx:TrackPointExtension>
            <gpxtpx:hr>171</gpxtpx:hr>
          </gpxtpx:TrackPointExtension>
        </extensions>
      </trkpt>
      <trkpt lat="32.050252700088535" lon="118.59836683084596">
        <ele>15.5</ele>
        <time>2026-08-05T12:52:26Z</time>
        <extensions>
          <gpxtpx:TrackPointExtension>
            <gpxtpx:hr>171</gpxtpx:hr>
          </gpxtpx:TrackPointExtension>
        </extensions>
      </trkpt>
      <trkpt lat="32.050270695842116" lon="118.59839982258494">
        <ele>15.5</ele>
        <time>2026-08-05T12:52:27Z</time>
        <extensions>
          <gpxtpx:TrackPointExtension>
            <gpxtpx:hr>171</gpxtpx:hr>
          </gpxtpx:TrackPointExtension>
        </extensions>
      </trkpt>
      <trkpt lat="32.050275688640816" lon="118.598432815439">
        <ele>15.5</ele>
        <time>2026-08-05T12:52:28Z</time>
        <extensions>
          <gpxtpx:TrackPointExtension>
            <gpxtpx:hr>171</gpxtpx:hr>
          </gpxtpx:TrackPointExtension>
        </extensions>
      </trkpt>
      <trkpt lat="32.050283681555804" lon="118.59846780755642">
        <ele>15.5</ele>
        <time>2026-08-05T12:52:29Z</time>
        <extensions>
          <gpxtpx:TrackPointExtension>
            <gpxtpx:hr>171</gpxtpx:hr>
          </gpxtpx:TrackPointExtension>
        </extensions>
      </trkpt>
      <trkpt lat="32.05029167544151" lon="118.59849880044024">
        <ele>15.5</ele>
        <time>2026-08-05T12:52:30Z</time>
        <extensions>
          <gpxtpx:TrackPointExtension>
            <gpxtpx:hr>170</gpxtpx:hr>
          </gpxtpx:TrackPointExtension>
        </extensions>
      </trkpt>
      <trkpt lat="32.05029866931951" lon="118.59852879357376">
        <ele>15.5</ele>
        <time>2026-08-05T12:52:31Z</time>
        <extensions>
          <gpxtpx:TrackPointExtension>
            <gpxtpx:hr>170</gpxtpx:hr>
          </gpxtpx:TrackPointExtension>
        </extensions>
      </trkpt>
      <trkpt lat="32.0503066626082" lon="118.59856178594065">
        <ele>15.5</ele>
        <time>2026-08-05T12:52:32Z</time>
        <extensions>
          <gpxtpx:TrackPointExtension>
            <gpxtpx:hr>170</gpxtpx:hr>
          </gpxtpx:TrackPointExtension>
        </extensions>
      </trkpt>
      <trkpt lat="32.05031665603827" lon="118.59859577785993">
        <ele>15.5</ele>
        <time>2026-08-05T12:52:33Z</time>
        <extensions>
          <gpxtpx:TrackPointExtension>
            <gpxtpx:hr>170</gpxtpx:hr>
          </gpxtpx:TrackPointExtension>
        </extensions>
      </trkpt>
      <trkpt lat="32.050328649866586" lon="118.59862976954021">
        <ele>15.5</ele>
        <time>2026-08-05T12:52:34Z</time>
        <extensions>
          <gpxtpx:TrackPointExtension>
            <gpxtpx:hr>170</gpxtpx:hr>
          </gpxtpx:TrackPointExtension>
        </extensions>
      </trkpt>
      <trkpt lat="32.050338642935635" lon="118.59866476112617">
        <ele>15.5</ele>
        <time>2026-08-05T12:52:35Z</time>
        <extensions>
          <gpxtpx:TrackPointExtension>
            <gpxtpx:hr>170</gpxtpx:hr>
          </gpxtpx:TrackPointExtension>
        </extensions>
      </trkpt>
      <trkpt lat="32.050348636744936" lon="118.59869675330157">
        <ele>15.5</ele>
        <time>2026-08-05T12:52:36Z</time>
        <extensions>
          <gpxtpx:TrackPointExtension>
            <gpxtpx:hr>170</gpxtpx:hr>
          </gpxtpx:TrackPointExtension>
        </extensions>
      </trkpt>
      <trkpt lat="32.05035763081773" lon="118.59872674595242">
        <ele>15.5</ele>
        <time>2026-08-05T12:52:37Z</time>
        <extensions>
          <gpxtpx:TrackPointExtension>
            <gpxtpx:hr>170</gpxtpx:hr>
          </gpxtpx:TrackPointExtension>
        </extensions>
      </trkpt>
      <trkpt lat="32.05036462467144" lon="118.59875573895779">
        <ele>15.5</ele>
        <time>2026-08-05T12:52:38Z</time>
        <extensions>
          <gpxtpx:TrackPointExtension>
            <gpxtpx:hr>170</gpxtpx:hr>
          </gpxtpx:TrackPointExtension>
        </extensions>
      </trkpt>
      <trkpt lat="32.05036961723844" lon="118.59878773143521">
        <ele>15.5</ele>
        <time>2026-08-05T12:52:39Z</time>
        <extensions>
          <gpxtpx:TrackPointExtension>
            <gpxtpx:hr>170</gpxtpx:hr>
          </gpxtpx:TrackPointExtension>
        </extensions>
      </trkpt>
      <trkpt lat="32.05037460949267" lon="118.59882072363706">
        <ele>15.3</ele>
        <time>2026-08-05T12:52:40Z</time>
        <extensions>
          <gpxtpx:TrackPointExtension>
            <gpxtpx:hr>171</gpxtpx:hr>
          </gpxtpx:TrackPointExtension>
        </extensions>
      </trkpt>
      <trkpt lat="32.05038260237176" lon="118.59885371551336">
        <ele>15.3</ele>
        <time>2026-08-05T12:52:41Z</time>
        <extensions>
          <gpxtpx:TrackPointExtension>
            <gpxtpx:hr>171</gpxtpx:hr>
          </gpxtpx:TrackPointExtension>
        </extensions>
      </trkpt>
      <trkpt lat="32.05039759649836" lon="118.59888770647702">
        <ele>15.3</ele>
        <time>2026-08-05T12:52:42Z</time>
        <extensions>
          <gpxtpx:TrackPointExtension>
            <gpxtpx:hr>171</gpxtpx:hr>
          </gpxtpx:TrackPointExtension>
        </extensions>
      </trkpt>
      <trkpt lat="32.05042159368315" lon="118.59891769748559">
        <ele>15.3</ele>
        <time>2026-08-05T12:52:43Z</time>
        <extensions>
          <gpxtpx:TrackPointExtension>
            <gpxtpx:hr>171</gpxtpx:hr>
          </gpxtpx:TrackPointExtension>
        </extensions>
      </trkpt>
      <trkpt lat="32.05044759127696" lon="118.5989476882683">
        <ele>15.3</ele>
        <time>2026-08-05T12:52:44Z</time>
        <extensions>
          <gpxtpx:TrackPointExtension>
            <gpxtpx:hr>171</gpxtpx:hr>
          </gpxtpx:TrackPointExtension>
        </extensions>
      </trkpt>
      <trkpt lat="32.050475590659154" lon="118.59897267998196">
        <ele>15.2</ele>
        <time>2026-08-05T12:52:45Z</time>
        <extensions>
          <gpxtpx:TrackPointExtension>
            <gpxtpx:hr>170</gpxtpx:hr>
          </gpxtpx:TrackPointExtension>
        </extensions>
      </trkpt>
      <trkpt lat="32.05049358694725" lon="118.59900067186662">
        <ele>15.2</ele>
        <time>2026-08-05T12:52:46Z</time>
        <extensions>
          <gpxtpx:TrackPointExtension>
            <gpxtpx:hr>170</gpxtpx:hr>
          </gpxtpx:TrackPointExtension>
        </extensions>
      </trkpt>
      <trkpt lat="32.050492577282675" lon="118.59903466401705">
        <ele>15.2</ele>
        <time>2026-08-05T12:52:47Z</time>
        <extensions>
          <gpxtpx:TrackPointExtension>
            <gpxtpx:hr>170</gpxtpx:hr>
          </gpxtpx:TrackPointExtension>
        </extensions>
      </trkpt>
      <trkpt lat="32.05047856438145" lon="118.59906965704332">
        <ele>15.2</ele>
        <time>2026-08-05T12:52:48Z</time>
        <extensions>
          <gpxtpx:TrackPointExtension>
            <gpxtpx:hr>170</gpxtpx:hr>
          </gpxtpx:TrackPointExtension>
        </extensions>
      </trkpt>
      <trkpt lat="32.05046755125502" lon="118.59910764902317">
        <ele>15.2</ele>
        <time>2026-08-05T12:52:49Z</time>
        <extensions>
          <gpxtpx:TrackPointExtension>
            <gpxtpx:hr>170</gpxtpx:hr>
          </gpxtpx:TrackPointExtension>
        </extensions>
      </trkpt>
      <trkpt lat="32.05046854046843" lon="118.59914663960903">
        <ele>14.9</ele>
        <time>2026-08-05T12:52:50Z</time>
        <extensions>
          <gpxtpx:TrackPointExtension>
            <gpxtpx:hr>171</gpxtpx:hr>
          </gpxtpx:TrackPointExtension>
        </extensions>
      </trkpt>
      <trkpt lat="32.05047853248468" lon="118.59918263003314">
        <ele>14.9</ele>
        <time>2026-08-05T12:52:51Z</time>
        <extensions>
          <gpxtpx:TrackPointExtension>
            <gpxtpx:hr>171</gpxtpx:hr>
          </gpxtpx:TrackPointExtension>
        </extensions>
      </trkpt>
      <trkpt lat="32.0504885253044" lon="118.59921562112241">
        <ele>14.9</ele>
        <time>2026-08-05T12:52:52Z</time>
        <extensions>
          <gpxtpx:TrackPointExtension>
            <gpxtpx:hr>171</gpxtpx:hr>
          </gpxtpx:TrackPointExtension>
        </extensions>
      </trkpt>
      <trkpt lat="32.05049651791808" lon="118.59924761258176">
        <ele>14.9</ele>
        <time>2026-08-05T12:52:53Z</time>
        <extensions>
          <gpxtpx:TrackPointExtension>
            <gpxtpx:hr>171</gpxtpx:hr>
          </gpxtpx:TrackPointExtension>
        </extensions>
      </trkpt>
      <trkpt lat="32.050502510041056" lon="118.59927960416925">
        <ele>14.9</ele>
        <time>2026-08-05T12:52:54Z</time>
        <extensions>
          <gpxtpx:TrackPointExtension>
            <gpxtpx:hr>171</gpxtpx:hr>
          </gpxtpx:TrackPointExtension>
        </extensions>
      </trkpt>
      <trkpt lat="32.05051350352912" lon="118.59931059550298">
        <ele>14.7</ele>
        <time>2026-08-05T12:52:55Z</time>
        <extensions>
          <gpxtpx:TrackPointExtension>
            <gpxtpx:hr>167</gpxtpx:hr>
          </gpxtpx:TrackPointExtension>
        </extensions>
      </trkpt>
      <trkpt lat="32.0505264977152" lon="118.5993405868578">
        <ele>14.7</ele>
        <time>2026-08-05T12:52:56Z</time>
        <extensions>
          <gpxtpx:TrackPointExtension>
            <gpxtpx:hr>167</gpxtpx:hr>
          </gpxtpx:TrackPointExtension>
        </extensions>
      </trkpt>
      <trkpt lat="32.05053849163949" lon="118.59937057825707">
        <ele>14.7</ele>
        <time>2026-08-05T12:52:57Z</time>
        <extensions>
          <gpxtpx:TrackPointExtension>
            <gpxtpx:hr>167</gpxtpx:hr>
          </gpxtpx:TrackPointExtension>
        </extensions>
      </trkpt>
      <trkpt lat="32.050550485231774" lon="118.59940156935771">
        <ele>14.7</ele>
        <time>2026-08-05T12:52:58Z</time>
        <extensions>
          <gpxtpx:TrackPointExtension>
            <gpxtpx:hr>167</gpxtpx:hr>
          </gpxtpx:TrackPointExtension>
        </extensions>
      </trkpt>
      <trkpt lat="32.050562478488104" lon="118.59943356015506">
        <ele>14.7</ele>
        <time>2026-08-05T12:52:59Z</time>
        <extensions>
          <gpxtpx:TrackPointExtension>
            <gpxtpx:hr>167</gpxtpx:hr>
          </gpxtpx:TrackPointExtension>
        </extensions>
      </trkpt>
      <trkpt lat="32.05057447110774" lon="118.59946755038794">
        <ele>14.6</ele>
        <time>2026-08-05T12:53:00Z</time>
        <extensions>
          <gpxtpx:TrackPointExtension>
            <gpxtpx:hr>168</gpxtpx:hr>
          </gpxtpx:TrackPointExtension>
        </extensions>
      </trkpt>
      <trkpt lat="32.05058646397661" lon="118.5995005408203">
        <ele>14.6</ele>
        <time>2026-08-05T12:53:01Z</time>
        <extensions>
          <gpxtpx:TrackPointExtension>
            <gpxtpx:hr>168</gpxtpx:hr>
          </gpxtpx:TrackPointExtension>
        </extensions>
      </trkpt>
      <trkpt lat="32.05059945732257" lon="118.59953253136712">
        <ele>14.6</ele>
        <time>2026-08-05T12:53:02Z</time>
        <extensions>
          <gpxtpx:TrackPointExtension>
            <gpxtpx:hr>168</gpxtpx:hr>
          </gpxtpx:TrackPointExtension>
        </extensions>
      </trkpt>
      <trkpt lat="32.050612450324365" lon="118.59956552160081">
        <ele>14.6</ele>
        <time>2026-08-05T12:53:03Z</time>
        <extensions>
          <gpxtpx:TrackPointExtension>
            <gpxtpx:hr>168</gpxtpx:hr>
          </gpxtpx:TrackPointExtension>
        </extensions>
      </trkpt>
      <trkpt lat="32.05062644350376" lon="118.59959851168932">
        <ele>14.6</ele>
        <time>2026-08-05T12:53:04Z</time>
        <extensions>
          <gpxtpx:TrackPointExtension>
            <gpxtpx:hr>168</gpxtpx:hr>
          </gpxtpx:TrackPointExtension>
        </extensions>
      </trkpt>
      <trkpt lat="32.05063843649347" lon="118.59963050216746">
        <ele>14.4</ele>
        <time>2026-08-05T12:53:05Z</time>
        <extensions>
          <gpxtpx:TrackPointExtension>
            <gpxtpx:hr>169</gpxtpx:hr>
          </gpxtpx:TrackPointExtension>
        </extensions>
      </trkpt>
      <trkpt lat="32.05064942860627" lon="118.59966449215129">
        <ele>14.4</ele>
        <time>2026-08-05T12:53:06Z</time>
        <extensions>
          <gpxtpx:TrackPointExtension>
            <gpxtpx:hr>169</gpxtpx:hr>
          </gpxtpx:TrackPointExtension>
        </extensions>
      </trkpt>
      <trkpt lat="32.05065741938629" lon="118.59970048181063">
        <ele>14.4</ele>
        <time>2026-08-05T12:53:07Z</time>
        <extensions>
          <gpxtpx:TrackPointExtension>
            <gpxtpx:hr>169</gpxtpx:hr>
          </gpxtpx:TrackPointExtension>
        </extensions>
      </trkpt>
      <trkpt lat="32.05066140890897" lon="118.59973747149466">
        <ele>14.4</ele>
        <time>2026-08-05T12:53:08Z</time>
        <extensions>
          <gpxtpx:TrackPointExtension>
            <gpxtpx:hr>169</gpxtpx:hr>
          </gpxtpx:TrackPointExtension>
        </extensions>
      </trkpt>
      <trkpt lat="32.05066039756541" lon="118.59977346183162">
        <ele>14.4</ele>
        <time>2026-08-05T12:53:09Z</time>
        <extensions>
          <gpxtpx:TrackPointExtension>
            <gpxtpx:hr>169</gpxtpx:hr>
          </gpxtpx:TrackPointExtension>
        </extensions>
      </trkpt>
      <trkpt lat="32.05065838594354" lon="118.59980945219311">
        <ele>14.3</ele>
        <time>2026-08-05T12:53:10Z</time>
        <extensions>
          <gpxtpx:TrackPointExtension>
            <gpxtpx:hr>170</gpxtpx:hr>
          </gpxtpx:TrackPointExtension>
        </extensions>
      </trkpt>
      <trkpt lat="32.05064937363945" lon="118.59984244394568">
        <ele>14.3</ele>
        <time>2026-08-05T12:53:11Z</time>
        <extensions>
          <gpxtpx:TrackPointExtension>
            <gpxtpx:hr>170</gpxtpx:hr>
          </gpxtpx:TrackPointExtension>
        </extensions>
      </trkpt>
      <trkpt lat="32.05063336192057" lon="118.59986843821127">
        <ele>14.3</ele>
        <time>2026-08-05T12:53:12Z</time>
        <extensions>
          <gpxtpx:TrackPointExtension>
            <gpxtpx:hr>170</gpxtpx:hr>
          </gpxtpx:TrackPointExtension>
        </extensions>
      </trkpt>
      <trkpt lat="32.05061035112427" lon="118.59988643529503">
        <ele>14.3</ele>
        <time>2026-08-05T12:53:13Z</time>
        <extensions>
          <gpxtpx:TrackPointExtension>
            <gpxtpx:hr>170</gpxtpx:hr>
          </gpxtpx:TrackPointExtension>
        </extensions>
      </trkpt>
      <trkpt lat="32.05058334162474" lon="118.59989743467055">
        <ele>14.3</ele>
        <time>2026-08-05T12:53:14Z</time>
        <extensions>
          <gpxtpx:TrackPointExtension>
            <gpxtpx:hr>170</gpxtpx:hr>
          </gpxtpx:TrackPointExtension>
        </extensions>
      </trkpt>
      <trkpt lat="32.05055333334023" lon="118.59990243598111">
        <ele>14.2</ele>
        <time>2026-08-05T12:53:15Z</time>
        <extensions>
          <gpxtpx:TrackPointExtension>
            <gpxtpx:hr>171</gpxtpx:hr>
          </gpxtpx:TrackPointExtension>
        </extensions>
      </trkpt>
      <trkpt lat="32.05052132523762" lon="118.59990543802762">
        <ele>14.2</ele>
        <time>2026-08-05T12:53:16Z</time>
        <extensions>
          <gpxtpx:TrackPointExtension>
            <gpxtpx:hr>171</gpxtpx:hr>
          </gpxtpx:TrackPointExtension>
        </extensions>
      </trkpt>
      <trkpt lat="32.05048831564901" lon="118.59991243904871">
        <ele>14.2</ele>
        <time>2026-08-05T12:53:17Z</time>
        <extensions>
          <gpxtpx:TrackPointExtension>
            <gpxtpx:hr>171</gpxtpx:hr>
          </gpxtpx:TrackPointExtension>
        </extensions>
      </trkpt>
      <trkpt lat="32.05045430583439" lon="118.5999194401574">
        <ele>14.2</ele>
        <time>2026-08-05T12:53:18Z</time>
        <extensions>
          <gpxtpx:TrackPointExtension>
            <gpxtpx:hr>171</gpxtpx:hr>
          </gpxtpx:TrackPointExtension>
        </extensions>
      </trkpt>
      <trkpt lat="32.05042629767563" lon="118.5999254410028">
        <ele>14.2</ele>
        <time>2026-08-05T12:53:19Z</time>
        <extensions>
          <gpxtpx:TrackPointExtension>
            <gpxtpx:hr>171</gpxtpx:hr>
          </gpxtpx:TrackPointExtension>
        </extensions>
      </trkpt>
      <trkpt lat="32.05039628875143" lon="118.59993244174665">
        <ele>14.2</ele>
        <time>2026-08-05T12:53:20Z</time>
        <extensions>
          <gpxtpx:TrackPointExtension>
            <gpxtpx:hr>172</gpxtpx:hr>
          </gpxtpx:TrackPointExtension>
        </extensions>
      </trkpt>
      <trkpt lat="32.0503672809984" lon="118.59993644323839">
        <ele>14.2</ele>
        <time>2026-08-05T12:53:21Z</time>
        <extensions>
          <gpxtpx:TrackPointExtension>
            <gpxtpx:hr>172</gpxtpx:hr>
          </gpxtpx:TrackPointExtension>
        </extensions>
      </trkpt>
      <trkpt lat="32.05034227540573" lon="118.59993644548976">
        <ele>14.2</ele>
        <time>2026-08-05T12:53:22Z</time>
        <extensions>
          <gpxtpx:TrackPointExtension>
            <gpxtpx:hr>172</gpxtpx:hr>
          </gpxtpx:TrackPointExtension>
        </extensions>
      </trkpt>
      <trkpt lat="32.05031226742791" lon="118.59994044707076">
        <ele>14.2</ele>
        <time>2026-08-05T12:53:23Z</time>
        <extensions>
          <gpxtpx:TrackPointExtension>
            <gpxtpx:hr>172</gpxtpx:hr>
          </gpxtpx:TrackPointExtension>
        </extensions>
      </trkpt>
      <trkpt lat="32.05028125859168" lon="118.59994644817995">
        <ele>14.2</ele>
        <time>2026-08-05T12:53:24Z</time>
        <extensions>
          <gpxtpx:TrackPointExtension>
            <gpxtpx:hr>172</gpxtpx:hr>
          </gpxtpx:TrackPointExtension>
        </extensions>
      </trkpt>
      <trkpt lat="32.05024924952997" lon="118.59995244937738">
        <ele>14.4</ele>
        <time>2026-08-05T12:53:25Z</time>
        <extensions>
          <gpxtpx:TrackPointExtension>
            <gpxtpx:hr>174</gpxtpx:hr>
          </gpxtpx:TrackPointExtension>
        </extensions>
      </trkpt>
      <trkpt lat="32.05021824132503" lon="118.5999564510452">
        <ele>14.4</ele>
        <time>2026-08-05T12:53:26Z</time>
        <extensions>
          <gpxtpx:TrackPointExtension>
            <gpxtpx:hr>174</gpxtpx:hr>
          </gpxtpx:TrackPointExtension>
        </extensions>
      </trkpt>
      <trkpt lat="32.050188233342915" lon="118.59996045262213">
        <ele>14.4</ele>
        <time>2026-08-05T12:53:27Z</time>
        <extensions>
          <gpxtpx:TrackPointExtension>
            <gpxtpx:hr>174</gpxtpx:hr>
          </gpxtpx:TrackPointExtension>
        </extensions>
      </trkpt>
      <trkpt lat="32.05015722481844" lon="118.5999654540068">
        <ele>14.4</ele>
        <time>2026-08-05T12:53:28Z</time>
        <extensions>
          <gpxtpx:TrackPointExtension>
            <gpxtpx:hr>174</gpxtpx:hr>
          </gpxtpx:TrackPointExtension>
        </extensions>
      </trkpt>
      <trkpt lat="32.05012621692849" lon="118.59996845595369">
        <ele>14.4</ele>
        <time>2026-08-05T12:53:29Z</time>
        <extensions>
          <gpxtpx:TrackPointExtension>
            <gpxtpx:hr>174</gpxtpx:hr>
          </gpxtpx:TrackPointExtension>
        </extensions>
      </trkpt>
      <trkpt lat="32.05009520903792" lon="118.5999714579001">
        <ele>14.4</ele>
        <time>2026-08-05T12:53:30Z</time>
        <extensions>
          <gpxtpx:TrackPointExtension>
            <gpxtpx:hr>173</gpxtpx:hr>
          </gpxtpx:TrackPointExtension>
        </extensions>
      </trkpt>
      <trkpt lat="32.050064201464835" lon="118.59997346012803">
        <ele>14.4</ele>
        <time>2026-08-05T12:53:31Z</time>
        <extensions>
          <gpxtpx:TrackPointExtension>
            <gpxtpx:hr>173</gpxtpx:hr>
          </gpxtpx:TrackPointExtension>
        </extensions>
      </trkpt>
      <trkpt lat="32.05003419379694" lon="118.59997646198363">
        <ele>14.4</ele>
        <time>2026-08-05T12:53:32Z</time>
        <extensions>
          <gpxtpx:TrackPointExtension>
            <gpxtpx:hr>173</gpxtpx:hr>
          </gpxtpx:TrackPointExtension>
        </extensions>
      </trkpt>
      <trkpt lat="32.05001218791879" lon="118.59997946311834">
        <ele>14.4</ele>
        <time>2026-08-05T12:53:33Z</time>
        <extensions>
          <gpxtpx:TrackPointExtension>
            <gpxtpx:hr>173</gpxtpx:hr>
          </gpxtpx:TrackPointExtension>
        </extensions>
      </trkpt>
      <trkpt lat="32.049992183124566" lon="118.59998046463716">
        <ele>14.4</ele>
        <time>2026-08-05T12:53:34Z</time>
        <extensions>
          <gpxtpx:TrackPointExtension>
            <gpxtpx:hr>173</gpxtpx:hr>
          </gpxtpx:TrackPointExtension>
        </extensions>
      </trkpt>
      <trkpt lat="32.04996317599754" lon="118.59998246668404">
        <ele>14.4</ele>
        <time>2026-08-05T12:53:35Z</time>
        <extensions>
          <gpxtpx:TrackPointExtension>
            <gpxtpx:hr>174</gpxtpx:hr>
          </gpxtpx:TrackPointExtension>
        </extensions>
      </trkpt>
      <trkpt lat="32.049930167019085" lon="118.59998746824327">
        <ele>14.4</ele>
        <time>2026-08-05T12:53:36Z</time>
        <extensions>
          <gpxtpx:TrackPointExtension>
            <gpxtpx:hr>174</gpxtpx:hr>
          </gpxtpx:TrackPointExtension>
        </extensions>
      </trkpt>
      <trkpt lat="32.04990215852057" lon="118.59999446878508">
        <ele>14.4</ele>
        <time>2026-08-05T12:53:37Z</time>
        <extensions>
          <gpxtpx:TrackPointExtension>
            <gpxtpx:hr>174</gpxtpx:hr>
          </gpxtpx:TrackPointExtension>
        </extensions>
      </trkpt>
      <trkpt lat="32.04987114934831" lon="118.60000146959459">
        <ele>14.4</ele>
        <time>2026-08-05T12:53:38Z</time>
        <extensions>
          <gpxtpx:TrackPointExtension>
            <gpxtpx:hr>174</gpxtpx:hr>
          </gpxtpx:TrackPointExtension>
        </extensions>
      </trkpt>
      <trkpt lat="32.0498391409084" lon="118.60000547134251">
        <ele>14.4</ele>
        <time>2026-08-05T12:53:39Z</time>
        <extensions>
          <gpxtpx:TrackPointExtension>
            <gpxtpx:hr>174</gpxtpx:hr>
          </gpxtpx:TrackPointExtension>
        </extensions>
      </trkpt>
      <trkpt lat="32.049803131572176" lon="118.60000947344986">
        <ele>14.2</ele>
        <time>2026-08-05T12:53:40Z</time>
        <extensions>
          <gpxtpx:TrackPointExtension>
            <gpxtpx:hr>174</gpxtpx:hr>
          </gpxtpx:TrackPointExtension>
        </extensions>
      </trkpt>
      <trkpt lat="32.049768122139035" lon="118.60001447518236">
        <ele>14.2</ele>
        <time>2026-08-05T12:53:41Z</time>
        <extensions>
          <gpxtpx:TrackPointExtension>
            <gpxtpx:hr>174</gpxtpx:hr>
          </gpxtpx:TrackPointExtension>
        </extensions>
      </trkpt>
      <trkpt lat="32.04973911468763" lon="118.60001747694169">
        <ele>14.2</ele>
        <time>2026-08-05T12:53:42Z</time>
        <extensions>
          <gpxtpx:TrackPointExtension>
            <gpxtpx:hr>174</gpxtpx:hr>
          </gpxtpx:TrackPointExtension>
        </extensions>
      </trkpt>
      <trkpt lat="32.04971310790725" lon="118.60002047843038">
        <ele>14.2</ele>
        <time>2026-08-05T12:53:43Z</time>
        <extensions>
          <gpxtpx:TrackPointExtension>
            <gpxtpx:hr>174</gpxtpx:hr>
          </gpxtpx:TrackPointExtension>
        </extensions>
      </trkpt>
      <trkpt lat="32.049691101381356" lon="118.60002547898942">
        <ele>14.2</ele>
        <time>2026-08-05T12:53:44Z</time>
        <extensions>
          <gpxtpx:TrackPointExtension>
            <gpxtpx:hr>174</gpxtpx:hr>
          </gpxtpx:TrackPointExtension>
        </extensions>
      </trkpt>
      <trkpt lat="32.049664092452666" lon="118.60003447885784">
        <ele>14.2</ele>
        <time>2026-08-05T12:53:45Z</time>
        <extensions>
          <gpxtpx:TrackPointExtension>
            <gpxtpx:hr>175</gpxtpx:hr>
          </gpxtpx:TrackPointExtension>
        </extensions>
      </trkpt>
      <trkpt lat="32.04963308198272" lon="118.60004547851135">
        <ele>14.2</ele>
        <time>2026-08-05T12:53:46Z</time>
        <extensions>
          <gpxtpx:TrackPointExtension>
            <gpxtpx:hr>175</gpxtpx:hr>
          </gpxtpx:TrackPointExtension>
        </extensions>
      </trkpt>
      <trkpt lat="32.049605073786445" lon="118.60005147931855">
        <ele>14.2</ele>
        <time>2026-08-05T12:53:47Z</time>
        <extensions>
          <gpxtpx:TrackPointExtension>
            <gpxtpx:hr>175</gpxtpx:hr>
          </gpxtpx:TrackPointExtension>
        </extensions>
      </trkpt>
      <trkpt lat="32.049574065881416" lon="118.60005448125237">
        <ele>14.2</ele>
        <time>2026-08-05T12:53:48Z</time>
        <extensions>
          <gpxtpx:TrackPointExtension>
            <gpxtpx:hr>175</gpxtpx:hr>
          </gpxtpx:TrackPointExtension>
        </extensions>
      </trkpt>
      <trkpt lat="32.049545058101955" lon="118.60005848271943">
        <ele>14.2</ele>
        <time>2026-08-05T12:53:49Z</time>
        <extensions>
          <gpxtpx:TrackPointExtension>
            <gpxtpx:hr>175</gpxtpx:hr>
          </gpxtpx:TrackPointExtension>
        </extensions>
      </trkpt>
      <trkpt lat="32.049515050097696" lon="118.60006248427574">
        <ele>14.3</ele>
        <time>2026-08-05T12:53:50Z</time>
        <extensions>
          <gpxtpx:TrackPointExtension>
            <gpxtpx:hr>173</gpxtpx:hr>
          </gpxtpx:TrackPointExtension>
        </extensions>
      </trkpt>
      <trkpt lat="32.04948504177053" lon="118.60006748554457">
        <ele>14.3</ele>
        <time>2026-08-05T12:53:51Z</time>
        <extensions>
          <gpxtpx:TrackPointExtension>
            <gpxtpx:hr>173</gpxtpx:hr>
          </gpxtpx:TrackPointExtension>
        </extensions>
      </trkpt>
      <trkpt lat="32.0494630339442" lon="118.60007648494366">
        <ele>14.3</ele>
        <time>2026-08-05T12:53:52Z</time>
        <extensions>
          <gpxtpx:TrackPointExtension>
            <gpxtpx:hr>173</gpxtpx:hr>
          </gpxtpx:TrackPointExtension>
        </extensions>
      </trkpt>
      <trkpt lat="32.04944802897269" lon="118.6000814848582">
        <ele>14.3</ele>
        <time>2026-08-05T12:53:53Z</time>
        <extensions>
          <gpxtpx:TrackPointExtension>
            <gpxtpx:hr>173</gpxtpx:hr>
          </gpxtpx:TrackPointExtension>
        </extensions>
      </trkpt>
      <trkpt lat="32.04943902631198" lon="118.6000834850938">
        <ele>14.3</ele>
        <time>2026-08-05T12:53:54Z</time>
        <extensions>
          <gpxtpx:TrackPointExtension>
            <gpxtpx:hr>173</gpxtpx:hr>
          </gpxtpx:TrackPointExtension>
        </extensions>
      </trkpt>
      <trkpt lat="32.049436025317455" lon="118.60008448507645">
        <ele>14.4</ele>
        <time>2026-08-05T12:53:55Z</time>
        <extensions>
          <gpxtpx:TrackPointExtension>
            <gpxtpx:hr>165</gpxtpx:hr>
          </gpxtpx:TrackPointExtension>
        </extensions>
      </trkpt>
      <trkpt lat="32.049438024151044" lon="118.60008948345808">
        <ele>14.4</ele>
        <time>2026-08-05T12:53:56Z</time>
        <extensions>
          <gpxtpx:TrackPointExtension>
            <gpxtpx:hr>165</gpxtpx:hr>
          </gpxtpx:TrackPointExtension>
        </extensions>
      </trkpt>
      <trkpt lat="32.04943902243646" lon="118.60009548164045">
        <ele>14.4</ele>
        <time>2026-08-05T12:53:57Z</time>
        <extensions>
          <gpxtpx:TrackPointExtension>
            <gpxtpx:hr>165</gpxtpx:hr>
          </gpxtpx:TrackPointExtension>
        </extensions>
      </trkpt>
      <trkpt lat="32.04942201895277" lon="118.60009448345939">
        <ele>14.4</ele>
        <time>2026-08-05T12:53:58Z</time>
        <extensions>
          <gpxtpx:TrackPointExtension>
            <gpxtpx:hr>165</gpxtpx:hr>
          </gpxtpx:TrackPointExtension>
        </extensions>
      </trkpt>
      <trkpt lat="32.04938701014514" lon="118.6000974857469">
        <ele>14.6</ele>
        <time>2026-08-05T12:54:07Z</time>
        <extensions>
          <gpxtpx:TrackPointExtension>
            <gpxtpx:hr>169</gpxtpx:hr>
          </gpxtpx:TrackPointExtension>
        </extensions>
      </trkpt>
      <trkpt lat="32.04935900063952" lon="118.60010748538402">
        <ele>14.6</ele>
        <time>2026-08-05T12:54:08Z</time>
        <extensions>
          <gpxtpx:TrackPointExtension>
            <gpxtpx:hr>169</gpxtpx:hr>
          </gpxtpx:TrackPointExtension>
        </extensions>
      </trkpt>
      <trkpt lat="32.0493309911295" lon="118.60011748501607">
        <ele>14.6</ele>
        <time>2026-08-05T12:54:09Z</time>
        <extensions>
          <gpxtpx:TrackPointExtension>
            <gpxtpx:hr>169</gpxtpx:hr>
          </gpxtpx:TrackPointExtension>
        </extensions>
      </trkpt>
      <trkpt lat="32.049301981715644" lon="118.60012648502281">
        <ele>14.6</ele>
        <time>2026-08-05T12:54:10Z</time>
        <extensions>
          <gpxtpx:TrackPointExtension>
            <gpxtpx:hr>170</gpxtpx:hr>
          </gpxtpx:TrackPointExtension>
        </extensions>
      </trkpt>
      <trkpt lat="32.04927197207421" lon="118.60013548511552">
        <ele>14.6</ele>
        <time>2026-08-05T12:54:11Z</time>
        <extensions>
          <gpxtpx:TrackPointExtension>
            <gpxtpx:hr>170</gpxtpx:hr>
          </gpxtpx:TrackPointExtension>
        </extensions>
      </trkpt>
      <trkpt lat="32.04924196242914" lon="118.60014448520415">
        <ele>14.6</ele>
        <time>2026-08-05T12:54:12Z</time>
        <extensions>
          <gpxtpx:TrackPointExtension>
            <gpxtpx:hr>170</gpxtpx:hr>
          </gpxtpx:TrackPointExtension>
        </extensions>
      </trkpt>
      <trkpt lat="32.04921495442918" lon="118.60015048589132">
        <ele>14.6</ele>
        <time>2026-08-05T12:54:13Z</time>
        <extensions>
          <gpxtpx:TrackPointExtension>
            <gpxtpx:hr>170</gpxtpx:hr>
          </gpxtpx:TrackPointExtension>
        </extensions>
      </trkpt>
      <trkpt lat="32.049188946651526" lon="118.60015648648663">
        <ele>14.6</ele>
        <time>2026-08-05T12:54:14Z</time>
        <extensions>
          <gpxtpx:TrackPointExtension>
            <gpxtpx:hr>170</gpxtpx:hr>
          </gpxtpx:TrackPointExtension>
        </extensions>
      </trkpt>
      <trkpt lat="32.0491659398702" lon="118.6001614871014">
        <ele>14.6</ele>
        <time>2026-08-05T12:54:15Z</time>
        <extensions>
          <gpxtpx:TrackPointExtension>
            <gpxtpx:hr>172</gpxtpx:hr>
          </gpxtpx:TrackPointExtension>
        </extensions>
      </trkpt>
      <trkpt lat="32.049145933759704" lon="118.60016648744477">
        <ele>14.6</ele>
        <time>2026-08-05T12:54:16Z</time>
        <extensions>
          <gpxtpx:TrackPointExtension>
            <gpxtpx:hr>172</gpxtpx:hr>
          </gpxtpx:TrackPointExtension>
        </extensions>
      </trkpt>
      <trkpt lat="32.04911792552955" lon="118.60017248821534">
        <ele>14.6</ele>
        <time>2026-08-05T12:54:17Z</time>
        <extensions>
          <gpxtpx:TrackPointExtension>
            <gpxtpx:hr>172</gpxtpx:hr>
          </gpxtpx:TrackPointExtension>
        </extensions>
      </trkpt>
      <trkpt lat="32.04908591738155" lon="118.60017549022086">
        <ele>14.6</ele>
        <time>2026-08-05T12:54:18Z</time>
        <extensions>
          <gpxtpx:TrackPointExtension>
            <gpxtpx:hr>172</gpxtpx:hr>
          </gpxtpx:TrackPointExtension>
        </extensions>
      </trkpt>
      <trkpt lat="32.04905891165953" lon="118.60017449294433">
        <ele>14.6</ele>
        <time>2026-08-05T12:54:19Z</time>
        <extensions>
          <gpxtpx:TrackPointExtension>
            <gpxtpx:hr>172</gpxtpx:hr>
          </gpxtpx:TrackPointExtension>
        </extensions>
      </trkpt>
      <trkpt lat="32.04903090408026" lon="118.60017849429711">
        <ele>14.6</ele>
        <time>2026-08-05T12:54:20Z</time>
        <extensions>
          <gpxtpx:TrackPointExtension>
            <gpxtpx:hr>173</gpxtpx:hr>
          </gpxtpx:TrackPointExtension>
        </extensions>
      </trkpt>
      <trkpt lat="32.04899789341793" lon="118.60018849434363">
        <ele>14.6</ele>
        <time>2026-08-05T12:54:21Z</time>
        <extensions>
          <gpxtpx:TrackPointExtension>
            <gpxtpx:hr>173</gpxtpx:hr>
          </gpxtpx:TrackPointExtension>
        </extensions>
      </trkpt>
      <trkpt lat="32.04896688352677" lon="118.60019749449825">
        <ele>14.6</ele>
        <time>2026-08-05T12:54:22Z</time>
        <extensions>
          <gpxtpx:TrackPointExtension>
            <gpxtpx:hr>173</gpxtpx:hr>
          </gpxtpx:TrackPointExtension>
        </extensions>
      </trkpt>
      <trkpt lat="32.0489348734079" lon="118.60020649473884">
        <ele>14.6</ele>
        <time>2026-08-05T12:54:23Z</time>
        <extensions>
          <gpxtpx:TrackPointExtension>
            <gpxtpx:hr>173</gpxtpx:hr>
          </gpxtpx:TrackPointExtension>
        </extensions>
      </trkpt>
      <trkpt lat="32.04890486406174" lon="118.60021449508935">
        <ele>14.6</ele>
        <time>2026-08-05T12:54:24Z</time>
        <extensions>
          <gpxtpx:TrackPointExtension>
            <gpxtpx:hr>173</gpxtpx:hr>
          </gpxtpx:TrackPointExtension>
        </extensions>
      </trkpt>
      <trkpt lat="32.04887385416003" lon="118.60022349523217">
        <ele>14.6</ele>
        <time>2026-08-05T12:54:25Z</time>
        <extensions>
          <gpxtpx:TrackPointExtension>
            <gpxtpx:hr>172</gpxtpx:hr>
          </gpxtpx:TrackPointExtension>
        </extensions>
      </trkpt>
      <trkpt lat="32.04884184370161" lon="118.60023349516595">
        <ele>14.6</ele>
        <time>2026-08-05T12:54:26Z</time>
        <extensions>
          <gpxtpx:TrackPointExtension>
            <gpxtpx:hr>172</gpxtpx:hr>
          </gpxtpx:TrackPointExtension>
        </extensions>
      </trkpt>
      <trkpt lat="32.04881083313336" lon="118.60024449470907">
        <ele>14.6</ele>
        <time>2026-08-05T12:54:27Z</time>
        <extensions>
          <gpxtpx:TrackPointExtension>
            <gpxtpx:hr>172</gpxtpx:hr>
          </gpxtpx:TrackPointExtension>
        </extensions>
      </trkpt>
      <trkpt lat="32.04878182300797" lon="118.600255494066">
        <ele>14.6</ele>
        <time>2026-08-05T12:54:28Z</time>
        <extensions>
          <gpxtpx:TrackPointExtension>
            <gpxtpx:hr>172</gpxtpx:hr>
          </gpxtpx:TrackPointExtension>
        </extensions>
      </trkpt>
      <trkpt lat="32.04875681542519" lon="118.6002614945395">
        <ele>14.6</ele>
        <time>2026-08-05T12:54:29Z</time>
        <extensions>
          <gpxtpx:TrackPointExtension>
            <gpxtpx:hr>172</gpxtpx:hr>
          </gpxtpx:TrackPointExtension>
        </extensions>
      </trkpt>
      <trkpt lat="32.048733807958484" lon="118.6002684945343">
        <ele>14.5</ele>
        <time>2026-08-05T12:54:30Z</time>
        <extensions>
          <gpxtpx:TrackPointExtension>
            <gpxtpx:hr>173</gpxtpx:hr>
          </gpxtpx:TrackPointExtension>
        </extensions>
      </trkpt>
      <trkpt lat="32.04870579870739" lon="118.6002774943825">
        <ele>14.5</ele>
        <time>2026-08-05T12:54:31Z</time>
        <extensions>
          <gpxtpx:TrackPointExtension>
            <gpxtpx:hr>173</gpxtpx:hr>
          </gpxtpx:TrackPointExtension>
        </extensions>
      </trkpt>
      <trkpt lat="32.048676789228594" lon="118.60028649431663">
        <ele>14.5</ele>
        <time>2026-08-05T12:54:32Z</time>
        <extensions>
          <gpxtpx:TrackPointExtension>
            <gpxtpx:hr>173</gpxtpx:hr>
          </gpxtpx:TrackPointExtension>
        </extensions>
      </trkpt>
      <trkpt lat="32.048646778858725" lon="118.60029749374034">
        <ele>14.5</ele>
        <time>2026-08-05T12:54:33Z</time>
        <extensions>
          <gpxtpx:TrackPointExtension>
            <gpxtpx:hr>173</gpxtpx:hr>
          </gpxtpx:TrackPointExtension>
        </extensions>
      </trkpt>
      <trkpt lat="32.048615768259424" lon="118.60030849324801">
        <ele>14.5</ele>
        <time>2026-08-05T12:54:34Z</time>
        <extensions>
          <gpxtpx:TrackPointExtension>
            <gpxtpx:hr>173</gpxtpx:hr>
          </gpxtpx:TrackPointExtension>
        </extensions>
      </trkpt>
      <trkpt lat="32.048585758211566" lon="118.60031849295886">
        <ele>14.5</ele>
        <time>2026-08-05T12:54:35Z</time>
        <extensions>
          <gpxtpx:TrackPointExtension>
            <gpxtpx:hr>174</gpxtpx:hr>
          </gpxtpx:TrackPointExtension>
        </extensions>
      </trkpt>
      <trkpt lat="32.04855574949098" lon="118.60032449386357">
        <ele>14.5</ele>
        <time>2026-08-05T12:54:36Z</time>
        <extensions>
          <gpxtpx:TrackPointExtension>
            <gpxtpx:hr>174</gpxtpx:hr>
          </gpxtpx:TrackPointExtension>
        </extensions>
      </trkpt>
      <trkpt lat="32.048527739884264" lon="118.60033449338627">
        <ele>14.5</ele>
        <time>2026-08-05T12:54:37Z</time>
        <extensions>
          <gpxtpx:TrackPointExtension>
            <gpxtpx:hr>174</gpxtpx:hr>
          </gpxtpx:TrackPointExtension>
        </extensions>
      </trkpt>
      <trkpt lat="32.04849372792696" lon="118.60034749254213">
        <ele>14.5</ele>
        <time>2026-08-05T12:54:38Z</time>
        <extensions>
          <gpxtpx:TrackPointExtension>
            <gpxtpx:hr>174</gpxtpx:hr>
          </gpxtpx:TrackPointExtension>
        </extensions>
      </trkpt>
      <trkpt lat="32.048463717193286" lon="118.6003594916307">
        <ele>14.5</ele>
        <time>2026-08-05T12:54:39Z</time>
        <extensions>
          <gpxtpx:TrackPointExtension>
            <gpxtpx:hr>174</gpxtpx:hr>
          </gpxtpx:TrackPointExtension>
        </extensions>
      </trkpt>
      <trkpt lat="32.04843370678815" lon="118.60037049101396">
        <ele>14.4</ele>
        <time>2026-08-05T12:54:40Z</time>
        <extensions>
          <gpxtpx:TrackPointExtension>
            <gpxtpx:hr>175</gpxtpx:hr>
          </gpxtpx:TrackPointExtension>
        </extensions>
      </trkpt>
      <trkpt lat="32.048403696712924" lon="118.60038049069361">
        <ele>14.4</ele>
        <time>2026-08-05T12:54:41Z</time>
        <extensions>
          <gpxtpx:TrackPointExtension>
            <gpxtpx:hr>175</gpxtpx:hr>
          </gpxtpx:TrackPointExtension>
        </extensions>
      </trkpt>
      <trkpt lat="32.04837468585044" lon="118.60039348936913">
        <ele>14.4</ele>
        <time>2026-08-05T12:54:42Z</time>
        <extensions>
          <gpxtpx:TrackPointExtension>
            <gpxtpx:hr>175</gpxtpx:hr>
          </gpxtpx:TrackPointExtension>
        </extensions>
      </trkpt>
      <trkpt lat="32.04834467442015" lon="118.60040748782241">
        <ele>14.4</ele>
        <time>2026-08-05T12:54:43Z</time>
        <extensions>
          <gpxtpx:TrackPointExtension>
            <gpxtpx:hr>175</gpxtpx:hr>
          </gpxtpx:TrackPointExtension>
        </extensions>
      </trkpt>
      <trkpt lat="32.0483226664591" lon="118.6004164870673">
        <ele>14.4</ele>
        <time>2026-08-05T12:54:44Z</time>
        <extensions>
          <gpxtpx:TrackPointExtension>
            <gpxtpx:hr>175</gpxtpx:hr>
          </gpxtpx:TrackPointExtension>
        </extensions>
      </trkpt>
      <trkpt lat="32.0482966575977" lon="118.60042548666833">
        <ele>14.3</ele>
        <time>2026-08-05T12:54:45Z</time>
        <extensions>
          <gpxtpx:TrackPointExtension>
            <gpxtpx:hr>175</gpxtpx:hr>
          </gpxtpx:TrackPointExtension>
        </extensions>
      </trkpt>
      <trkpt lat="32.04826564761166" lon="118.60043448671553">
        <ele>14.3</ele>
        <time>2026-08-05T12:54:46Z</time>
        <extensions>
          <gpxtpx:TrackPointExtension>
            <gpxtpx:hr>175</gpxtpx:hr>
          </gpxtpx:TrackPointExtension>
        </extensions>
      </trkpt>
      <trkpt lat="32.048234638297586" lon="118.60044148736975">
        <ele>14.3</ele>
        <time>2026-08-05T12:54:47Z</time>
        <extensions>
          <gpxtpx:TrackPointExtension>
            <gpxtpx:hr>175</gpxtpx:hr>
          </gpxtpx:TrackPointExtension>
        </extensions>
      </trkpt>
      <trkpt lat="32.04820362864315" lon="118.60044948771562">
        <ele>14.3</ele>
        <time>2026-08-05T12:54:48Z</time>
        <extensions>
          <gpxtpx:TrackPointExtension>
            <gpxtpx:hr>175</gpxtpx:hr>
          </gpxtpx:TrackPointExtension>
        </extensions>
      </trkpt>
      <trkpt lat="32.04817461808023" lon="118.60046148665253">
        <ele>14.3</ele>
        <time>2026-08-05T12:54:49Z</time>
        <extensions>
          <gpxtpx:TrackPointExtension>
            <gpxtpx:hr>175</gpxtpx:hr>
          </gpxtpx:TrackPointExtension>
        </extensions>
      </trkpt>
      <trkpt lat="32.048147607620436" lon="118.60047448509498">
        <ele>14.3</ele>
        <time>2026-08-05T12:54:50Z</time>
        <extensions>
          <gpxtpx:TrackPointExtension>
            <gpxtpx:hr>175</gpxtpx:hr>
          </gpxtpx:TrackPointExtension>
        </extensions>
      </trkpt>
      <trkpt lat="32.04812059715337" lon="118.6004874835289">
        <ele>14.3</ele>
        <time>2026-08-05T12:54:51Z</time>
        <extensions>
          <gpxtpx:TrackPointExtension>
            <gpxtpx:hr>175</gpxtpx:hr>
          </gpxtpx:TrackPointExtension>
        </extensions>
      </trkpt>
      <trkpt lat="32.048092587475296" lon="118.60049748296957">
        <ele>14.3</ele>
        <time>2026-08-05T12:54:52Z</time>
        <extensions>
          <gpxtpx:TrackPointExtension>
            <gpxtpx:hr>175</gpxtpx:hr>
          </gpxtpx:TrackPointExtension>
        </extensions>
      </trkpt>
      <trkpt lat="32.04806057723627" lon="118.60050648307421">
        <ele>14.3</ele>
        <time>2026-08-05T12:54:53Z</time>
        <extensions>
          <gpxtpx:TrackPointExtension>
            <gpxtpx:hr>175</gpxtpx:hr>
          </gpxtpx:TrackPointExtension>
        </extensions>
      </trkpt>
      <trkpt lat="32.04802956653607" lon="118.60051748246617">
        <ele>14.3</ele>
        <time>2026-08-05T12:54:54Z</time>
        <extensions>
          <gpxtpx:TrackPointExtension>
            <gpxtpx:hr>175</gpxtpx:hr>
          </gpxtpx:TrackPointExtension>
        </extensions>
      </trkpt>
      <trkpt lat="32.047997555606294" lon="118.6005284819421">
        <ele>14.3</ele>
        <time>2026-08-05T12:54:55Z</time>
        <extensions>
          <gpxtpx:TrackPointExtension>
            <gpxtpx:hr>175</gpxtpx:hr>
          </gpxtpx:TrackPointExtension>
        </extensions>
      </trkpt>
      <trkpt lat="32.04796554535484" lon="118.60053748203272">
        <ele>14.3</ele>
        <time>2026-08-05T12:54:56Z</time>
        <extensions>
          <gpxtpx:TrackPointExtension>
            <gpxtpx:hr>175</gpxtpx:hr>
          </gpxtpx:TrackPointExtension>
        </extensions>
      </trkpt>
      <trkpt lat="32.04793653577264" lon="118.60054648184911">
        <ele>14.3</ele>
        <time>2026-08-05T12:54:57Z</time>
        <extensions>
          <gpxtpx:TrackPointExtension>
            <gpxtpx:hr>177</gpxtpx:hr>
          </gpxtpx:TrackPointExtension>
        </extensions>
      </trkpt>
      <trkpt lat="32.04790152278503" lon="118.60056148033338">
        <ele>14.3</ele>
        <time>2026-08-05T12:54:58Z</time>
        <extensions>
          <gpxtpx:TrackPointExtension>
            <gpxtpx:hr>177</gpxtpx:hr>
          </gpxtpx:TrackPointExtension>
        </extensions>
      </trkpt>
      <trkpt lat="32.04787051102833" lon="118.60057547875843">
        <ele>14.2</ele>
        <time>2026-08-05T12:54:59Z</time>
        <extensions>
          <gpxtpx:TrackPointExtension>
            <gpxtpx:hr>177</gpxtpx:hr>
          </gpxtpx:TrackPointExtension>
        </extensions>
      </trkpt>
      <trkpt lat="32.04784150005576" lon="118.60058847730645">
        <ele>14.2</ele>
        <time>2026-08-05T12:55:00Z</time>
        <extensions>
          <gpxtpx:TrackPointExtension>
            <gpxtpx:hr>177</gpxtpx:hr>
          </gpxtpx:TrackPointExtension>
        </extensions>
      </trkpt>
      <trkpt lat="32.04781248838688" lon="118.60060347521878">
        <ele>14.2</ele>
        <time>2026-08-05T12:55:01Z</time>
        <extensions>
          <gpxtpx:TrackPointExtension>
            <gpxtpx:hr>177</gpxtpx:hr>
          </gpxtpx:TrackPointExtension>
        </extensions>
      </trkpt>
      <trkpt lat="32.04778047707074" lon="118.60061547433291">
        <ele>14.2</ele>
        <time>2026-08-05T12:55:02Z</time>
        <extensions>
          <gpxtpx:TrackPointExtension>
            <gpxtpx:hr>176</gpxtpx:hr>
          </gpxtpx:TrackPointExtension>
        </extensions>
      </trkpt>
      <trkpt lat="32.04774946597264" lon="118.60062747334977">
        <ele>14.2</ele>
        <time>2026-08-05T12:55:03Z</time>
        <extensions>
          <gpxtpx:TrackPointExtension>
            <gpxtpx:hr>176</gpxtpx:hr>
          </gpxtpx:TrackPointExtension>
        </extensions>
      </trkpt>
      <trkpt lat="32.047718454522204" lon="118.60064047204392">
        <ele>14.2</ele>
        <time>2026-08-05T12:55:04Z</time>
        <extensions>
          <gpxtpx:TrackPointExtension>
            <gpxtpx:hr>176</gpxtpx:hr>
          </gpxtpx:TrackPointExtension>
        </extensions>
      </trkpt>
      <trkpt lat="32.04768844224867" lon="118.60065646969082">
        <ele>14.2</ele>
        <time>2026-08-05T12:55:05Z</time>
        <extensions>
          <gpxtpx:TrackPointExtension>
            <gpxtpx:hr>176</gpxtpx:hr>
          </gpxtpx:TrackPointExtension>
        </extensions>
      </trkpt>
      <trkpt lat="32.04765742834971" lon="118.60067646614604">
        <ele>14.2</ele>
        <time>2026-08-05T12:55:06Z</time>
        <extensions>
          <gpxtpx:TrackPointExtension>
            <gpxtpx:hr>176</gpxtpx:hr>
          </gpxtpx:TrackPointExtension>
        </extensions>
      </trkpt>
      <trkpt lat="32.047624414333455" lon="118.60069546307956">
        <ele>14.1</ele>
        <time>2026-08-05T12:55:07Z</time>
        <extensions>
          <gpxtpx:TrackPointExtension>
            <gpxtpx:hr>178</gpxtpx:hr>
          </gpxtpx:TrackPointExtension>
        </extensions>
      </trkpt>
      <trkpt lat="32.04759640351817" lon="118.60070846145916">
        <ele>14.1</ele>
        <time>2026-08-05T12:55:08Z</time>
        <extensions>
          <gpxtpx:TrackPointExtension>
            <gpxtpx:hr>178</gpxtpx:hr>
          </gpxtpx:TrackPointExtension>
        </extensions>
      </trkpt>
      <trkpt lat="32.04757239359315" lon="118.6007214594701">
        <ele>14.1</ele>
        <time>2026-08-05T12:55:09Z</time>
        <extensions>
          <gpxtpx:TrackPointExtension>
            <gpxtpx:hr>178</gpxtpx:hr>
          </gpxtpx:TrackPointExtension>
        </extensions>
      </trkpt>
      <trkpt lat="32.04754638251197" lon="118.60073645701206">
        <ele>14.1</ele>
        <time>2026-08-05T12:55:10Z</time>
        <extensions>
          <gpxtpx:TrackPointExtension>
            <gpxtpx:hr>178</gpxtpx:hr>
          </gpxtpx:TrackPointExtension>
        </extensions>
      </trkpt>
      <trkpt lat="32.047518370270815" lon="118.60075345408058">
        <ele>14.1</ele>
        <time>2026-08-05T12:55:11Z</time>
        <extensions>
          <gpxtpx:TrackPointExtension>
            <gpxtpx:hr>178</gpxtpx:hr>
          </gpxtpx:TrackPointExtension>
        </extensions>
      </trkpt>
      <trkpt lat="32.047488357217" lon="118.60077145099261">
        <ele>14.1</ele>
        <time>2026-08-05T12:55:12Z</time>
        <extensions>
          <gpxtpx:TrackPointExtension>
            <gpxtpx:hr>161</gpxtpx:hr>
          </gpxtpx:TrackPointExtension>
        </extensions>
      </trkpt>
      <trkpt lat="32.04745734392499" lon="118.60078944797846">
        <ele>14.1</ele>
        <time>2026-08-05T12:55:13Z</time>
        <extensions>
          <gpxtpx:TrackPointExtension>
            <gpxtpx:hr>161</gpxtpx:hr>
          </gpxtpx:TrackPointExtension>
        </extensions>
      </trkpt>
      <trkpt lat="32.04742733119668" lon="118.60080644518185">
        <ele>14.1</ele>
        <time>2026-08-05T12:55:14Z</time>
        <extensions>
          <gpxtpx:TrackPointExtension>
            <gpxtpx:hr>161</gpxtpx:hr>
          </gpxtpx:TrackPointExtension>
        </extensions>
      </trkpt>
      <trkpt lat="32.047397318809814" lon="118.60082244269542">
        <ele>14.1</ele>
        <time>2026-08-05T12:55:15Z</time>
        <extensions>
          <gpxtpx:TrackPointExtension>
            <gpxtpx:hr>161</gpxtpx:hr>
          </gpxtpx:TrackPointExtension>
        </extensions>
      </trkpt>
      <trkpt lat="32.04736830663644" lon="118.60083844010607">
        <ele>14.1</ele>
        <time>2026-08-05T12:55:16Z</time>
        <extensions>
          <gpxtpx:TrackPointExtension>
            <gpxtpx:hr>161</gpxtpx:hr>
          </gpxtpx:TrackPointExtension>
        </extensions>
      </trkpt>
      <trkpt lat="32.04733429261975" lon="118.60085643730156">
        <ele>14.0</ele>
        <time>2026-08-05T12:55:17Z</time>
        <extensions>
          <gpxtpx:TrackPointExtension>
            <gpxtpx:hr>159</gpxtpx:hr>
          </gpxtpx:TrackPointExtension>
        </extensions>
      </trkpt>
      <trkpt lat="32.04730527971145" lon="118.60087443403053">
        <ele>14.0</ele>
        <time>2026-08-05T12:55:18Z</time>
        <extensions>
          <gpxtpx:TrackPointExtension>
            <gpxtpx:hr>159</gpxtpx:hr>
          </gpxtpx:TrackPointExtension>
        </extensions>
      </trkpt>
      <trkpt lat="32.04728327014332" lon="118.60088743175307">
        <ele>14.0</ele>
        <time>2026-08-05T12:55:19Z</time>
        <extensions>
          <gpxtpx:TrackPointExtension>
            <gpxtpx:hr>159</gpxtpx:hr>
          </gpxtpx:TrackPointExtension>
        </extensions>
      </trkpt>
      <trkpt lat="32.04718723716729" lon="118.60091942987908">
        <ele>14.0</ele>
        <time>2026-08-05T12:55:20Z</time>
        <extensions>
          <gpxtpx:TrackPointExtension>
            <gpxtpx:hr>159</gpxtpx:hr>
          </gpxtpx:TrackPointExtension>
        </extensions>
      </trkpt>
      <trkpt lat="32.04707819871289" lon="118.60095842680538">
        <ele>14.7</ele>
        <time>2026-08-05T12:55:48Z</time>
        <extensions>
          <gpxtpx:TrackPointExtension>
            <gpxtpx:hr>162</gpxtpx:hr>
          </gpxtpx:TrackPointExtension>
        </extensions>
      </trkpt>
      <trkpt lat="32.047036182447265" lon="118.60097742428053">
        <ele>14.7</ele>
        <time>2026-08-05T12:55:49Z</time>
        <extensions>
          <gpxtpx:TrackPointExtension>
            <gpxtpx:hr>162</gpxtpx:hr>
          </gpxtpx:TrackPointExtension>
        </extensions>
      </trkpt>
      <trkpt lat="32.04700617102562" lon="118.60099042265632">
        <ele>14.7</ele>
        <time>2026-08-05T12:55:50Z</time>
        <extensions>
          <gpxtpx:TrackPointExtension>
            <gpxtpx:hr>162</gpxtpx:hr>
          </gpxtpx:TrackPointExtension>
        </extensions>
      </trkpt>
      <trkpt lat="32.046982160221134" lon="118.60100541981585">
        <ele>14.7</ele>
        <time>2026-08-05T12:55:51Z</time>
        <extensions>
          <gpxtpx:TrackPointExtension>
            <gpxtpx:hr>162</gpxtpx:hr>
          </gpxtpx:TrackPointExtension>
        </extensions>
      </trkpt>
      <trkpt lat="32.04696115008068" lon="118.60102041669394">
        <ele>14.8</ele>
        <time>2026-08-05T12:55:52Z</time>
        <extensions>
          <gpxtpx:TrackPointExtension>
            <gpxtpx:hr>163</gpxtpx:hr>
          </gpxtpx:TrackPointExtension>
        </extensions>
      </trkpt>
      <trkpt lat="32.046941140155255" lon="118.60103541347071">
        <ele>14.8</ele>
        <time>2026-08-05T12:55:53Z</time>
        <extensions>
          <gpxtpx:TrackPointExtension>
            <gpxtpx:hr>163</gpxtpx:hr>
          </gpxtpx:TrackPointExtension>
        </extensions>
      </trkpt>
      <trkpt lat="32.04692012999578" lon="118.60105041032628">
        <ele>14.8</ele>
        <time>2026-08-05T12:55:54Z</time>
        <extensions>
          <gpxtpx:TrackPointExtension>
            <gpxtpx:hr>163</gpxtpx:hr>
          </gpxtpx:TrackPointExtension>
        </extensions>
      </trkpt>
      <trkpt lat="32.04689711937773" lon="118.60106540735066">
        <ele>14.8</ele>
        <time>2026-08-05T12:55:55Z</time>
        <extensions>
          <gpxtpx:TrackPointExtension>
            <gpxtpx:hr>163</gpxtpx:hr>
          </gpxtpx:TrackPointExtension>
        </extensions>
      </trkpt>
      <trkpt lat="32.046874108385616" lon="118.60108140402617">
        <ele>14.8</ele>
        <time>2026-08-05T12:55:56Z</time>
        <extensions>
          <gpxtpx:TrackPointExtension>
            <gpxtpx:hr>163</gpxtpx:hr>
          </gpxtpx:TrackPointExtension>
        </extensions>
      </trkpt>
      <trkpt lat="32.046857099460354" lon="118.60109540082533">
        <ele>15.1</ele>
        <time>2026-08-05T12:55:57Z</time>
        <extensions>
          <gpxtpx:TrackPointExtension>
            <gpxtpx:hr>165</gpxtpx:hr>
          </gpxtpx:TrackPointExtension>
        </extensions>
      </trkpt>
      <trkpt lat="32.04684209170732" lon="118.60110739811253">
        <ele>15.1</ele>
        <time>2026-08-05T12:55:58Z</time>
        <extensions>
          <gpxtpx:TrackPointExtension>
            <gpxtpx:hr>165</gpxtpx:hr>
          </gpxtpx:TrackPointExtension>
        </extensions>
      </trkpt>
      <trkpt lat="32.04682308268382" lon="118.60112039541316">
        <ele>15.1</ele>
        <time>2026-08-05T12:55:59Z</time>
        <extensions>
          <gpxtpx:TrackPointExtension>
            <gpxtpx:hr>165</gpxtpx:hr>
          </gpxtpx:TrackPointExtension>
        </extensions>
      </trkpt>
      <trkpt lat="32.04680207320405" lon="118.60113339288544">
        <ele>15.1</ele>
        <time>2026-08-05T12:56:00Z</time>
        <extensions>
          <gpxtpx:TrackPointExtension>
            <gpxtpx:hr>165</gpxtpx:hr>
          </gpxtpx:TrackPointExtension>
        </extensions>
      </trkpt>
      <trkpt lat="32.046787065798995" lon="118.60114439049063">
        <ele>15.1</ele>
        <time>2026-08-05T12:56:01Z</time>
        <extensions>
          <gpxtpx:TrackPointExtension>
            <gpxtpx:hr>165</gpxtpx:hr>
          </gpxtpx:TrackPointExtension>
        </extensions>
      </trkpt>
      <trkpt lat="32.0467730586134" lon="118.60115538799971">
        <ele>15.3</ele>
        <time>2026-08-05T12:56:02Z</time>
        <extensions>
          <gpxtpx:TrackPointExtension>
            <gpxtpx:hr>166</gpxtpx:hr>
          </gpxtpx:TrackPointExtension>
        </extensions>
      </trkpt>
      <trkpt lat="32.04675404882705" lon="118.60117038458505">
        <ele>15.3</ele>
        <time>2026-08-05T12:56:03Z</time>
        <extensions>
          <gpxtpx:TrackPointExtension>
            <gpxtpx:hr>166</gpxtpx:hr>
          </gpxtpx:TrackPointExtension>
        </extensions>
      </trkpt>
      <trkpt lat="32.046734038068756" lon="118.60118738056342">
        <ele>15.3</ele>
        <time>2026-08-05T12:56:04Z</time>
        <extensions>
          <gpxtpx:TrackPointExtension>
            <gpxtpx:hr>166</gpxtpx:hr>
          </gpxtpx:TrackPointExtension>
        </extensions>
      </trkpt>
      <trkpt lat="32.046711026994224" lon="118.60120337714123">
        <ele>15.3</ele>
        <time>2026-08-05T12:56:05Z</time>
        <extensions>
          <gpxtpx:TrackPointExtension>
            <gpxtpx:hr>166</gpxtpx:hr>
          </gpxtpx:TrackPointExtension>
        </extensions>
      </trkpt>
      <trkpt lat="32.04668901613348" lon="118.6012193736162">
        <ele>15.3</ele>
        <time>2026-08-05T12:56:06Z</time>
        <extensions>
          <gpxtpx:TrackPointExtension>
            <gpxtpx:hr>166</gpxtpx:hr>
          </gpxtpx:TrackPointExtension>
        </extensions>
      </trkpt>
      <trkpt lat="32.04666800622843" lon="118.60123337067887">
        <ele>15.5</ele>
        <time>2026-08-05T12:56:07Z</time>
        <extensions>
          <gpxtpx:TrackPointExtension>
            <gpxtpx:hr>168</gpxtpx:hr>
          </gpxtpx:TrackPointExtension>
        </extensions>
      </trkpt>
      <trkpt lat="32.04664699668656" lon="118.60124636807764">
        <ele>15.5</ele>
        <time>2026-08-05T12:56:08Z</time>
        <extensions>
          <gpxtpx:TrackPointExtension>
            <gpxtpx:hr>168</gpxtpx:hr>
          </gpxtpx:TrackPointExtension>
        </extensions>
      </trkpt>
      <trkpt lat="32.04662798907439" lon="118.60125536667358">
        <ele>15.5</ele>
        <time>2026-08-05T12:56:09Z</time>
        <extensions>
          <gpxtpx:TrackPointExtension>
            <gpxtpx:hr>168</gpxtpx:hr>
          </gpxtpx:TrackPointExtension>
        </extensions>
      </trkpt>
      <trkpt lat="32.04660597966814" lon="118.60126736449506">
        <ele>15.5</ele>
        <time>2026-08-05T12:56:10Z</time>
        <extensions>
          <gpxtpx:TrackPointExtension>
            <gpxtpx:hr>168</gpxtpx:hr>
          </gpxtpx:TrackPointExtension>
        </extensions>
      </trkpt>
      <trkpt lat="32.04658396876412" lon="118.6012833609188">
        <ele>15.5</ele>
        <time>2026-08-05T12:56:11Z</time>
        <extensions>
          <gpxtpx:TrackPointExtension>
            <gpxtpx:hr>168</gpxtpx:hr>
          </gpxtpx:TrackPointExtension>
        </extensions>
      </trkpt>
      <trkpt lat="32.046562958821156" lon="118.60129735793667">
        <ele>15.8</ele>
        <time>2026-08-05T12:56:12Z</time>
        <extensions>
          <gpxtpx:TrackPointExtension>
            <gpxtpx:hr>169</gpxtpx:hr>
          </gpxtpx:TrackPointExtension>
        </extensions>
      </trkpt>
      <trkpt lat="32.046541949244066" lon="118.60131035529383">
        <ele>15.8</ele>
        <time>2026-08-05T12:56:13Z</time>
        <extensions>
          <gpxtpx:TrackPointExtension>
            <gpxtpx:hr>169</gpxtpx:hr>
          </gpxtpx:TrackPointExtension>
        </extensions>
      </trkpt>
      <trkpt lat="32.04652094040907" lon="118.60132135334192">
        <ele>15.8</ele>
        <time>2026-08-05T12:56:14Z</time>
        <extensions>
          <gpxtpx:TrackPointExtension>
            <gpxtpx:hr>169</gpxtpx:hr>
          </gpxtpx:TrackPointExtension>
        </extensions>
      </trkpt>
      <trkpt lat="32.04649692976972" lon="118.60133535060334">
        <ele>15.8</ele>
        <time>2026-08-05T12:56:15Z</time>
        <extensions>
          <gpxtpx:TrackPointExtension>
            <gpxtpx:hr>169</gpxtpx:hr>
          </gpxtpx:TrackPointExtension>
        </extensions>
      </trkpt>
      <trkpt lat="32.04647291949777" lon="118.60134834820596">
        <ele>15.8</ele>
        <time>2026-08-05T12:56:16Z</time>
        <extensions>
          <gpxtpx:TrackPointExtension>
            <gpxtpx:hr>169</gpxtpx:hr>
          </gpxtpx:TrackPointExtension>
        </extensions>
      </trkpt>
      <trkpt lat="32.04645090853902" lon="118.60136434456493">
        <ele>16.1</ele>
        <time>2026-08-05T12:56:17Z</time>
        <extensions>
          <gpxtpx:TrackPointExtension>
            <gpxtpx:hr>170</gpxtpx:hr>
          </gpxtpx:TrackPointExtension>
        </extensions>
      </trkpt>
      <trkpt lat="32.046426896366" lon="118.60138234038594">
        <ele>16.1</ele>
        <time>2026-08-05T12:56:18Z</time>
        <extensions>
          <gpxtpx:TrackPointExtension>
            <gpxtpx:hr>170</gpxtpx:hr>
          </gpxtpx:TrackPointExtension>
        </extensions>
      </trkpt>
      <trkpt lat="32.04640288380144" lon="118.60140133583715">
        <ele>16.1</ele>
        <time>2026-08-05T12:56:19Z</time>
        <extensions>
          <gpxtpx:TrackPointExtension>
            <gpxtpx:hr>170</gpxtpx:hr>
          </gpxtpx:TrackPointExtension>
        </extensions>
      </trkpt>
      <trkpt lat="32.04638587506583" lon="118.60141433276658">
        <ele>16.1</ele>
        <time>2026-08-05T12:56:20Z</time>
        <extensions>
          <gpxtpx:TrackPointExtension>
            <gpxtpx:hr>170</gpxtpx:hr>
          </gpxtpx:TrackPointExtension>
        </extensions>
      </trkpt>
      <trkpt lat="32.04636586489104" lon="118.60142932924774">
        <ele>16.1</ele>
        <time>2026-08-05T12:56:21Z</time>
        <extensions>
          <gpxtpx:TrackPointExtension>
            <gpxtpx:hr>170</gpxtpx:hr>
          </gpxtpx:TrackPointExtension>
        </extensions>
      </trkpt>
      <trkpt lat="32.04634285403276" lon="118.60144432598781">
        <ele>16.3</ele>
        <time>2026-08-05T12:56:22Z</time>
        <extensions>
          <gpxtpx:TrackPointExtension>
            <gpxtpx:hr>170</gpxtpx:hr>
          </gpxtpx:TrackPointExtension>
        </extensions>
      </trkpt>
      <trkpt lat="32.04631884255996" lon="118.60146032245015">
        <ele>16.3</ele>
        <time>2026-08-05T12:56:23Z</time>
        <extensions>
          <gpxtpx:TrackPointExtension>
            <gpxtpx:hr>170</gpxtpx:hr>
          </gpxtpx:TrackPointExtension>
        </extensions>
      </trkpt>
      <trkpt lat="32.04629583130104" lon="118.60147631880966">
        <ele>16.3</ele>
        <time>2026-08-05T12:56:24Z</time>
        <extensions>
          <gpxtpx:TrackPointExtension>
            <gpxtpx:hr>170</gpxtpx:hr>
          </gpxtpx:TrackPointExtension>
        </extensions>
      </trkpt>
      <trkpt lat="32.04627282003133" lon="118.60149231515639">
        <ele>16.3</ele>
        <time>2026-08-05T12:56:25Z</time>
        <extensions>
          <gpxtpx:TrackPointExtension>
            <gpxtpx:hr>170</gpxtpx:hr>
          </gpxtpx:TrackPointExtension>
        </extensions>
      </trkpt>
      <trkpt lat="32.04624980913319" lon="118.60150731184928">
        <ele>16.3</ele>
        <time>2026-08-05T12:56:26Z</time>
        <extensions>
          <gpxtpx:TrackPointExtension>
            <gpxtpx:hr>170</gpxtpx:hr>
          </gpxtpx:TrackPointExtension>
        </extensions>
      </trkpt>
      <trkpt lat="32.04622579876669" lon="118.60152030934023">
        <ele>16.6</ele>
        <time>2026-08-05T12:56:27Z</time>
        <extensions>
          <gpxtpx:TrackPointExtension>
            <gpxtpx:hr>171</gpxtpx:hr>
          </gpxtpx:TrackPointExtension>
        </extensions>
      </trkpt>
      <trkpt lat="32.046197786343775" lon="118.60153630610205">
        <ele>16.6</ele>
        <time>2026-08-05T12:56:28Z</time>
        <extensions>
          <gpxtpx:TrackPointExtension>
            <gpxtpx:hr>171</gpxtpx:hr>
          </gpxtpx:TrackPointExtension>
        </extensions>
      </trkpt>
      <trkpt lat="32.046172774968326" lon="118.6015513029421">
        <ele>16.6</ele>
        <time>2026-08-05T12:56:29Z</time>
        <extensions>
          <gpxtpx:TrackPointExtension>
            <gpxtpx:hr>171</gpxtpx:hr>
          </gpxtpx:TrackPointExtension>
        </extensions>
      </trkpt>
      <trkpt lat="32.046148763808084" lon="118.60156629968088">
        <ele>16.6</ele>
        <time>2026-08-05T12:56:30Z</time>
        <extensions>
          <gpxtpx:TrackPointExtension>
            <gpxtpx:hr>171</gpxtpx:hr>
          </gpxtpx:TrackPointExtension>
        </extensions>
      </trkpt>
      <trkpt lat="32.046126753087776" lon="118.60158129622832">
        <ele>16.6</ele>
        <time>2026-08-05T12:56:31Z</time>
        <extensions>
          <gpxtpx:TrackPointExtension>
            <gpxtpx:hr>171</gpxtpx:hr>
          </gpxtpx:TrackPointExtension>
        </extensions>
      </trkpt>
      <trkpt lat="32.04610274190855" lon="118.60159629294465">
        <ele>16.8</ele>
        <time>2026-08-05T12:56:32Z</time>
        <extensions>
          <gpxtpx:TrackPointExtension>
            <gpxtpx:hr>171</gpxtpx:hr>
          </gpxtpx:TrackPointExtension>
        </extensions>
      </trkpt>
      <trkpt lat="32.04607873033313" lon="118.60161228928561">
        <ele>16.8</ele>
        <time>2026-08-05T12:56:33Z</time>
        <extensions>
          <gpxtpx:TrackPointExtension>
            <gpxtpx:hr>171</gpxtpx:hr>
          </gpxtpx:TrackPointExtension>
        </extensions>
      </trkpt>
      <trkpt lat="32.04606072087" lon="118.60162628580335">
        <ele>16.8</ele>
        <time>2026-08-05T12:56:34Z</time>
        <extensions>
          <gpxtpx:TrackPointExtension>
            <gpxtpx:hr>171</gpxtpx:hr>
          </gpxtpx:TrackPointExtension>
        </extensions>
      </trkpt>
      <trkpt lat="32.04603971033652" lon="118.60164128221587">
        <ele>16.8</ele>
        <time>2026-08-05T12:56:35Z</time>
        <extensions>
          <gpxtpx:TrackPointExtension>
            <gpxtpx:hr>171</gpxtpx:hr>
          </gpxtpx:TrackPointExtension>
        </extensions>
      </trkpt>
      <trkpt lat="32.04601869940504" lon="118.60165727825078">
        <ele>16.8</ele>
        <time>2026-08-05T12:56:36Z</time>
        <extensions>
          <gpxtpx:TrackPointExtension>
            <gpxtpx:hr>171</gpxtpx:hr>
          </gpxtpx:TrackPointExtension>
        </extensions>
      </trkpt>
      <trkpt lat="32.04599268694978" lon="118.60167427435596">
        <ele>17.0</ele>
        <time>2026-08-05T12:56:37Z</time>
        <extensions>
          <gpxtpx:TrackPointExtension>
            <gpxtpx:hr>172</gpxtpx:hr>
          </gpxtpx:TrackPointExtension>
        </extensions>
      </trkpt>
      <trkpt lat="32.04596667448235" lon="118.60169127044671">
        <ele>17.0</ele>
        <time>2026-08-05T12:56:38Z</time>
        <extensions>
          <gpxtpx:TrackPointExtension>
            <gpxtpx:hr>172</gpxtpx:hr>
          </gpxtpx:TrackPointExtension>
        </extensions>
      </trkpt>
      <trkpt lat="32.04593966177798" lon="118.60170826661312">
        <ele>17.0</ele>
        <time>2026-08-05T12:56:39Z</time>
        <extensions>
          <gpxtpx:TrackPointExtension>
            <gpxtpx:hr>172</gpxtpx:hr>
          </gpxtpx:TrackPointExtension>
        </extensions>
      </trkpt>
      <trkpt lat="32.045912649061414" lon="118.60172526276511">
        <ele>17.0</ele>
        <time>2026-08-05T12:56:40Z</time>
        <extensions>
          <gpxtpx:TrackPointExtension>
            <gpxtpx:hr>172</gpxtpx:hr>
          </gpxtpx:TrackPointExtension>
        </extensions>
      </trkpt>
      <trkpt lat="32.045891638073414" lon="118.60174125873304">
        <ele>17.0</ele>
        <time>2026-08-05T12:56:41Z</time>
        <extensions>
          <gpxtpx:TrackPointExtension>
            <gpxtpx:hr>172</gpxtpx:hr>
          </gpxtpx:TrackPointExtension>
        </extensions>
      </trkpt>
      <trkpt lat="32.04586862387493" lon="118.60176425226739">
        <ele>17.4</ele>
        <time>2026-08-05T12:56:42Z</time>
        <extensions>
          <gpxtpx:TrackPointExtension>
            <gpxtpx:hr>173</gpxtpx:hr>
          </gpxtpx:TrackPointExtension>
        </extensions>
      </trkpt>
      <trkpt lat="32.0458406093183" lon="118.60178524697128">
        <ele>17.4</ele>
        <time>2026-08-05T12:56:43Z</time>
        <extensions>
          <gpxtpx:TrackPointExtension>
            <gpxtpx:hr>173</gpxtpx:hr>
          </gpxtpx:TrackPointExtension>
        </extensions>
      </trkpt>
      <trkpt lat="32.045829605663755" lon="118.60178824684321">
        <ele>17.4</ele>
        <time>2026-08-05T12:56:44Z</time>
        <extensions>
          <gpxtpx:TrackPointExtension>
            <gpxtpx:hr>173</gpxtpx:hr>
          </gpxtpx:TrackPointExtension>
        </extensions>
      </trkpt>
      <trkpt lat="32.0458316053252" lon="118.60179024591717">
        <ele>17.4</ele>
        <time>2026-08-05T12:56:45Z</time>
        <extensions>
          <gpxtpx:TrackPointExtension>
            <gpxtpx:hr>173</gpxtpx:hr>
          </gpxtpx:TrackPointExtension>
        </extensions>
      </trkpt>
      <trkpt lat="32.04582459546624" lon="118.60181123870285">
        <ele>17.4</ele>
        <time>2026-08-05T12:56:46Z</time>
        <extensions>
          <gpxtpx:TrackPointExtension>
            <gpxtpx:hr>173</gpxtpx:hr>
          </gpxtpx:TrackPointExtension>
        </extensions>
      </trkpt>
      <trkpt lat="32.045805580119456" lon="118.60183922992007">
        <ele>17.6</ele>
        <time>2026-08-05T12:56:47Z</time>
        <extensions>
          <gpxtpx:TrackPointExtension>
            <gpxtpx:hr>172</gpxtpx:hr>
          </gpxtpx:TrackPointExtension>
        </extensions>
      </trkpt>
      <trkpt lat="32.045778565721776" lon="118.60186022445548">
        <ele>17.6</ele>
        <time>2026-08-05T12:56:48Z</time>
        <extensions>
          <gpxtpx:TrackPointExtension>
            <gpxtpx:hr>172</gpxtpx:hr>
          </gpxtpx:TrackPointExtension>
        </extensions>
      </trkpt>
      <trkpt lat="32.045748553415386" lon="118.60187422188079">
        <ele>17.6</ele>
        <time>2026-08-05T12:56:49Z</time>
        <extensions>
          <gpxtpx:TrackPointExtension>
            <gpxtpx:hr>172</gpxtpx:hr>
          </gpxtpx:TrackPointExtension>
        </extensions>
      </trkpt>
      <trkpt lat="32.04571754087584" lon="118.6018882193864">
        <ele>17.6</ele>
        <time>2026-08-05T12:56:50Z</time>
        <extensions>
          <gpxtpx:TrackPointExtension>
            <gpxtpx:hr>172</gpxtpx:hr>
          </gpxtpx:TrackPointExtension>
        </extensions>
      </trkpt>
      <trkpt lat="32.04568752815398" lon="118.60190321641358">
        <ele>17.6</ele>
        <time>2026-08-05T12:56:51Z</time>
        <extensions>
          <gpxtpx:TrackPointExtension>
            <gpxtpx:hr>172</gpxtpx:hr>
          </gpxtpx:TrackPointExtension>
        </extensions>
      </trkpt>
      <trkpt lat="32.045658514848455" lon="118.6019202125806">
        <ele>17.7</ele>
        <time>2026-08-05T12:56:52Z</time>
        <extensions>
          <gpxtpx:TrackPointExtension>
            <gpxtpx:hr>173</gpxtpx:hr>
          </gpxtpx:TrackPointExtension>
        </extensions>
      </trkpt>
      <trkpt lat="32.04562950193094" lon="118.60193620911355">
        <ele>17.7</ele>
        <time>2026-08-05T12:56:53Z</time>
        <extensions>
          <gpxtpx:TrackPointExtension>
            <gpxtpx:hr>173</gpxtpx:hr>
          </gpxtpx:TrackPointExtension>
        </extensions>
      </trkpt>
      <trkpt lat="32.04559748912966" lon="118.60195020666602">
        <ele>17.7</ele>
        <time>2026-08-05T12:56:54Z</time>
        <extensions>
          <gpxtpx:TrackPointExtension>
            <gpxtpx:hr>173</gpxtpx:hr>
          </gpxtpx:TrackPointExtension>
        </extensions>
      </trkpt>
      <trkpt lat="32.04556447569382" lon="118.60196520391706">
        <ele>17.7</ele>
        <time>2026-08-05T12:56:55Z</time>
        <extensions>
          <gpxtpx:TrackPointExtension>
            <gpxtpx:hr>173</gpxtpx:hr>
          </gpxtpx:TrackPointExtension>
        </extensions>
      </trkpt>
      <trkpt lat="32.045532460462724" lon="118.6019851991538">
        <ele>17.7</ele>
        <time>2026-08-05T12:56:56Z</time>
        <extensions>
          <gpxtpx:TrackPointExtension>
            <gpxtpx:hr>173</gpxtpx:hr>
          </gpxtpx:TrackPointExtension>
        </extensions>
      </trkpt>
      <trkpt lat="32.04550544674213" lon="118.60200419430413">
        <ele>17.8</ele>
        <time>2026-08-05T12:56:57Z</time>
        <extensions>
          <gpxtpx:TrackPointExtension>
            <gpxtpx:hr>171</gpxtpx:hr>
          </gpxtpx:TrackPointExtension>
        </extensions>
      </trkpt>
      <trkpt lat="32.04549644068634" lon="118.60201419127525">
        <ele>17.8</ele>
        <time>2026-08-05T12:56:58Z</time>
        <extensions>
          <gpxtpx:TrackPointExtension>
            <gpxtpx:hr>171</gpxtpx:hr>
          </gpxtpx:TrackPointExtension>
        </extensions>
      </trkpt>
      <trkpt lat="32.04547843381387" lon="118.60202119020565">
        <ele>17.8</ele>
        <time>2026-08-05T12:56:59Z</time>
        <extensions>
          <gpxtpx:TrackPointExtension>
            <gpxtpx:hr>171</gpxtpx:hr>
          </gpxtpx:TrackPointExtension>
        </extensions>
      </trkpt>
      <trkpt lat="32.045449422041" lon="118.60203418781398">
        <ele>17.8</ele>
        <time>2026-08-05T12:57:00Z</time>
        <extensions>
          <gpxtpx:TrackPointExtension>
            <gpxtpx:hr>171</gpxtpx:hr>
          </gpxtpx:TrackPointExtension>
        </extensions>
      </trkpt>
      <trkpt lat="32.045423407696006" lon="118.60205518205564">
        <ele>17.8</ele>
        <time>2026-08-05T12:57:01Z</time>
        <extensions>
          <gpxtpx:TrackPointExtension>
            <gpxtpx:hr>171</gpxtpx:hr>
          </gpxtpx:TrackPointExtension>
        </extensions>
      </trkpt>
      <trkpt lat="32.045396395137075" lon="118.60207117830109">
        <ele>17.8</ele>
        <time>2026-08-05T12:57:02Z</time>
        <extensions>
          <gpxtpx:TrackPointExtension>
            <gpxtpx:hr>172</gpxtpx:hr>
          </gpxtpx:TrackPointExtension>
        </extensions>
      </trkpt>
      <trkpt lat="32.04537838581051" lon="118.6020841748866">
        <ele>17.8</ele>
        <time>2026-08-05T12:57:03Z</time>
        <extensions>
          <gpxtpx:TrackPointExtension>
            <gpxtpx:hr>172</gpxtpx:hr>
          </gpxtpx:TrackPointExtension>
        </extensions>
      </trkpt>
      <trkpt lat="32.045376376819" lon="118.60210516691491">
        <ele>17.8</ele>
        <time>2026-08-05T12:57:04Z</time>
        <extensions>
          <gpxtpx:TrackPointExtension>
            <gpxtpx:hr>172</gpxtpx:hr>
          </gpxtpx:TrackPointExtension>
        </extensions>
      </trkpt>
      <trkpt lat="32.045371368766425" lon="118.60212216075006">
        <ele>17.8</ele>
        <time>2026-08-05T12:57:05Z</time>
        <extensions>
          <gpxtpx:TrackPointExtension>
            <gpxtpx:hr>172</gpxtpx:hr>
          </gpxtpx:TrackPointExtension>
        </extensions>
      </trkpt>
      <trkpt lat="32.04535336022904" lon="118.60213315808289">
        <ele>17.8</ele>
        <time>2026-08-05T12:57:06Z</time>
        <extensions>
          <gpxtpx:TrackPointExtension>
            <gpxtpx:hr>172</gpxtpx:hr>
          </gpxtpx:TrackPointExtension>
        </extensions>
      </trkpt>
      <trkpt lat="32.045320347904216" lon="118.6021451563698">
        <ele>17.7</ele>
        <time>2026-08-05T12:57:07Z</time>
        <extensions>
          <gpxtpx:TrackPointExtension>
            <gpxtpx:hr>172</gpxtpx:hr>
          </gpxtpx:TrackPointExtension>
        </extensions>
      </trkpt>
      <trkpt lat="32.04528233362985" lon="118.60215915431709">
        <ele>17.7</ele>
        <time>2026-08-05T12:57:08Z</time>
        <extensions>
          <gpxtpx:TrackPointExtension>
            <gpxtpx:hr>172</gpxtpx:hr>
          </gpxtpx:TrackPointExtension>
        </extensions>
      </trkpt>
      <trkpt lat="32.045251319281135" lon="118.60217715005562">
        <ele>17.7</ele>
        <time>2026-08-05T12:57:09Z</time>
        <extensions>
          <gpxtpx:TrackPointExtension>
            <gpxtpx:hr>172</gpxtpx:hr>
          </gpxtpx:TrackPointExtension>
        </extensions>
      </trkpt>
      <trkpt lat="32.04522330600445" lon="118.60219414590105">
        <ele>17.7</ele>
        <time>2026-08-05T12:57:10Z</time>
        <extensions>
          <gpxtpx:TrackPointExtension>
            <gpxtpx:hr>172</gpxtpx:hr>
          </gpxtpx:TrackPointExtension>
        </extensions>
      </trkpt>
      <trkpt lat="32.045202295936114" lon="118.60220714267729">
        <ele>17.7</ele>
        <time>2026-08-05T12:57:11Z</time>
        <extensions>
          <gpxtpx:TrackPointExtension>
            <gpxtpx:hr>172</gpxtpx:hr>
          </gpxtpx:TrackPointExtension>
        </extensions>
      </trkpt>
      <trkpt lat="32.045177283312796" lon="118.60222413822727">
        <ele>17.6</ele>
        <time>2026-08-05T12:57:12Z</time>
        <extensions>
          <gpxtpx:TrackPointExtension>
            <gpxtpx:hr>172</gpxtpx:hr>
          </gpxtpx:TrackPointExtension>
        </extensions>
      </trkpt>
      <trkpt lat="32.045150267749825" lon="118.60224713156937">
        <ele>17.6</ele>
        <time>2026-08-05T12:57:13Z</time>
        <extensions>
          <gpxtpx:TrackPointExtension>
            <gpxtpx:hr>172</gpxtpx:hr>
          </gpxtpx:TrackPointExtension>
        </extensions>
      </trkpt>
      <trkpt lat="32.04512124881571" lon="118.60227712228583">
        <ele>17.6</ele>
        <time>2026-08-05T12:57:14Z</time>
        <extensions>
          <gpxtpx:TrackPointExtension>
            <gpxtpx:hr>172</gpxtpx:hr>
          </gpxtpx:TrackPointExtension>
        </extensions>
      </trkpt>
      <trkpt lat="32.04508423012175" lon="118.60230211567105">
        <ele>17.6</ele>
        <time>2026-08-05T12:57:15Z</time>
        <extensions>
          <gpxtpx:TrackPointExtension>
            <gpxtpx:hr>172</gpxtpx:hr>
          </gpxtpx:TrackPointExtension>
        </extensions>
      </trkpt>
      <trkpt lat="32.04505622091442" lon="118.60230911540181">
        <ele>17.6</ele>
        <time>2026-08-05T12:57:16Z</time>
        <extensions>
          <gpxtpx:TrackPointExtension>
            <gpxtpx:hr>172</gpxtpx:hr>
          </gpxtpx:TrackPointExtension>
        </extensions>
      </trkpt>
      <trkpt lat="32.04504621949596" lon="118.60230711709983">
        <ele>17.2</ele>
        <time>2026-08-05T12:57:17Z</time>
        <extensions>
          <gpxtpx:TrackPointExtension>
            <gpxtpx:hr>171</gpxtpx:hr>
          </gpxtpx:TrackPointExtension>
        </extensions>
      </trkpt>
      <trkpt lat="32.04504821703601" lon="118.60231411412742">
        <ele>17.2</ele>
        <time>2026-08-05T12:57:18Z</time>
        <extensions>
          <gpxtpx:TrackPointExtension>
            <gpxtpx:hr>171</gpxtpx:hr>
          </gpxtpx:TrackPointExtension>
        </extensions>
      </trkpt>
      <trkpt lat="32.045046209927314" lon="118.60233010791593">
        <ele>17.2</ele>
        <time>2026-08-05T12:57:19Z</time>
        <extensions>
          <gpxtpx:TrackPointExtension>
            <gpxtpx:hr>171</gpxtpx:hr>
          </gpxtpx:TrackPointExtension>
        </extensions>
      </trkpt>
      <trkpt lat="32.045033199916176" lon="118.60234710228157">
        <ele>17.2</ele>
        <time>2026-08-05T12:57:20Z</time>
        <extensions>
          <gpxtpx:TrackPointExtension>
            <gpxtpx:hr>171</gpxtpx:hr>
          </gpxtpx:TrackPointExtension>
        </extensions>
      </trkpt>
      <trkpt lat="32.04500118728986" lon="118.60236009994965">
        <ele>17.2</ele>
        <time>2026-08-05T12:57:21Z</time>
        <extensions>
          <gpxtpx:TrackPointExtension>
            <gpxtpx:hr>171</gpxtpx:hr>
          </gpxtpx:TrackPointExtension>
        </extensions>
      </trkpt>
      <trkpt lat="32.04496117536539" lon="118.60236710074082">
        <ele>17.0</ele>
        <time>2026-08-05T12:57:22Z</time>
        <extensions>
          <gpxtpx:TrackPointExtension>
            <gpxtpx:hr>171</gpxtpx:hr>
          </gpxtpx:TrackPointExtension>
        </extensions>
      </trkpt>
      <trkpt lat="32.04492716311486" lon="118.60237809938069">
        <ele>17.0</ele>
        <time>2026-08-05T12:57:23Z</time>
        <extensions>
          <gpxtpx:TrackPointExtension>
            <gpxtpx:hr>171</gpxtpx:hr>
          </gpxtpx:TrackPointExtension>
        </extensions>
      </trkpt>
      <trkpt lat="32.04489915053296" lon="118.60239309586268">
        <ele>17.0</ele>
        <time>2026-08-05T12:57:24Z</time>
        <extensions>
          <gpxtpx:TrackPointExtension>
            <gpxtpx:hr>171</gpxtpx:hr>
          </gpxtpx:TrackPointExtension>
        </extensions>
      </trkpt>
      <trkpt lat="32.04487213816659" lon="118.60240809224346">
        <ele>17.0</ele>
        <time>2026-08-05T12:57:25Z</time>
        <extensions>
          <gpxtpx:TrackPointExtension>
            <gpxtpx:hr>171</gpxtpx:hr>
          </gpxtpx:TrackPointExtension>
        </extensions>
      </trkpt>
      <trkpt lat="32.04484612601575" lon="118.60242308852305">
        <ele>17.0</ele>
        <time>2026-08-05T12:57:26Z</time>
        <extensions>
          <gpxtpx:TrackPointExtension>
            <gpxtpx:hr>171</gpxtpx:hr>
          </gpxtpx:TrackPointExtension>
        </extensions>
      </trkpt>
      <trkpt lat="32.04482211430548" lon="118.6024380846114">
        <ele>16.6</ele>
        <time>2026-08-05T12:57:27Z</time>
        <extensions>
          <gpxtpx:TrackPointExtension>
            <gpxtpx:hr>171</gpxtpx:hr>
          </gpxtpx:TrackPointExtension>
        </extensions>
      </trkpt>
      <trkpt lat="32.04479810342889" lon="118.60245108150043">
        <ele>16.6</ele>
        <time>2026-08-05T12:57:28Z</time>
        <extensions>
          <gpxtpx:TrackPointExtension>
            <gpxtpx:hr>171</gpxtpx:hr>
          </gpxtpx:TrackPointExtension>
        </extensions>
      </trkpt>
      <trkpt lat="32.04477509192602" lon="118.60246607747793">
        <ele>16.6</ele>
        <time>2026-08-05T12:57:29Z</time>
        <extensions>
          <gpxtpx:TrackPointExtension>
            <gpxtpx:hr>171</gpxtpx:hr>
          </gpxtpx:TrackPointExtension>
        </extensions>
      </trkpt>
      <trkpt lat="32.04475107892027" lon="118.60248407231202">
        <ele>16.6</ele>
        <time>2026-08-05T12:57:30Z</time>
      </trkpt>
      <trkpt lat="32.0447260673701" lon="118.6024980688533">
        <ele>16.6</ele>
        <time>2026-08-05T12:57:31Z</time>
      </trkpt>
      <trkpt lat="32.04470105708359" lon="118.60250906661132">
        <ele>16.6</ele>
        <time>2026-08-05T12:57:32Z</time>
      </trkpt>
      <trkpt lat="32.04467604551867" lon="118.60252306313527">
        <ele>16.6</ele>
        <time>2026-08-05T12:57:33Z</time>
      </trkpt>
      <trkpt lat="32.044651033520424" lon="118.60253805923934">
        <ele>16.6</ele>
        <time>2026-08-05T12:57:34Z</time>
      </trkpt>
      <trkpt lat="32.044630021987246" lon="118.60255405456115">
        <ele>16.6</ele>
        <time>2026-08-05T12:57:35Z</time>
      </trkpt>
      <trkpt lat="32.04460400889162" lon="118.60257104990873">
        <ele>16.6</ele>
        <time>2026-08-05T12:57:36Z</time>
      </trkpt>
      <trkpt lat="32.044568992903805" lon="118.60259004522705">
        <ele>16.6</ele>
        <time>2026-08-05T12:57:37Z</time>
      </trkpt>
      <trkpt lat="32.04453397690082" lon="118.60260904052747">
        <ele>16.6</ele>
        <time>2026-08-05T12:57:38Z</time>
      </trkpt>
      <trkpt lat="32.04451296703463" lon="118.60262103745059">
        <ele>16.6</ele>
        <time>2026-08-05T12:57:39Z</time>
      </trkpt>
      <trkpt lat="32.04450796376601" lon="118.60262603582878">
        <ele>16.6</ele>
        <time>2026-08-05T12:57:40Z</time>
        <extensions>
          <gpxtpx:TrackPointExtension>
            <gpxtpx:hr>171</gpxtpx:hr>
          </gpxtpx:TrackPointExtension>
        </extensions>
      </trkpt>
      <trkpt lat="32.04450096090399" lon="118.60262903521529">
        <ele>16.6</ele>
        <time>2026-08-05T12:57:41Z</time>
        <extensions>
          <gpxtpx:TrackPointExtension>
            <gpxtpx:hr>171</gpxtpx:hr>
          </gpxtpx:TrackPointExtension>
        </extensions>
      </trkpt>
      <trkpt lat="32.04447294945207" lon="118.60264103275686">
        <ele>16.6</ele>
        <time>2026-08-05T12:57:42Z</time>
        <extensions>
          <gpxtpx:TrackPointExtension>
            <gpxtpx:hr>171</gpxtpx:hr>
          </gpxtpx:TrackPointExtension>
        </extensions>
      </trkpt>
      <trkpt lat="32.04443793168742" lon="118.60266402634409">
        <ele>16.6</ele>
        <time>2026-08-05T12:57:43Z</time>
        <extensions>
          <gpxtpx:TrackPointExtension>
            <gpxtpx:hr>171</gpxtpx:hr>
          </gpxtpx:TrackPointExtension>
        </extensions>
      </trkpt>
      <trkpt lat="32.04440691436982" lon="118.60268801912737">
        <ele>16.6</ele>
        <time>2026-08-05T12:57:44Z</time>
        <extensions>
          <gpxtpx:TrackPointExtension>
            <gpxtpx:hr>171</gpxtpx:hr>
          </gpxtpx:TrackPointExtension>
        </extensions>
      </trkpt>
      <trkpt lat="32.04437989922538" lon="118.60270901277812">
        <ele>16.1</ele>
        <time>2026-08-05T12:57:45Z</time>
        <extensions>
          <gpxtpx:TrackPointExtension>
            <gpxtpx:hr>171</gpxtpx:hr>
          </gpxtpx:TrackPointExtension>
        </extensions>
      </trkpt>
      <trkpt lat="32.044354885378816" lon="118.60272800706622">
        <ele>16.1</ele>
        <time>2026-08-05T12:57:46Z</time>
        <extensions>
          <gpxtpx:TrackPointExtension>
            <gpxtpx:hr>171</gpxtpx:hr>
          </gpxtpx:TrackPointExtension>
        </extensions>
      </trkpt>
      <trkpt lat="32.04432987151722" lon="118.6027470013365">
        <ele>16.1</ele>
        <time>2026-08-05T12:57:47Z</time>
        <extensions>
          <gpxtpx:TrackPointExtension>
            <gpxtpx:hr>171</gpxtpx:hr>
          </gpxtpx:TrackPointExtension>
        </extensions>
      </trkpt>
      <trkpt lat="32.04431186182288" lon="118.60275999748643">
        <ele>16.1</ele>
        <time>2026-08-05T12:57:48Z</time>
        <extensions>
          <gpxtpx:TrackPointExtension>
            <gpxtpx:hr>171</gpxtpx:hr>
          </gpxtpx:TrackPointExtension>
        </extensions>
      </trkpt>
      <trkpt lat="32.04429185167121" lon="118.6027729938081">
        <ele>16.1</ele>
        <time>2026-08-05T12:57:49Z</time>
        <extensions>
          <gpxtpx:TrackPointExtension>
            <gpxtpx:hr>171</gpxtpx:hr>
          </gpxtpx:TrackPointExtension>
        </extensions>
      </trkpt>
      <trkpt lat="32.04426984062685" lon="118.60278698987906">
        <ele>16.1</ele>
        <time>2026-08-05T12:57:50Z</time>
        <extensions>
          <gpxtpx:TrackPointExtension>
            <gpxtpx:hr>171</gpxtpx:hr>
          </gpxtpx:TrackPointExtension>
        </extensions>
      </trkpt>
      <trkpt lat="32.04424482846288" lon="118.60280198578724">
        <ele>16.1</ele>
        <time>2026-08-05T12:57:51Z</time>
        <extensions>
          <gpxtpx:TrackPointExtension>
            <gpxtpx:hr>171</gpxtpx:hr>
          </gpxtpx:TrackPointExtension>
        </extensions>
      </trkpt>
      <trkpt lat="32.04421781671234" lon="118.60281498271229">
        <ele>16.1</ele>
        <time>2026-08-05T12:57:52Z</time>
        <extensions>
          <gpxtpx:TrackPointExtension>
            <gpxtpx:hr>171</gpxtpx:hr>
          </gpxtpx:TrackPointExtension>
        </extensions>
      </trkpt>
      <trkpt lat="32.04418980385529" lon="118.60282997886986">
        <ele>16.1</ele>
        <time>2026-08-05T12:57:53Z</time>
        <extensions>
          <gpxtpx:TrackPointExtension>
            <gpxtpx:hr>173</gpxtpx:hr>
          </gpxtpx:TrackPointExtension>
        </extensions>
      </trkpt>
      <trkpt lat="32.044163791001324" lon="118.60284597441085">
        <ele>16.1</ele>
        <time>2026-08-05T12:57:54Z</time>
        <extensions>
          <gpxtpx:TrackPointExtension>
            <gpxtpx:hr>173</gpxtpx:hr>
          </gpxtpx:TrackPointExtension>
        </extensions>
      </trkpt>
      <trkpt lat="32.044138778800274" lon="118.60286097027533">
        <ele>16.1</ele>
        <time>2026-08-05T12:57:55Z</time>
        <extensions>
          <gpxtpx:TrackPointExtension>
            <gpxtpx:hr>173</gpxtpx:hr>
          </gpxtpx:TrackPointExtension>
        </extensions>
      </trkpt>
      <trkpt lat="32.044112765925576" lon="118.60287696579182">
        <ele>16.1</ele>
        <time>2026-08-05T12:57:56Z</time>
        <extensions>
          <gpxtpx:TrackPointExtension>
            <gpxtpx:hr>173</gpxtpx:hr>
          </gpxtpx:TrackPointExtension>
        </extensions>
      </trkpt>
      <trkpt lat="32.04408575325473" lon="118.60289196181343">
        <ele>16.1</ele>
        <time>2026-08-05T12:57:57Z</time>
        <extensions>
          <gpxtpx:TrackPointExtension>
            <gpxtpx:hr>173</gpxtpx:hr>
          </gpxtpx:TrackPointExtension>
        </extensions>
      </trkpt>
      <trkpt lat="32.04405974035927" lon="118.60290795730542">
        <ele>16.1</ele>
        <time>2026-08-05T12:57:58Z</time>
        <extensions>
          <gpxtpx:TrackPointExtension>
            <gpxtpx:hr>173</gpxtpx:hr>
          </gpxtpx:TrackPointExtension>
        </extensions>
      </trkpt>
      <trkpt lat="32.04403372745313" lon="118.60292395278479">
        <ele>16.1</ele>
        <time>2026-08-05T12:57:59Z</time>
        <extensions>
          <gpxtpx:TrackPointExtension>
            <gpxtpx:hr>173</gpxtpx:hr>
          </gpxtpx:TrackPointExtension>
        </extensions>
      </trkpt>
      <trkpt lat="32.04400571320244" lon="118.60294194757141">
        <ele>16.1</ele>
        <time>2026-08-05T12:58:00Z</time>
        <extensions>
          <gpxtpx:TrackPointExtension>
            <gpxtpx:hr>173</gpxtpx:hr>
          </gpxtpx:TrackPointExtension>
        </extensions>
      </trkpt>
      <trkpt lat="32.04398570206722" lon="118.60295694291455">
        <ele>16.1</ele>
        <time>2026-08-05T12:58:01Z</time>
        <extensions>
          <gpxtpx:TrackPointExtension>
            <gpxtpx:hr>173</gpxtpx:hr>
          </gpxtpx:TrackPointExtension>
        </extensions>
      </trkpt>
      <trkpt lat="32.0439616900218" lon="118.60297193860679">
        <ele>16.1</ele>
        <time>2026-08-05T12:58:02Z</time>
        <extensions>
          <gpxtpx:TrackPointExtension>
            <gpxtpx:hr>173</gpxtpx:hr>
          </gpxtpx:TrackPointExtension>
        </extensions>
      </trkpt>
      <trkpt lat="32.04393667729815" lon="118.60298793394554">
        <ele>15.9</ele>
        <time>2026-08-05T12:58:03Z</time>
        <extensions>
          <gpxtpx:TrackPointExtension>
            <gpxtpx:hr>172</gpxtpx:hr>
          </gpxtpx:TrackPointExtension>
        </extensions>
      </trkpt>
      <trkpt lat="32.04391066389424" lon="118.6030049289285">
        <ele>15.9</ele>
        <time>2026-08-05T12:58:04Z</time>
        <extensions>
          <gpxtpx:TrackPointExtension>
            <gpxtpx:hr>172</gpxtpx:hr>
          </gpxtpx:TrackPointExtension>
        </extensions>
      </trkpt>
      <trkpt lat="32.043883650253065" lon="118.60302192398726">
        <ele>15.9</ele>
        <time>2026-08-05T12:58:05Z</time>
        <extensions>
          <gpxtpx:TrackPointExtension>
            <gpxtpx:hr>172</gpxtpx:hr>
          </gpxtpx:TrackPointExtension>
        </extensions>
      </trkpt>
      <trkpt lat="32.04385663704557" lon="118.60303791946666">
        <ele>15.9</ele>
        <time>2026-08-05T12:58:06Z</time>
        <extensions>
          <gpxtpx:TrackPointExtension>
            <gpxtpx:hr>172</gpxtpx:hr>
          </gpxtpx:TrackPointExtension>
        </extensions>
      </trkpt>
      <trkpt lat="32.04383062449899" lon="118.60305291527905">
        <ele>15.9</ele>
        <time>2026-08-05T12:58:07Z</time>
        <extensions>
          <gpxtpx:TrackPointExtension>
            <gpxtpx:hr>172</gpxtpx:hr>
          </gpxtpx:TrackPointExtension>
        </extensions>
      </trkpt>
      <trkpt lat="32.04380761261873" lon="118.6030679108102">
        <ele>15.4</ele>
        <time>2026-08-05T12:58:08Z</time>
        <extensions>
          <gpxtpx:TrackPointExtension>
            <gpxtpx:hr>172</gpxtpx:hr>
          </gpxtpx:TrackPointExtension>
        </extensions>
      </trkpt>
      <trkpt lat="32.0437816009484" lon="118.6030809074745">
        <ele>15.4</ele>
        <time>2026-08-05T12:58:09Z</time>
        <extensions>
          <gpxtpx:TrackPointExtension>
            <gpxtpx:hr>172</gpxtpx:hr>
          </gpxtpx:TrackPointExtension>
        </extensions>
      </trkpt>
      <trkpt lat="32.04375258859522" lon="118.60309390440062">
        <ele>15.4</ele>
        <time>2026-08-05T12:58:10Z</time>
        <extensions>
          <gpxtpx:TrackPointExtension>
            <gpxtpx:hr>172</gpxtpx:hr>
          </gpxtpx:TrackPointExtension>
        </extensions>
      </trkpt>
      <trkpt lat="32.04373157803699" lon="118.60310690059802">
        <ele>15.4</ele>
        <time>2026-08-05T12:58:11Z</time>
        <extensions>
          <gpxtpx:TrackPointExtension>
            <gpxtpx:hr>172</gpxtpx:hr>
          </gpxtpx:TrackPointExtension>
        </extensions>
      </trkpt>
      <trkpt lat="32.04371156590026" lon="118.60312389494096">
        <ele>15.4</ele>
        <time>2026-08-05T12:58:12Z</time>
        <extensions>
          <gpxtpx:TrackPointExtension>
            <gpxtpx:hr>172</gpxtpx:hr>
          </gpxtpx:TrackPointExtension>
        </extensions>
      </trkpt>
      <trkpt lat="32.04368455262461" lon="118.6031398903399">
        <ele>15.1</ele>
        <time>2026-08-05T12:58:13Z</time>
        <extensions>
          <gpxtpx:TrackPointExtension>
            <gpxtpx:hr>172</gpxtpx:hr>
          </gpxtpx:TrackPointExtension>
        </extensions>
      </trkpt>
      <trkpt lat="32.04365754023934" lon="118.60315388660754">
        <ele>15.1</ele>
        <time>2026-08-05T12:58:14Z</time>
        <extensions>
          <gpxtpx:TrackPointExtension>
            <gpxtpx:hr>172</gpxtpx:hr>
          </gpxtpx:TrackPointExtension>
        </extensions>
      </trkpt>
      <trkpt lat="32.04363653100149" lon="118.60316388409004">
        <ele>15.1</ele>
        <time>2026-08-05T12:58:15Z</time>
        <extensions>
          <gpxtpx:TrackPointExtension>
            <gpxtpx:hr>172</gpxtpx:hr>
          </gpxtpx:TrackPointExtension>
        </extensions>
      </trkpt>
      <trkpt lat="32.04360852108497" lon="118.603171883081">
        <ele>15.1</ele>
        <time>2026-08-05T12:58:16Z</time>
        <extensions>
          <gpxtpx:TrackPointExtension>
            <gpxtpx:hr>172</gpxtpx:hr>
          </gpxtpx:TrackPointExtension>
        </extensions>
      </trkpt>
      <trkpt lat="32.043577512295684" lon="118.60317588410612">
        <ele>15.1</ele>
        <time>2026-08-05T12:58:17Z</time>
        <extensions>
          <gpxtpx:TrackPointExtension>
            <gpxtpx:hr>172</gpxtpx:hr>
          </gpxtpx:TrackPointExtension>
        </extensions>
      </trkpt>
      <trkpt lat="32.043546504860025" lon="118.60317688645587">
        <ele>15.0</ele>
        <time>2026-08-05T12:58:18Z</time>
        <extensions>
          <gpxtpx:TrackPointExtension>
            <gpxtpx:hr>171</gpxtpx:hr>
          </gpxtpx:TrackPointExtension>
        </extensions>
      </trkpt>
      <trkpt lat="32.04351549968099" lon="118.60317289101388">
        <ele>15.0</ele>
        <time>2026-08-05T12:58:19Z</time>
        <extensions>
          <gpxtpx:TrackPointExtension>
            <gpxtpx:hr>171</gpxtpx:hr>
          </gpxtpx:TrackPointExtension>
        </extensions>
      </trkpt>
      <trkpt lat="32.04348449675613" lon="118.60316389777721">
        <ele>15.0</ele>
        <time>2026-08-05T12:58:20Z</time>
        <extensions>
          <gpxtpx:TrackPointExtension>
            <gpxtpx:hr>171</gpxtpx:hr>
          </gpxtpx:TrackPointExtension>
        </extensions>
      </trkpt>
      <trkpt lat="32.043454496305195" lon="118.60314990664914">
        <ele>15.0</ele>
        <time>2026-08-05T12:58:21Z</time>
        <extensions>
          <gpxtpx:TrackPointExtension>
            <gpxtpx:hr>171</gpxtpx:hr>
          </gpxtpx:TrackPointExtension>
        </extensions>
      </trkpt>
      <trkpt lat="32.04343149922198" lon="118.60313191663954">
        <ele>15.0</ele>
        <time>2026-08-05T12:58:22Z</time>
        <extensions>
          <gpxtpx:TrackPointExtension>
            <gpxtpx:hr>171</gpxtpx:hr>
          </gpxtpx:TrackPointExtension>
        </extensions>
      </trkpt>
      <trkpt lat="32.043412505270375" lon="118.60310892844633">
        <ele>14.7</ele>
        <time>2026-08-05T12:58:23Z</time>
        <extensions>
          <gpxtpx:TrackPointExtension>
            <gpxtpx:hr>171</gpxtpx:hr>
          </gpxtpx:TrackPointExtension>
        </extensions>
      </trkpt>
      <trkpt lat="32.043396513763405" lon="118.60308194170551">
        <ele>14.7</ele>
        <time>2026-08-05T12:58:24Z</time>
        <extensions>
          <gpxtpx:TrackPointExtension>
            <gpxtpx:hr>171</gpxtpx:hr>
          </gpxtpx:TrackPointExtension>
        </extensions>
      </trkpt>
      <trkpt lat="32.04338352379516" lon="118.60305295552993">
        <ele>14.7</ele>
        <time>2026-08-05T12:58:25Z</time>
        <extensions>
          <gpxtpx:TrackPointExtension>
            <gpxtpx:hr>171</gpxtpx:hr>
          </gpxtpx:TrackPointExtension>
        </extensions>
      </trkpt>
      <trkpt lat="32.04337153579787" lon="118.60301997095922">
        <ele>14.7</ele>
        <time>2026-08-05T12:58:26Z</time>
        <extensions>
          <gpxtpx:TrackPointExtension>
            <gpxtpx:hr>171</gpxtpx:hr>
          </gpxtpx:TrackPointExtension>
        </extensions>
      </trkpt>
      <trkpt lat="32.043365547776716" lon="118.60298998449717">
        <ele>14.7</ele>
        <time>2026-08-05T12:58:27Z</time>
        <extensions>
          <gpxtpx:TrackPointExtension>
            <gpxtpx:hr>171</gpxtpx:hr>
          </gpxtpx:TrackPointExtension>
        </extensions>
      </trkpt>
      <trkpt lat="32.04336256127948" lon="118.60295799858255">
        <ele>14.2</ele>
        <time>2026-08-05T12:58:28Z</time>
        <extensions>
          <gpxtpx:TrackPointExtension>
            <gpxtpx:hr>171</gpxtpx:hr>
          </gpxtpx:TrackPointExtension>
        </extensions>
      </trkpt>
      <trkpt lat="32.0433615760729" lon="118.6029240132959">
        <ele>14.2</ele>
        <time>2026-08-05T12:58:29Z</time>
        <extensions>
          <gpxtpx:TrackPointExtension>
            <gpxtpx:hr>171</gpxtpx:hr>
          </gpxtpx:TrackPointExtension>
        </extensions>
      </trkpt>
      <trkpt lat="32.043360591258306" lon="118.60288902837974">
        <ele>14.2</ele>
        <time>2026-08-05T12:58:30Z</time>
        <extensions>
          <gpxtpx:TrackPointExtension>
            <gpxtpx:hr>171</gpxtpx:hr>
          </gpxtpx:TrackPointExtension>
        </extensions>
      </trkpt>
      <trkpt lat="32.04335960551688" lon="118.60285604255138">
        <ele>14.2</ele>
        <time>2026-08-05T12:58:31Z</time>
        <extensions>
          <gpxtpx:TrackPointExtension>
            <gpxtpx:hr>171</gpxtpx:hr>
          </gpxtpx:TrackPointExtension>
        </extensions>
      </trkpt>
      <trkpt lat="32.04335661709503" lon="118.60282805472734">
        <ele>14.2</ele>
        <time>2026-08-05T12:58:32Z</time>
        <extensions>
          <gpxtpx:TrackPointExtension>
            <gpxtpx:hr>171</gpxtpx:hr>
          </gpxtpx:TrackPointExtension>
        </extensions>
      </trkpt>
      <trkpt lat="32.043351629933525" lon="118.6027960687368">
        <ele>14.0</ele>
        <time>2026-08-05T12:58:33Z</time>
        <extensions>
          <gpxtpx:TrackPointExtension>
            <gpxtpx:hr>170</gpxtpx:hr>
          </gpxtpx:TrackPointExtension>
        </extensions>
      </trkpt>
      <trkpt lat="32.04334564424184" lon="118.60276008447069">
        <ele>14.0</ele>
        <time>2026-08-05T12:58:34Z</time>
        <extensions>
          <gpxtpx:TrackPointExtension>
            <gpxtpx:hr>170</gpxtpx:hr>
          </gpxtpx:TrackPointExtension>
        </extensions>
      </trkpt>
      <trkpt lat="32.04334265700831" lon="118.6027290977729">
        <ele>14.0</ele>
        <time>2026-08-05T12:58:35Z</time>
        <extensions>
          <gpxtpx:TrackPointExtension>
            <gpxtpx:hr>170</gpxtpx:hr>
          </gpxtpx:TrackPointExtension>
        </extensions>
      </trkpt>
      <trkpt lat="32.043344670861856" lon="118.60269811057735">
        <ele>14.0</ele>
        <time>2026-08-05T12:58:36Z</time>
        <extensions>
          <gpxtpx:TrackPointExtension>
            <gpxtpx:hr>170</gpxtpx:hr>
          </gpxtpx:TrackPointExtension>
        </extensions>
      </trkpt>
      <trkpt lat="32.04334868641756" lon="118.60266412440365">
        <ele>14.0</ele>
        <time>2026-08-05T12:58:37Z</time>
        <extensions>
          <gpxtpx:TrackPointExtension>
            <gpxtpx:hr>170</gpxtpx:hr>
          </gpxtpx:TrackPointExtension>
        </extensions>
      </trkpt>
      <trkpt lat="32.04335370086398" lon="118.60263313683829">
        <ele>13.7</ele>
        <time>2026-08-05T12:58:38Z</time>
        <extensions>
          <gpxtpx:TrackPointExtension>
            <gpxtpx:hr>169</gpxtpx:hr>
          </gpxtpx:TrackPointExtension>
        </extensions>
      </trkpt>
      <trkpt lat="32.04335771376196" lon="118.60260514807518">
        <ele>13.7</ele>
        <time>2026-08-05T12:58:39Z</time>
        <extensions>
          <gpxtpx:TrackPointExtension>
            <gpxtpx:hr>169</gpxtpx:hr>
          </gpxtpx:TrackPointExtension>
        </extensions>
      </trkpt>
      <trkpt lat="32.04335772828572" lon="118.60257116210518">
        <ele>13.7</ele>
        <time>2026-08-05T12:58:40Z</time>
        <extensions>
          <gpxtpx:TrackPointExtension>
            <gpxtpx:hr>169</gpxtpx:hr>
          </gpxtpx:TrackPointExtension>
        </extensions>
      </trkpt>
      <trkpt lat="32.04335674253639" lon="118.60253717616797">
        <ele>13.7</ele>
        <time>2026-08-05T12:58:41Z</time>
        <extensions>
          <gpxtpx:TrackPointExtension>
            <gpxtpx:hr>169</gpxtpx:hr>
          </gpxtpx:TrackPointExtension>
        </extensions>
      </trkpt>
      <trkpt lat="32.0433557558919" lon="118.60250518935656">
        <ele>13.7</ele>
        <time>2026-08-05T12:58:42Z</time>
        <extensions>
          <gpxtpx:TrackPointExtension>
            <gpxtpx:hr>169</gpxtpx:hr>
          </gpxtpx:TrackPointExtension>
        </extensions>
      </trkpt>
      <trkpt lat="32.04335677134512" lon="118.60246920394172">
        <ele>13.5</ele>
        <time>2026-08-05T12:58:43Z</time>
        <extensions>
          <gpxtpx:TrackPointExtension>
            <gpxtpx:hr>170</gpxtpx:hr>
          </gpxtpx:TrackPointExtension>
        </extensions>
      </trkpt>
      <trkpt lat="32.04335978509111" lon="118.60243821625713">
        <ele>13.5</ele>
        <time>2026-08-05T12:58:44Z</time>
        <extensions>
          <gpxtpx:TrackPointExtension>
            <gpxtpx:hr>170</gpxtpx:hr>
          </gpxtpx:TrackPointExtension>
        </extensions>
      </trkpt>
      <trkpt lat="32.04336079834667" lon="118.60240722870498">
        <ele>13.5</ele>
        <time>2026-08-05T12:58:45Z</time>
        <extensions>
          <gpxtpx:TrackPointExtension>
            <gpxtpx:hr>170</gpxtpx:hr>
          </gpxtpx:TrackPointExtension>
        </extensions>
      </trkpt>
      <trkpt lat="32.04336081175553" lon="118.60237524159736">
        <ele>13.5</ele>
        <time>2026-08-05T12:58:46Z</time>
        <extensions>
          <gpxtpx:TrackPointExtension>
            <gpxtpx:hr>170</gpxtpx:hr>
          </gpxtpx:TrackPointExtension>
        </extensions>
      </trkpt>
      <trkpt lat="32.04336082512202" lon="118.60234325443896">
        <ele>13.5</ele>
        <time>2026-08-05T12:58:47Z</time>
        <extensions>
          <gpxtpx:TrackPointExtension>
            <gpxtpx:hr>170</gpxtpx:hr>
          </gpxtpx:TrackPointExtension>
        </extensions>
      </trkpt>
      <trkpt lat="32.043362838896826" lon="118.60231126704969">
        <ele>13.5</ele>
        <time>2026-08-05T12:58:48Z</time>
        <extensions>
          <gpxtpx:TrackPointExtension>
            <gpxtpx:hr>171</gpxtpx:hr>
          </gpxtpx:TrackPointExtension>
        </extensions>
      </trkpt>
      <trkpt lat="32.04336185153879" lon="118.60228027948239">
        <ele>13.5</ele>
        <time>2026-08-05T12:58:49Z</time>
        <extensions>
          <gpxtpx:TrackPointExtension>
            <gpxtpx:hr>171</gpxtpx:hr>
          </gpxtpx:TrackPointExtension>
        </extensions>
      </trkpt>
      <trkpt lat="32.04335786346495" lon="118.6022492921375">
        <ele>13.5</ele>
        <time>2026-08-05T12:58:50Z</time>
        <extensions>
          <gpxtpx:TrackPointExtension>
            <gpxtpx:hr>171</gpxtpx:hr>
          </gpxtpx:TrackPointExtension>
        </extensions>
      </trkpt>
      <trkpt lat="32.04335687685098" lon="118.6022163052633">
        <ele>13.5</ele>
        <time>2026-08-05T12:58:51Z</time>
        <extensions>
          <gpxtpx:TrackPointExtension>
            <gpxtpx:hr>171</gpxtpx:hr>
          </gpxtpx:TrackPointExtension>
        </extensions>
      </trkpt>
      <trkpt lat="32.04335788941116" lon="118.60218631697704">
        <ele>13.5</ele>
        <time>2026-08-05T12:58:52Z</time>
        <extensions>
          <gpxtpx:TrackPointExtension>
            <gpxtpx:hr>171</gpxtpx:hr>
          </gpxtpx:TrackPointExtension>
        </extensions>
      </trkpt>
      <trkpt lat="32.0433579017087" lon="118.60215632873613">
        <ele>13.3</ele>
        <time>2026-08-05T12:58:53Z</time>
        <extensions>
          <gpxtpx:TrackPointExtension>
            <gpxtpx:hr>171</gpxtpx:hr>
          </gpxtpx:TrackPointExtension>
        </extensions>
      </trkpt>
      <trkpt lat="32.04335691619117" lon="118.60212034287805">
        <ele>13.3</ele>
        <time>2026-08-05T12:58:54Z</time>
        <extensions>
          <gpxtpx:TrackPointExtension>
            <gpxtpx:hr>171</gpxtpx:hr>
          </gpxtpx:TrackPointExtension>
        </extensions>
      </trkpt>
      <trkpt lat="32.043355928994345" lon="118.6020883554046">
        <ele>13.3</ele>
        <time>2026-08-05T12:58:55Z</time>
        <extensions>
          <gpxtpx:TrackPointExtension>
            <gpxtpx:hr>171</gpxtpx:hr>
          </gpxtpx:TrackPointExtension>
        </extensions>
      </trkpt>
      <trkpt lat="32.043354942565266" lon="118.60205436865267">
        <ele>13.3</ele>
        <time>2026-08-05T12:58:56Z</time>
        <extensions>
          <gpxtpx:TrackPointExtension>
            <gpxtpx:hr>171</gpxtpx:hr>
          </gpxtpx:TrackPointExtension>
        </extensions>
      </trkpt>
      <trkpt lat="32.043354956717224" lon="118.60201938213768">
        <ele>13.3</ele>
        <time>2026-08-05T12:58:57Z</time>
        <extensions>
          <gpxtpx:TrackPointExtension>
            <gpxtpx:hr>171</gpxtpx:hr>
          </gpxtpx:TrackPointExtension>
        </extensions>
      </trkpt>
      <trkpt lat="32.043357971494395" lon="118.60198439529165">
        <ele>13.2</ele>
        <time>2026-08-05T12:58:58Z</time>
        <extensions>
          <gpxtpx:TrackPointExtension>
            <gpxtpx:hr>172</gpxtpx:hr>
          </gpxtpx:TrackPointExtension>
        </extensions>
      </trkpt>
      <trkpt lat="32.04336198564456" lon="118.60195140753268">
        <ele>13.2</ele>
        <time>2026-08-05T12:58:59Z</time>
        <extensions>
          <gpxtpx:TrackPointExtension>
            <gpxtpx:hr>172</gpxtpx:hr>
          </gpxtpx:TrackPointExtension>
        </extensions>
      </trkpt>
      <trkpt lat="32.04336700077362" lon="118.60191642038819">
        <ele>13.2</ele>
        <time>2026-08-05T12:59:00Z</time>
        <extensions>
          <gpxtpx:TrackPointExtension>
            <gpxtpx:hr>172</gpxtpx:hr>
          </gpxtpx:TrackPointExtension>
        </extensions>
      </trkpt>
      <trkpt lat="32.04337201624969" lon="118.60188043356027">
        <ele>13.2</ele>
        <time>2026-08-05T12:59:01Z</time>
        <extensions>
          <gpxtpx:TrackPointExtension>
            <gpxtpx:hr>172</gpxtpx:hr>
          </gpxtpx:TrackPointExtension>
        </extensions>
      </trkpt>
      <trkpt lat="32.04337603144658" lon="118.60184444675785">
        <ele>13.2</ele>
        <time>2026-08-05T12:59:02Z</time>
        <extensions>
          <gpxtpx:TrackPointExtension>
            <gpxtpx:hr>172</gpxtpx:hr>
          </gpxtpx:TrackPointExtension>
        </extensions>
      </trkpt>
      <trkpt lat="32.04337904636428" lon="118.60180845998097">
        <ele>13.2</ele>
        <time>2026-08-05T12:59:03Z</time>
        <extensions>
          <gpxtpx:TrackPointExtension>
            <gpxtpx:hr>173</gpxtpx:hr>
          </gpxtpx:TrackPointExtension>
        </extensions>
      </trkpt>
      <trkpt lat="32.043381059035475" lon="118.60177747136834">
        <ele>13.2</ele>
        <time>2026-08-05T12:59:04Z</time>
        <extensions>
          <gpxtpx:TrackPointExtension>
            <gpxtpx:hr>173</gpxtpx:hr>
          </gpxtpx:TrackPointExtension>
        </extensions>
      </trkpt>
      <trkpt lat="32.0433830732355" lon="118.60174248419074">
        <ele>13.2</ele>
        <time>2026-08-05T12:59:05Z</time>
        <extensions>
          <gpxtpx:TrackPointExtension>
            <gpxtpx:hr>173</gpxtpx:hr>
          </gpxtpx:TrackPointExtension>
        </extensions>
      </trkpt>
      <trkpt lat="32.0433840859871" lon="118.60171049593525">
        <ele>13.2</ele>
        <time>2026-08-05T12:59:06Z</time>
        <extensions>
          <gpxtpx:TrackPointExtension>
            <gpxtpx:hr>173</gpxtpx:hr>
          </gpxtpx:TrackPointExtension>
        </extensions>
      </trkpt>
      <trkpt lat="32.04338409886021" lon="118.6016775080862">
        <ele>13.2</ele>
        <time>2026-08-05T12:59:07Z</time>
        <extensions>
          <gpxtpx:TrackPointExtension>
            <gpxtpx:hr>173</gpxtpx:hr>
          </gpxtpx:TrackPointExtension>
        </extensions>
      </trkpt>
      <trkpt lat="32.04338311107462" lon="118.60164551990712">
        <ele>13.1</ele>
        <time>2026-08-05T12:59:08Z</time>
        <extensions>
          <gpxtpx:TrackPointExtension>
            <gpxtpx:hr>174</gpxtpx:hr>
          </gpxtpx:TrackPointExtension>
        </extensions>
      </trkpt>
      <trkpt lat="32.04338312308499" lon="118.60161453122271">
        <ele>13.1</ele>
        <time>2026-08-05T12:59:09Z</time>
        <extensions>
          <gpxtpx:TrackPointExtension>
            <gpxtpx:hr>174</gpxtpx:hr>
          </gpxtpx:TrackPointExtension>
        </extensions>
      </trkpt>
      <trkpt lat="32.04337813508497" lon="118.60158054402844">
        <ele>13.1</ele>
        <time>2026-08-05T12:59:10Z</time>
        <extensions>
          <gpxtpx:TrackPointExtension>
            <gpxtpx:hr>174</gpxtpx:hr>
          </gpxtpx:TrackPointExtension>
        </extensions>
      </trkpt>
      <trkpt lat="32.043372145659426" lon="118.60154955578375">
        <ele>13.1</ele>
        <time>2026-08-05T12:59:11Z</time>
        <extensions>
          <gpxtpx:TrackPointExtension>
            <gpxtpx:hr>174</gpxtpx:hr>
          </gpxtpx:TrackPointExtension>
        </extensions>
      </trkpt>
      <trkpt lat="32.043367155653534" lon="118.60152056668204">
        <ele>13.1</ele>
        <time>2026-08-05T12:59:12Z</time>
        <extensions>
          <gpxtpx:TrackPointExtension>
            <gpxtpx:hr>174</gpxtpx:hr>
          </gpxtpx:TrackPointExtension>
        </extensions>
      </trkpt>
      <trkpt lat="32.04336616918462" lon="118.60148457968374">
        <ele>13.0</ele>
        <time>2026-08-05T12:59:13Z</time>
        <extensions>
          <gpxtpx:TrackPointExtension>
            <gpxtpx:hr>174</gpxtpx:hr>
          </gpxtpx:TrackPointExtension>
        </extensions>
      </trkpt>
      <trkpt lat="32.04337118439362" lon="118.60144759243646">
        <ele>13.0</ele>
        <time>2026-08-05T12:59:14Z</time>
        <extensions>
          <gpxtpx:TrackPointExtension>
            <gpxtpx:hr>174</gpxtpx:hr>
          </gpxtpx:TrackPointExtension>
        </extensions>
      </trkpt>
      <trkpt lat="32.043380199690276" lon="118.60141260405241">
        <ele>13.0</ele>
        <time>2026-08-05T12:59:15Z</time>
        <extensions>
          <gpxtpx:TrackPointExtension>
            <gpxtpx:hr>174</gpxtpx:hr>
          </gpxtpx:TrackPointExtension>
        </extensions>
      </trkpt>
      <trkpt lat="32.04338821508739" lon="118.60137661604962">
        <ele>13.0</ele>
        <time>2026-08-05T12:59:16Z</time>
        <extensions>
          <gpxtpx:TrackPointExtension>
            <gpxtpx:hr>174</gpxtpx:hr>
          </gpxtpx:TrackPointExtension>
        </extensions>
      </trkpt>
      <trkpt lat="32.043392228778295" lon="118.60134262764097">
        <ele>13.0</ele>
        <time>2026-08-05T12:59:17Z</time>
        <extensions>
          <gpxtpx:TrackPointExtension>
            <gpxtpx:hr>174</gpxtpx:hr>
          </gpxtpx:TrackPointExtension>
        </extensions>
      </trkpt>
      <trkpt lat="32.04339224002316" lon="118.60131263813845">
        <ele>12.9</ele>
        <time>2026-08-05T12:59:18Z</time>
        <extensions>
          <gpxtpx:TrackPointExtension>
            <gpxtpx:hr>174</gpxtpx:hr>
          </gpxtpx:TrackPointExtension>
        </extensions>
      </trkpt>
      <trkpt lat="32.04338025113605" lon="118.6012756521038">
        <ele>12.9</ele>
        <time>2026-08-05T12:59:19Z</time>
        <extensions>
          <gpxtpx:TrackPointExtension>
            <gpxtpx:hr>174</gpxtpx:hr>
          </gpxtpx:TrackPointExtension>
        </extensions>
      </trkpt>
      <trkpt lat="32.043347261168606" lon="118.6012286713436">
        <ele>12.9</ele>
        <time>2026-08-05T12:59:20Z</time>
        <extensions>
          <gpxtpx:TrackPointExtension>
            <gpxtpx:hr>174</gpxtpx:hr>
          </gpxtpx:TrackPointExtension>
        </extensions>
      </trkpt>
      <trkpt lat="32.04331126748143" lon="118.60118968800049">
        <ele>12.9</ele>
        <time>2026-08-05T12:59:21Z</time>
        <extensions>
          <gpxtpx:TrackPointExtension>
            <gpxtpx:hr>174</gpxtpx:hr>
          </gpxtpx:TrackPointExtension>
        </extensions>
      </trkpt>
      <trkpt lat="32.04329726875226" lon="118.60117769337356">
        <ele>12.9</ele>
        <time>2026-08-05T12:59:22Z</time>
        <extensions>
          <gpxtpx:TrackPointExtension>
            <gpxtpx:hr>174</gpxtpx:hr>
          </gpxtpx:TrackPointExtension>
        </extensions>
      </trkpt>
      <trkpt lat="32.04329927178194" lon="118.60117069558915">
        <ele>12.7</ele>
        <time>2026-08-05T12:59:23Z</time>
        <extensions>
          <gpxtpx:TrackPointExtension>
            <gpxtpx:hr>174</gpxtpx:hr>
          </gpxtpx:TrackPointExtension>
        </extensions>
      </trkpt>
      <trkpt lat="32.04331628480685" lon="118.60114570259448">
        <ele>12.7</ele>
        <time>2026-08-05T12:59:24Z</time>
        <extensions>
          <gpxtpx:TrackPointExtension>
            <gpxtpx:hr>174</gpxtpx:hr>
          </gpxtpx:TrackPointExtension>
        </extensions>
      </trkpt>
      <trkpt lat="32.04333630140981" lon="118.6011127120133">
        <ele>12.7</ele>
        <time>2026-08-05T12:59:25Z</time>
        <extensions>
          <gpxtpx:TrackPointExtension>
            <gpxtpx:hr>174</gpxtpx:hr>
          </gpxtpx:TrackPointExtension>
        </extensions>
      </trkpt>
      <trkpt lat="32.043351319026556" lon="118.60107372385193">
        <ele>12.7</ele>
        <time>2026-08-05T12:59:26Z</time>
        <extensions>
          <gpxtpx:TrackPointExtension>
            <gpxtpx:hr>174</gpxtpx:hr>
          </gpxtpx:TrackPointExtension>
        </extensions>
      </trkpt>
      <trkpt lat="32.0433643372166" lon="118.60103173680001">
        <ele>12.7</ele>
        <time>2026-08-05T12:59:27Z</time>
        <extensions>
          <gpxtpx:TrackPointExtension>
            <gpxtpx:hr>174</gpxtpx:hr>
          </gpxtpx:TrackPointExtension>
        </extensions>
      </trkpt>
      <trkpt lat="32.043373351905494" lon="118.60099674768762">
        <ele>12.6</ele>
        <time>2026-08-05T12:59:28Z</time>
        <extensions>
          <gpxtpx:TrackPointExtension>
            <gpxtpx:hr>173</gpxtpx:hr>
          </gpxtpx:TrackPointExtension>
        </extensions>
      </trkpt>
      <trkpt lat="32.04337536352726" lon="118.60096575781733">
        <ele>12.6</ele>
        <time>2026-08-05T12:59:29Z</time>
        <extensions>
          <gpxtpx:TrackPointExtension>
            <gpxtpx:hr>173</gpxtpx:hr>
          </gpxtpx:TrackPointExtension>
        </extensions>
      </trkpt>
      <trkpt lat="32.043371373398344" lon="118.60093576810883">
        <ele>12.6</ele>
        <time>2026-08-05T12:59:30Z</time>
        <extensions>
          <gpxtpx:TrackPointExtension>
            <gpxtpx:hr>173</gpxtpx:hr>
          </gpxtpx:TrackPointExtension>
        </extensions>
      </trkpt>
      <trkpt lat="32.043368383814304" lon="118.60090477859391">
        <ele>12.6</ele>
        <time>2026-08-05T12:59:31Z</time>
        <extensions>
          <gpxtpx:TrackPointExtension>
            <gpxtpx:hr>173</gpxtpx:hr>
          </gpxtpx:TrackPointExtension>
        </extensions>
      </trkpt>
      <trkpt lat="32.04336739606384" lon="118.6008697901591">
        <ele>12.6</ele>
        <time>2026-08-05T12:59:32Z</time>
        <extensions>
          <gpxtpx:TrackPointExtension>
            <gpxtpx:hr>173</gpxtpx:hr>
          </gpxtpx:TrackPointExtension>
        </extensions>
      </trkpt>
      <trkpt lat="32.04337441041906" lon="118.60083380126774">
        <ele>12.6</ele>
        <time>2026-08-05T12:59:33Z</time>
        <extensions>
          <gpxtpx:TrackPointExtension>
            <gpxtpx:hr>173</gpxtpx:hr>
          </gpxtpx:TrackPointExtension>
        </extensions>
      </trkpt>
      <trkpt lat="32.04338742748242" lon="118.60079381306427">
        <ele>12.6</ele>
        <time>2026-08-05T12:59:34Z</time>
        <extensions>
          <gpxtpx:TrackPointExtension>
            <gpxtpx:hr>173</gpxtpx:hr>
          </gpxtpx:TrackPointExtension>
        </extensions>
      </trkpt>
      <trkpt lat="32.04338543829066" lon="118.60076182356013">
        <ele>12.6</ele>
        <time>2026-08-05T12:59:35Z</time>
        <extensions>
          <gpxtpx:TrackPointExtension>
            <gpxtpx:hr>173</gpxtpx:hr>
          </gpxtpx:TrackPointExtension>
        </extensions>
      </trkpt>
      <trkpt lat="32.043362443624076" lon="118.60073183525526">
        <ele>12.6</ele>
        <time>2026-08-05T12:59:36Z</time>
        <extensions>
          <gpxtpx:TrackPointExtension>
            <gpxtpx:hr>173</gpxtpx:hr>
          </gpxtpx:TrackPointExtension>
        </extensions>
      </trkpt>
      <trkpt lat="32.043340449493655" lon="118.60070084713371">
        <ele>12.6</ele>
        <time>2026-08-05T12:59:37Z</time>
        <extensions>
          <gpxtpx:TrackPointExtension>
            <gpxtpx:hr>173</gpxtpx:hr>
          </gpxtpx:TrackPointExtension>
        </extensions>
      </trkpt>
      <trkpt lat="32.04333145859974" lon="118.60066885811037">
        <ele>12.5</ele>
        <time>2026-08-05T12:59:38Z</time>
        <extensions>
          <gpxtpx:TrackPointExtension>
            <gpxtpx:hr>172</gpxtpx:hr>
          </gpxtpx:TrackPointExtension>
        </extensions>
      </trkpt>
      <trkpt lat="32.04333147003696" lon="118.60063586854055">
        <ele>12.5</ele>
        <time>2026-08-05T12:59:39Z</time>
        <extensions>
          <gpxtpx:TrackPointExtension>
            <gpxtpx:hr>172</gpxtpx:hr>
          </gpxtpx:TrackPointExtension>
        </extensions>
      </trkpt>
      <trkpt lat="32.043337483813964" lon="118.60059987931635">
        <ele>12.5</ele>
        <time>2026-08-05T12:59:40Z</time>
        <extensions>
          <gpxtpx:TrackPointExtension>
            <gpxtpx:hr>172</gpxtpx:hr>
          </gpxtpx:TrackPointExtension>
        </extensions>
      </trkpt>
      <trkpt lat="32.043345497644424" lon="118.6005648895353">
        <ele>12.5</ele>
        <time>2026-08-05T12:59:41Z</time>
        <extensions>
          <gpxtpx:TrackPointExtension>
            <gpxtpx:hr>172</gpxtpx:hr>
          </gpxtpx:TrackPointExtension>
        </extensions>
      </trkpt>
      <trkpt lat="32.043353510057365" lon="118.60053389845264">
        <ele>12.5</ele>
        <time>2026-08-05T12:59:42Z</time>
        <extensions>
          <gpxtpx:TrackPointExtension>
            <gpxtpx:hr>172</gpxtpx:hr>
          </gpxtpx:TrackPointExtension>
        </extensions>
      </trkpt>
      <trkpt lat="32.04336052254493" lon="118.60050190772024">
        <ele>12.4</ele>
        <time>2026-08-05T12:59:43Z</time>
        <extensions>
          <gpxtpx:TrackPointExtension>
            <gpxtpx:hr>173</gpxtpx:hr>
          </gpxtpx:TrackPointExtension>
        </extensions>
      </trkpt>
      <trkpt lat="32.043366535441926" lon="118.60046791764005">
        <ele>12.4</ele>
        <time>2026-08-05T12:59:44Z</time>
        <extensions>
          <gpxtpx:TrackPointExtension>
            <gpxtpx:hr>173</gpxtpx:hr>
          </gpxtpx:TrackPointExtension>
        </extensions>
      </trkpt>
      <trkpt lat="32.04337154772761" lon="118.60043492728666">
        <ele>12.4</ele>
        <time>2026-08-05T12:59:45Z</time>
        <extensions>
          <gpxtpx:TrackPointExtension>
            <gpxtpx:hr>173</gpxtpx:hr>
          </gpxtpx:TrackPointExtension>
        </extensions>
      </trkpt>
      <trkpt lat="32.04337155917691" lon="118.60040093763209">
        <ele>12.4</ele>
        <time>2026-08-05T12:59:46Z</time>
        <extensions>
          <gpxtpx:TrackPointExtension>
            <gpxtpx:hr>173</gpxtpx:hr>
          </gpxtpx:TrackPointExtension>
        </extensions>
      </trkpt>
      <trkpt lat="32.04336857123971" lon="118.60036294939587">
        <ele>12.4</ele>
        <time>2026-08-05T12:59:47Z</time>
        <extensions>
          <gpxtpx:TrackPointExtension>
            <gpxtpx:hr>173</gpxtpx:hr>
          </gpxtpx:TrackPointExtension>
        </extensions>
      </trkpt>
      <trkpt lat="32.04336558124407" lon="118.60033095928848">
        <ele>12.4</ele>
        <time>2026-08-05T12:59:48Z</time>
        <extensions>
          <gpxtpx:TrackPointExtension>
            <gpxtpx:hr>174</gpxtpx:hr>
          </gpxtpx:TrackPointExtension>
        </extensions>
      </trkpt>
      <trkpt lat="32.04336459066066" lon="118.6003019680544">
        <ele>12.4</ele>
        <time>2026-08-05T12:59:49Z</time>
        <extensions>
          <gpxtpx:TrackPointExtension>
            <gpxtpx:hr>174</gpxtpx:hr>
          </gpxtpx:TrackPointExtension>
        </extensions>
      </trkpt>
      <trkpt lat="32.043366602040216" lon="118.60026897769535">
        <ele>12.4</ele>
        <time>2026-08-05T12:59:50Z</time>
        <extensions>
          <gpxtpx:TrackPointExtension>
            <gpxtpx:hr>174</gpxtpx:hr>
          </gpxtpx:TrackPointExtension>
        </extensions>
      </trkpt>
      <trkpt lat="32.04336961327022" lon="118.6002369868963">
        <ele>12.4</ele>
        <time>2026-08-05T12:59:51Z</time>
        <extensions>
          <gpxtpx:TrackPointExtension>
            <gpxtpx:hr>174</gpxtpx:hr>
          </gpxtpx:TrackPointExtension>
        </extensions>
      </trkpt>
      <trkpt lat="32.04336962476433" lon="118.60020199719618">
        <ele>12.4</ele>
        <time>2026-08-05T12:59:52Z</time>
        <extensions>
          <gpxtpx:TrackPointExtension>
            <gpxtpx:hr>174</gpxtpx:hr>
          </gpxtpx:TrackPointExtension>
        </extensions>
      </trkpt>
      <trkpt lat="32.04336963588071" lon="118.60016800714267">
        <ele>12.4</ele>
        <time>2026-08-05T12:59:53Z</time>
        <extensions>
          <gpxtpx:TrackPointExtension>
            <gpxtpx:hr>174</gpxtpx:hr>
          </gpxtpx:TrackPointExtension>
        </extensions>
      </trkpt>
      <trkpt lat="32.043366644972856" lon="118.60013801614069">
        <ele>12.4</ele>
        <time>2026-08-05T12:59:54Z</time>
        <extensions>
          <gpxtpx:TrackPointExtension>
            <gpxtpx:hr>174</gpxtpx:hr>
          </gpxtpx:TrackPointExtension>
        </extensions>
      </trkpt>
      <trkpt lat="32.043363654350834" lon="118.60010702538197">
        <ele>12.4</ele>
        <time>2026-08-05T12:59:55Z</time>
        <extensions>
          <gpxtpx:TrackPointExtension>
            <gpxtpx:hr>174</gpxtpx:hr>
          </gpxtpx:TrackPointExtension>
        </extensions>
      </trkpt>
      <trkpt lat="32.04336066368836" lon="118.6000760345748">
        <ele>12.4</ele>
        <time>2026-08-05T12:59:56Z</time>
        <extensions>
          <gpxtpx:TrackPointExtension>
            <gpxtpx:hr>174</gpxtpx:hr>
          </gpxtpx:TrackPointExtension>
        </extensions>
      </trkpt>
      <trkpt lat="32.0433626747542" lon="118.60004304383986">
        <ele>12.4</ele>
        <time>2026-08-05T12:59:57Z</time>
        <extensions>
          <gpxtpx:TrackPointExtension>
            <gpxtpx:hr>174</gpxtpx:hr>
          </gpxtpx:TrackPointExtension>
        </extensions>
      </trkpt>
      <trkpt lat="32.0433706896816" lon="118.60000205477793">
        <ele>12.3</ele>
        <time>2026-08-05T12:59:58Z</time>
        <extensions>
          <gpxtpx:TrackPointExtension>
            <gpxtpx:hr>172</gpxtpx:hr>
          </gpxtpx:TrackPointExtension>
        </extensions>
      </trkpt>
      <trkpt lat="32.04338070625864" lon="118.5999570665757">
        <ele>12.3</ele>
        <time>2026-08-05T12:59:59Z</time>
        <extensions>
          <gpxtpx:TrackPointExtension>
            <gpxtpx:hr>172</gpxtpx:hr>
          </gpxtpx:TrackPointExtension>
        </extensions>
      </trkpt>
      <trkpt lat="32.04338771891763" lon="118.59992207575108">
        <ele>12.3</ele>
        <time>2026-08-05T13:00:00Z</time>
        <extensions>
          <gpxtpx:TrackPointExtension>
            <gpxtpx:hr>172</gpxtpx:hr>
          </gpxtpx:TrackPointExtension>
        </extensions>
      </trkpt>
      <trkpt lat="32.04338972819643" lon="118.59989408337097">
        <ele>12.3</ele>
        <time>2026-08-05T13:00:01Z</time>
        <extensions>
          <gpxtpx:TrackPointExtension>
            <gpxtpx:hr>172</gpxtpx:hr>
          </gpxtpx:TrackPointExtension>
        </extensions>
      </trkpt>
      <trkpt lat="32.04337473047409" lon="118.59987608971478">
        <ele>12.3</ele>
        <time>2026-08-05T13:00:02Z</time>
        <extensions>
          <gpxtpx:TrackPointExtension>
            <gpxtpx:hr>172</gpxtpx:hr>
          </gpxtpx:TrackPointExtension>
        </extensions>
      </trkpt>
      <trkpt lat="32.04334972797776" lon="118.59986609473256">
        <ele>12.3</ele>
        <time>2026-08-05T13:00:03Z</time>
        <extensions>
          <gpxtpx:TrackPointExtension>
            <gpxtpx:hr>173</gpxtpx:hr>
          </gpxtpx:TrackPointExtension>
        </extensions>
      </trkpt>
      <trkpt lat="32.04331372174545" lon="118.59986009963141">
        <ele>12.3</ele>
        <time>2026-08-05T13:00:04Z</time>
        <extensions>
          <gpxtpx:TrackPointExtension>
            <gpxtpx:hr>173</gpxtpx:hr>
          </gpxtpx:TrackPointExtension>
        </extensions>
      </trkpt>
      <trkpt lat="32.04327271250566" lon="118.59986010332264">
        <ele>12.3</ele>
        <time>2026-08-05T13:00:05Z</time>
        <extensions>
          <gpxtpx:TrackPointExtension>
            <gpxtpx:hr>173</gpxtpx:hr>
          </gpxtpx:TrackPointExtension>
        </extensions>
      </trkpt>
      <trkpt lat="32.043234701747735" lon="118.59986710480952">
        <ele>12.3</ele>
        <time>2026-08-05T13:00:06Z</time>
        <extensions>
          <gpxtpx:TrackPointExtension>
            <gpxtpx:hr>173</gpxtpx:hr>
          </gpxtpx:TrackPointExtension>
        </extensions>
      </trkpt>
      <trkpt lat="32.04319868955429" lon="118.59988010445184">
        <ele>12.3</ele>
        <time>2026-08-05T13:00:07Z</time>
        <extensions>
          <gpxtpx:TrackPointExtension>
            <gpxtpx:hr>173</gpxtpx:hr>
          </gpxtpx:TrackPointExtension>
        </extensions>
      </trkpt>
      <trkpt lat="32.04317467753947" lon="118.59990110078117">
        <ele>12.2</ele>
        <time>2026-08-05T13:00:08Z</time>
        <extensions>
          <gpxtpx:TrackPointExtension>
            <gpxtpx:hr>174</gpxtpx:hr>
          </gpxtpx:TrackPointExtension>
        </extensions>
      </trkpt>
      <trkpt lat="32.04316366653999" lon="118.59992809424126">
        <ele>12.2</ele>
        <time>2026-08-05T13:00:09Z</time>
        <extensions>
          <gpxtpx:TrackPointExtension>
            <gpxtpx:hr>174</gpxtpx:hr>
          </gpxtpx:TrackPointExtension>
        </extensions>
      </trkpt>
      <trkpt lat="32.04317666282194" lon="118.59994908718858">
        <ele>12.2</ele>
        <time>2026-08-05T13:00:10Z</time>
        <extensions>
          <gpxtpx:TrackPointExtension>
            <gpxtpx:hr>174</gpxtpx:hr>
          </gpxtpx:TrackPointExtension>
        </extensions>
      </trkpt>
      <trkpt lat="32.04319465894026" lon="118.5999740785363">
        <ele>12.2</ele>
        <time>2026-08-05T13:00:11Z</time>
        <extensions>
          <gpxtpx:TrackPointExtension>
            <gpxtpx:hr>174</gpxtpx:hr>
          </gpxtpx:TrackPointExtension>
        </extensions>
      </trkpt>
      <trkpt lat="32.04318864770753" lon="118.60000507031329">
        <ele>12.2</ele>
        <time>2026-08-05T13:00:12Z</time>
        <extensions>
          <gpxtpx:TrackPointExtension>
            <gpxtpx:hr>174</gpxtpx:hr>
          </gpxtpx:TrackPointExtension>
        </extensions>
      </trkpt>
      <trkpt lat="32.04317263385977" lon="118.60003706265705">
        <ele>12.1</ele>
        <time>2026-08-05T13:00:13Z</time>
        <extensions>
          <gpxtpx:TrackPointExtension>
            <gpxtpx:hr>176</gpxtpx:hr>
          </gpxtpx:TrackPointExtension>
        </extensions>
      </trkpt>
      <trkpt lat="32.04315761793869" lon="118.60007605285102">
        <ele>12.1</ele>
        <time>2026-08-05T13:00:14Z</time>
        <extensions>
          <gpxtpx:TrackPointExtension>
            <gpxtpx:hr>176</gpxtpx:hr>
          </gpxtpx:TrackPointExtension>
        </extensions>
      </trkpt>
      <trkpt lat="32.04314560392542" lon="118.60011104385383">
        <ele>12.1</ele>
        <time>2026-08-05T13:00:15Z</time>
        <extensions>
          <gpxtpx:TrackPointExtension>
            <gpxtpx:hr>176</gpxtpx:hr>
          </gpxtpx:TrackPointExtension>
        </extensions>
      </trkpt>
      <trkpt lat="32.04314259351514" lon="118.60014103543686">
        <ele>12.1</ele>
        <time>2026-08-05T13:00:16Z</time>
        <extensions>
          <gpxtpx:TrackPointExtension>
            <gpxtpx:hr>176</gpxtpx:hr>
          </gpxtpx:TrackPointExtension>
        </extensions>
      </trkpt>
      <trkpt lat="32.04314458419397" lon="118.60017102652438">
        <ele>12.1</ele>
        <time>2026-08-05T13:00:17Z</time>
        <extensions>
          <gpxtpx:TrackPointExtension>
            <gpxtpx:hr>176</gpxtpx:hr>
          </gpxtpx:TrackPointExtension>
        </extensions>
      </trkpt>
      <trkpt lat="32.043147575060324" lon="118.60020101747648">
        <ele>12.1</ele>
        <time>2026-08-05T13:00:18Z</time>
        <extensions>
          <gpxtpx:TrackPointExtension>
            <gpxtpx:hr>177</gpxtpx:hr>
          </gpxtpx:TrackPointExtension>
        </extensions>
      </trkpt>
      <trkpt lat="32.04314856346396" lon="118.60023700679322">
        <ele>12.1</ele>
        <time>2026-08-05T13:00:19Z</time>
        <extensions>
          <gpxtpx:TrackPointExtension>
            <gpxtpx:hr>177</gpxtpx:hr>
          </gpxtpx:TrackPointExtension>
        </extensions>
      </trkpt>
      <trkpt lat="32.043148552248944" lon="118.60027099672855">
        <ele>12.1</ele>
        <time>2026-08-05T13:00:20Z</time>
        <extensions>
          <gpxtpx:TrackPointExtension>
            <gpxtpx:hr>177</gpxtpx:hr>
          </gpxtpx:TrackPointExtension>
        </extensions>
      </trkpt>
      <trkpt lat="32.043144540083766" lon="118.60030498696581">
        <ele>12.1</ele>
        <time>2026-08-05T13:00:21Z</time>
        <extensions>
          <gpxtpx:TrackPointExtension>
            <gpxtpx:hr>177</gpxtpx:hr>
          </gpxtpx:TrackPointExtension>
        </extensions>
      </trkpt>
      <trkpt lat="32.04314252798734" lon="118.60033997666444">
        <ele>12.1</ele>
        <time>2026-08-05T13:00:22Z</time>
        <extensions>
          <gpxtpx:TrackPointExtension>
            <gpxtpx:hr>177</gpxtpx:hr>
          </gpxtpx:TrackPointExtension>
        </extensions>
      </trkpt>
      <trkpt lat="32.04314151706947" lon="118.60037196711748">
        <ele>12.1</ele>
        <time>2026-08-05T13:00:23Z</time>
        <extensions>
          <gpxtpx:TrackPointExtension>
            <gpxtpx:hr>177</gpxtpx:hr>
          </gpxtpx:TrackPointExtension>
        </extensions>
      </trkpt>
      <trkpt lat="32.04313950588319" lon="118.60040395760902">
        <ele>12.1</ele>
        <time>2026-08-05T13:00:24Z</time>
        <extensions>
          <gpxtpx:TrackPointExtension>
            <gpxtpx:hr>177</gpxtpx:hr>
          </gpxtpx:TrackPointExtension>
        </extensions>
      </trkpt>
      <trkpt lat="32.04313649375343" lon="118.60043794752859">
        <ele>12.1</ele>
        <time>2026-08-05T13:00:25Z</time>
        <extensions>
          <gpxtpx:TrackPointExtension>
            <gpxtpx:hr>177</gpxtpx:hr>
          </gpxtpx:TrackPointExtension>
        </extensions>
      </trkpt>
      <trkpt lat="32.043134482139514" lon="118.60047093760696">
        <ele>12.1</ele>
        <time>2026-08-05T13:00:26Z</time>
        <extensions>
          <gpxtpx:TrackPointExtension>
            <gpxtpx:hr>177</gpxtpx:hr>
          </gpxtpx:TrackPointExtension>
        </extensions>
      </trkpt>
      <trkpt lat="32.04312946878245" lon="118.60050692697459">
        <ele>12.1</ele>
        <time>2026-08-05T13:00:27Z</time>
        <extensions>
          <gpxtpx:TrackPointExtension>
            <gpxtpx:hr>177</gpxtpx:hr>
          </gpxtpx:TrackPointExtension>
        </extensions>
      </trkpt>
      <trkpt lat="32.0431254555964" lon="118.60054291618704">
        <ele>12.1</ele>
        <time>2026-08-05T13:00:28Z</time>
        <extensions>
          <gpxtpx:TrackPointExtension>
            <gpxtpx:hr>176</gpxtpx:hr>
          </gpxtpx:TrackPointExtension>
        </extensions>
      </trkpt>
      <trkpt lat="32.043127445425334" lon="118.60057390635536">
        <ele>12.1</ele>
        <time>2026-08-05T13:00:29Z</time>
        <extensions>
          <gpxtpx:TrackPointExtension>
            <gpxtpx:hr>176</gpxtpx:hr>
          </gpxtpx:TrackPointExtension>
        </extensions>
      </trkpt>
      <trkpt lat="32.0431374366725" lon="118.60060589544145">
        <ele>12.1</ele>
        <time>2026-08-05T13:00:30Z</time>
        <extensions>
          <gpxtpx:TrackPointExtension>
            <gpxtpx:hr>176</gpxtpx:hr>
          </gpxtpx:TrackPointExtension>
        </extensions>
      </trkpt>
      <trkpt lat="32.043167434805305" lon="118.60063088488153">
        <ele>12.1</ele>
        <time>2026-08-05T13:00:31Z</time>
        <extensions>
          <gpxtpx:TrackPointExtension>
            <gpxtpx:hr>176</gpxtpx:hr>
          </gpxtpx:TrackPointExtension>
        </extensions>
      </trkpt>
      <trkpt lat="32.04320043497442" lon="118.60065187528467">
        <ele>12.1</ele>
        <time>2026-08-05T13:00:32Z</time>
        <extensions>
          <gpxtpx:TrackPointExtension>
            <gpxtpx:hr>176</gpxtpx:hr>
          </gpxtpx:TrackPointExtension>
        </extensions>
      </trkpt>
      <trkpt lat="32.043209427630394" lon="118.60067886592296">
        <ele>12.1</ele>
        <time>2026-08-05T13:00:33Z</time>
        <extensions>
          <gpxtpx:TrackPointExtension>
            <gpxtpx:hr>177</gpxtpx:hr>
          </gpxtpx:TrackPointExtension>
        </extensions>
      </trkpt>
      <trkpt lat="32.04320141537771" lon="118.60070885709872">
        <ele>12.1</ele>
        <time>2026-08-05T13:00:34Z</time>
        <extensions>
          <gpxtpx:TrackPointExtension>
            <gpxtpx:hr>177</gpxtpx:hr>
          </gpxtpx:TrackPointExtension>
        </extensions>
      </trkpt>
      <trkpt lat="32.04318539813067" lon="118.60074784606384">
        <ele>12.1</ele>
        <time>2026-08-05T13:00:35Z</time>
        <extensions>
          <gpxtpx:TrackPointExtension>
            <gpxtpx:hr>177</gpxtpx:hr>
          </gpxtpx:TrackPointExtension>
        </extensions>
      </trkpt>
      <trkpt lat="32.043170381749604" lon="118.60078483550814">
        <ele>12.1</ele>
        <time>2026-08-05T13:00:36Z</time>
        <extensions>
          <gpxtpx:TrackPointExtension>
            <gpxtpx:hr>177</gpxtpx:hr>
          </gpxtpx:TrackPointExtension>
        </extensions>
      </trkpt>
      <trkpt lat="32.043168368241204" lon="118.60082182371326">
        <ele>12.1</ele>
        <time>2026-08-05T13:00:37Z</time>
        <extensions>
          <gpxtpx:TrackPointExtension>
            <gpxtpx:hr>177</gpxtpx:hr>
          </gpxtpx:TrackPointExtension>
        </extensions>
      </trkpt>
      <trkpt lat="32.04317035628742" lon="118.60085681214237">
        <ele>12.2</ele>
        <time>2026-08-05T13:00:38Z</time>
        <extensions>
          <gpxtpx:TrackPointExtension>
            <gpxtpx:hr>178</gpxtpx:hr>
          </gpxtpx:TrackPointExtension>
        </extensions>
      </trkpt>
      <trkpt lat="32.043170344901235" lon="118.60088880167409">
        <ele>12.2</ele>
        <time>2026-08-05T13:00:39Z</time>
        <extensions>
          <gpxtpx:TrackPointExtension>
            <gpxtpx:hr>178</gpxtpx:hr>
          </gpxtpx:TrackPointExtension>
        </extensions>
      </trkpt>
      <trkpt lat="32.04316332974678" lon="118.60092678980659">
        <ele>12.2</ele>
        <time>2026-08-05T13:00:40Z</time>
        <extensions>
          <gpxtpx:TrackPointExtension>
            <gpxtpx:hr>178</gpxtpx:hr>
          </gpxtpx:TrackPointExtension>
        </extensions>
      </trkpt>
      <trkpt lat="32.04315131592159" lon="118.60095778063786">
        <ele>12.2</ele>
        <time>2026-08-05T13:00:41Z</time>
        <extensions>
          <gpxtpx:TrackPointExtension>
            <gpxtpx:hr>178</gpxtpx:hr>
          </gpxtpx:TrackPointExtension>
        </extensions>
      </trkpt>
      <trkpt lat="32.04313930421946" lon="118.60098277341773">
        <ele>12.2</ele>
        <time>2026-08-05T13:00:42Z</time>
        <extensions>
          <gpxtpx:TrackPointExtension>
            <gpxtpx:hr>178</gpxtpx:hr>
          </gpxtpx:TrackPointExtension>
        </extensions>
      </trkpt>
      <trkpt lat="32.043143292480714" lon="118.60101776138423">
        <ele>12.2</ele>
        <time>2026-08-05T13:00:43Z</time>
        <extensions>
          <gpxtpx:TrackPointExtension>
            <gpxtpx:hr>178</gpxtpx:hr>
          </gpxtpx:TrackPointExtension>
        </extensions>
      </trkpt>
      <trkpt lat="32.04315528176711" lon="118.60105474789668">
        <ele>12.2</ele>
        <time>2026-08-05T13:00:44Z</time>
        <extensions>
          <gpxtpx:TrackPointExtension>
            <gpxtpx:hr>178</gpxtpx:hr>
          </gpxtpx:TrackPointExtension>
        </extensions>
      </trkpt>
      <trkpt lat="32.04315426843115" lon="118.6010907358491">
        <ele>12.2</ele>
        <time>2026-08-05T13:00:45Z</time>
        <extensions>
          <gpxtpx:TrackPointExtension>
            <gpxtpx:hr>178</gpxtpx:hr>
          </gpxtpx:TrackPointExtension>
        </extensions>
      </trkpt>
      <trkpt lat="32.04314825501322" lon="118.60112372520614">
        <ele>12.2</ele>
        <time>2026-08-05T13:00:46Z</time>
        <extensions>
          <gpxtpx:TrackPointExtension>
            <gpxtpx:hr>178</gpxtpx:hr>
          </gpxtpx:TrackPointExtension>
        </extensions>
      </trkpt>
      <trkpt lat="32.04315424535738" lon="118.60115371445211">
        <ele>12.2</ele>
        <time>2026-08-05T13:00:47Z</time>
        <extensions>
          <gpxtpx:TrackPointExtension>
            <gpxtpx:hr>178</gpxtpx:hr>
          </gpxtpx:TrackPointExtension>
        </extensions>
      </trkpt>
      <trkpt lat="32.043172237261935" lon="118.60118670154425">
        <ele>12.3</ele>
        <time>2026-08-05T13:00:48Z</time>
        <extensions>
          <gpxtpx:TrackPointExtension>
            <gpxtpx:hr>179</gpxtpx:hr>
          </gpxtpx:TrackPointExtension>
        </extensions>
      </trkpt>
      <trkpt lat="32.04318522836434" lon="118.60121868937655">
        <ele>12.3</ele>
        <time>2026-08-05T13:00:49Z</time>
        <extensions>
          <gpxtpx:TrackPointExtension>
            <gpxtpx:hr>179</gpxtpx:hr>
          </gpxtpx:TrackPointExtension>
        </extensions>
      </trkpt>
      <trkpt lat="32.043180216481744" lon="118.60124767981624">
        <ele>12.3</ele>
        <time>2026-08-05T13:00:50Z</time>
        <extensions>
          <gpxtpx:TrackPointExtension>
            <gpxtpx:hr>179</gpxtpx:hr>
          </gpxtpx:TrackPointExtension>
        </extensions>
      </trkpt>
      <trkpt lat="32.04316920209343" lon="118.60127966971176">
        <ele>12.3</ele>
        <time>2026-08-05T13:00:51Z</time>
        <extensions>
          <gpxtpx:TrackPointExtension>
            <gpxtpx:hr>179</gpxtpx:hr>
          </gpxtpx:TrackPointExtension>
        </extensions>
      </trkpt>
      <trkpt lat="32.04316118571838" lon="118.60131865684095">
        <ele>12.3</ele>
        <time>2026-08-05T13:00:52Z</time>
        <extensions>
          <gpxtpx:TrackPointExtension>
            <gpxtpx:hr>179</gpxtpx:hr>
          </gpxtpx:TrackPointExtension>
        </extensions>
      </trkpt>
      <trkpt lat="32.04315116657187" lon="118.6013636419648">
        <ele>12.4</ele>
        <time>2026-08-05T13:00:53Z</time>
        <extensions>
          <gpxtpx:TrackPointExtension>
            <gpxtpx:hr>178</gpxtpx:hr>
          </gpxtpx:TrackPointExtension>
        </extensions>
      </trkpt>
      <trkpt lat="32.043146151114286" lon="118.60140162901376">
        <ele>12.4</ele>
        <time>2026-08-05T13:00:54Z</time>
        <extensions>
          <gpxtpx:TrackPointExtension>
            <gpxtpx:hr>178</gpxtpx:hr>
          </gpxtpx:TrackPointExtension>
        </extensions>
      </trkpt>
      <trkpt lat="32.04314413968646" lon="118.60143061891809">
        <ele>12.4</ele>
        <time>2026-08-05T13:00:55Z</time>
        <extensions>
          <gpxtpx:TrackPointExtension>
            <gpxtpx:hr>178</gpxtpx:hr>
          </gpxtpx:TrackPointExtension>
        </extensions>
      </trkpt>
      <trkpt lat="32.04314312806862" lon="118.60146060833381">
        <ele>12.4</ele>
        <time>2026-08-05T13:00:56Z</time>
        <extensions>
          <gpxtpx:TrackPointExtension>
            <gpxtpx:hr>178</gpxtpx:hr>
          </gpxtpx:TrackPointExtension>
        </extensions>
      </trkpt>
      <trkpt lat="32.04314111580626" lon="118.60149159743655">
        <ele>12.4</ele>
        <time>2026-08-05T13:00:57Z</time>
        <extensions>
          <gpxtpx:TrackPointExtension>
            <gpxtpx:hr>178</gpxtpx:hr>
          </gpxtpx:TrackPointExtension>
        </extensions>
      </trkpt>
      <trkpt lat="32.04313610167861" lon="118.60152558568224">
        <ele>12.5</ele>
        <time>2026-08-05T13:00:58Z</time>
        <extensions>
          <gpxtpx:TrackPointExtension>
            <gpxtpx:hr>180</gpxtpx:hr>
          </gpxtpx:TrackPointExtension>
        </extensions>
      </trkpt>
      <trkpt lat="32.04312908551371" lon="118.60156357260391">
        <ele>12.5</ele>
        <time>2026-08-05T13:00:59Z</time>
        <extensions>
          <gpxtpx:TrackPointExtension>
            <gpxtpx:hr>180</gpxtpx:hr>
          </gpxtpx:TrackPointExtension>
        </extensions>
      </trkpt>
      <trkpt lat="32.04312607173492" lon="118.60159756054736">
        <ele>12.5</ele>
        <time>2026-08-05T13:01:00Z</time>
        <extensions>
          <gpxtpx:TrackPointExtension>
            <gpxtpx:hr>180</gpxtpx:hr>
          </gpxtpx:TrackPointExtension>
        </extensions>
      </trkpt>
      <trkpt lat="32.0431260609084" lon="118.6016255503527">
        <ele>12.5</ele>
        <time>2026-08-05T13:01:01Z</time>
        <extensions>
          <gpxtpx:TrackPointExtension>
            <gpxtpx:hr>180</gpxtpx:hr>
          </gpxtpx:TrackPointExtension>
        </extensions>
      </trkpt>
      <trkpt lat="32.04313205023622" lon="118.60165653847992">
        <ele>12.5</ele>
        <time>2026-08-05T13:01:02Z</time>
        <extensions>
          <gpxtpx:TrackPointExtension>
            <gpxtpx:hr>180</gpxtpx:hr>
          </gpxtpx:TrackPointExtension>
        </extensions>
      </trkpt>
      <trkpt lat="32.04314303831131" lon="118.6016935239008">
        <ele>12.5</ele>
        <time>2026-08-05T13:01:03Z</time>
        <extensions>
          <gpxtpx:TrackPointExtension>
            <gpxtpx:hr>180</gpxtpx:hr>
          </gpxtpx:TrackPointExtension>
        </extensions>
      </trkpt>
      <trkpt lat="32.04314902637714" lon="118.6017275108135">
        <ele>12.5</ele>
        <time>2026-08-05T13:01:04Z</time>
        <extensions>
          <gpxtpx:TrackPointExtension>
            <gpxtpx:hr>180</gpxtpx:hr>
          </gpxtpx:TrackPointExtension>
        </extensions>
      </trkpt>
      <trkpt lat="32.04314201028591" lon="118.60176449772415">
        <ele>12.5</ele>
        <time>2026-08-05T13:01:05Z</time>
        <extensions>
          <gpxtpx:TrackPointExtension>
            <gpxtpx:hr>180</gpxtpx:hr>
          </gpxtpx:TrackPointExtension>
        </extensions>
      </trkpt>
      <trkpt lat="32.04311599103876" lon="118.60179848739779">
        <ele>12.5</ele>
        <time>2026-08-05T13:01:06Z</time>
        <extensions>
          <gpxtpx:TrackPointExtension>
            <gpxtpx:hr>180</gpxtpx:hr>
          </gpxtpx:TrackPointExtension>
        </extensions>
      </trkpt>
      <trkpt lat="32.04309197654607" lon="118.60182148095697">
        <ele>12.5</ele>
        <time>2026-08-05T13:01:07Z</time>
        <extensions>
          <gpxtpx:TrackPointExtension>
            <gpxtpx:hr>180</gpxtpx:hr>
          </gpxtpx:TrackPointExtension>
        </extensions>
      </trkpt>
      <trkpt lat="32.04308496546682" lon="118.60184547258342">
        <ele>12.5</ele>
        <time>2026-08-05T13:01:08Z</time>
        <extensions>
          <gpxtpx:TrackPointExtension>
            <gpxtpx:hr>181</gpxtpx:hr>
          </gpxtpx:TrackPointExtension>
        </extensions>
      </trkpt>
      <trkpt lat="32.043092955757224" lon="118.60187446094523">
        <ele>12.5</ele>
        <time>2026-08-05T13:01:09Z</time>
        <extensions>
          <gpxtpx:TrackPointExtension>
            <gpxtpx:hr>181</gpxtpx:hr>
          </gpxtpx:TrackPointExtension>
        </extensions>
      </trkpt>
      <trkpt lat="32.04311494517819" lon="118.60191344421571">
        <ele>12.5</ele>
        <time>2026-08-05T13:01:10Z</time>
        <extensions>
          <gpxtpx:TrackPointExtension>
            <gpxtpx:hr>181</gpxtpx:hr>
          </gpxtpx:TrackPointExtension>
        </extensions>
      </trkpt>
      <trkpt lat="32.04313493208042" lon="118.60195742568455">
        <ele>12.5</ele>
        <time>2026-08-05T13:01:11Z</time>
        <extensions>
          <gpxtpx:TrackPointExtension>
            <gpxtpx:hr>181</gpxtpx:hr>
          </gpxtpx:TrackPointExtension>
        </extensions>
      </trkpt>
      <trkpt lat="32.043144918662115" lon="118.60199640987442">
        <ele>12.5</ele>
        <time>2026-08-05T13:01:12Z</time>
        <extensions>
          <gpxtpx:TrackPointExtension>
            <gpxtpx:hr>181</gpxtpx:hr>
          </gpxtpx:TrackPointExtension>
        </extensions>
      </trkpt>
      <trkpt lat="32.043149904862204" lon="118.60203339520916">
        <ele>12.7</ele>
        <time>2026-08-05T13:01:13Z</time>
        <extensions>
          <gpxtpx:TrackPointExtension>
            <gpxtpx:hr>180</gpxtpx:hr>
          </gpxtpx:TrackPointExtension>
        </extensions>
      </trkpt>
      <trkpt lat="32.04314888965316" lon="118.60207038101608">
        <ele>12.7</ele>
        <time>2026-08-05T13:01:14Z</time>
        <extensions>
          <gpxtpx:TrackPointExtension>
            <gpxtpx:hr>180</gpxtpx:hr>
          </gpxtpx:TrackPointExtension>
        </extensions>
      </trkpt>
      <trkpt lat="32.043146874569196" lon="118.60210636723374">
        <ele>12.7</ele>
        <time>2026-08-05T13:01:15Z</time>
        <extensions>
          <gpxtpx:TrackPointExtension>
            <gpxtpx:hr>180</gpxtpx:hr>
          </gpxtpx:TrackPointExtension>
        </extensions>
      </trkpt>
      <trkpt lat="32.04314586047424" lon="118.60214035407793">
        <ele>12.7</ele>
        <time>2026-08-05T13:01:16Z</time>
        <extensions>
          <gpxtpx:TrackPointExtension>
            <gpxtpx:hr>180</gpxtpx:hr>
          </gpxtpx:TrackPointExtension>
        </extensions>
      </trkpt>
      <trkpt lat="32.043145846556754" lon="118.60217434077465">
        <ele>12.7</ele>
        <time>2026-08-05T13:01:17Z</time>
        <extensions>
          <gpxtpx:TrackPointExtension>
            <gpxtpx:hr>180</gpxtpx:hr>
          </gpxtpx:TrackPointExtension>
        </extensions>
      </trkpt>
      <trkpt lat="32.0431458330028" lon="118.60220732780775">
        <ele>12.8</ele>
        <time>2026-08-05T13:01:18Z</time>
        <extensions>
          <gpxtpx:TrackPointExtension>
            <gpxtpx:hr>180</gpxtpx:hr>
          </gpxtpx:TrackPointExtension>
        </extensions>
      </trkpt>
      <trkpt lat="32.04314481917833" lon="118.60224031487678">
        <ele>12.8</ele>
        <time>2026-08-05T13:01:19Z</time>
        <extensions>
          <gpxtpx:TrackPointExtension>
            <gpxtpx:hr>180</gpxtpx:hr>
          </gpxtpx:TrackPointExtension>
        </extensions>
      </trkpt>
      <trkpt lat="32.043144805119994" lon="118.6022743014047">
        <ele>12.8</ele>
        <time>2026-08-05T13:01:20Z</time>
        <extensions>
          <gpxtpx:TrackPointExtension>
            <gpxtpx:hr>180</gpxtpx:hr>
          </gpxtpx:TrackPointExtension>
        </extensions>
      </trkpt>
      <trkpt lat="32.04314579040792" lon="118.60231028698755">
        <ele>12.8</ele>
        <time>2026-08-05T13:01:21Z</time>
        <extensions>
          <gpxtpx:TrackPointExtension>
            <gpxtpx:hr>180</gpxtpx:hr>
          </gpxtpx:TrackPointExtension>
        </extensions>
      </trkpt>
      <trkpt lat="32.043145775833956" lon="118.60234527299677">
        <ele>12.8</ele>
        <time>2026-08-05T13:01:22Z</time>
        <extensions>
          <gpxtpx:TrackPointExtension>
            <gpxtpx:hr>180</gpxtpx:hr>
          </gpxtpx:TrackPointExtension>
        </extensions>
      </trkpt>
      <trkpt lat="32.043144761402445" lon="118.6023792594376">
        <ele>12.9</ele>
        <time>2026-08-05T13:01:23Z</time>
        <extensions>
          <gpxtpx:TrackPointExtension>
            <gpxtpx:hr>180</gpxtpx:hr>
          </gpxtpx:TrackPointExtension>
        </extensions>
      </trkpt>
      <trkpt lat="32.04314374608317" lon="118.60241524501305">
        <ele>12.9</ele>
        <time>2026-08-05T13:01:24Z</time>
        <extensions>
          <gpxtpx:TrackPointExtension>
            <gpxtpx:hr>180</gpxtpx:hr>
          </gpxtpx:TrackPointExtension>
        </extensions>
      </trkpt>
      <trkpt lat="32.043142731131766" lon="118.60245023093009">
        <ele>12.9</ele>
        <time>2026-08-05T13:01:25Z</time>
        <extensions>
          <gpxtpx:TrackPointExtension>
            <gpxtpx:hr>180</gpxtpx:hr>
          </gpxtpx:TrackPointExtension>
        </extensions>
      </trkpt>
      <trkpt lat="32.043142716778" lon="118.6024842171039">
        <ele>12.9</ele>
        <time>2026-08-05T13:01:26Z</time>
        <extensions>
          <gpxtpx:TrackPointExtension>
            <gpxtpx:hr>180</gpxtpx:hr>
          </gpxtpx:TrackPointExtension>
        </extensions>
      </trkpt>
      <trkpt lat="32.043143702601846" lon="118.6025182031304">
        <ele>12.9</ele>
        <time>2026-08-05T13:01:27Z</time>
        <extensions>
          <gpxtpx:TrackPointExtension>
            <gpxtpx:hr>180</gpxtpx:hr>
          </gpxtpx:TrackPointExtension>
        </extensions>
      </trkpt>
      <trkpt lat="32.043144688377915" lon="118.60255218909963">
        <ele>12.8</ele>
        <time>2026-08-05T13:01:28Z</time>
        <extensions>
          <gpxtpx:TrackPointExtension>
            <gpxtpx:hr>181</gpxtpx:hr>
          </gpxtpx:TrackPointExtension>
        </extensions>
      </trkpt>
      <trkpt lat="32.04314467302658" lon="118.60258817427646">
        <ele>12.8</ele>
        <time>2026-08-05T13:01:29Z</time>
        <extensions>
          <gpxtpx:TrackPointExtension>
            <gpxtpx:hr>181</gpxtpx:hr>
          </gpxtpx:TrackPointExtension>
        </extensions>
      </trkpt>
      <trkpt lat="32.043143657396335" lon="118.6026241594792">
        <ele>12.8</ele>
        <time>2026-08-05T13:01:30Z</time>
        <extensions>
          <gpxtpx:TrackPointExtension>
            <gpxtpx:hr>181</gpxtpx:hr>
          </gpxtpx:TrackPointExtension>
        </extensions>
      </trkpt>
      <trkpt lat="32.04314164277742" lon="118.60265714595624">
        <ele>12.8</ele>
        <time>2026-08-05T13:01:31Z</time>
        <extensions>
          <gpxtpx:TrackPointExtension>
            <gpxtpx:hr>181</gpxtpx:hr>
          </gpxtpx:TrackPointExtension>
        </extensions>
      </trkpt>
      <trkpt lat="32.043140628338946" lon="118.60269013228934">
        <ele>12.8</ele>
        <time>2026-08-05T13:01:32Z</time>
        <extensions>
          <gpxtpx:TrackPointExtension>
            <gpxtpx:hr>181</gpxtpx:hr>
          </gpxtpx:TrackPointExtension>
        </extensions>
      </trkpt>
      <trkpt lat="32.043140612349625" lon="118.60272711680085">
        <ele>12.8</ele>
        <time>2026-08-05T13:01:33Z</time>
        <extensions>
          <gpxtpx:TrackPointExtension>
            <gpxtpx:hr>181</gpxtpx:hr>
          </gpxtpx:TrackPointExtension>
        </extensions>
      </trkpt>
      <trkpt lat="32.043140597606936" lon="118.6027611025085">
        <ele>12.8</ele>
        <time>2026-08-05T13:01:34Z</time>
        <extensions>
          <gpxtpx:TrackPointExtension>
            <gpxtpx:hr>181</gpxtpx:hr>
          </gpxtpx:TrackPointExtension>
        </extensions>
      </trkpt>
      <trkpt lat="32.043139583026864" lon="118.60279408867189">
        <ele>12.8</ele>
        <time>2026-08-05T13:01:35Z</time>
        <extensions>
          <gpxtpx:TrackPointExtension>
            <gpxtpx:hr>181</gpxtpx:hr>
          </gpxtpx:TrackPointExtension>
        </extensions>
      </trkpt>
      <trkpt lat="32.04314056754141" lon="118.60283007332775">
        <ele>12.8</ele>
        <time>2026-08-05T13:01:36Z</time>
        <extensions>
          <gpxtpx:TrackPointExtension>
            <gpxtpx:hr>181</gpxtpx:hr>
          </gpxtpx:TrackPointExtension>
        </extensions>
      </trkpt>
      <trkpt lat="32.04314055089977" lon="118.60286805715675">
        <ele>12.8</ele>
        <time>2026-08-05T13:01:37Z</time>
        <extensions>
          <gpxtpx:TrackPointExtension>
            <gpxtpx:hr>181</gpxtpx:hr>
          </gpxtpx:TrackPointExtension>
        </extensions>
      </trkpt>
      <trkpt lat="32.04313753308215" lon="118.60290704075615">
        <ele>12.8</ele>
        <time>2026-08-05T13:01:38Z</time>
        <extensions>
          <gpxtpx:TrackPointExtension>
            <gpxtpx:hr>182</gpxtpx:hr>
          </gpxtpx:TrackPointExtension>
        </extensions>
      </trkpt>
      <trkpt lat="32.043132513867135" lon="118.60294802359977">
        <ele>12.8</ele>
        <time>2026-08-05T13:01:39Z</time>
        <extensions>
          <gpxtpx:TrackPointExtension>
            <gpxtpx:hr>182</gpxtpx:hr>
          </gpxtpx:TrackPointExtension>
        </extensions>
      </trkpt>
      <trkpt lat="32.04312249345591" lon="118.60298900681063">
        <ele>12.8</ele>
        <time>2026-08-05T13:01:40Z</time>
        <extensions>
          <gpxtpx:TrackPointExtension>
            <gpxtpx:hr>182</gpxtpx:hr>
          </gpxtpx:TrackPointExtension>
        </extensions>
      </trkpt>
      <trkpt lat="32.04310947229928" lon="118.60302999020867">
        <ele>12.8</ele>
        <time>2026-08-05T13:01:41Z</time>
        <extensions>
          <gpxtpx:TrackPointExtension>
            <gpxtpx:hr>182</gpxtpx:hr>
          </gpxtpx:TrackPointExtension>
        </extensions>
      </trkpt>
      <trkpt lat="32.043101452647484" lon="118.60306997351006">
        <ele>12.8</ele>
        <time>2026-08-05T13:01:42Z</time>
        <extensions>
          <gpxtpx:TrackPointExtension>
            <gpxtpx:hr>182</gpxtpx:hr>
          </gpxtpx:TrackPointExtension>
        </extensions>
      </trkpt>
      <trkpt lat="32.043098435402726" lon="118.60310695759738">
        <ele>12.9</ele>
        <time>2026-08-05T13:01:43Z</time>
        <extensions>
          <gpxtpx:TrackPointExtension>
            <gpxtpx:hr>181</gpxtpx:hr>
          </gpxtpx:TrackPointExtension>
        </extensions>
      </trkpt>
      <trkpt lat="32.0431134235089" lon="118.60314094131652">
        <ele>12.9</ele>
        <time>2026-08-05T13:01:44Z</time>
        <extensions>
          <gpxtpx:TrackPointExtension>
            <gpxtpx:hr>181</gpxtpx:hr>
          </gpxtpx:TrackPointExtension>
        </extensions>
      </trkpt>
      <trkpt lat="32.043141419009096" lon="118.60316492822199">
        <ele>12.9</ele>
        <time>2026-08-05T13:01:45Z</time>
        <extensions>
          <gpxtpx:TrackPointExtension>
            <gpxtpx:hr>181</gpxtpx:hr>
          </gpxtpx:TrackPointExtension>
        </extensions>
      </trkpt>
      <trkpt lat="32.04316441426229" lon="118.60318691643384">
        <ele>12.9</ele>
        <time>2026-08-05T13:01:46Z</time>
        <extensions>
          <gpxtpx:TrackPointExtension>
            <gpxtpx:hr>181</gpxtpx:hr>
          </gpxtpx:TrackPointExtension>
        </extensions>
      </trkpt>
      <trkpt lat="32.04317340271679" lon="118.60321690233441">
        <ele>12.9</ele>
        <time>2026-08-05T13:01:47Z</time>
        <extensions>
          <gpxtpx:TrackPointExtension>
            <gpxtpx:hr>181</gpxtpx:hr>
          </gpxtpx:TrackPointExtension>
        </extensions>
      </trkpt>
      <trkpt lat="32.04316638480153" lon="118.60325288695941">
        <ele>12.9</ele>
        <time>2026-08-05T13:01:48Z</time>
        <extensions>
          <gpxtpx:TrackPointExtension>
            <gpxtpx:hr>181</gpxtpx:hr>
          </gpxtpx:TrackPointExtension>
        </extensions>
      </trkpt>
      <trkpt lat="32.04315636205084" lon="118.60329786776347">
        <ele>12.9</ele>
        <time>2026-08-05T13:01:49Z</time>
        <extensions>
          <gpxtpx:TrackPointExtension>
            <gpxtpx:hr>181</gpxtpx:hr>
          </gpxtpx:TrackPointExtension>
        </extensions>
      </trkpt>
      <trkpt lat="32.04315434331086" lon="118.60333784999644">
        <ele>12.9</ele>
        <time>2026-08-05T13:01:50Z</time>
        <extensions>
          <gpxtpx:TrackPointExtension>
            <gpxtpx:hr>181</gpxtpx:hr>
          </gpxtpx:TrackPointExtension>
        </extensions>
      </trkpt>
      <trkpt lat="32.043162329057026" lon="118.60337283350773">
        <ele>12.9</ele>
        <time>2026-08-05T13:01:51Z</time>
        <extensions>
          <gpxtpx:TrackPointExtension>
            <gpxtpx:hr>181</gpxtpx:hr>
          </gpxtpx:TrackPointExtension>
        </extensions>
      </trkpt>
      <trkpt lat="32.04317531587982" lon="118.60340781650852">
        <ele>12.9</ele>
        <time>2026-08-05T13:01:52Z</time>
        <extensions>
          <gpxtpx:TrackPointExtension>
            <gpxtpx:hr>181</gpxtpx:hr>
          </gpxtpx:TrackPointExtension>
        </extensions>
      </trkpt>
      <trkpt lat="32.04318530243852" lon="118.60344180017401">
        <ele>13.1</ele>
        <time>2026-08-05T13:01:53Z</time>
        <extensions>
          <gpxtpx:TrackPointExtension>
            <gpxtpx:hr>182</gpxtpx:hr>
          </gpxtpx:TrackPointExtension>
        </extensions>
      </trkpt>
      <trkpt lat="32.04319028689538" lon="118.60347778331989">
        <ele>13.1</ele>
        <time>2026-08-05T13:01:54Z</time>
        <extensions>
          <gpxtpx:TrackPointExtension>
            <gpxtpx:hr>182</gpxtpx:hr>
          </gpxtpx:TrackPointExtension>
        </extensions>
      </trkpt>
      <trkpt lat="32.04319127039759" lon="118.60351376676229">
        <ele>13.1</ele>
        <time>2026-08-05T13:01:55Z</time>
        <extensions>
          <gpxtpx:TrackPointExtension>
            <gpxtpx:hr>182</gpxtpx:hr>
          </gpxtpx:TrackPointExtension>
        </extensions>
      </trkpt>
      <trkpt lat="32.043193254538785" lon="118.603548750511">
        <ele>13.1</ele>
        <time>2026-08-05T13:01:56Z</time>
        <extensions>
          <gpxtpx:TrackPointExtension>
            <gpxtpx:hr>182</gpxtpx:hr>
          </gpxtpx:TrackPointExtension>
        </extensions>
      </trkpt>
      <trkpt lat="32.04319823977403" lon="118.60358273439113">
        <ele>13.1</ele>
        <time>2026-08-05T13:01:57Z</time>
        <extensions>
          <gpxtpx:TrackPointExtension>
            <gpxtpx:hr>182</gpxtpx:hr>
          </gpxtpx:TrackPointExtension>
        </extensions>
      </trkpt>
      <trkpt lat="32.043207225393914" lon="118.60361771739089">
        <ele>13.2</ele>
        <time>2026-08-05T13:01:58Z</time>
        <extensions>
          <gpxtpx:TrackPointExtension>
            <gpxtpx:hr>183</gpxtpx:hr>
          </gpxtpx:TrackPointExtension>
        </extensions>
      </trkpt>
      <trkpt lat="32.04321721307251" lon="118.60364870210064">
        <ele>13.2</ele>
        <time>2026-08-05T13:01:59Z</time>
        <extensions>
          <gpxtpx:TrackPointExtension>
            <gpxtpx:hr>183</gpxtpx:hr>
          </gpxtpx:TrackPointExtension>
        </extensions>
      </trkpt>
      <trkpt lat="32.04322319886604" lon="118.60368168619038">
        <ele>13.2</ele>
        <time>2026-08-05T13:02:00Z</time>
        <extensions>
          <gpxtpx:TrackPointExtension>
            <gpxtpx:hr>183</gpxtpx:hr>
          </gpxtpx:TrackPointExtension>
        </extensions>
      </trkpt>
      <trkpt lat="32.043226181570844" lon="118.60371966815529">
        <ele>13.2</ele>
        <time>2026-08-05T13:02:01Z</time>
        <extensions>
          <gpxtpx:TrackPointExtension>
            <gpxtpx:hr>183</gpxtpx:hr>
          </gpxtpx:TrackPointExtension>
        </extensions>
      </trkpt>
      <trkpt lat="32.0432291646918" lon="118.60375665051966">
        <ele>13.2</ele>
        <time>2026-08-05T13:02:02Z</time>
        <extensions>
          <gpxtpx:TrackPointExtension>
            <gpxtpx:hr>183</gpxtpx:hr>
          </gpxtpx:TrackPointExtension>
        </extensions>
      </trkpt>
      <trkpt lat="32.04323414773076" lon="118.6037946321647">
        <ele>13.1</ele>
        <time>2026-08-05T13:02:03Z</time>
        <extensions>
          <gpxtpx:TrackPointExtension>
            <gpxtpx:hr>148</gpxtpx:hr>
          </gpxtpx:TrackPointExtension>
        </extensions>
      </trkpt>
      <trkpt lat="32.04324013093602" lon="118.60383261364889">
        <ele>13.1</ele>
        <time>2026-08-05T13:02:04Z</time>
        <extensions>
          <gpxtpx:TrackPointExtension>
            <gpxtpx:hr>148</gpxtpx:hr>
          </gpxtpx:TrackPointExtension>
        </extensions>
      </trkpt>
      <trkpt lat="32.043249115718034" lon="118.60386859574376">
        <ele>13.1</ele>
        <time>2026-08-05T13:02:05Z</time>
        <extensions>
          <gpxtpx:TrackPointExtension>
            <gpxtpx:hr>148</gpxtpx:hr>
          </gpxtpx:TrackPointExtension>
        </extensions>
      </trkpt>
      <trkpt lat="32.043260099935175" lon="118.60390657663993">
        <ele>13.1</ele>
        <time>2026-08-05T13:02:06Z</time>
        <extensions>
          <gpxtpx:TrackPointExtension>
            <gpxtpx:hr>148</gpxtpx:hr>
          </gpxtpx:TrackPointExtension>
        </extensions>
      </trkpt>
      <trkpt lat="32.043274085252264" lon="118.60394355767464">
        <ele>13.1</ele>
        <time>2026-08-05T13:02:07Z</time>
        <extensions>
          <gpxtpx:TrackPointExtension>
            <gpxtpx:hr>148</gpxtpx:hr>
          </gpxtpx:TrackPointExtension>
        </extensions>
      </trkpt>
      <trkpt lat="32.04329107215814" lon="118.6039785393345">
        <ele>13.1</ele>
        <time>2026-08-05T13:02:08Z</time>
        <extensions>
          <gpxtpx:TrackPointExtension>
            <gpxtpx:hr>147</gpxtpx:hr>
          </gpxtpx:TrackPointExtension>
        </extensions>
      </trkpt>
      <trkpt lat="32.04331306014071" lon="118.60401352048417">
        <ele>13.1</ele>
        <time>2026-08-05T13:02:09Z</time>
        <extensions>
          <gpxtpx:TrackPointExtension>
            <gpxtpx:hr>147</gpxtpx:hr>
          </gpxtpx:TrackPointExtension>
        </extensions>
      </trkpt>
      <trkpt lat="32.04333605268121" lon="118.60403950584275">
        <ele>13.1</ele>
        <time>2026-08-05T13:02:10Z</time>
        <extensions>
          <gpxtpx:TrackPointExtension>
            <gpxtpx:hr>147</gpxtpx:hr>
          </gpxtpx:TrackPointExtension>
        </extensions>
      </trkpt>
      <trkpt lat="32.04335805081985" lon="118.60405349707933">
        <ele>13.1</ele>
        <time>2026-08-05T13:02:11Z</time>
        <extensions>
          <gpxtpx:TrackPointExtension>
            <gpxtpx:hr>147</gpxtpx:hr>
          </gpxtpx:TrackPointExtension>
        </extensions>
      </trkpt>
      <trkpt lat="32.043361023650455" lon="118.60411046909663">
        <ele>13.1</ele>
        <time>2026-08-05T13:02:12Z</time>
        <extensions>
          <gpxtpx:TrackPointExtension>
            <gpxtpx:hr>147</gpxtpx:hr>
          </gpxtpx:TrackPointExtension>
        </extensions>
      </trkpt>
      <trkpt lat="32.04344783044857" lon="118.60453724861415">
        <ele>11.9</ele>
        <time>2026-08-05T13:03:01Z</time>
      </trkpt>
      <trkpt lat="32.04345582616351" lon="118.6045492417892">
        <ele>11.9</ele>
        <time>2026-08-05T13:03:02Z</time>
      </trkpt>
      <trkpt lat="32.04346181583111" lon="118.60457222952896">
        <ele>11.9</ele>
        <time>2026-08-05T13:03:03Z</time>
      </trkpt>
      <trkpt lat="32.04347180586905" lon="118.60459621637145">
        <ele>11.9</ele>
        <time>2026-08-05T13:03:04Z</time>
      </trkpt>
      <trkpt lat="32.04348179537313" lon="118.60462120267341">
        <ele>11.9</ele>
        <time>2026-08-05T13:03:05Z</time>
      </trkpt>
      <trkpt lat="32.04348978337814" lon="118.60464818809751">
        <ele>11.9</ele>
        <time>2026-08-05T13:03:06Z</time>
      </trkpt>
      <trkpt lat="32.04349777135355" lon="118.60467517348616">
        <ele>11.9</ele>
        <time>2026-08-05T13:03:07Z</time>
      </trkpt>
      <trkpt lat="32.04350976122803" lon="118.60470015951189">
        <ele>11.9</ele>
        <time>2026-08-05T13:03:08Z</time>
      </trkpt>
      <trkpt lat="32.04352475175304" lon="118.60472514523705">
        <ele>11.9</ele>
        <time>2026-08-05T13:03:09Z</time>
      </trkpt>
      <trkpt lat="32.04353674209242" lon="118.60474913172074">
        <ele>11.9</ele>
        <time>2026-08-05T13:03:10Z</time>
      </trkpt>
      <trkpt lat="32.04355172998376" lon="118.60477911478597">
        <ele>11.9</ele>
        <time>2026-08-05T13:03:11Z</time>
      </trkpt>
      <trkpt lat="32.04356571813135" lon="118.60480809841911">
        <ele>11.9</ele>
        <time>2026-08-05T13:03:12Z</time>
      </trkpt>
      <trkpt lat="32.04357870705789" lon="118.60483508314738">
        <ele>11.9</ele>
        <time>2026-08-05T13:03:13Z</time>
      </trkpt>
      <trkpt lat="32.04359069572956" lon="118.60486206793027">
        <ele>11.9</ele>
        <time>2026-08-05T13:03:14Z</time>
      </trkpt>
      <trkpt lat="32.04360468377949" lon="118.60489105144647">
        <ele>11.9</ele>
        <time>2026-08-05T13:03:15Z</time>
      </trkpt>
      <trkpt lat="32.04361867179532" lon="118.60492003492183">
        <ele>11.9</ele>
        <time>2026-08-05T13:03:16Z</time>
      </trkpt>
      <trkpt lat="32.04363266082451" lon="118.60494701941315">
        <ele>11.9</ele>
        <time>2026-08-05T13:03:17Z</time>
      </trkpt>
      <trkpt lat="32.043649648400525" lon="118.60497800147985">
        <ele>11.9</ele>
        <time>2026-08-05T13:03:18Z</time>
      </trkpt>
      <trkpt lat="32.04366663804205" lon="118.60500498562499">
        <ele>11.9</ele>
        <time>2026-08-05T13:03:19Z</time>
      </trkpt>
      <trkpt lat="32.043685629685754" lon="118.60502897115184">
        <ele>11.9</ele>
        <time>2026-08-05T13:03:20Z</time>
      </trkpt>
      <trkpt lat="32.043704622361936" lon="118.60505095771765">
        <ele>11.9</ele>
        <time>2026-08-05T13:03:21Z</time>
      </trkpt>
      <trkpt lat="32.04372361396082" lon="118.60507494319096">
        <ele>11.8</ele>
        <time>2026-08-05T13:03:22Z</time>
      </trkpt>
      <trkpt lat="32.043742605006486" lon="118.60509992810057">
        <ele>11.8</ele>
        <time>2026-08-05T13:03:23Z</time>
      </trkpt>
      <trkpt lat="32.04375359103874" lon="118.60513091047757">
        <ele>11.8</ele>
        <time>2026-08-05T13:03:24Z</time>
      </trkpt>
      <trkpt lat="32.043755570744516" lon="118.60516988930677">
        <ele>11.8</ele>
        <time>2026-08-05T13:03:25Z</time>
      </trkpt>
      <trkpt lat="32.043739541524104" lon="118.60521786481192">
        <ele>11.8</ele>
        <time>2026-08-05T13:03:26Z</time>
      </trkpt>
      <trkpt lat="32.04372451404543" lon="118.60526284174668">
        <ele>11.8</ele>
        <time>2026-08-05T13:03:27Z</time>
        <extensions>
          <gpxtpx:TrackPointExtension>
            <gpxtpx:hr>160</gpxtpx:hr>
          </gpxtpx:TrackPointExtension>
        </extensions>
      </trkpt>
      <trkpt lat="32.043727498609265" lon="118.6052928251446">
        <ele>11.8</ele>
        <time>2026-08-05T13:03:28Z</time>
        <extensions>
          <gpxtpx:TrackPointExtension>
            <gpxtpx:hr>160</gpxtpx:hr>
          </gpxtpx:TrackPointExtension>
        </extensions>
      </trkpt>
      <trkpt lat="32.04374548974819" lon="118.60531681042661">
        <ele>11.8</ele>
        <time>2026-08-05T13:03:29Z</time>
        <extensions>
          <gpxtpx:TrackPointExtension>
            <gpxtpx:hr>160</gpxtpx:hr>
          </gpxtpx:TrackPointExtension>
        </extensions>
      </trkpt>
      <trkpt lat="32.0437824889198" lon="118.60533379780053">
        <ele>11.8</ele>
        <time>2026-08-05T13:03:30Z</time>
        <extensions>
          <gpxtpx:TrackPointExtension>
            <gpxtpx:hr>160</gpxtpx:hr>
          </gpxtpx:TrackPointExtension>
        </extensions>
      </trkpt>
      <trkpt lat="32.04382849226632" lon="118.6053467865412">
        <ele>11.8</ele>
        <time>2026-08-05T13:03:31Z</time>
        <extensions>
          <gpxtpx:TrackPointExtension>
            <gpxtpx:hr>160</gpxtpx:hr>
          </gpxtpx:TrackPointExtension>
        </extensions>
      </trkpt>
      <trkpt lat="32.04386049029053" lon="118.60536377434073">
        <ele>11.8</ele>
        <time>2026-08-05T13:03:32Z</time>
        <extensions>
          <gpxtpx:TrackPointExtension>
            <gpxtpx:hr>160</gpxtpx:hr>
          </gpxtpx:TrackPointExtension>
        </extensions>
      </trkpt>
      <trkpt lat="32.043884483253024" lon="118.60538675954962">
        <ele>11.8</ele>
        <time>2026-08-05T13:03:33Z</time>
        <extensions>
          <gpxtpx:TrackPointExtension>
            <gpxtpx:hr>160</gpxtpx:hr>
          </gpxtpx:TrackPointExtension>
        </extensions>
      </trkpt>
      <trkpt lat="32.04390447095279" lon="118.60541774068535">
        <ele>11.8</ele>
        <time>2026-08-05T13:03:34Z</time>
        <extensions>
          <gpxtpx:TrackPointExtension>
            <gpxtpx:hr>160</gpxtpx:hr>
          </gpxtpx:TrackPointExtension>
        </extensions>
      </trkpt>
      <trkpt lat="32.04391845726243" lon="118.60544872231505">
        <ele>11.8</ele>
        <time>2026-08-05T13:03:35Z</time>
        <extensions>
          <gpxtpx:TrackPointExtension>
            <gpxtpx:hr>160</gpxtpx:hr>
          </gpxtpx:TrackPointExtension>
        </extensions>
      </trkpt>
      <trkpt lat="32.04393044144705" lon="118.6054827024157">
        <ele>11.8</ele>
        <time>2026-08-05T13:03:36Z</time>
        <extensions>
          <gpxtpx:TrackPointExtension>
            <gpxtpx:hr>160</gpxtpx:hr>
          </gpxtpx:TrackPointExtension>
        </extensions>
      </trkpt>
      <trkpt lat="32.043942426678406" lon="118.6055146835723">
        <ele>11.8</ele>
        <time>2026-08-05T13:03:37Z</time>
        <extensions>
          <gpxtpx:TrackPointExtension>
            <gpxtpx:hr>160</gpxtpx:hr>
          </gpxtpx:TrackPointExtension>
        </extensions>
      </trkpt>
      <trkpt lat="32.04396041650646" lon="118.60554066748261">
        <ele>11.8</ele>
        <time>2026-08-05T13:03:38Z</time>
        <extensions>
          <gpxtpx:TrackPointExtension>
            <gpxtpx:hr>160</gpxtpx:hr>
          </gpxtpx:TrackPointExtension>
        </extensions>
      </trkpt>
      <trkpt lat="32.04397940653243" lon="118.60556665127021">
        <ele>11.8</ele>
        <time>2026-08-05T13:03:39Z</time>
        <extensions>
          <gpxtpx:TrackPointExtension>
            <gpxtpx:hr>160</gpxtpx:hr>
          </gpxtpx:TrackPointExtension>
        </extensions>
      </trkpt>
      <trkpt lat="32.04399739685565" lon="118.60559163567483">
        <ele>11.8</ele>
        <time>2026-08-05T13:03:40Z</time>
        <extensions>
          <gpxtpx:TrackPointExtension>
            <gpxtpx:hr>160</gpxtpx:hr>
          </gpxtpx:TrackPointExtension>
        </extensions>
      </trkpt>
      <trkpt lat="32.04402138795406" lon="118.60561761894809">
        <ele>11.8</ele>
        <time>2026-08-05T13:03:41Z</time>
        <extensions>
          <gpxtpx:TrackPointExtension>
            <gpxtpx:hr>160</gpxtpx:hr>
          </gpxtpx:TrackPointExtension>
        </extensions>
      </trkpt>
      <trkpt lat="32.04404238000484" lon="118.60564060414495">
        <ele>11.8</ele>
        <time>2026-08-05T13:03:42Z</time>
        <extensions>
          <gpxtpx:TrackPointExtension>
            <gpxtpx:hr>160</gpxtpx:hr>
          </gpxtpx:TrackPointExtension>
        </extensions>
      </trkpt>
      <trkpt lat="32.044062371809055" lon="118.60566358940635">
        <ele>11.8</ele>
        <time>2026-08-05T13:03:43Z</time>
        <extensions>
          <gpxtpx:TrackPointExtension>
            <gpxtpx:hr>160</gpxtpx:hr>
          </gpxtpx:TrackPointExtension>
        </extensions>
      </trkpt>
      <trkpt lat="32.04408436404226" lon="118.6056865744621">
        <ele>11.8</ele>
        <time>2026-08-05T13:03:44Z</time>
        <extensions>
          <gpxtpx:TrackPointExtension>
            <gpxtpx:hr>160</gpxtpx:hr>
          </gpxtpx:TrackPointExtension>
        </extensions>
      </trkpt>
      <trkpt lat="32.04410535436534" lon="118.60571255788639">
        <ele>11.8</ele>
        <time>2026-08-05T13:03:45Z</time>
        <extensions>
          <gpxtpx:TrackPointExtension>
            <gpxtpx:hr>161</gpxtpx:hr>
          </gpxtpx:TrackPointExtension>
        </extensions>
      </trkpt>
      <trkpt lat="32.04412634521676" lon="118.60573754184472">
        <ele>11.8</ele>
        <time>2026-08-05T13:03:46Z</time>
        <extensions>
          <gpxtpx:TrackPointExtension>
            <gpxtpx:hr>161</gpxtpx:hr>
          </gpxtpx:TrackPointExtension>
        </extensions>
      </trkpt>
      <trkpt lat="32.044144337037075" lon="118.60575952774636">
        <ele>11.8</ele>
        <time>2026-08-05T13:03:47Z</time>
        <extensions>
          <gpxtpx:TrackPointExtension>
            <gpxtpx:hr>161</gpxtpx:hr>
          </gpxtpx:TrackPointExtension>
        </extensions>
      </trkpt>
      <trkpt lat="32.04416632862372" lon="118.60578351212685">
        <ele>11.8</ele>
        <time>2026-08-05T13:03:48Z</time>
        <extensions>
          <gpxtpx:TrackPointExtension>
            <gpxtpx:hr>161</gpxtpx:hr>
          </gpxtpx:TrackPointExtension>
        </extensions>
      </trkpt>
      <trkpt lat="32.04418632085352" lon="118.6058054977996">
        <ele>11.8</ele>
        <time>2026-08-05T13:03:49Z</time>
        <extensions>
          <gpxtpx:TrackPointExtension>
            <gpxtpx:hr>161</gpxtpx:hr>
          </gpxtpx:TrackPointExtension>
        </extensions>
      </trkpt>
      <trkpt lat="32.04420631250457" lon="118.60582848287804">
        <ele>11.7</ele>
        <time>2026-08-05T13:03:50Z</time>
        <extensions>
          <gpxtpx:TrackPointExtension>
            <gpxtpx:hr>162</gpxtpx:hr>
          </gpxtpx:TrackPointExtension>
        </extensions>
      </trkpt>
      <trkpt lat="32.04422630301387" lon="118.6058534667867">
        <ele>11.7</ele>
        <time>2026-08-05T13:03:51Z</time>
        <extensions>
          <gpxtpx:TrackPointExtension>
            <gpxtpx:hr>162</gpxtpx:hr>
          </gpxtpx:TrackPointExtension>
        </extensions>
      </trkpt>
      <trkpt lat="32.044244293608934" lon="118.60587745141878">
        <ele>11.7</ele>
        <time>2026-08-05T13:03:52Z</time>
        <extensions>
          <gpxtpx:TrackPointExtension>
            <gpxtpx:hr>162</gpxtpx:hr>
          </gpxtpx:TrackPointExtension>
        </extensions>
      </trkpt>
      <trkpt lat="32.04426328328152" lon="118.60590343478395">
        <ele>11.7</ele>
        <time>2026-08-05T13:03:53Z</time>
        <extensions>
          <gpxtpx:TrackPointExtension>
            <gpxtpx:hr>162</gpxtpx:hr>
          </gpxtpx:TrackPointExtension>
        </extensions>
      </trkpt>
      <trkpt lat="32.04428327315203" lon="118.60592941802649">
        <ele>11.7</ele>
        <time>2026-08-05T13:03:54Z</time>
        <extensions>
          <gpxtpx:TrackPointExtension>
            <gpxtpx:hr>162</gpxtpx:hr>
          </gpxtpx:TrackPointExtension>
        </extensions>
      </trkpt>
      <trkpt lat="32.04430526175239" lon="118.60595839932483">
        <ele>11.6</ele>
        <time>2026-08-05T13:03:55Z</time>
        <extensions>
          <gpxtpx:TrackPointExtension>
            <gpxtpx:hr>164</gpxtpx:hr>
          </gpxtpx:TrackPointExtension>
        </extensions>
      </trkpt>
      <trkpt lat="32.04432525156536" lon="118.6059843824986">
        <ele>11.6</ele>
        <time>2026-08-05T13:03:56Z</time>
        <extensions>
          <gpxtpx:TrackPointExtension>
            <gpxtpx:hr>164</gpxtpx:hr>
          </gpxtpx:TrackPointExtension>
        </extensions>
      </trkpt>
      <trkpt lat="32.04434524135113" lon="118.60601036563985">
        <ele>11.6</ele>
        <time>2026-08-05T13:03:57Z</time>
        <extensions>
          <gpxtpx:TrackPointExtension>
            <gpxtpx:hr>164</gpxtpx:hr>
          </gpxtpx:TrackPointExtension>
        </extensions>
      </trkpt>
      <trkpt lat="32.04436423145217" lon="118.60603534941963">
        <ele>11.6</ele>
        <time>2026-08-05T13:03:58Z</time>
        <extensions>
          <gpxtpx:TrackPointExtension>
            <gpxtpx:hr>164</gpxtpx:hr>
          </gpxtpx:TrackPointExtension>
        </extensions>
      </trkpt>
      <trkpt lat="32.044380220284175" lon="118.60606133285741">
        <ele>11.6</ele>
        <time>2026-08-05T13:03:59Z</time>
        <extensions>
          <gpxtpx:TrackPointExtension>
            <gpxtpx:hr>164</gpxtpx:hr>
          </gpxtpx:TrackPointExtension>
        </extensions>
      </trkpt>
      <trkpt lat="32.044396206240364" lon="118.60609231334479">
        <ele>11.5</ele>
        <time>2026-08-05T13:04:00Z</time>
        <extensions>
          <gpxtpx:TrackPointExtension>
            <gpxtpx:hr>165</gpxtpx:hr>
          </gpxtpx:TrackPointExtension>
        </extensions>
      </trkpt>
      <trkpt lat="32.04441019342084" lon="118.60612029572151">
        <ele>11.5</ele>
        <time>2026-08-05T13:04:01Z</time>
        <extensions>
          <gpxtpx:TrackPointExtension>
            <gpxtpx:hr>165</gpxtpx:hr>
          </gpxtpx:TrackPointExtension>
        </extensions>
      </trkpt>
      <trkpt lat="32.04442618044799" lon="118.60614927729401">
        <ele>11.5</ele>
        <time>2026-08-05T13:04:02Z</time>
        <extensions>
          <gpxtpx:TrackPointExtension>
            <gpxtpx:hr>165</gpxtpx:hr>
          </gpxtpx:TrackPointExtension>
        </extensions>
      </trkpt>
      <trkpt lat="32.04444316709321" lon="118.60617925814822">
        <ele>11.5</ele>
        <time>2026-08-05T13:04:03Z</time>
        <extensions>
          <gpxtpx:TrackPointExtension>
            <gpxtpx:hr>165</gpxtpx:hr>
          </gpxtpx:TrackPointExtension>
        </extensions>
      </trkpt>
      <trkpt lat="32.04446515712558" lon="118.60620524086572">
        <ele>11.5</ele>
        <time>2026-08-05T13:04:04Z</time>
        <extensions>
          <gpxtpx:TrackPointExtension>
            <gpxtpx:hr>165</gpxtpx:hr>
          </gpxtpx:TrackPointExtension>
        </extensions>
      </trkpt>
      <trkpt lat="32.04449414985711" lon="118.60622922410094">
        <ele>11.3</ele>
        <time>2026-08-05T13:04:05Z</time>
        <extensions>
          <gpxtpx:TrackPointExtension>
            <gpxtpx:hr>167</gpxtpx:hr>
          </gpxtpx:TrackPointExtension>
        </extensions>
      </trkpt>
      <trkpt lat="32.044535150451246" lon="118.60624421154853">
        <ele>11.3</ele>
        <time>2026-08-05T13:04:06Z</time>
        <extensions>
          <gpxtpx:TrackPointExtension>
            <gpxtpx:hr>167</gpxtpx:hr>
          </gpxtpx:TrackPointExtension>
        </extensions>
      </trkpt>
      <trkpt lat="32.04458215872567" lon="118.60624820495083">
        <ele>11.3</ele>
        <time>2026-08-05T13:04:07Z</time>
        <extensions>
          <gpxtpx:TrackPointExtension>
            <gpxtpx:hr>167</gpxtpx:hr>
          </gpxtpx:TrackPointExtension>
        </extensions>
      </trkpt>
      <trkpt lat="32.044616160615064" lon="118.60625819597415">
        <ele>11.3</ele>
        <time>2026-08-05T13:04:08Z</time>
        <extensions>
          <gpxtpx:TrackPointExtension>
            <gpxtpx:hr>167</gpxtpx:hr>
          </gpxtpx:TrackPointExtension>
        </extensions>
      </trkpt>
      <trkpt lat="32.044628152355486" lon="118.60627718364299">
        <ele>11.3</ele>
        <time>2026-08-05T13:04:09Z</time>
        <extensions>
          <gpxtpx:TrackPointExtension>
            <gpxtpx:hr>167</gpxtpx:hr>
          </gpxtpx:TrackPointExtension>
        </extensions>
      </trkpt>
      <trkpt lat="32.04462413238467" lon="118.60631016442215">
        <ele>11.1</ele>
        <time>2026-08-05T13:04:10Z</time>
        <extensions>
          <gpxtpx:TrackPointExtension>
            <gpxtpx:hr>168</gpxtpx:hr>
          </gpxtpx:TrackPointExtension>
        </extensions>
      </trkpt>
      <trkpt lat="32.04462811185097" lon="118.6063471420452">
        <ele>11.1</ele>
        <time>2026-08-05T13:04:11Z</time>
        <extensions>
          <gpxtpx:TrackPointExtension>
            <gpxtpx:hr>168</gpxtpx:hr>
          </gpxtpx:TrackPointExtension>
        </extensions>
      </trkpt>
      <trkpt lat="32.04464710103261" lon="118.60637312482339">
        <ele>11.1</ele>
        <time>2026-08-05T13:04:12Z</time>
        <extensions>
          <gpxtpx:TrackPointExtension>
            <gpxtpx:hr>168</gpxtpx:hr>
          </gpxtpx:TrackPointExtension>
        </extensions>
      </trkpt>
      <trkpt lat="32.04467109422246" lon="118.60639411011036">
        <ele>11.1</ele>
        <time>2026-08-05T13:04:13Z</time>
        <extensions>
          <gpxtpx:TrackPointExtension>
            <gpxtpx:hr>168</gpxtpx:hr>
          </gpxtpx:TrackPointExtension>
        </extensions>
      </trkpt>
      <trkpt lat="32.04469408658675" lon="118.60641609486706">
        <ele>11.1</ele>
        <time>2026-08-05T13:04:14Z</time>
        <extensions>
          <gpxtpx:TrackPointExtension>
            <gpxtpx:hr>168</gpxtpx:hr>
          </gpxtpx:TrackPointExtension>
        </extensions>
      </trkpt>
      <trkpt lat="32.044718079740285" lon="118.60643708011074">
        <ele>11.0</ele>
        <time>2026-08-05T13:04:15Z</time>
        <extensions>
          <gpxtpx:TrackPointExtension>
            <gpxtpx:hr>168</gpxtpx:hr>
          </gpxtpx:TrackPointExtension>
        </extensions>
      </trkpt>
      <trkpt lat="32.04474407332614" lon="118.60645806515316">
        <ele>11.0</ele>
        <time>2026-08-05T13:04:16Z</time>
        <extensions>
          <gpxtpx:TrackPointExtension>
            <gpxtpx:hr>168</gpxtpx:hr>
          </gpxtpx:TrackPointExtension>
        </extensions>
      </trkpt>
      <trkpt lat="32.044768065858875" lon="118.60648004975234">
        <ele>11.0</ele>
        <time>2026-08-05T13:04:17Z</time>
        <extensions>
          <gpxtpx:TrackPointExtension>
            <gpxtpx:hr>168</gpxtpx:hr>
          </gpxtpx:TrackPointExtension>
        </extensions>
      </trkpt>
      <trkpt lat="32.04479005909448" lon="118.6065000357151">
        <ele>11.0</ele>
        <time>2026-08-05T13:04:18Z</time>
        <extensions>
          <gpxtpx:TrackPointExtension>
            <gpxtpx:hr>168</gpxtpx:hr>
          </gpxtpx:TrackPointExtension>
        </extensions>
      </trkpt>
      <trkpt lat="32.04481805131603" lon="118.60652401870101">
        <ele>11.0</ele>
        <time>2026-08-05T13:04:19Z</time>
        <extensions>
          <gpxtpx:TrackPointExtension>
            <gpxtpx:hr>168</gpxtpx:hr>
          </gpxtpx:TrackPointExtension>
        </extensions>
      </trkpt>
      <trkpt lat="32.04484604469045" lon="118.60654600287037">
        <ele>10.8</ele>
        <time>2026-08-05T13:04:20Z</time>
        <extensions>
          <gpxtpx:TrackPointExtension>
            <gpxtpx:hr>169</gpxtpx:hr>
          </gpxtpx:TrackPointExtension>
        </extensions>
      </trkpt>
      <trkpt lat="32.044882039845405" lon="118.60656798629597">
        <ele>10.8</ele>
        <time>2026-08-05T13:04:21Z</time>
        <extensions>
          <gpxtpx:TrackPointExtension>
            <gpxtpx:hr>169</gpxtpx:hr>
          </gpxtpx:TrackPointExtension>
        </extensions>
      </trkpt>
      <trkpt lat="32.04491903343637" lon="118.60659296778543">
        <ele>10.8</ele>
        <time>2026-08-05T13:04:22Z</time>
        <extensions>
          <gpxtpx:TrackPointExtension>
            <gpxtpx:hr>169</gpxtpx:hr>
          </gpxtpx:TrackPointExtension>
        </extensions>
      </trkpt>
      <trkpt lat="32.04495302632717" lon="118.60661794951521">
        <ele>10.8</ele>
        <time>2026-08-05T13:04:23Z</time>
        <extensions>
          <gpxtpx:TrackPointExtension>
            <gpxtpx:hr>169</gpxtpx:hr>
          </gpxtpx:TrackPointExtension>
        </extensions>
      </trkpt>
      <trkpt lat="32.0449880200096" lon="118.60664193173511">
        <ele>10.8</ele>
        <time>2026-08-05T13:04:24Z</time>
        <extensions>
          <gpxtpx:TrackPointExtension>
            <gpxtpx:hr>169</gpxtpx:hr>
          </gpxtpx:TrackPointExtension>
        </extensions>
      </trkpt>
      <trkpt lat="32.04501701765223" lon="118.60665691996677">
        <ele>10.7</ele>
        <time>2026-08-05T13:04:25Z</time>
        <extensions>
          <gpxtpx:TrackPointExtension>
            <gpxtpx:hr>170</gpxtpx:hr>
          </gpxtpx:TrackPointExtension>
        </extensions>
      </trkpt>
      <trkpt lat="32.04503201984184" lon="118.60665891739399">
        <ele>10.7</ele>
        <time>2026-08-05T13:04:26Z</time>
        <extensions>
          <gpxtpx:TrackPointExtension>
            <gpxtpx:hr>170</gpxtpx:hr>
          </gpxtpx:TrackPointExtension>
        </extensions>
      </trkpt>
      <trkpt lat="32.04503501458992" lon="118.60666891101273">
        <ele>10.7</ele>
        <time>2026-08-05T13:04:27Z</time>
        <extensions>
          <gpxtpx:TrackPointExtension>
            <gpxtpx:hr>170</gpxtpx:hr>
          </gpxtpx:TrackPointExtension>
        </extensions>
      </trkpt>
      <trkpt lat="32.04504400237399" lon="118.60669289551609">
        <ele>10.7</ele>
        <time>2026-08-05T13:04:28Z</time>
        <extensions>
          <gpxtpx:TrackPointExtension>
            <gpxtpx:hr>170</gpxtpx:hr>
          </gpxtpx:TrackPointExtension>
        </extensions>
      </trkpt>
      <trkpt lat="32.045058992079625" lon="118.60671588006508">
        <ele>10.7</ele>
        <time>2026-08-05T13:04:29Z</time>
        <extensions>
          <gpxtpx:TrackPointExtension>
            <gpxtpx:hr>170</gpxtpx:hr>
          </gpxtpx:TrackPointExtension>
        </extensions>
      </trkpt>
      <trkpt lat="32.045078984080185" lon="118.60673686536771">
        <ele>10.7</ele>
        <time>2026-08-05T13:04:30Z</time>
        <extensions>
          <gpxtpx:TrackPointExtension>
            <gpxtpx:hr>170</gpxtpx:hr>
          </gpxtpx:TrackPointExtension>
        </extensions>
      </trkpt>
      <trkpt lat="32.04510097532007" lon="118.60675984923782">
        <ele>10.7</ele>
        <time>2026-08-05T13:04:31Z</time>
        <extensions>
          <gpxtpx:TrackPointExtension>
            <gpxtpx:hr>170</gpxtpx:hr>
          </gpxtpx:TrackPointExtension>
        </extensions>
      </trkpt>
      <trkpt lat="32.04512496818343" lon="118.606780834136">
        <ele>10.7</ele>
        <time>2026-08-05T13:04:32Z</time>
        <extensions>
          <gpxtpx:TrackPointExtension>
            <gpxtpx:hr>170</gpxtpx:hr>
          </gpxtpx:TrackPointExtension>
        </extensions>
      </trkpt>
      <trkpt lat="32.045146962373586" lon="118.60679882104614">
        <ele>10.7</ele>
        <time>2026-08-05T13:04:33Z</time>
        <extensions>
          <gpxtpx:TrackPointExtension>
            <gpxtpx:hr>170</gpxtpx:hr>
          </gpxtpx:TrackPointExtension>
        </extensions>
      </trkpt>
      <trkpt lat="32.04517095520412" lon="118.60681980590523">
        <ele>10.7</ele>
        <time>2026-08-05T13:04:34Z</time>
        <extensions>
          <gpxtpx:TrackPointExtension>
            <gpxtpx:hr>170</gpxtpx:hr>
          </gpxtpx:TrackPointExtension>
        </extensions>
      </trkpt>
      <trkpt lat="32.04519494681744" lon="118.60684278950406">
        <ele>10.5</ele>
        <time>2026-08-05T13:04:35Z</time>
        <extensions>
          <gpxtpx:TrackPointExtension>
            <gpxtpx:hr>171</gpxtpx:hr>
          </gpxtpx:TrackPointExtension>
        </extensions>
      </trkpt>
      <trkpt lat="32.04521793878538" lon="118.60686477378846">
        <ele>10.5</ele>
        <time>2026-08-05T13:04:36Z</time>
        <extensions>
          <gpxtpx:TrackPointExtension>
            <gpxtpx:hr>171</gpxtpx:hr>
          </gpxtpx:TrackPointExtension>
        </extensions>
      </trkpt>
      <trkpt lat="32.045242929980596" lon="118.606888756626">
        <ele>10.5</ele>
        <time>2026-08-05T13:04:37Z</time>
        <extensions>
          <gpxtpx:TrackPointExtension>
            <gpxtpx:hr>171</gpxtpx:hr>
          </gpxtpx:TrackPointExtension>
        </extensions>
      </trkpt>
      <trkpt lat="32.04526692213297" lon="118.60691074077205">
        <ele>10.5</ele>
        <time>2026-08-05T13:04:38Z</time>
        <extensions>
          <gpxtpx:TrackPointExtension>
            <gpxtpx:hr>171</gpxtpx:hr>
          </gpxtpx:TrackPointExtension>
        </extensions>
      </trkpt>
      <trkpt lat="32.04528991464443" lon="118.606931725609">
        <ele>10.5</ele>
        <time>2026-08-05T13:04:39Z</time>
        <extensions>
          <gpxtpx:TrackPointExtension>
            <gpxtpx:hr>171</gpxtpx:hr>
          </gpxtpx:TrackPointExtension>
        </extensions>
      </trkpt>
      <trkpt lat="32.045313907967305" lon="118.60695171095972">
        <ele>10.3</ele>
        <time>2026-08-05T13:04:40Z</time>
        <extensions>
          <gpxtpx:TrackPointExtension>
            <gpxtpx:hr>173</gpxtpx:hr>
          </gpxtpx:TrackPointExtension>
        </extensions>
      </trkpt>
      <trkpt lat="32.045336902259045" lon="118.60696969763296">
        <ele>10.3</ele>
        <time>2026-08-05T13:04:41Z</time>
        <extensions>
          <gpxtpx:TrackPointExtension>
            <gpxtpx:hr>173</gpxtpx:hr>
          </gpxtpx:TrackPointExtension>
        </extensions>
      </trkpt>
      <trkpt lat="32.04536289660688" lon="118.60698868339394">
        <ele>10.3</ele>
        <time>2026-08-05T13:04:42Z</time>
        <extensions>
          <gpxtpx:TrackPointExtension>
            <gpxtpx:hr>173</gpxtpx:hr>
          </gpxtpx:TrackPointExtension>
        </extensions>
      </trkpt>
      <trkpt lat="32.0453918910085" lon="118.60700866823991">
        <ele>10.3</ele>
        <time>2026-08-05T13:04:43Z</time>
        <extensions>
          <gpxtpx:TrackPointExtension>
            <gpxtpx:hr>173</gpxtpx:hr>
          </gpxtpx:TrackPointExtension>
        </extensions>
      </trkpt>
      <trkpt lat="32.04541788471941" lon="118.6070286533371">
        <ele>10.3</ele>
        <time>2026-08-05T13:04:44Z</time>
        <extensions>
          <gpxtpx:TrackPointExtension>
            <gpxtpx:hr>173</gpxtpx:hr>
          </gpxtpx:TrackPointExtension>
        </extensions>
      </trkpt>
      <trkpt lat="32.045435875399264" lon="118.60705063787682">
        <ele>10.2</ele>
        <time>2026-08-05T13:04:45Z</time>
        <extensions>
          <gpxtpx:TrackPointExtension>
            <gpxtpx:hr>173</gpxtpx:hr>
          </gpxtpx:TrackPointExtension>
        </extensions>
      </trkpt>
      <trkpt lat="32.04545386484187" lon="118.6070746211322">
        <ele>10.2</ele>
        <time>2026-08-05T13:04:46Z</time>
        <extensions>
          <gpxtpx:TrackPointExtension>
            <gpxtpx:hr>173</gpxtpx:hr>
          </gpxtpx:TrackPointExtension>
        </extensions>
      </trkpt>
      <trkpt lat="32.04547585272079" lon="118.60710260147208">
        <ele>10.2</ele>
        <time>2026-08-05T13:04:47Z</time>
        <extensions>
          <gpxtpx:TrackPointExtension>
            <gpxtpx:hr>173</gpxtpx:hr>
          </gpxtpx:TrackPointExtension>
        </extensions>
      </trkpt>
      <trkpt lat="32.04550084185431" lon="118.60712958213774">
        <ele>10.2</ele>
        <time>2026-08-05T13:04:48Z</time>
        <extensions>
          <gpxtpx:TrackPointExtension>
            <gpxtpx:hr>173</gpxtpx:hr>
          </gpxtpx:TrackPointExtension>
        </extensions>
      </trkpt>
      <trkpt lat="32.045521832508136" lon="118.60715256566708">
        <ele>10.2</ele>
        <time>2026-08-05T13:04:49Z</time>
        <extensions>
          <gpxtpx:TrackPointExtension>
            <gpxtpx:hr>173</gpxtpx:hr>
          </gpxtpx:TrackPointExtension>
        </extensions>
      </trkpt>
      <trkpt lat="32.045545823202396" lon="118.60717654826547">
        <ele>10.2</ele>
        <time>2026-08-05T13:04:50Z</time>
        <extensions>
          <gpxtpx:TrackPointExtension>
            <gpxtpx:hr>175</gpxtpx:hr>
          </gpxtpx:TrackPointExtension>
        </extensions>
      </trkpt>
      <trkpt lat="32.04557181493737" lon="118.60719953129299">
        <ele>10.2</ele>
        <time>2026-08-05T13:04:51Z</time>
        <extensions>
          <gpxtpx:TrackPointExtension>
            <gpxtpx:hr>175</gpxtpx:hr>
          </gpxtpx:TrackPointExtension>
        </extensions>
      </trkpt>
      <trkpt lat="32.04559780665122" lon="118.60722251429534">
        <ele>10.2</ele>
        <time>2026-08-05T13:04:52Z</time>
        <extensions>
          <gpxtpx:TrackPointExtension>
            <gpxtpx:hr>175</gpxtpx:hr>
          </gpxtpx:TrackPointExtension>
        </extensions>
      </trkpt>
      <trkpt lat="32.04562979969295" lon="118.60724549673206">
        <ele>10.2</ele>
        <time>2026-08-05T13:04:53Z</time>
        <extensions>
          <gpxtpx:TrackPointExtension>
            <gpxtpx:hr>175</gpxtpx:hr>
          </gpxtpx:TrackPointExtension>
        </extensions>
      </trkpt>
      <trkpt lat="32.04565779058069" lon="118.60727047822401">
        <ele>10.2</ele>
        <time>2026-08-05T13:04:54Z</time>
        <extensions>
          <gpxtpx:TrackPointExtension>
            <gpxtpx:hr>175</gpxtpx:hr>
          </gpxtpx:TrackPointExtension>
        </extensions>
      </trkpt>
      <trkpt lat="32.04568377914036" lon="118.60729845794258">
        <ele>10.2</ele>
        <time>2026-08-05T13:04:55Z</time>
        <extensions>
          <gpxtpx:TrackPointExtension>
            <gpxtpx:hr>176</gpxtpx:hr>
          </gpxtpx:TrackPointExtension>
        </extensions>
      </trkpt>
      <trkpt lat="32.045707768457156" lon="118.60732443908934">
        <ele>10.2</ele>
        <time>2026-08-05T13:04:56Z</time>
        <extensions>
          <gpxtpx:TrackPointExtension>
            <gpxtpx:hr>176</gpxtpx:hr>
          </gpxtpx:TrackPointExtension>
        </extensions>
      </trkpt>
      <trkpt lat="32.045726760342056" lon="118.6073444245165">
        <ele>10.2</ele>
        <time>2026-08-05T13:04:57Z</time>
        <extensions>
          <gpxtpx:TrackPointExtension>
            <gpxtpx:hr>176</gpxtpx:hr>
          </gpxtpx:TrackPointExtension>
        </extensions>
      </trkpt>
      <trkpt lat="32.04575175169815" lon="118.60736740745048">
        <ele>10.2</ele>
        <time>2026-08-05T13:04:58Z</time>
        <extensions>
          <gpxtpx:TrackPointExtension>
            <gpxtpx:hr>176</gpxtpx:hr>
          </gpxtpx:TrackPointExtension>
        </extensions>
      </trkpt>
      <trkpt lat="32.045777743879476" lon="118.60738939091497">
        <ele>10.2</ele>
        <time>2026-08-05T13:04:59Z</time>
        <extensions>
          <gpxtpx:TrackPointExtension>
            <gpxtpx:hr>176</gpxtpx:hr>
          </gpxtpx:TrackPointExtension>
        </extensions>
      </trkpt>
      <trkpt lat="32.0458047362663" lon="118.6074113742664">
        <ele>10.1</ele>
        <time>2026-08-05T13:05:00Z</time>
        <extensions>
          <gpxtpx:TrackPointExtension>
            <gpxtpx:hr>177</gpxtpx:hr>
          </gpxtpx:TrackPointExtension>
        </extensions>
      </trkpt>
      <trkpt lat="32.04583172925704" lon="118.60743235824259">
        <ele>10.1</ele>
        <time>2026-08-05T13:05:01Z</time>
        <extensions>
          <gpxtpx:TrackPointExtension>
            <gpxtpx:hr>177</gpxtpx:hr>
          </gpxtpx:TrackPointExtension>
        </extensions>
      </trkpt>
      <trkpt lat="32.04585872472596" lon="118.60744934479233">
        <ele>10.1</ele>
        <time>2026-08-05T13:05:02Z</time>
        <extensions>
          <gpxtpx:TrackPointExtension>
            <gpxtpx:hr>177</gpxtpx:hr>
          </gpxtpx:TrackPointExtension>
        </extensions>
      </trkpt>
      <trkpt lat="32.04589072193167" lon="118.60746533152722">
        <ele>10.1</ele>
        <time>2026-08-05T13:05:03Z</time>
        <extensions>
          <gpxtpx:TrackPointExtension>
            <gpxtpx:hr>177</gpxtpx:hr>
          </gpxtpx:TrackPointExtension>
        </extensions>
      </trkpt>
      <trkpt lat="32.04591971782758" lon="118.60748231787015">
        <ele>10.1</ele>
        <time>2026-08-05T13:05:04Z</time>
        <extensions>
          <gpxtpx:TrackPointExtension>
            <gpxtpx:hr>177</gpxtpx:hr>
          </gpxtpx:TrackPointExtension>
        </extensions>
      </trkpt>
      <trkpt lat="32.04594671075866" lon="118.60750330177562">
        <ele>10.0</ele>
        <time>2026-08-05T13:05:05Z</time>
        <extensions>
          <gpxtpx:TrackPointExtension>
            <gpxtpx:hr>179</gpxtpx:hr>
          </gpxtpx:TrackPointExtension>
        </extensions>
      </trkpt>
      <trkpt lat="32.04597270031275" lon="118.60752928248931">
        <ele>10.0</ele>
        <time>2026-08-05T13:05:06Z</time>
        <extensions>
          <gpxtpx:TrackPointExtension>
            <gpxtpx:hr>179</gpxtpx:hr>
          </gpxtpx:TrackPointExtension>
        </extensions>
      </trkpt>
      <trkpt lat="32.04599168701058" lon="118.60755726249437">
        <ele>10.0</ele>
        <time>2026-08-05T13:05:07Z</time>
        <extensions>
          <gpxtpx:TrackPointExtension>
            <gpxtpx:hr>179</gpxtpx:hr>
          </gpxtpx:TrackPointExtension>
        </extensions>
      </trkpt>
      <trkpt lat="32.04601367372233" lon="118.60758624153702">
        <ele>10.0</ele>
        <time>2026-08-05T13:05:08Z</time>
        <extensions>
          <gpxtpx:TrackPointExtension>
            <gpxtpx:hr>179</gpxtpx:hr>
          </gpxtpx:TrackPointExtension>
        </extensions>
      </trkpt>
      <trkpt lat="32.04603866422661" lon="118.60761022355094">
        <ele>10.0</ele>
        <time>2026-08-05T13:05:09Z</time>
        <extensions>
          <gpxtpx:TrackPointExtension>
            <gpxtpx:hr>179</gpxtpx:hr>
          </gpxtpx:TrackPointExtension>
        </extensions>
      </trkpt>
      <trkpt lat="32.046066657906586" lon="118.60763020789607">
        <ele>9.8</ele>
        <time>2026-08-05T13:05:10Z</time>
        <extensions>
          <gpxtpx:TrackPointExtension>
            <gpxtpx:hr>179</gpxtpx:hr>
          </gpxtpx:TrackPointExtension>
        </extensions>
      </trkpt>
      <trkpt lat="32.046094652834135" lon="118.60764819353822">
        <ele>9.8</ele>
        <time>2026-08-05T13:05:11Z</time>
        <extensions>
          <gpxtpx:TrackPointExtension>
            <gpxtpx:hr>179</gpxtpx:hr>
          </gpxtpx:TrackPointExtension>
        </extensions>
      </trkpt>
      <trkpt lat="32.04612164562652" lon="118.60766917727854">
        <ele>9.8</ele>
        <time>2026-08-05T13:05:12Z</time>
        <extensions>
          <gpxtpx:TrackPointExtension>
            <gpxtpx:hr>179</gpxtpx:hr>
          </gpxtpx:TrackPointExtension>
        </extensions>
      </trkpt>
      <trkpt lat="32.046146637318515" lon="118.60769116051817">
        <ele>9.8</ele>
        <time>2026-08-05T13:05:13Z</time>
        <extensions>
          <gpxtpx:TrackPointExtension>
            <gpxtpx:hr>179</gpxtpx:hr>
          </gpxtpx:TrackPointExtension>
        </extensions>
      </trkpt>
      <trkpt lat="32.04616862895144" lon="118.60771214466618">
        <ele>9.8</ele>
        <time>2026-08-05T13:05:14Z</time>
        <extensions>
          <gpxtpx:TrackPointExtension>
            <gpxtpx:hr>179</gpxtpx:hr>
          </gpxtpx:TrackPointExtension>
        </extensions>
      </trkpt>
      <trkpt lat="32.04619361679445" lon="118.60774012388812">
        <ele>9.7</ele>
        <time>2026-08-05T13:05:15Z</time>
        <extensions>
          <gpxtpx:TrackPointExtension>
            <gpxtpx:hr>180</gpxtpx:hr>
          </gpxtpx:TrackPointExtension>
        </extensions>
      </trkpt>
      <trkpt lat="32.04621460434408" lon="118.60776710409694">
        <ele>9.7</ele>
        <time>2026-08-05T13:05:16Z</time>
        <extensions>
          <gpxtpx:TrackPointExtension>
            <gpxtpx:hr>180</gpxtpx:hr>
          </gpxtpx:TrackPointExtension>
        </extensions>
      </trkpt>
      <trkpt lat="32.0462345916402" lon="118.60779408436139">
        <ele>9.7</ele>
        <time>2026-08-05T13:05:17Z</time>
        <extensions>
          <gpxtpx:TrackPointExtension>
            <gpxtpx:hr>180</gpxtpx:hr>
          </gpxtpx:TrackPointExtension>
        </extensions>
      </trkpt>
      <trkpt lat="32.04625457826894" lon="118.60782206392521">
        <ele>9.7</ele>
        <time>2026-08-05T13:05:18Z</time>
        <extensions>
          <gpxtpx:TrackPointExtension>
            <gpxtpx:hr>180</gpxtpx:hr>
          </gpxtpx:TrackPointExtension>
        </extensions>
      </trkpt>
      <trkpt lat="32.04627156227344" lon="118.60785304171957">
        <ele>9.7</ele>
        <time>2026-08-05T13:05:19Z</time>
        <extensions>
          <gpxtpx:TrackPointExtension>
            <gpxtpx:hr>180</gpxtpx:hr>
          </gpxtpx:TrackPointExtension>
        </extensions>
      </trkpt>
      <trkpt lat="32.04628654514965" lon="118.60788501897959">
        <ele>9.6</ele>
        <time>2026-08-05T13:05:20Z</time>
        <extensions>
          <gpxtpx:TrackPointExtension>
            <gpxtpx:hr>180</gpxtpx:hr>
          </gpxtpx:TrackPointExtension>
        </extensions>
      </trkpt>
      <trkpt lat="32.046297527086814" lon="118.60791699655161">
        <ele>9.6</ele>
        <time>2026-08-05T13:05:21Z</time>
        <extensions>
          <gpxtpx:TrackPointExtension>
            <gpxtpx:hr>180</gpxtpx:hr>
          </gpxtpx:TrackPointExtension>
        </extensions>
      </trkpt>
      <trkpt lat="32.04630650853432" lon="118.60794897425548">
        <ele>9.6</ele>
        <time>2026-08-05T13:05:22Z</time>
        <extensions>
          <gpxtpx:TrackPointExtension>
            <gpxtpx:hr>180</gpxtpx:hr>
          </gpxtpx:TrackPointExtension>
        </extensions>
      </trkpt>
      <trkpt lat="32.04631348884735" lon="118.60798195141753">
        <ele>9.6</ele>
        <time>2026-08-05T13:05:23Z</time>
        <extensions>
          <gpxtpx:TrackPointExtension>
            <gpxtpx:hr>180</gpxtpx:hr>
          </gpxtpx:TrackPointExtension>
        </extensions>
      </trkpt>
      <trkpt lat="32.04632046523978" lon="118.60802092447565">
        <ele>9.6</ele>
        <time>2026-08-05T13:05:24Z</time>
        <extensions>
          <gpxtpx:TrackPointExtension>
            <gpxtpx:hr>180</gpxtpx:hr>
          </gpxtpx:TrackPointExtension>
        </extensions>
      </trkpt>
      <trkpt lat="32.04632243915312" lon="118.60806189655763">
        <ele>9.5</ele>
        <time>2026-08-05T13:05:25Z</time>
        <extensions>
          <gpxtpx:TrackPointExtension>
            <gpxtpx:hr>181</gpxtpx:hr>
          </gpxtpx:TrackPointExtension>
        </extensions>
      </trkpt>
      <trkpt lat="32.04632341537399" lon="118.60809887136783">
        <ele>9.5</ele>
        <time>2026-08-05T13:05:26Z</time>
        <extensions>
          <gpxtpx:TrackPointExtension>
            <gpxtpx:hr>181</gpxtpx:hr>
          </gpxtpx:TrackPointExtension>
        </extensions>
      </trkpt>
      <trkpt lat="32.04632239174269" lon="118.60813484697468">
        <ele>9.5</ele>
        <time>2026-08-05T13:05:27Z</time>
        <extensions>
          <gpxtpx:TrackPointExtension>
            <gpxtpx:hr>181</gpxtpx:hr>
          </gpxtpx:TrackPointExtension>
        </extensions>
      </trkpt>
      <trkpt lat="32.04631936826347" lon="118.60816982338332">
        <ele>9.5</ele>
        <time>2026-08-05T13:05:28Z</time>
        <extensions>
          <gpxtpx:TrackPointExtension>
            <gpxtpx:hr>181</gpxtpx:hr>
          </gpxtpx:TrackPointExtension>
        </extensions>
      </trkpt>
      <trkpt lat="32.04631334471579" lon="118.60820380068877">
        <ele>9.5</ele>
        <time>2026-08-05T13:05:29Z</time>
        <extensions>
          <gpxtpx:TrackPointExtension>
            <gpxtpx:hr>181</gpxtpx:hr>
          </gpxtpx:TrackPointExtension>
        </extensions>
      </trkpt>
      <trkpt lat="32.04630432044875" lon="118.6082377782101">
        <ele>9.4</ele>
        <time>2026-08-05T13:05:30Z</time>
        <extensions>
          <gpxtpx:TrackPointExtension>
            <gpxtpx:hr>181</gpxtpx:hr>
          </gpxtpx:TrackPointExtension>
        </extensions>
      </trkpt>
      <trkpt lat="32.04629529613637" lon="118.60827175567707">
        <ele>9.4</ele>
        <time>2026-08-05T13:05:31Z</time>
        <extensions>
          <gpxtpx:TrackPointExtension>
            <gpxtpx:hr>181</gpxtpx:hr>
          </gpxtpx:TrackPointExtension>
        </extensions>
      </trkpt>
      <trkpt lat="32.04628527089637" lon="118.60830673249076">
        <ele>9.4</ele>
        <time>2026-08-05T13:05:32Z</time>
        <extensions>
          <gpxtpx:TrackPointExtension>
            <gpxtpx:hr>181</gpxtpx:hr>
          </gpxtpx:TrackPointExtension>
        </extensions>
      </trkpt>
      <trkpt lat="32.04627524494932" lon="118.60834270855618">
        <ele>9.4</ele>
        <time>2026-08-05T13:05:33Z</time>
        <extensions>
          <gpxtpx:TrackPointExtension>
            <gpxtpx:hr>181</gpxtpx:hr>
          </gpxtpx:TrackPointExtension>
        </extensions>
      </trkpt>
      <trkpt lat="32.04626521961194" lon="118.60837768525309">
        <ele>9.4</ele>
        <time>2026-08-05T13:05:34Z</time>
        <extensions>
          <gpxtpx:TrackPointExtension>
            <gpxtpx:hr>181</gpxtpx:hr>
          </gpxtpx:TrackPointExtension>
        </extensions>
      </trkpt>
      <trkpt lat="32.04625419400188" lon="118.60841266198258">
        <ele>9.2</ele>
        <time>2026-08-05T13:05:35Z</time>
        <extensions>
          <gpxtpx:TrackPointExtension>
            <gpxtpx:hr>181</gpxtpx:hr>
          </gpxtpx:TrackPointExtension>
        </extensions>
      </trkpt>
      <trkpt lat="32.04623916810826" lon="118.60844663971056">
        <ele>9.2</ele>
        <time>2026-08-05T13:05:36Z</time>
        <extensions>
          <gpxtpx:TrackPointExtension>
            <gpxtpx:hr>181</gpxtpx:hr>
          </gpxtpx:TrackPointExtension>
        </extensions>
      </trkpt>
      <trkpt lat="32.0462221423844" lon="118.60847961826165">
        <ele>9.2</ele>
        <time>2026-08-05T13:05:37Z</time>
        <extensions>
          <gpxtpx:TrackPointExtension>
            <gpxtpx:hr>181</gpxtpx:hr>
          </gpxtpx:TrackPointExtension>
        </extensions>
      </trkpt>
      <trkpt lat="32.046201111724216" lon="118.60851859292899">
        <ele>9.2</ele>
        <time>2026-08-05T13:05:38Z</time>
        <extensions>
          <gpxtpx:TrackPointExtension>
            <gpxtpx:hr>181</gpxtpx:hr>
          </gpxtpx:TrackPointExtension>
        </extensions>
      </trkpt>
      <trkpt lat="32.046184083905466" lon="118.60855456926681">
        <ele>9.2</ele>
        <time>2026-08-05T13:05:39Z</time>
        <extensions>
          <gpxtpx:TrackPointExtension>
            <gpxtpx:hr>181</gpxtpx:hr>
          </gpxtpx:TrackPointExtension>
        </extensions>
      </trkpt>
      <trkpt lat="32.046169057154145" lon="118.60858954606604">
        <ele>8.9</ele>
        <time>2026-08-05T13:05:40Z</time>
        <extensions>
          <gpxtpx:TrackPointExtension>
            <gpxtpx:hr>180</gpxtpx:hr>
          </gpxtpx:TrackPointExtension>
        </extensions>
      </trkpt>
      <trkpt lat="32.04615502990952" lon="118.60862552201381">
        <ele>8.9</ele>
        <time>2026-08-05T13:05:41Z</time>
        <extensions>
          <gpxtpx:TrackPointExtension>
            <gpxtpx:hr>180</gpxtpx:hr>
          </gpxtpx:TrackPointExtension>
        </extensions>
      </trkpt>
      <trkpt lat="32.04614700799091" lon="118.60865550159353">
        <ele>8.9</ele>
        <time>2026-08-05T13:05:42Z</time>
        <extensions>
          <gpxtpx:TrackPointExtension>
            <gpxtpx:hr>180</gpxtpx:hr>
          </gpxtpx:TrackPointExtension>
        </extensions>
      </trkpt>
      <trkpt lat="32.04613698357019" lon="118.60868847919068">
        <ele>8.9</ele>
        <time>2026-08-05T13:05:43Z</time>
        <extensions>
          <gpxtpx:TrackPointExtension>
            <gpxtpx:hr>180</gpxtpx:hr>
          </gpxtpx:TrackPointExtension>
        </extensions>
      </trkpt>
      <trkpt lat="32.046125956860486" lon="118.60872445470122">
        <ele>8.9</ele>
        <time>2026-08-05T13:05:44Z</time>
        <extensions>
          <gpxtpx:TrackPointExtension>
            <gpxtpx:hr>180</gpxtpx:hr>
          </gpxtpx:TrackPointExtension>
        </extensions>
      </trkpt>
      <trkpt lat="32.04611392987549" lon="118.60876043024123">
        <ele>8.7</ele>
        <time>2026-08-05T13:05:45Z</time>
        <extensions>
          <gpxtpx:TrackPointExtension>
            <gpxtpx:hr>181</gpxtpx:hr>
          </gpxtpx:TrackPointExtension>
        </extensions>
      </trkpt>
      <trkpt lat="32.04610290238784" lon="118.60879740491848">
        <ele>8.7</ele>
        <time>2026-08-05T13:05:46Z</time>
        <extensions>
          <gpxtpx:TrackPointExtension>
            <gpxtpx:hr>181</gpxtpx:hr>
          </gpxtpx:TrackPointExtension>
        </extensions>
      </trkpt>
      <trkpt lat="32.04609387461796" lon="118.60883537863772">
        <ele>8.7</ele>
        <time>2026-08-05T13:05:47Z</time>
        <extensions>
          <gpxtpx:TrackPointExtension>
            <gpxtpx:hr>181</gpxtpx:hr>
          </gpxtpx:TrackPointExtension>
        </extensions>
      </trkpt>
      <trkpt lat="32.046085845656876" lon="118.60887535076806">
        <ele>8.7</ele>
        <time>2026-08-05T13:05:48Z</time>
        <extensions>
          <gpxtpx:TrackPointExtension>
            <gpxtpx:hr>181</gpxtpx:hr>
          </gpxtpx:TrackPointExtension>
        </extensions>
      </trkpt>
      <trkpt lat="32.046073819141185" lon="118.60891032677127">
        <ele>8.7</ele>
        <time>2026-08-05T13:05:49Z</time>
        <extensions>
          <gpxtpx:TrackPointExtension>
            <gpxtpx:hr>181</gpxtpx:hr>
          </gpxtpx:TrackPointExtension>
        </extensions>
      </trkpt>
      <trkpt lat="32.04605779099625" lon="118.60894630235867">
        <ele>8.4</ele>
        <time>2026-08-05T13:05:50Z</time>
        <extensions>
          <gpxtpx:TrackPointExtension>
            <gpxtpx:hr>182</gpxtpx:hr>
          </gpxtpx:TrackPointExtension>
        </extensions>
      </trkpt>
      <trkpt lat="32.04604176758806" lon="118.60897528292926">
        <ele>8.4</ele>
        <time>2026-08-05T13:05:51Z</time>
        <extensions>
          <gpxtpx:TrackPointExtension>
            <gpxtpx:hr>182</gpxtpx:hr>
          </gpxtpx:TrackPointExtension>
        </extensions>
      </trkpt>
      <trkpt lat="32.04602574346219" lon="118.60900526273888">
        <ele>8.4</ele>
        <time>2026-08-05T13:05:52Z</time>
        <extensions>
          <gpxtpx:TrackPointExtension>
            <gpxtpx:hr>182</gpxtpx:hr>
          </gpxtpx:TrackPointExtension>
        </extensions>
      </trkpt>
      <trkpt lat="32.046010719526" lon="118.60903524241638">
        <ele>8.4</ele>
        <time>2026-08-05T13:05:53Z</time>
        <extensions>
          <gpxtpx:TrackPointExtension>
            <gpxtpx:hr>182</gpxtpx:hr>
          </gpxtpx:TrackPointExtension>
        </extensions>
      </trkpt>
      <trkpt lat="32.046003695978115" lon="118.6090672198819">
        <ele>8.4</ele>
        <time>2026-08-05T13:05:54Z</time>
        <extensions>
          <gpxtpx:TrackPointExtension>
            <gpxtpx:hr>182</gpxtpx:hr>
          </gpxtpx:TrackPointExtension>
        </extensions>
      </trkpt>
      <trkpt lat="32.04600367396361" lon="118.60909919666898">
        <ele>8.0</ele>
        <time>2026-08-05T13:05:55Z</time>
        <extensions>
          <gpxtpx:TrackPointExtension>
            <gpxtpx:hr>182</gpxtpx:hr>
          </gpxtpx:TrackPointExtension>
        </extensions>
      </trkpt>
      <trkpt lat="32.04601065555178" lon="118.60912817496032">
        <ele>8.0</ele>
        <time>2026-08-05T13:05:56Z</time>
        <extensions>
          <gpxtpx:TrackPointExtension>
            <gpxtpx:hr>182</gpxtpx:hr>
          </gpxtpx:TrackPointExtension>
        </extensions>
      </trkpt>
      <trkpt lat="32.046024640752734" lon="118.6091541547681">
        <ele>8.0</ele>
        <time>2026-08-05T13:05:57Z</time>
        <extensions>
          <gpxtpx:TrackPointExtension>
            <gpxtpx:hr>182</gpxtpx:hr>
          </gpxtpx:TrackPointExtension>
        </extensions>
      </trkpt>
      <trkpt lat="32.046044629350774" lon="118.60917713619337">
        <ele>8.0</ele>
        <time>2026-08-05T13:05:58Z</time>
        <extensions>
          <gpxtpx:TrackPointExtension>
            <gpxtpx:hr>182</gpxtpx:hr>
          </gpxtpx:TrackPointExtension>
        </extensions>
      </trkpt>
      <trkpt lat="32.04606861951956" lon="118.6091991179644">
        <ele>8.0</ele>
        <time>2026-08-05T13:05:59Z</time>
        <extensions>
          <gpxtpx:TrackPointExtension>
            <gpxtpx:hr>182</gpxtpx:hr>
          </gpxtpx:TrackPointExtension>
        </extensions>
      </trkpt>
      <trkpt lat="32.04609060783329" lon="118.60922309842931">
        <ele>7.7</ele>
        <time>2026-08-05T13:06:00Z</time>
        <extensions>
          <gpxtpx:TrackPointExtension>
            <gpxtpx:hr>182</gpxtpx:hr>
          </gpxtpx:TrackPointExtension>
        </extensions>
      </trkpt>
      <trkpt lat="32.04611359148808" lon="118.60925407364483">
        <ele>7.7</ele>
        <time>2026-08-05T13:06:01Z</time>
        <extensions>
          <gpxtpx:TrackPointExtension>
            <gpxtpx:hr>182</gpxtpx:hr>
          </gpxtpx:TrackPointExtension>
        </extensions>
      </trkpt>
      <trkpt lat="32.04613257559815" lon="118.60928305064556">
        <ele>7.7</ele>
        <time>2026-08-05T13:06:02Z</time>
        <extensions>
          <gpxtpx:TrackPointExtension>
            <gpxtpx:hr>182</gpxtpx:hr>
          </gpxtpx:TrackPointExtension>
        </extensions>
      </trkpt>
      <trkpt lat="32.04614655715823" lon="118.60931402658544">
        <ele>7.7</ele>
        <time>2026-08-05T13:06:03Z</time>
        <extensions>
          <gpxtpx:TrackPointExtension>
            <gpxtpx:hr>182</gpxtpx:hr>
          </gpxtpx:TrackPointExtension>
        </extensions>
      </trkpt>
      <trkpt lat="32.046159539852475" lon="118.60934300404581">
        <ele>7.7</ele>
        <time>2026-08-05T13:06:04Z</time>
        <extensions>
          <gpxtpx:TrackPointExtension>
            <gpxtpx:hr>182</gpxtpx:hr>
          </gpxtpx:TrackPointExtension>
        </extensions>
      </trkpt>
      <trkpt lat="32.04617052346294" lon="118.6093699831249">
        <ele>7.4</ele>
        <time>2026-08-05T13:06:05Z</time>
        <extensions>
          <gpxtpx:TrackPointExtension>
            <gpxtpx:hr>183</gpxtpx:hr>
          </gpxtpx:TrackPointExtension>
        </extensions>
      </trkpt>
      <trkpt lat="32.04618250376869" lon="118.60940195837932">
        <ele>7.4</ele>
        <time>2026-08-05T13:06:06Z</time>
        <extensions>
          <gpxtpx:TrackPointExtension>
            <gpxtpx:hr>183</gpxtpx:hr>
          </gpxtpx:TrackPointExtension>
        </extensions>
      </trkpt>
      <trkpt lat="32.0461954870654" lon="118.60942993646263">
        <ele>7.4</ele>
        <time>2026-08-05T13:06:07Z</time>
        <extensions>
          <gpxtpx:TrackPointExtension>
            <gpxtpx:hr>183</gpxtpx:hr>
          </gpxtpx:TrackPointExtension>
        </extensions>
      </trkpt>
      <trkpt lat="32.04621147311311" lon="118.60945491646756">
        <ele>7.4</ele>
        <time>2026-08-05T13:06:08Z</time>
        <extensions>
          <gpxtpx:TrackPointExtension>
            <gpxtpx:hr>183</gpxtpx:hr>
          </gpxtpx:TrackPointExtension>
        </extensions>
      </trkpt>
      <trkpt lat="32.046231458628554" lon="118.60948189459519">
        <ele>7.4</ele>
        <time>2026-08-05T13:06:09Z</time>
        <extensions>
          <gpxtpx:TrackPointExtension>
            <gpxtpx:hr>183</gpxtpx:hr>
          </gpxtpx:TrackPointExtension>
        </extensions>
      </trkpt>
      <trkpt lat="32.046253445269514" lon="118.60950787325395">
        <ele>7.4</ele>
        <time>2026-08-05T13:06:10Z</time>
        <extensions>
          <gpxtpx:TrackPointExtension>
            <gpxtpx:hr>182</gpxtpx:hr>
          </gpxtpx:TrackPointExtension>
        </extensions>
      </trkpt>
      <trkpt lat="32.046275431178756" lon="118.60953485113491">
        <ele>7.4</ele>
        <time>2026-08-05T13:06:11Z</time>
        <extensions>
          <gpxtpx:TrackPointExtension>
            <gpxtpx:hr>182</gpxtpx:hr>
          </gpxtpx:TrackPointExtension>
        </extensions>
      </trkpt>
      <trkpt lat="32.04628841715702" lon="118.60955883203582">
        <ele>7.4</ele>
        <time>2026-08-05T13:06:12Z</time>
        <extensions>
          <gpxtpx:TrackPointExtension>
            <gpxtpx:hr>182</gpxtpx:hr>
          </gpxtpx:TrackPointExtension>
        </extensions>
      </trkpt>
      <trkpt lat="32.046302404044965" lon="118.60958181356855">
        <ele>7.4</ele>
        <time>2026-08-05T13:06:13Z</time>
        <extensions>
          <gpxtpx:TrackPointExtension>
            <gpxtpx:hr>182</gpxtpx:hr>
          </gpxtpx:TrackPointExtension>
        </extensions>
      </trkpt>
      <trkpt lat="32.046324394834116" lon="118.60960179660471">
        <ele>7.4</ele>
        <time>2026-08-05T13:06:14Z</time>
        <extensions>
          <gpxtpx:TrackPointExtension>
            <gpxtpx:hr>182</gpxtpx:hr>
          </gpxtpx:TrackPointExtension>
        </extensions>
      </trkpt>
      <trkpt lat="32.046351385313244" lon="118.60962377767075">
        <ele>7.5</ele>
        <time>2026-08-05T13:06:15Z</time>
        <extensions>
          <gpxtpx:TrackPointExtension>
            <gpxtpx:hr>183</gpxtpx:hr>
          </gpxtpx:TrackPointExtension>
        </extensions>
      </trkpt>
      <trkpt lat="32.04637537297008" lon="118.60964875672971">
        <ele>7.5</ele>
        <time>2026-08-05T13:06:16Z</time>
        <extensions>
          <gpxtpx:TrackPointExtension>
            <gpxtpx:hr>183</gpxtpx:hr>
          </gpxtpx:TrackPointExtension>
        </extensions>
      </trkpt>
      <trkpt lat="32.04640036295966" lon="118.60967073792801">
        <ele>7.5</ele>
        <time>2026-08-05T13:06:17Z</time>
        <extensions>
          <gpxtpx:TrackPointExtension>
            <gpxtpx:hr>183</gpxtpx:hr>
          </gpxtpx:TrackPointExtension>
        </extensions>
      </trkpt>
      <trkpt lat="32.046428354315886" lon="118.6096917195873">
        <ele>7.5</ele>
        <time>2026-08-05T13:06:18Z</time>
        <extensions>
          <gpxtpx:TrackPointExtension>
            <gpxtpx:hr>183</gpxtpx:hr>
          </gpxtpx:TrackPointExtension>
        </extensions>
      </trkpt>
      <trkpt lat="32.046451349517234" lon="118.60970570695834">
        <ele>7.5</ele>
        <time>2026-08-05T13:06:19Z</time>
        <extensions>
          <gpxtpx:TrackPointExtension>
            <gpxtpx:hr>183</gpxtpx:hr>
          </gpxtpx:TrackPointExtension>
        </extensions>
      </trkpt>
      <trkpt lat="32.04647934797173" lon="118.60971669613457">
        <ele>7.6</ele>
        <time>2026-08-05T13:06:20Z</time>
        <extensions>
          <gpxtpx:TrackPointExtension>
            <gpxtpx:hr>183</gpxtpx:hr>
          </gpxtpx:TrackPointExtension>
        </extensions>
      </trkpt>
      <trkpt lat="32.04651334705616" lon="118.60972868400914">
        <ele>7.6</ele>
        <time>2026-08-05T13:06:21Z</time>
        <extensions>
          <gpxtpx:TrackPointExtension>
            <gpxtpx:hr>183</gpxtpx:hr>
          </gpxtpx:TrackPointExtension>
        </extensions>
      </trkpt>
      <trkpt lat="32.046544341893295" lon="118.60974566836687">
        <ele>7.6</ele>
        <time>2026-08-05T13:06:22Z</time>
        <extensions>
          <gpxtpx:TrackPointExtension>
            <gpxtpx:hr>183</gpxtpx:hr>
          </gpxtpx:TrackPointExtension>
        </extensions>
      </trkpt>
      <trkpt lat="32.046568330860424" lon="118.6097686487991">
        <ele>7.6</ele>
        <time>2026-08-05T13:06:23Z</time>
        <extensions>
          <gpxtpx:TrackPointExtension>
            <gpxtpx:hr>183</gpxtpx:hr>
          </gpxtpx:TrackPointExtension>
        </extensions>
      </trkpt>
      <trkpt lat="32.04657130650275" lon="118.60980362199567">
        <ele>7.6</ele>
        <time>2026-08-05T13:06:24Z</time>
        <extensions>
          <gpxtpx:TrackPointExtension>
            <gpxtpx:hr>183</gpxtpx:hr>
          </gpxtpx:TrackPointExtension>
        </extensions>
      </trkpt>
      <trkpt lat="32.0465742792287" lon="118.60984259209312">
        <ele>7.7</ele>
        <time>2026-08-05T13:06:25Z</time>
        <extensions>
          <gpxtpx:TrackPointExtension>
            <gpxtpx:hr>184</gpxtpx:hr>
          </gpxtpx:TrackPointExtension>
        </extensions>
      </trkpt>
      <trkpt lat="32.04659626837868" lon="118.60986457336408">
        <ele>7.7</ele>
        <time>2026-08-05T13:06:26Z</time>
        <extensions>
          <gpxtpx:TrackPointExtension>
            <gpxtpx:hr>184</gpxtpx:hr>
          </gpxtpx:TrackPointExtension>
        </extensions>
      </trkpt>
      <trkpt lat="32.04663026595628" lon="118.60987855963174">
        <ele>7.7</ele>
        <time>2026-08-05T13:06:27Z</time>
        <extensions>
          <gpxtpx:TrackPointExtension>
            <gpxtpx:hr>184</gpxtpx:hr>
          </gpxtpx:TrackPointExtension>
        </extensions>
      </trkpt>
      <trkpt lat="32.046660258311285" lon="118.60989854167187">
        <ele>7.7</ele>
        <time>2026-08-05T13:06:28Z</time>
        <extensions>
          <gpxtpx:TrackPointExtension>
            <gpxtpx:hr>184</gpxtpx:hr>
          </gpxtpx:TrackPointExtension>
        </extensions>
      </trkpt>
      <trkpt lat="32.046682244531574" lon="118.60992451982823">
        <ele>7.7</ele>
        <time>2026-08-05T13:06:29Z</time>
        <extensions>
          <gpxtpx:TrackPointExtension>
            <gpxtpx:hr>184</gpxtpx:hr>
          </gpxtpx:TrackPointExtension>
        </extensions>
      </trkpt>
      <trkpt lat="32.0466992288813" lon="118.60995149763816">
        <ele>7.8</ele>
        <time>2026-08-05T13:06:30Z</time>
        <extensions>
          <gpxtpx:TrackPointExtension>
            <gpxtpx:hr>183</gpxtpx:hr>
          </gpxtpx:TrackPointExtension>
        </extensions>
      </trkpt>
      <trkpt lat="32.046710210410176" lon="118.60998047442101">
        <ele>7.8</ele>
        <time>2026-08-05T13:06:31Z</time>
        <extensions>
          <gpxtpx:TrackPointExtension>
            <gpxtpx:hr>183</gpxtpx:hr>
          </gpxtpx:TrackPointExtension>
        </extensions>
      </trkpt>
      <trkpt lat="32.0467251906334" lon="118.61001244849909">
        <ele>7.8</ele>
        <time>2026-08-05T13:06:32Z</time>
        <extensions>
          <gpxtpx:TrackPointExtension>
            <gpxtpx:hr>183</gpxtpx:hr>
          </gpxtpx:TrackPointExtension>
        </extensions>
      </trkpt>
      <trkpt lat="32.046744176065594" lon="118.61003842678886">
        <ele>7.8</ele>
        <time>2026-08-05T13:06:33Z</time>
        <extensions>
          <gpxtpx:TrackPointExtension>
            <gpxtpx:hr>183</gpxtpx:hr>
          </gpxtpx:TrackPointExtension>
        </extensions>
      </trkpt>
      <trkpt lat="32.04676716309586" lon="118.61006340545788">
        <ele>7.8</ele>
        <time>2026-08-05T13:06:34Z</time>
        <extensions>
          <gpxtpx:TrackPointExtension>
            <gpxtpx:hr>183</gpxtpx:hr>
          </gpxtpx:TrackPointExtension>
        </extensions>
      </trkpt>
      <trkpt lat="32.04679315222922" lon="118.61008638537177">
        <ele>7.9</ele>
        <time>2026-08-05T13:06:35Z</time>
        <extensions>
          <gpxtpx:TrackPointExtension>
            <gpxtpx:hr>184</gpxtpx:hr>
          </gpxtpx:TrackPointExtension>
        </extensions>
      </trkpt>
      <trkpt lat="32.046815142626635" lon="118.61010636794062">
        <ele>7.9</ele>
        <time>2026-08-05T13:06:36Z</time>
        <extensions>
          <gpxtpx:TrackPointExtension>
            <gpxtpx:hr>184</gpxtpx:hr>
          </gpxtpx:TrackPointExtension>
        </extensions>
      </trkpt>
      <trkpt lat="32.04683613059897" lon="118.61012934825943">
        <ele>7.9</ele>
        <time>2026-08-05T13:06:37Z</time>
        <extensions>
          <gpxtpx:TrackPointExtension>
            <gpxtpx:hr>184</gpxtpx:hr>
          </gpxtpx:TrackPointExtension>
        </extensions>
      </trkpt>
      <trkpt lat="32.04686411647574" lon="118.61015732404739">
        <ele>7.9</ele>
        <time>2026-08-05T13:06:38Z</time>
        <extensions>
          <gpxtpx:TrackPointExtension>
            <gpxtpx:hr>184</gpxtpx:hr>
          </gpxtpx:TrackPointExtension>
        </extensions>
      </trkpt>
      <trkpt lat="32.046900107040386" lon="118.61018130218409">
        <ele>7.9</ele>
        <time>2026-08-05T13:06:39Z</time>
        <extensions>
          <gpxtpx:TrackPointExtension>
            <gpxtpx:hr>184</gpxtpx:hr>
          </gpxtpx:TrackPointExtension>
        </extensions>
      </trkpt>
      <trkpt lat="32.046938102418906" lon="118.61019928477793">
        <ele>8.0</ele>
        <time>2026-08-05T13:06:40Z</time>
        <extensions>
          <gpxtpx:TrackPointExtension>
            <gpxtpx:hr>184</gpxtpx:hr>
          </gpxtpx:TrackPointExtension>
        </extensions>
      </trkpt>
      <trkpt lat="32.0469681047672" lon="118.61020527741059">
        <ele>8.0</ele>
        <time>2026-08-05T13:06:41Z</time>
        <extensions>
          <gpxtpx:TrackPointExtension>
            <gpxtpx:hr>184</gpxtpx:hr>
          </gpxtpx:TrackPointExtension>
        </extensions>
      </trkpt>
      <trkpt lat="32.04699310086954" lon="118.61021826504687">
        <ele>8.0</ele>
        <time>2026-08-05T13:06:42Z</time>
        <extensions>
          <gpxtpx:TrackPointExtension>
            <gpxtpx:hr>184</gpxtpx:hr>
          </gpxtpx:TrackPointExtension>
        </extensions>
      </trkpt>
      <trkpt lat="32.04700607155078" lon="118.61026222959616">
        <ele>8.0</ele>
        <time>2026-08-05T13:06:43Z</time>
        <extensions>
          <gpxtpx:TrackPointExtension>
            <gpxtpx:hr>184</gpxtpx:hr>
          </gpxtpx:TrackPointExtension>
        </extensions>
      </trkpt>
      <trkpt lat="32.04701404103522" lon="118.61030619450688">
        <ele>8.0</ele>
        <time>2026-08-05T13:06:44Z</time>
        <extensions>
          <gpxtpx:TrackPointExtension>
            <gpxtpx:hr>184</gpxtpx:hr>
          </gpxtpx:TrackPointExtension>
        </extensions>
      </trkpt>
      <trkpt lat="32.04703502514917" lon="118.6103341706973">
        <ele>8.0</ele>
        <time>2026-08-05T13:06:45Z</time>
        <extensions>
          <gpxtpx:TrackPointExtension>
            <gpxtpx:hr>184</gpxtpx:hr>
          </gpxtpx:TrackPointExtension>
        </extensions>
      </trkpt>
      <trkpt lat="32.04705901580398" lon="118.61035415285734">
        <ele>8.0</ele>
        <time>2026-08-05T13:06:46Z</time>
        <extensions>
          <gpxtpx:TrackPointExtension>
            <gpxtpx:hr>184</gpxtpx:hr>
          </gpxtpx:TrackPointExtension>
        </extensions>
      </trkpt>
      <trkpt lat="32.04708300718112" lon="118.61037313578419">
        <ele>8.0</ele>
        <time>2026-08-05T13:06:47Z</time>
        <extensions>
          <gpxtpx:TrackPointExtension>
            <gpxtpx:hr>184</gpxtpx:hr>
          </gpxtpx:TrackPointExtension>
        </extensions>
      </trkpt>
      <trkpt lat="32.047105996842745" lon="118.61039411721231">
        <ele>8.0</ele>
        <time>2026-08-05T13:06:48Z</time>
        <extensions>
          <gpxtpx:TrackPointExtension>
            <gpxtpx:hr>184</gpxtpx:hr>
          </gpxtpx:TrackPointExtension>
        </extensions>
      </trkpt>
      <trkpt lat="32.047125986553276" lon="118.61041409967761">
        <ele>8.0</ele>
        <time>2026-08-05T13:06:49Z</time>
        <extensions>
          <gpxtpx:TrackPointExtension>
            <gpxtpx:hr>184</gpxtpx:hr>
          </gpxtpx:TrackPointExtension>
        </extensions>
      </trkpt>
      <trkpt lat="32.04714397283875" lon="118.61043807915239">
        <ele>8.0</ele>
        <time>2026-08-05T13:06:50Z</time>
        <extensions>
          <gpxtpx:TrackPointExtension>
            <gpxtpx:hr>184</gpxtpx:hr>
          </gpxtpx:TrackPointExtension>
        </extensions>
      </trkpt>
      <trkpt lat="32.04716195687839" lon="118.61046505623263">
        <ele>8.0</ele>
        <time>2026-08-05T13:06:51Z</time>
        <extensions>
          <gpxtpx:TrackPointExtension>
            <gpxtpx:hr>184</gpxtpx:hr>
          </gpxtpx:TrackPointExtension>
        </extensions>
      </trkpt>
      <trkpt lat="32.047180943341324" lon="118.61048903556103">
        <ele>8.0</ele>
        <time>2026-08-05T13:06:52Z</time>
        <extensions>
          <gpxtpx:TrackPointExtension>
            <gpxtpx:hr>184</gpxtpx:hr>
          </gpxtpx:TrackPointExtension>
        </extensions>
      </trkpt>
      <trkpt lat="32.047199936468694" lon="118.61050402198578">
        <ele>8.0</ele>
        <time>2026-08-05T13:06:53Z</time>
        <extensions>
          <gpxtpx:TrackPointExtension>
            <gpxtpx:hr>184</gpxtpx:hr>
          </gpxtpx:TrackPointExtension>
        </extensions>
      </trkpt>
      <trkpt lat="32.047218935532996" lon="118.61051101473392">
        <ele>8.0</ele>
        <time>2026-08-05T13:06:54Z</time>
        <extensions>
          <gpxtpx:TrackPointExtension>
            <gpxtpx:hr>184</gpxtpx:hr>
          </gpxtpx:TrackPointExtension>
        </extensions>
      </trkpt>
      <trkpt lat="32.047240943442844" lon="118.61050701591711">
        <ele>8.0</ele>
        <time>2026-08-05T13:06:55Z</time>
        <extensions>
          <gpxtpx:TrackPointExtension>
            <gpxtpx:hr>184</gpxtpx:hr>
          </gpxtpx:TrackPointExtension>
        </extensions>
      </trkpt>
      <trkpt lat="32.04726395677467" lon="118.61049602254651">
        <ele>8.0</ele>
        <time>2026-08-05T13:06:56Z</time>
        <extensions>
          <gpxtpx:TrackPointExtension>
            <gpxtpx:hr>184</gpxtpx:hr>
          </gpxtpx:TrackPointExtension>
        </extensions>
      </trkpt>
      <trkpt lat="32.04728697455337" lon="118.61047903391159">
        <ele>8.0</ele>
        <time>2026-08-05T13:06:57Z</time>
        <extensions>
          <gpxtpx:TrackPointExtension>
            <gpxtpx:hr>184</gpxtpx:hr>
          </gpxtpx:TrackPointExtension>
        </extensions>
      </trkpt>
      <trkpt lat="32.04730799409538" lon="118.61045904781129">
        <ele>8.0</ele>
        <time>2026-08-05T13:06:58Z</time>
      </trkpt>
      <trkpt lat="32.047323010054335" lon="118.61044205986843">
        <ele>8.0</ele>
        <time>2026-08-05T13:06:59Z</time>
      </trkpt>
      <trkpt lat="32.047330016807265" lon="118.61043506475505">
        <ele>8.0</ele>
        <time>2026-08-05T13:07:00Z</time>
      </trkpt>
    </trkseg>
  </trk>
</gpx>