<?xml version="1.0" encoding="UTF-8"?>
<gpx xmlns="http://www.topografix.com/GPX/1/1" xmlns:gpxtpx="http://www.garmin.com/xmlschemas/TrackPointExtension/v1" xmlns:xsi="http://www.w3.org/2001/XMLSchema-instance" xsi:schemaLocation="http://www.topografix.com/GPX/1/1 http://www.topografix.com/GPX/1/1/gpx.xsd" version="1.1" creator="gpx.py -- https://github.com/tkrajina/gpxpy">
  <trk>
    <name>gpx from keep</name>
    <type>Run</type>
    <trkseg>
      <trkpt lat="32.07280002758742" lon="118.5967140612387">
        <ele>37.5</ele>
        <time>2026-09-24T12:27:25Z</time>
        <extensions>
          <gpxtpx:TrackPointExtension>
            <gpxtpx:hr>96</gpxtpx:hr>
          </gpxtpx:TrackPointExtension>
        </extensions>
      </trkpt>
      <trkpt lat="32.072789025198745" lon="118.59671406223005">
        <ele>37.5</ele>
        <time>2026-09-24T12:27:26Z</time>
        <extensions>
          <gpxtpx:TrackPointExtension>
            <gpxtpx:hr>96</gpxtpx:hr>
          </gpxtpx:TrackPointExtension>
        </extensions>
      </trkpt>
      <trkpt lat="32.072774024269556" lon="118.59670106508258">
        <ele>37.5</ele>
        <time>2026-09-24T12:27:27Z</time>
        <extensions>
          <gpxtpx:TrackPointExtension>
            <gpxtpx:hr>96</gpxtpx:hr>
          </gpxtpx:TrackPointExtension>
        </extensions>
      </trkpt>
      <trkpt lat="32.07276002621911" lon="118.59667306954698">
        <ele>37.5</ele>
        <time>2026-09-24T12:27:28Z</time>
        <extensions>
          <gpxtpx:TrackPointExtension>
            <gpxtpx:hr>96</gpxtpx:hr>
          </gpxtpx:TrackPointExtension>
        </extensions>
      </trkpt>
      <trkpt lat="32.07274402593437" lon="118.59665507302644">
        <ele>37.5</ele>
        <time>2026-09-24T12:27:29Z</time>
        <extensions>
          <gpxtpx:TrackPointExtension>
            <gpxtpx:hr>102</gpxtpx:hr>
          </gpxtpx:TrackPointExtension>
        </extensions>
      </trkpt>
      <trkpt lat="32.07272202080282" lon="118.59665707478358">
        <ele>37.5</ele>
        <time>2026-09-24T12:27:30Z</time>
        <extensions>
          <gpxtpx:TrackPointExtension>
            <gpxtpx:hr>102</gpxtpx:hr>
          </gpxtpx:TrackPointExtension>
        </extensions>
      </trkpt>
      <trkpt lat="32.07270401459003" lon="118.59667007493456">
        <ele>37.5</ele>
        <time>2026-09-24T12:27:31Z</time>
        <extensions>
          <gpxtpx:TrackPointExtension>
            <gpxtpx:hr>102</gpxtpx:hr>
          </gpxtpx:TrackPointExtension>
        </extensions>
      </trkpt>
      <trkpt lat="32.072685007618375" lon="118.59668607482422">
        <ele>37.5</ele>
        <time>2026-09-24T12:27:32Z</time>
        <extensions>
          <gpxtpx:TrackPointExtension>
            <gpxtpx:hr>102</gpxtpx:hr>
          </gpxtpx:TrackPointExtension>
        </extensions>
      </trkpt>
      <trkpt lat="32.072666000635586" lon="118.59670207470067">
        <ele>37.5</ele>
        <time>2026-09-24T12:27:33Z</time>
        <extensions>
          <gpxtpx:TrackPointExtension>
            <gpxtpx:hr>102</gpxtpx:hr>
          </gpxtpx:TrackPointExtension>
        </extensions>
      </trkpt>
      <trkpt lat="32.07264399352849" lon="118.596715075182">
        <ele>37.4</ele>
        <time>2026-09-24T12:27:34Z</time>
        <extensions>
          <gpxtpx:TrackPointExtension>
            <gpxtpx:hr>112</gpxtpx:hr>
          </gpxtpx:TrackPointExtension>
        </extensions>
      </trkpt>
      <trkpt lat="32.07262198641396" lon="118.59672807565461">
        <ele>37.4</ele>
        <time>2026-09-24T12:27:35Z</time>
        <extensions>
          <gpxtpx:TrackPointExtension>
            <gpxtpx:hr>112</gpxtpx:hr>
          </gpxtpx:TrackPointExtension>
        </extensions>
      </trkpt>
      <trkpt lat="32.07259897925529" lon="118.59674007632579">
        <ele>37.4</ele>
        <time>2026-09-24T12:27:36Z</time>
        <extensions>
          <gpxtpx:TrackPointExtension>
            <gpxtpx:hr>112</gpxtpx:hr>
          </gpxtpx:TrackPointExtension>
        </extensions>
      </trkpt>
      <trkpt lat="32.07257497277751" lon="118.59674707766767">
        <ele>37.4</ele>
        <time>2026-09-24T12:27:37Z</time>
        <extensions>
          <gpxtpx:TrackPointExtension>
            <gpxtpx:hr>112</gpxtpx:hr>
          </gpxtpx:TrackPointExtension>
        </extensions>
      </trkpt>
      <trkpt lat="32.072553968215686" lon="118.59674707956023">
        <ele>37.4</ele>
        <time>2026-09-24T12:27:38Z</time>
        <extensions>
          <gpxtpx:TrackPointExtension>
            <gpxtpx:hr>112</gpxtpx:hr>
          </gpxtpx:TrackPointExtension>
        </extensions>
      </trkpt>
      <trkpt lat="32.072528964770825" lon="118.59673608310237">
        <ele>37.4</ele>
        <time>2026-09-24T12:27:39Z</time>
        <extensions>
          <gpxtpx:TrackPointExtension>
            <gpxtpx:hr>120</gpxtpx:hr>
          </gpxtpx:TrackPointExtension>
        </extensions>
      </trkpt>
      <trkpt lat="32.07250896348508" lon="118.59671908688476">
        <ele>37.4</ele>
        <time>2026-09-24T12:27:40Z</time>
        <extensions>
          <gpxtpx:TrackPointExtension>
            <gpxtpx:hr>120</gpxtpx:hr>
          </gpxtpx:TrackPointExtension>
        </extensions>
      </trkpt>
      <trkpt lat="32.072492964485214" lon="118.59669409121133">
        <ele>37.4</ele>
        <time>2026-09-24T12:27:41Z</time>
        <extensions>
          <gpxtpx:TrackPointExtension>
            <gpxtpx:hr>120</gpxtpx:hr>
          </gpxtpx:TrackPointExtension>
        </extensions>
      </trkpt>
      <trkpt lat="32.072479966110166" lon="118.59666909523536">
        <ele>37.4</ele>
        <time>2026-09-24T12:27:42Z</time>
        <extensions>
          <gpxtpx:TrackPointExtension>
            <gpxtpx:hr>120</gpxtpx:hr>
          </gpxtpx:TrackPointExtension>
        </extensions>
      </trkpt>
      <trkpt lat="32.07246796774905" lon="118.59664509902483">
        <ele>37.4</ele>
        <time>2026-09-24T12:27:43Z</time>
        <extensions>
          <gpxtpx:TrackPointExtension>
            <gpxtpx:hr>120</gpxtpx:hr>
          </gpxtpx:TrackPointExtension>
        </extensions>
      </trkpt>
      <trkpt lat="32.07245396945447" lon="118.59661810329754">
        <ele>37.3</ele>
        <time>2026-09-24T12:27:44Z</time>
        <extensions>
          <gpxtpx:TrackPointExtension>
            <gpxtpx:hr>125</gpxtpx:hr>
          </gpxtpx:TrackPointExtension>
        </extensions>
      </trkpt>
      <trkpt lat="32.072441971562995" lon="118.59659110735242">
        <ele>37.3</ele>
        <time>2026-09-24T12:27:45Z</time>
        <extensions>
          <gpxtpx:TrackPointExtension>
            <gpxtpx:hr>125</gpxtpx:hr>
          </gpxtpx:TrackPointExtension>
        </extensions>
      </trkpt>
      <trkpt lat="32.07243097299226" lon="118.59656911073876">
        <ele>37.3</ele>
        <time>2026-09-24T12:27:46Z</time>
        <extensions>
          <gpxtpx:TrackPointExtension>
            <gpxtpx:hr>125</gpxtpx:hr>
          </gpxtpx:TrackPointExtension>
        </extensions>
      </trkpt>
      <trkpt lat="32.072415974219915" lon="118.59654311488883">
        <ele>37.3</ele>
        <time>2026-09-24T12:27:47Z</time>
        <extensions>
          <gpxtpx:TrackPointExtension>
            <gpxtpx:hr>125</gpxtpx:hr>
          </gpxtpx:TrackPointExtension>
        </extensions>
      </trkpt>
      <trkpt lat="32.07240197563568" lon="118.59651711891391">
        <ele>37.3</ele>
        <time>2026-09-24T12:27:48Z</time>
        <extensions>
          <gpxtpx:TrackPointExtension>
            <gpxtpx:hr>125</gpxtpx:hr>
          </gpxtpx:TrackPointExtension>
        </extensions>
      </trkpt>
      <trkpt lat="32.07238797702226" lon="118.59649112290411">
        <ele>37.4</ele>
        <time>2026-09-24T12:27:49Z</time>
        <extensions>
          <gpxtpx:TrackPointExtension>
            <gpxtpx:hr>128</gpxtpx:hr>
          </gpxtpx:TrackPointExtension>
        </extensions>
      </trkpt>
      <trkpt lat="32.0723739785483" lon="118.59646412696233">
        <ele>37.4</ele>
        <time>2026-09-24T12:27:50Z</time>
        <extensions>
          <gpxtpx:TrackPointExtension>
            <gpxtpx:hr>128</gpxtpx:hr>
          </gpxtpx:TrackPointExtension>
        </extensions>
      </trkpt>
      <trkpt lat="32.07236198047746" lon="118.59643713080268">
        <ele>37.4</ele>
        <time>2026-09-24T12:27:51Z</time>
        <extensions>
          <gpxtpx:TrackPointExtension>
            <gpxtpx:hr>128</gpxtpx:hr>
          </gpxtpx:TrackPointExtension>
        </extensions>
      </trkpt>
      <trkpt lat="32.07234898199156" lon="118.5964111345954">
        <ele>37.4</ele>
        <time>2026-09-24T12:27:52Z</time>
        <extensions>
          <gpxtpx:TrackPointExtension>
            <gpxtpx:hr>128</gpxtpx:hr>
          </gpxtpx:TrackPointExtension>
        </extensions>
      </trkpt>
      <trkpt lat="32.072335983476485" lon="118.59638513835321">
        <ele>37.4</ele>
        <time>2026-09-24T12:27:53Z</time>
        <extensions>
          <gpxtpx:TrackPointExtension>
            <gpxtpx:hr>128</gpxtpx:hr>
          </gpxtpx:TrackPointExtension>
        </extensions>
      </trkpt>
      <trkpt lat="32.07232098466165" lon="118.59635814235382">
        <ele>37.6</ele>
        <time>2026-09-24T12:27:54Z</time>
        <extensions>
          <gpxtpx:TrackPointExtension>
            <gpxtpx:hr>130</gpxtpx:hr>
          </gpxtpx:TrackPointExtension>
        </extensions>
      </trkpt>
      <trkpt lat="32.07230698603264" lon="118.59633114622663">
        <ele>37.6</ele>
        <time>2026-09-24T12:27:55Z</time>
        <extensions>
          <gpxtpx:TrackPointExtension>
            <gpxtpx:hr>130</gpxtpx:hr>
          </gpxtpx:TrackPointExtension>
        </extensions>
      </trkpt>
      <trkpt lat="32.072292987372144" lon="118.5963041500618">
        <ele>37.6</ele>
        <time>2026-09-24T12:27:56Z</time>
        <extensions>
          <gpxtpx:TrackPointExtension>
            <gpxtpx:hr>130</gpxtpx:hr>
          </gpxtpx:TrackPointExtension>
        </extensions>
      </trkpt>
      <trkpt lat="32.072279989058" lon="118.59627615386238">
        <ele>37.6</ele>
        <time>2026-09-24T12:27:57Z</time>
        <extensions>
          <gpxtpx:TrackPointExtension>
            <gpxtpx:hr>130</gpxtpx:hr>
          </gpxtpx:TrackPointExtension>
        </extensions>
      </trkpt>
      <trkpt lat="32.07226699070999" lon="118.59624815762244">
        <ele>62.0</ele>
        <time>2026-09-24T12:27:58Z</time>
        <extensions>
          <gpxtpx:TrackPointExtension>
            <gpxtpx:hr>130</gpxtpx:hr>
          </gpxtpx:TrackPointExtension>
        </extensions>
      </trkpt>
      <trkpt lat="32.07225399201185" lon="118.59622216116134">
        <ele>62.0</ele>
        <time>2026-09-24T12:27:59Z</time>
        <extensions>
          <gpxtpx:TrackPointExtension>
            <gpxtpx:hr>134</gpxtpx:hr>
          </gpxtpx:TrackPointExtension>
        </extensions>
      </trkpt>
      <trkpt lat="32.07223999306716" lon="118.59619616475544">
        <ele>62.0</ele>
        <time>2026-09-24T12:28:00Z</time>
        <extensions>
          <gpxtpx:TrackPointExtension>
            <gpxtpx:hr>134</gpxtpx:hr>
          </gpxtpx:TrackPointExtension>
        </extensions>
      </trkpt>
      <trkpt lat="32.072226993530364" lon="118.59617516778535">
        <ele>37.7</ele>
        <time>2026-09-24T12:28:01Z</time>
        <extensions>
          <gpxtpx:TrackPointExtension>
            <gpxtpx:hr>134</gpxtpx:hr>
          </gpxtpx:TrackPointExtension>
        </extensions>
      </trkpt>
      <trkpt lat="32.0722119938502" lon="118.59615217114633">
        <ele>37.7</ele>
        <time>2026-09-24T12:28:02Z</time>
        <extensions>
          <gpxtpx:TrackPointExtension>
            <gpxtpx:hr>134</gpxtpx:hr>
          </gpxtpx:TrackPointExtension>
        </extensions>
      </trkpt>
      <trkpt lat="32.07219499448271" lon="118.59612417508741">
        <ele>37.7</ele>
        <time>2026-09-24T12:28:03Z</time>
        <extensions>
          <gpxtpx:TrackPointExtension>
            <gpxtpx:hr>134</gpxtpx:hr>
          </gpxtpx:TrackPointExtension>
        </extensions>
      </trkpt>
      <trkpt lat="32.072176995627075" lon="118.59609117949675">
        <ele>38.0</ele>
        <time>2026-09-24T12:28:04Z</time>
        <extensions>
          <gpxtpx:TrackPointExtension>
            <gpxtpx:hr>136</gpxtpx:hr>
          </gpxtpx:TrackPointExtension>
        </extensions>
      </trkpt>
      <trkpt lat="32.072162996837754" lon="118.59606318307914">
        <ele>38.0</ele>
        <time>2026-09-24T12:28:05Z</time>
        <extensions>
          <gpxtpx:TrackPointExtension>
            <gpxtpx:hr>136</gpxtpx:hr>
          </gpxtpx:TrackPointExtension>
        </extensions>
      </trkpt>
      <trkpt lat="32.07214899756401" lon="118.59603818637862">
        <ele>38.0</ele>
        <time>2026-09-24T12:28:06Z</time>
        <extensions>
          <gpxtpx:TrackPointExtension>
            <gpxtpx:hr>136</gpxtpx:hr>
          </gpxtpx:TrackPointExtension>
        </extensions>
      </trkpt>
      <trkpt lat="32.07213499796481" lon="118.59601518948652">
        <ele>38.0</ele>
        <time>2026-09-24T12:28:07Z</time>
        <extensions>
          <gpxtpx:TrackPointExtension>
            <gpxtpx:hr>136</gpxtpx:hr>
          </gpxtpx:TrackPointExtension>
        </extensions>
      </trkpt>
      <trkpt lat="32.07212299848087" lon="118.59599419222972">
        <ele>38.0</ele>
        <time>2026-09-24T12:28:08Z</time>
        <extensions>
          <gpxtpx:TrackPointExtension>
            <gpxtpx:hr>136</gpxtpx:hr>
          </gpxtpx:TrackPointExtension>
        </extensions>
      </trkpt>
      <trkpt lat="32.07210999949706" lon="118.59596819542708">
        <ele>38.4</ele>
        <time>2026-09-24T12:28:09Z</time>
        <extensions>
          <gpxtpx:TrackPointExtension>
            <gpxtpx:hr>136</gpxtpx:hr>
          </gpxtpx:TrackPointExtension>
        </extensions>
      </trkpt>
      <trkpt lat="32.0720950004873" lon="118.59593919899717">
        <ele>38.4</ele>
        <time>2026-09-24T12:28:10Z</time>
        <extensions>
          <gpxtpx:TrackPointExtension>
            <gpxtpx:hr>136</gpxtpx:hr>
          </gpxtpx:TrackPointExtension>
        </extensions>
      </trkpt>
      <trkpt lat="32.072079000789415" lon="118.59591320239089">
        <ele>38.4</ele>
        <time>2026-09-24T12:28:11Z</time>
        <extensions>
          <gpxtpx:TrackPointExtension>
            <gpxtpx:hr>136</gpxtpx:hr>
          </gpxtpx:TrackPointExtension>
        </extensions>
      </trkpt>
      <trkpt lat="32.07206300091851" lon="118.59588820567652">
        <ele>38.4</ele>
        <time>2026-09-24T12:28:12Z</time>
        <extensions>
          <gpxtpx:TrackPointExtension>
            <gpxtpx:hr>136</gpxtpx:hr>
          </gpxtpx:TrackPointExtension>
        </extensions>
      </trkpt>
      <trkpt lat="32.0720470010205" lon="118.59586320892979">
        <ele>38.4</ele>
        <time>2026-09-24T12:28:13Z</time>
        <extensions>
          <gpxtpx:TrackPointExtension>
            <gpxtpx:hr>136</gpxtpx:hr>
          </gpxtpx:TrackPointExtension>
        </extensions>
      </trkpt>
      <trkpt lat="32.072032001312806" lon="118.59583821206057">
        <ele>38.6</ele>
        <time>2026-09-24T12:28:14Z</time>
        <extensions>
          <gpxtpx:TrackPointExtension>
            <gpxtpx:hr>135</gpxtpx:hr>
          </gpxtpx:TrackPointExtension>
        </extensions>
      </trkpt>
      <trkpt lat="32.07201700143748" lon="118.59581421508975">
        <ele>38.6</ele>
        <time>2026-09-24T12:28:15Z</time>
        <extensions>
          <gpxtpx:TrackPointExtension>
            <gpxtpx:hr>135</gpxtpx:hr>
          </gpxtpx:TrackPointExtension>
        </extensions>
      </trkpt>
      <trkpt lat="32.072001001180226" lon="118.59579121811116">
        <ele>38.6</ele>
        <time>2026-09-24T12:28:16Z</time>
        <extensions>
          <gpxtpx:TrackPointExtension>
            <gpxtpx:hr>135</gpxtpx:hr>
          </gpxtpx:TrackPointExtension>
        </extensions>
      </trkpt>
      <trkpt lat="32.071985000761416" lon="118.59576922103824">
        <ele>38.6</ele>
        <time>2026-09-24T12:28:17Z</time>
        <extensions>
          <gpxtpx:TrackPointExtension>
            <gpxtpx:hr>135</gpxtpx:hr>
          </gpxtpx:TrackPointExtension>
        </extensions>
      </trkpt>
      <trkpt lat="32.07196900032159" lon="118.59574722394025">
        <ele>38.6</ele>
        <time>2026-09-24T12:28:18Z</time>
        <extensions>
          <gpxtpx:TrackPointExtension>
            <gpxtpx:hr>135</gpxtpx:hr>
          </gpxtpx:TrackPointExtension>
        </extensions>
      </trkpt>
      <trkpt lat="32.07195400021487" lon="118.59572422679169">
        <ele>38.9</ele>
        <time>2026-09-24T12:28:19Z</time>
        <extensions>
          <gpxtpx:TrackPointExtension>
            <gpxtpx:hr>135</gpxtpx:hr>
          </gpxtpx:TrackPointExtension>
        </extensions>
      </trkpt>
      <trkpt lat="32.071937999732064" lon="118.59570222964238">
        <ele>38.9</ele>
        <time>2026-09-24T12:28:20Z</time>
        <extensions>
          <gpxtpx:TrackPointExtension>
            <gpxtpx:hr>135</gpxtpx:hr>
          </gpxtpx:TrackPointExtension>
        </extensions>
      </trkpt>
      <trkpt lat="32.071920999010786" lon="118.59568023255812">
        <ele>38.9</ele>
        <time>2026-09-24T12:28:21Z</time>
        <extensions>
          <gpxtpx:TrackPointExtension>
            <gpxtpx:hr>135</gpxtpx:hr>
          </gpxtpx:TrackPointExtension>
        </extensions>
      </trkpt>
      <trkpt lat="32.071904998485934" lon="118.59565823535866">
        <ele>38.9</ele>
        <time>2026-09-24T12:28:22Z</time>
        <extensions>
          <gpxtpx:TrackPointExtension>
            <gpxtpx:hr>135</gpxtpx:hr>
          </gpxtpx:TrackPointExtension>
        </extensions>
      </trkpt>
      <trkpt lat="32.07189099784318" lon="118.59564023771325">
        <ele>38.9</ele>
        <time>2026-09-24T12:28:23Z</time>
        <extensions>
          <gpxtpx:TrackPointExtension>
            <gpxtpx:hr>135</gpxtpx:hr>
          </gpxtpx:TrackPointExtension>
        </extensions>
      </trkpt>
      <trkpt lat="32.071871996891765" lon="118.59561624085664">
        <ele>39.2</ele>
        <time>2026-09-24T12:28:24Z</time>
        <extensions>
          <gpxtpx:TrackPointExtension>
            <gpxtpx:hr>140</gpxtpx:hr>
          </gpxtpx:TrackPointExtension>
        </extensions>
      </trkpt>
      <trkpt lat="32.071852995784326" lon="118.59559324391236">
        <ele>39.2</ele>
        <time>2026-09-24T12:28:25Z</time>
        <extensions>
          <gpxtpx:TrackPointExtension>
            <gpxtpx:hr>140</gpxtpx:hr>
          </gpxtpx:TrackPointExtension>
        </extensions>
      </trkpt>
      <trkpt lat="32.07183699517627" lon="118.59557124661363">
        <ele>39.2</ele>
        <time>2026-09-24T12:28:26Z</time>
        <extensions>
          <gpxtpx:TrackPointExtension>
            <gpxtpx:hr>140</gpxtpx:hr>
          </gpxtpx:TrackPointExtension>
        </extensions>
      </trkpt>
      <trkpt lat="32.071819994845725" lon="118.59554524960166">
        <ele>39.2</ele>
        <time>2026-09-24T12:28:27Z</time>
        <extensions>
          <gpxtpx:TrackPointExtension>
            <gpxtpx:hr>140</gpxtpx:hr>
          </gpxtpx:TrackPointExtension>
        </extensions>
      </trkpt>
      <trkpt lat="32.07180199414052" lon="118.59552025259072">
        <ele>39.2</ele>
        <time>2026-09-24T12:28:28Z</time>
        <extensions>
          <gpxtpx:TrackPointExtension>
            <gpxtpx:hr>140</gpxtpx:hr>
          </gpxtpx:TrackPointExtension>
        </extensions>
      </trkpt>
      <trkpt lat="32.07178199309989" lon="118.5954942557803">
        <ele>39.4</ele>
        <time>2026-09-24T12:28:29Z</time>
        <extensions>
          <gpxtpx:TrackPointExtension>
            <gpxtpx:hr>142</gpxtpx:hr>
          </gpxtpx:TrackPointExtension>
        </extensions>
      </trkpt>
      <trkpt lat="32.07176099156109" lon="118.59547025892215">
        <ele>39.4</ele>
        <time>2026-09-24T12:28:30Z</time>
        <extensions>
          <gpxtpx:TrackPointExtension>
            <gpxtpx:hr>142</gpxtpx:hr>
          </gpxtpx:TrackPointExtension>
        </extensions>
      </trkpt>
      <trkpt lat="32.07173898990431" lon="118.59544526217438">
        <ele>39.4</ele>
        <time>2026-09-24T12:28:31Z</time>
        <extensions>
          <gpxtpx:TrackPointExtension>
            <gpxtpx:hr>142</gpxtpx:hr>
          </gpxtpx:TrackPointExtension>
        </extensions>
      </trkpt>
      <trkpt lat="32.071718988531785" lon="118.59542126516509">
        <ele>39.4</ele>
        <time>2026-09-24T12:28:32Z</time>
        <extensions>
          <gpxtpx:TrackPointExtension>
            <gpxtpx:hr>142</gpxtpx:hr>
          </gpxtpx:TrackPointExtension>
        </extensions>
      </trkpt>
      <trkpt lat="32.07169998698397" lon="118.59540026789259">
        <ele>39.4</ele>
        <time>2026-09-24T12:28:33Z</time>
        <extensions>
          <gpxtpx:TrackPointExtension>
            <gpxtpx:hr>142</gpxtpx:hr>
          </gpxtpx:TrackPointExtension>
        </extensions>
      </trkpt>
      <trkpt lat="32.07167898510359" lon="118.59537827082414">
        <ele>39.7</ele>
        <time>2026-09-24T12:28:34Z</time>
        <extensions>
          <gpxtpx:TrackPointExtension>
            <gpxtpx:hr>139</gpxtpx:hr>
          </gpxtpx:TrackPointExtension>
        </extensions>
      </trkpt>
      <trkpt lat="32.07165798320208" lon="118.59535627373054">
        <ele>39.7</ele>
        <time>2026-09-24T12:28:35Z</time>
        <extensions>
          <gpxtpx:TrackPointExtension>
            <gpxtpx:hr>139</gpxtpx:hr>
          </gpxtpx:TrackPointExtension>
        </extensions>
      </trkpt>
      <trkpt lat="32.07163698151892" lon="118.59533227670045">
        <ele>39.7</ele>
        <time>2026-09-24T12:28:36Z</time>
        <extensions>
          <gpxtpx:TrackPointExtension>
            <gpxtpx:hr>139</gpxtpx:hr>
          </gpxtpx:TrackPointExtension>
        </extensions>
      </trkpt>
      <trkpt lat="32.07161798036438" lon="118.59530727950323">
        <ele>39.7</ele>
        <time>2026-09-24T12:28:37Z</time>
        <extensions>
          <gpxtpx:TrackPointExtension>
            <gpxtpx:hr>139</gpxtpx:hr>
          </gpxtpx:TrackPointExtension>
        </extensions>
      </trkpt>
      <trkpt lat="32.07160097985269" lon="118.59528028217656">
        <ele>39.7</ele>
        <time>2026-09-24T12:28:38Z</time>
        <extensions>
          <gpxtpx:TrackPointExtension>
            <gpxtpx:hr>139</gpxtpx:hr>
          </gpxtpx:TrackPointExtension>
        </extensions>
      </trkpt>
      <trkpt lat="32.071583979076664" lon="118.59525528473158">
        <ele>40.1</ele>
        <time>2026-09-24T12:28:39Z</time>
        <extensions>
          <gpxtpx:TrackPointExtension>
            <gpxtpx:hr>142</gpxtpx:hr>
          </gpxtpx:TrackPointExtension>
        </extensions>
      </trkpt>
      <trkpt lat="32.0715659779406" lon="118.59523128730524">
        <ele>40.1</ele>
        <time>2026-09-24T12:28:40Z</time>
        <extensions>
          <gpxtpx:TrackPointExtension>
            <gpxtpx:hr>142</gpxtpx:hr>
          </gpxtpx:TrackPointExtension>
        </extensions>
      </trkpt>
      <trkpt lat="32.07154697633324" lon="118.59520928986342">
        <ele>40.1</ele>
        <time>2026-09-24T12:28:41Z</time>
        <extensions>
          <gpxtpx:TrackPointExtension>
            <gpxtpx:hr>142</gpxtpx:hr>
          </gpxtpx:TrackPointExtension>
        </extensions>
      </trkpt>
      <trkpt lat="32.07152697437376" lon="118.59518829244982">
        <ele>40.1</ele>
        <time>2026-09-24T12:28:42Z</time>
        <extensions>
          <gpxtpx:TrackPointExtension>
            <gpxtpx:hr>142</gpxtpx:hr>
          </gpxtpx:TrackPointExtension>
        </extensions>
      </trkpt>
      <trkpt lat="32.07150597251486" lon="118.59516429521025">
        <ele>40.1</ele>
        <time>2026-09-24T12:28:43Z</time>
        <extensions>
          <gpxtpx:TrackPointExtension>
            <gpxtpx:hr>142</gpxtpx:hr>
          </gpxtpx:TrackPointExtension>
        </extensions>
      </trkpt>
      <trkpt lat="32.07148897105537" lon="118.59514429744272">
        <ele>40.3</ele>
        <time>2026-09-24T12:28:44Z</time>
        <extensions>
          <gpxtpx:TrackPointExtension>
            <gpxtpx:hr>143</gpxtpx:hr>
          </gpxtpx:TrackPointExtension>
        </extensions>
      </trkpt>
      <trkpt lat="32.07146996925389" lon="118.59512329986802">
        <ele>40.3</ele>
        <time>2026-09-24T12:28:45Z</time>
        <extensions>
          <gpxtpx:TrackPointExtension>
            <gpxtpx:hr>143</gpxtpx:hr>
          </gpxtpx:TrackPointExtension>
        </extensions>
      </trkpt>
      <trkpt lat="32.071450967542845" lon="118.59510130230271">
        <ele>40.3</ele>
        <time>2026-09-24T12:28:46Z</time>
        <extensions>
          <gpxtpx:TrackPointExtension>
            <gpxtpx:hr>143</gpxtpx:hr>
          </gpxtpx:TrackPointExtension>
        </extensions>
      </trkpt>
      <trkpt lat="32.071435966136974" lon="118.5950843041955">
        <ele>40.3</ele>
        <time>2026-09-24T12:28:47Z</time>
        <extensions>
          <gpxtpx:TrackPointExtension>
            <gpxtpx:hr>143</gpxtpx:hr>
          </gpxtpx:TrackPointExtension>
        </extensions>
      </trkpt>
      <trkpt lat="32.071415964062865" lon="118.59506330664543">
        <ele>40.3</ele>
        <time>2026-09-24T12:28:48Z</time>
        <extensions>
          <gpxtpx:TrackPointExtension>
            <gpxtpx:hr>143</gpxtpx:hr>
          </gpxtpx:TrackPointExtension>
        </extensions>
      </trkpt>
      <trkpt lat="32.07139496185894" lon="118.59504130919171">
        <ele>40.6</ele>
        <time>2026-09-24T12:28:49Z</time>
        <extensions>
          <gpxtpx:TrackPointExtension>
            <gpxtpx:hr>144</gpxtpx:hr>
          </gpxtpx:TrackPointExtension>
        </extensions>
      </trkpt>
      <trkpt lat="32.07137395952774" lon="118.59502031168478">
        <ele>40.6</ele>
        <time>2026-09-24T12:28:50Z</time>
        <extensions>
          <gpxtpx:TrackPointExtension>
            <gpxtpx:hr>144</gpxtpx:hr>
          </gpxtpx:TrackPointExtension>
        </extensions>
      </trkpt>
      <trkpt lat="32.07135295696666" lon="118.59500131410088">
        <ele>40.6</ele>
        <time>2026-09-24T12:28:51Z</time>
        <extensions>
          <gpxtpx:TrackPointExtension>
            <gpxtpx:hr>144</gpxtpx:hr>
          </gpxtpx:TrackPointExtension>
        </extensions>
      </trkpt>
      <trkpt lat="32.07133495472897" lon="118.59498531614938">
        <ele>40.6</ele>
        <time>2026-09-24T12:28:52Z</time>
        <extensions>
          <gpxtpx:TrackPointExtension>
            <gpxtpx:hr>144</gpxtpx:hr>
          </gpxtpx:TrackPointExtension>
        </extensions>
      </trkpt>
      <trkpt lat="32.071316952480046" lon="118.59496931818455">
        <ele>40.6</ele>
        <time>2026-09-24T12:28:53Z</time>
        <extensions>
          <gpxtpx:TrackPointExtension>
            <gpxtpx:hr>144</gpxtpx:hr>
          </gpxtpx:TrackPointExtension>
        </extensions>
      </trkpt>
      <trkpt lat="32.0712969503003" lon="118.59494832050885">
        <ele>41.0</ele>
        <time>2026-09-24T12:28:54Z</time>
        <extensions>
          <gpxtpx:TrackPointExtension>
            <gpxtpx:hr>143</gpxtpx:hr>
          </gpxtpx:TrackPointExtension>
        </extensions>
      </trkpt>
      <trkpt lat="32.0712759478836" lon="118.59492732290032">
        <ele>41.0</ele>
        <time>2026-09-24T12:28:55Z</time>
        <extensions>
          <gpxtpx:TrackPointExtension>
            <gpxtpx:hr>143</gpxtpx:hr>
          </gpxtpx:TrackPointExtension>
        </extensions>
      </trkpt>
      <trkpt lat="32.071254945548795" lon="118.59490532529092">
        <ele>41.0</ele>
        <time>2026-09-24T12:28:56Z</time>
        <extensions>
          <gpxtpx:TrackPointExtension>
            <gpxtpx:hr>143</gpxtpx:hr>
          </gpxtpx:TrackPointExtension>
        </extensions>
      </trkpt>
      <trkpt lat="32.07123494320998" lon="118.59488532752428">
        <ele>41.0</ele>
        <time>2026-09-24T12:28:57Z</time>
        <extensions>
          <gpxtpx:TrackPointExtension>
            <gpxtpx:hr>143</gpxtpx:hr>
          </gpxtpx:TrackPointExtension>
        </extensions>
      </trkpt>
      <trkpt lat="32.07121794140725" lon="118.59486632944645">
        <ele>47.0</ele>
        <time>2026-09-24T12:28:58Z</time>
        <extensions>
          <gpxtpx:TrackPointExtension>
            <gpxtpx:hr>143</gpxtpx:hr>
          </gpxtpx:TrackPointExtension>
        </extensions>
      </trkpt>
      <trkpt lat="32.071199939863725" lon="118.59484233153455">
        <ele>47.0</ele>
        <time>2026-09-24T12:28:59Z</time>
        <extensions>
          <gpxtpx:TrackPointExtension>
            <gpxtpx:hr>144</gpxtpx:hr>
          </gpxtpx:TrackPointExtension>
        </extensions>
      </trkpt>
      <trkpt lat="32.07118193829507" lon="118.59481833359267">
        <ele>47.0</ele>
        <time>2026-09-24T12:29:00Z</time>
        <extensions>
          <gpxtpx:TrackPointExtension>
            <gpxtpx:hr>144</gpxtpx:hr>
          </gpxtpx:TrackPointExtension>
        </extensions>
      </trkpt>
      <trkpt lat="32.07116293638721" lon="118.59479533569458">
        <ele>41.2</ele>
        <time>2026-09-24T12:29:01Z</time>
        <extensions>
          <gpxtpx:TrackPointExtension>
            <gpxtpx:hr>144</gpxtpx:hr>
          </gpxtpx:TrackPointExtension>
        </extensions>
      </trkpt>
      <trkpt lat="32.07114493467394" lon="118.59477233767885">
        <ele>41.2</ele>
        <time>2026-09-24T12:29:02Z</time>
        <extensions>
          <gpxtpx:TrackPointExtension>
            <gpxtpx:hr>144</gpxtpx:hr>
          </gpxtpx:TrackPointExtension>
        </extensions>
      </trkpt>
      <trkpt lat="32.071125932625456" lon="118.5947503397117">
        <ele>41.2</ele>
        <time>2026-09-24T12:29:03Z</time>
        <extensions>
          <gpxtpx:TrackPointExtension>
            <gpxtpx:hr>144</gpxtpx:hr>
          </gpxtpx:TrackPointExtension>
        </extensions>
      </trkpt>
      <trkpt lat="32.07110493012037" lon="118.59472834189955">
        <ele>41.6</ele>
        <time>2026-09-24T12:29:04Z</time>
        <extensions>
          <gpxtpx:TrackPointExtension>
            <gpxtpx:hr>145</gpxtpx:hr>
          </gpxtpx:TrackPointExtension>
        </extensions>
      </trkpt>
      <trkpt lat="32.0710839276866" lon="118.59470534407389">
        <ele>41.6</ele>
        <time>2026-09-24T12:29:05Z</time>
        <extensions>
          <gpxtpx:TrackPointExtension>
            <gpxtpx:hr>145</gpxtpx:hr>
          </gpxtpx:TrackPointExtension>
        </extensions>
      </trkpt>
      <trkpt lat="32.07106192501194" lon="118.59468234631078">
        <ele>41.6</ele>
        <time>2026-09-24T12:29:06Z</time>
        <extensions>
          <gpxtpx:TrackPointExtension>
            <gpxtpx:hr>145</gpxtpx:hr>
          </gpxtpx:TrackPointExtension>
        </extensions>
      </trkpt>
      <trkpt lat="32.0710409226223" lon="118.59465834843922">
        <ele>41.6</ele>
        <time>2026-09-24T12:29:07Z</time>
        <extensions>
          <gpxtpx:TrackPointExtension>
            <gpxtpx:hr>145</gpxtpx:hr>
          </gpxtpx:TrackPointExtension>
        </extensions>
      </trkpt>
      <trkpt lat="32.071018920079084" lon="118.5946333506357">
        <ele>41.6</ele>
        <time>2026-09-24T12:29:08Z</time>
        <extensions>
          <gpxtpx:TrackPointExtension>
            <gpxtpx:hr>145</gpxtpx:hr>
          </gpxtpx:TrackPointExtension>
        </extensions>
      </trkpt>
      <trkpt lat="32.07099691724356" lon="118.59461135277955">
        <ele>41.9</ele>
        <time>2026-09-24T12:29:09Z</time>
        <extensions>
          <gpxtpx:TrackPointExtension>
            <gpxtpx:hr>146</gpxtpx:hr>
          </gpxtpx:TrackPointExtension>
        </extensions>
      </trkpt>
      <trkpt lat="32.070973914169066" lon="118.59458935498829">
        <ele>41.9</ele>
        <time>2026-09-24T12:29:10Z</time>
        <extensions>
          <gpxtpx:TrackPointExtension>
            <gpxtpx:hr>146</gpxtpx:hr>
          </gpxtpx:TrackPointExtension>
        </extensions>
      </trkpt>
      <trkpt lat="32.07095591181594" lon="118.59457135670294">
        <ele>41.9</ele>
        <time>2026-09-24T12:29:11Z</time>
        <extensions>
          <gpxtpx:TrackPointExtension>
            <gpxtpx:hr>146</gpxtpx:hr>
          </gpxtpx:TrackPointExtension>
        </extensions>
      </trkpt>
      <trkpt lat="32.07093890966639" lon="118.59455335831059">
        <ele>41.9</ele>
        <time>2026-09-24T12:29:12Z</time>
        <extensions>
          <gpxtpx:TrackPointExtension>
            <gpxtpx:hr>146</gpxtpx:hr>
          </gpxtpx:TrackPointExtension>
        </extensions>
      </trkpt>
      <trkpt lat="32.07092190784259" lon="118.59453135991214">
        <ele>41.9</ele>
        <time>2026-09-24T12:29:13Z</time>
        <extensions>
          <gpxtpx:TrackPointExtension>
            <gpxtpx:hr>146</gpxtpx:hr>
          </gpxtpx:TrackPointExtension>
        </extensions>
      </trkpt>
      <trkpt lat="32.07090290547811" lon="118.59451036166719">
        <ele>42.1</ele>
        <time>2026-09-24T12:29:14Z</time>
        <extensions>
          <gpxtpx:TrackPointExtension>
            <gpxtpx:hr>145</gpxtpx:hr>
          </gpxtpx:TrackPointExtension>
        </extensions>
      </trkpt>
      <trkpt lat="32.07088190257563" lon="118.59449036357904">
        <ele>42.1</ele>
        <time>2026-09-24T12:29:15Z</time>
        <extensions>
          <gpxtpx:TrackPointExtension>
            <gpxtpx:hr>145</gpxtpx:hr>
          </gpxtpx:TrackPointExtension>
        </extensions>
      </trkpt>
      <trkpt lat="32.07086189995562" lon="118.59446936537931">
        <ele>42.1</ele>
        <time>2026-09-24T12:29:16Z</time>
        <extensions>
          <gpxtpx:TrackPointExtension>
            <gpxtpx:hr>145</gpxtpx:hr>
          </gpxtpx:TrackPointExtension>
        </extensions>
      </trkpt>
      <trkpt lat="32.07084189731627" lon="118.59444836715657">
        <ele>42.1</ele>
        <time>2026-09-24T12:29:17Z</time>
        <extensions>
          <gpxtpx:TrackPointExtension>
            <gpxtpx:hr>145</gpxtpx:hr>
          </gpxtpx:TrackPointExtension>
        </extensions>
      </trkpt>
      <trkpt lat="32.07082189473794" lon="118.59442636890796">
        <ele>42.1</ele>
        <time>2026-09-24T12:29:18Z</time>
        <extensions>
          <gpxtpx:TrackPointExtension>
            <gpxtpx:hr>145</gpxtpx:hr>
          </gpxtpx:TrackPointExtension>
        </extensions>
      </trkpt>
      <trkpt lat="32.07080089184119" lon="118.59440537072824">
        <ele>42.4</ele>
        <time>2026-09-24T12:29:19Z</time>
        <extensions>
          <gpxtpx:TrackPointExtension>
            <gpxtpx:hr>144</gpxtpx:hr>
          </gpxtpx:TrackPointExtension>
        </extensions>
      </trkpt>
      <trkpt lat="32.070780889221396" lon="118.59438337243029">
        <ele>42.4</ele>
        <time>2026-09-24T12:29:20Z</time>
        <extensions>
          <gpxtpx:TrackPointExtension>
            <gpxtpx:hr>144</gpxtpx:hr>
          </gpxtpx:TrackPointExtension>
        </extensions>
      </trkpt>
      <trkpt lat="32.07076088650287" lon="118.59436237411332">
        <ele>42.4</ele>
        <time>2026-09-24T12:29:21Z</time>
        <extensions>
          <gpxtpx:TrackPointExtension>
            <gpxtpx:hr>144</gpxtpx:hr>
          </gpxtpx:TrackPointExtension>
        </extensions>
      </trkpt>
      <trkpt lat="32.070741883982826" lon="118.59434137568321">
        <ele>42.4</ele>
        <time>2026-09-24T12:29:22Z</time>
        <extensions>
          <gpxtpx:TrackPointExtension>
            <gpxtpx:hr>144</gpxtpx:hr>
          </gpxtpx:TrackPointExtension>
        </extensions>
      </trkpt>
      <trkpt lat="32.070721881149886" lon="118.59432137732863">
        <ele>42.4</ele>
        <time>2026-09-24T12:29:23Z</time>
        <extensions>
          <gpxtpx:TrackPointExtension>
            <gpxtpx:hr>144</gpxtpx:hr>
          </gpxtpx:TrackPointExtension>
        </extensions>
      </trkpt>
      <trkpt lat="32.0707008781564" lon="118.59430037903381">
        <ele>42.7</ele>
        <time>2026-09-24T12:29:24Z</time>
        <extensions>
          <gpxtpx:TrackPointExtension>
            <gpxtpx:hr>145</gpxtpx:hr>
          </gpxtpx:TrackPointExtension>
        </extensions>
      </trkpt>
      <trkpt lat="32.07068087528746" lon="118.59428038063639">
        <ele>42.7</ele>
        <time>2026-09-24T12:29:25Z</time>
        <extensions>
          <gpxtpx:TrackPointExtension>
            <gpxtpx:hr>145</gpxtpx:hr>
          </gpxtpx:TrackPointExtension>
        </extensions>
      </trkpt>
      <trkpt lat="32.07066087240096" lon="118.59426038221811">
        <ele>42.7</ele>
        <time>2026-09-24T12:29:26Z</time>
        <extensions>
          <gpxtpx:TrackPointExtension>
            <gpxtpx:hr>145</gpxtpx:hr>
          </gpxtpx:TrackPointExtension>
        </extensions>
      </trkpt>
      <trkpt lat="32.07064086956908" lon="118.59423938376631">
        <ele>42.7</ele>
        <time>2026-09-24T12:29:27Z</time>
        <extensions>
          <gpxtpx:TrackPointExtension>
            <gpxtpx:hr>145</gpxtpx:hr>
          </gpxtpx:TrackPointExtension>
        </extensions>
      </trkpt>
      <trkpt lat="32.07062086671787" lon="118.59421838529148">
        <ele>42.7</ele>
        <time>2026-09-24T12:29:28Z</time>
        <extensions>
          <gpxtpx:TrackPointExtension>
            <gpxtpx:hr>145</gpxtpx:hr>
          </gpxtpx:TrackPointExtension>
        </extensions>
      </trkpt>
      <trkpt lat="32.07060186406518" lon="118.59419738670351">
        <ele>42.9</ele>
        <time>2026-09-24T12:29:29Z</time>
        <extensions>
          <gpxtpx:TrackPointExtension>
            <gpxtpx:hr>144</gpxtpx:hr>
          </gpxtpx:TrackPointExtension>
        </extensions>
      </trkpt>
      <trkpt lat="32.07058286153193" lon="118.59417438806055">
        <ele>42.9</ele>
        <time>2026-09-24T12:29:30Z</time>
        <extensions>
          <gpxtpx:TrackPointExtension>
            <gpxtpx:hr>144</gpxtpx:hr>
          </gpxtpx:TrackPointExtension>
        </extensions>
      </trkpt>
      <trkpt lat="32.07056485919339" lon="118.59415138929984">
        <ele>42.9</ele>
        <time>2026-09-24T12:29:31Z</time>
        <extensions>
          <gpxtpx:TrackPointExtension>
            <gpxtpx:hr>144</gpxtpx:hr>
          </gpxtpx:TrackPointExtension>
        </extensions>
      </trkpt>
      <trkpt lat="32.070543856379814" lon="118.59412539072625">
        <ele>42.9</ele>
        <time>2026-09-24T12:29:32Z</time>
        <extensions>
          <gpxtpx:TrackPointExtension>
            <gpxtpx:hr>144</gpxtpx:hr>
          </gpxtpx:TrackPointExtension>
        </extensions>
      </trkpt>
      <trkpt lat="32.07052485370776" lon="118.59410339201654">
        <ele>42.9</ele>
        <time>2026-09-24T12:29:33Z</time>
        <extensions>
          <gpxtpx:TrackPointExtension>
            <gpxtpx:hr>144</gpxtpx:hr>
          </gpxtpx:TrackPointExtension>
        </extensions>
      </trkpt>
      <trkpt lat="32.07050485079656" lon="118.59408139337165">
        <ele>43.2</ele>
        <time>2026-09-24T12:29:34Z</time>
        <extensions>
          <gpxtpx:TrackPointExtension>
            <gpxtpx:hr>145</gpxtpx:hr>
          </gpxtpx:TrackPointExtension>
        </extensions>
      </trkpt>
      <trkpt lat="32.070481847403165" lon="118.59405639490542">
        <ele>43.2</ele>
        <time>2026-09-24T12:29:35Z</time>
        <extensions>
          <gpxtpx:TrackPointExtension>
            <gpxtpx:hr>145</gpxtpx:hr>
          </gpxtpx:TrackPointExtension>
        </extensions>
      </trkpt>
      <trkpt lat="32.070462844664505" lon="118.59403439611638">
        <ele>43.2</ele>
        <time>2026-09-24T12:29:36Z</time>
        <extensions>
          <gpxtpx:TrackPointExtension>
            <gpxtpx:hr>145</gpxtpx:hr>
          </gpxtpx:TrackPointExtension>
        </extensions>
      </trkpt>
      <trkpt lat="32.07044184146875" lon="118.59401239748227">
        <ele>43.2</ele>
        <time>2026-09-24T12:29:37Z</time>
        <extensions>
          <gpxtpx:TrackPointExtension>
            <gpxtpx:hr>145</gpxtpx:hr>
          </gpxtpx:TrackPointExtension>
        </extensions>
      </trkpt>
      <trkpt lat="32.07042183840832" lon="118.59399139875838">
        <ele>43.2</ele>
        <time>2026-09-24T12:29:38Z</time>
        <extensions>
          <gpxtpx:TrackPointExtension>
            <gpxtpx:hr>145</gpxtpx:hr>
          </gpxtpx:TrackPointExtension>
        </extensions>
      </trkpt>
      <trkpt lat="32.070399834953044" lon="118.59396940016491">
        <ele>43.5</ele>
        <time>2026-09-24T12:29:39Z</time>
        <extensions>
          <gpxtpx:TrackPointExtension>
            <gpxtpx:hr>144</gpxtpx:hr>
          </gpxtpx:TrackPointExtension>
        </extensions>
      </trkpt>
      <trkpt lat="32.07037683119907" lon="118.59394840166414">
        <ele>43.5</ele>
        <time>2026-09-24T12:29:40Z</time>
        <extensions>
          <gpxtpx:TrackPointExtension>
            <gpxtpx:hr>144</gpxtpx:hr>
          </gpxtpx:TrackPointExtension>
        </extensions>
      </trkpt>
      <trkpt lat="32.07035382748421" lon="118.59392640311133">
        <ele>43.5</ele>
        <time>2026-09-24T12:29:41Z</time>
        <extensions>
          <gpxtpx:TrackPointExtension>
            <gpxtpx:hr>144</gpxtpx:hr>
          </gpxtpx:TrackPointExtension>
        </extensions>
      </trkpt>
      <trkpt lat="32.07033182385081" lon="118.59390640450329">
        <ele>43.5</ele>
        <time>2026-09-24T12:29:42Z</time>
        <extensions>
          <gpxtpx:TrackPointExtension>
            <gpxtpx:hr>144</gpxtpx:hr>
          </gpxtpx:TrackPointExtension>
        </extensions>
      </trkpt>
      <trkpt lat="32.070313820958035" lon="118.59388840557597">
        <ele>43.5</ele>
        <time>2026-09-24T12:29:43Z</time>
        <extensions>
          <gpxtpx:TrackPointExtension>
            <gpxtpx:hr>144</gpxtpx:hr>
          </gpxtpx:TrackPointExtension>
        </extensions>
      </trkpt>
      <trkpt lat="32.07029381767111" lon="118.59386940677996">
        <ele>43.6</ele>
        <time>2026-09-24T12:29:44Z</time>
        <extensions>
          <gpxtpx:TrackPointExtension>
            <gpxtpx:hr>145</gpxtpx:hr>
          </gpxtpx:TrackPointExtension>
        </extensions>
      </trkpt>
      <trkpt lat="32.0702718141528" lon="118.59384640801298">
        <ele>43.6</ele>
        <time>2026-09-24T12:29:45Z</time>
        <extensions>
          <gpxtpx:TrackPointExtension>
            <gpxtpx:hr>145</gpxtpx:hr>
          </gpxtpx:TrackPointExtension>
        </extensions>
      </trkpt>
      <trkpt lat="32.07024981055718" lon="118.59382440925268">
        <ele>43.6</ele>
        <time>2026-09-24T12:29:46Z</time>
        <extensions>
          <gpxtpx:TrackPointExtension>
            <gpxtpx:hr>145</gpxtpx:hr>
          </gpxtpx:TrackPointExtension>
        </extensions>
      </trkpt>
      <trkpt lat="32.07022780699336" lon="118.59380141043154">
        <ele>43.6</ele>
        <time>2026-09-24T12:29:47Z</time>
        <extensions>
          <gpxtpx:TrackPointExtension>
            <gpxtpx:hr>145</gpxtpx:hr>
          </gpxtpx:TrackPointExtension>
        </extensions>
      </trkpt>
      <trkpt lat="32.070204803188254" lon="118.59377841167283">
        <ele>43.6</ele>
        <time>2026-09-24T12:29:48Z</time>
        <extensions>
          <gpxtpx:TrackPointExtension>
            <gpxtpx:hr>145</gpxtpx:hr>
          </gpxtpx:TrackPointExtension>
        </extensions>
      </trkpt>
      <trkpt lat="32.07018179930879" lon="118.59375641292436">
        <ele>43.9</ele>
        <time>2026-09-24T12:29:49Z</time>
        <extensions>
          <gpxtpx:TrackPointExtension>
            <gpxtpx:hr>146</gpxtpx:hr>
          </gpxtpx:TrackPointExtension>
        </extensions>
      </trkpt>
      <trkpt lat="32.070159795676155" lon="118.59373341402139">
        <ele>43.9</ele>
        <time>2026-09-24T12:29:50Z</time>
        <extensions>
          <gpxtpx:TrackPointExtension>
            <gpxtpx:hr>146</gpxtpx:hr>
          </gpxtpx:TrackPointExtension>
        </extensions>
      </trkpt>
      <trkpt lat="32.07013779211836" lon="118.59370841501001">
        <ele>43.9</ele>
        <time>2026-09-24T12:29:51Z</time>
        <extensions>
          <gpxtpx:TrackPointExtension>
            <gpxtpx:hr>146</gpxtpx:hr>
          </gpxtpx:TrackPointExtension>
        </extensions>
      </trkpt>
      <trkpt lat="32.07011778901707" lon="118.59368241574394">
        <ele>43.9</ele>
        <time>2026-09-24T12:29:52Z</time>
        <extensions>
          <gpxtpx:TrackPointExtension>
            <gpxtpx:hr>146</gpxtpx:hr>
          </gpxtpx:TrackPointExtension>
        </extensions>
      </trkpt>
      <trkpt lat="32.070102787069715" lon="118.5936544159056">
        <ele>43.9</ele>
        <time>2026-09-24T12:29:53Z</time>
        <extensions>
          <gpxtpx:TrackPointExtension>
            <gpxtpx:hr>146</gpxtpx:hr>
          </gpxtpx:TrackPointExtension>
        </extensions>
      </trkpt>
      <trkpt lat="32.0700917860963" lon="118.59362341553144">
        <ele>44.2</ele>
        <time>2026-09-24T12:29:54Z</time>
        <extensions>
          <gpxtpx:TrackPointExtension>
            <gpxtpx:hr>144</gpxtpx:hr>
          </gpxtpx:TrackPointExtension>
        </extensions>
      </trkpt>
      <trkpt lat="32.07008478595304" lon="118.59359241474651">
        <ele>44.2</ele>
        <time>2026-09-24T12:29:55Z</time>
        <extensions>
          <gpxtpx:TrackPointExtension>
            <gpxtpx:hr>144</gpxtpx:hr>
          </gpxtpx:TrackPointExtension>
        </extensions>
      </trkpt>
      <trkpt lat="32.07008078646447" lon="118.59356041359281">
        <ele>44.2</ele>
        <time>2026-09-24T12:29:56Z</time>
        <extensions>
          <gpxtpx:TrackPointExtension>
            <gpxtpx:hr>144</gpxtpx:hr>
          </gpxtpx:TrackPointExtension>
        </extensions>
      </trkpt>
      <trkpt lat="32.070077787149174" lon="118.59352841229534">
        <ele>44.2</ele>
        <time>2026-09-24T12:29:57Z</time>
        <extensions>
          <gpxtpx:TrackPointExtension>
            <gpxtpx:hr>144</gpxtpx:hr>
          </gpxtpx:TrackPointExtension>
        </extensions>
      </trkpt>
      <trkpt lat="32.07007478778909" lon="118.59349641094424">
        <ele>48.0</ele>
        <time>2026-09-24T12:29:58Z</time>
        <extensions>
          <gpxtpx:TrackPointExtension>
            <gpxtpx:hr>144</gpxtpx:hr>
          </gpxtpx:TrackPointExtension>
        </extensions>
      </trkpt>
      <trkpt lat="32.07007178838421" lon="118.59346440953948">
        <ele>48.0</ele>
        <time>2026-09-24T12:29:59Z</time>
        <extensions>
          <gpxtpx:TrackPointExtension>
            <gpxtpx:hr>145</gpxtpx:hr>
          </gpxtpx:TrackPointExtension>
        </extensions>
      </trkpt>
      <trkpt lat="32.07007078940757" lon="118.59343140784597">
        <ele>48.0</ele>
        <time>2026-09-24T12:30:00Z</time>
        <extensions>
          <gpxtpx:TrackPointExtension>
            <gpxtpx:hr>145</gpxtpx:hr>
          </gpxtpx:TrackPointExtension>
        </extensions>
      </trkpt>
      <trkpt lat="32.07007579165614" lon="118.59339940561132">
        <ele>44.3</ele>
        <time>2026-09-24T12:30:01Z</time>
        <extensions>
          <gpxtpx:TrackPointExtension>
            <gpxtpx:hr>145</gpxtpx:hr>
          </gpxtpx:TrackPointExtension>
        </extensions>
      </trkpt>
      <trkpt lat="32.070084794697976" lon="118.59336840302082">
        <ele>44.3</ele>
        <time>2026-09-24T12:30:02Z</time>
        <extensions>
          <gpxtpx:TrackPointExtension>
            <gpxtpx:hr>145</gpxtpx:hr>
          </gpxtpx:TrackPointExtension>
        </extensions>
      </trkpt>
      <trkpt lat="32.070097798471366" lon="118.59334040019878">
        <ele>44.3</ele>
        <time>2026-09-24T12:30:03Z</time>
        <extensions>
          <gpxtpx:TrackPointExtension>
            <gpxtpx:hr>145</gpxtpx:hr>
          </gpxtpx:TrackPointExtension>
        </extensions>
      </trkpt>
      <trkpt lat="32.07011180239673" lon="118.59331339730667">
        <ele>44.6</ele>
        <time>2026-09-24T12:30:04Z</time>
        <extensions>
          <gpxtpx:TrackPointExtension>
            <gpxtpx:hr>120</gpxtpx:hr>
          </gpxtpx:TrackPointExtension>
        </extensions>
      </trkpt>
      <trkpt lat="32.070125806136815" lon="118.59329139468825">
        <ele>44.6</ele>
        <time>2026-09-24T12:30:05Z</time>
        <extensions>
          <gpxtpx:TrackPointExtension>
            <gpxtpx:hr>120</gpxtpx:hr>
          </gpxtpx:TrackPointExtension>
        </extensions>
      </trkpt>
      <trkpt lat="32.07014181041059" lon="118.59326539161017">
        <ele>44.6</ele>
        <time>2026-09-24T12:30:06Z</time>
        <extensions>
          <gpxtpx:TrackPointExtension>
            <gpxtpx:hr>120</gpxtpx:hr>
          </gpxtpx:TrackPointExtension>
        </extensions>
      </trkpt>
      <trkpt lat="32.07015681443665" lon="118.59323938858675">
        <ele>44.6</ele>
        <time>2026-09-24T12:30:07Z</time>
        <extensions>
          <gpxtpx:TrackPointExtension>
            <gpxtpx:hr>120</gpxtpx:hr>
          </gpxtpx:TrackPointExtension>
        </extensions>
      </trkpt>
      <trkpt lat="32.070170818187634" lon="118.59321438568429">
        <ele>44.6</ele>
        <time>2026-09-24T12:30:08Z</time>
        <extensions>
          <gpxtpx:TrackPointExtension>
            <gpxtpx:hr>120</gpxtpx:hr>
          </gpxtpx:TrackPointExtension>
        </extensions>
      </trkpt>
      <trkpt lat="32.07018282147514" lon="118.59318938292927">
        <ele>44.9</ele>
        <time>2026-09-24T12:30:09Z</time>
        <extensions>
          <gpxtpx:TrackPointExtension>
            <gpxtpx:hr>120</gpxtpx:hr>
          </gpxtpx:TrackPointExtension>
        </extensions>
      </trkpt>
      <trkpt lat="32.07019182400536" lon="118.5931673806183">
        <ele>44.9</ele>
        <time>2026-09-24T12:30:10Z</time>
        <extensions>
          <gpxtpx:TrackPointExtension>
            <gpxtpx:hr>120</gpxtpx:hr>
          </gpxtpx:TrackPointExtension>
        </extensions>
      </trkpt>
      <trkpt lat="32.07020282695038" lon="118.5931453781017">
        <ele>44.9</ele>
        <time>2026-09-24T12:30:11Z</time>
        <extensions>
          <gpxtpx:TrackPointExtension>
            <gpxtpx:hr>120</gpxtpx:hr>
          </gpxtpx:TrackPointExtension>
        </extensions>
      </trkpt>
      <trkpt lat="32.07021483006873" lon="118.59312437554063">
        <ele>44.9</ele>
        <time>2026-09-24T12:30:12Z</time>
        <extensions>
          <gpxtpx:TrackPointExtension>
            <gpxtpx:hr>120</gpxtpx:hr>
          </gpxtpx:TrackPointExtension>
        </extensions>
      </trkpt>
      <trkpt lat="32.0702268330999" lon="118.59310637317253">
        <ele>44.9</ele>
        <time>2026-09-24T12:30:13Z</time>
        <extensions>
          <gpxtpx:TrackPointExtension>
            <gpxtpx:hr>120</gpxtpx:hr>
          </gpxtpx:TrackPointExtension>
        </extensions>
      </trkpt>
      <trkpt lat="32.07024283707601" lon="118.59308437013496">
        <ele>46.5</ele>
        <time>2026-09-24T12:31:07Z</time>
        <extensions>
          <gpxtpx:TrackPointExtension>
            <gpxtpx:hr>147</gpxtpx:hr>
          </gpxtpx:TrackPointExtension>
        </extensions>
      </trkpt>
      <trkpt lat="32.07025584041821" lon="118.59306036719366">
        <ele>46.5</ele>
        <time>2026-09-24T12:31:08Z</time>
        <extensions>
          <gpxtpx:TrackPointExtension>
            <gpxtpx:hr>147</gpxtpx:hr>
          </gpxtpx:TrackPointExtension>
        </extensions>
      </trkpt>
      <trkpt lat="32.07026684325985" lon="118.5930383645535">
        <ele>46.5</ele>
        <time>2026-09-24T12:31:09Z</time>
        <extensions>
          <gpxtpx:TrackPointExtension>
            <gpxtpx:hr>145</gpxtpx:hr>
          </gpxtpx:TrackPointExtension>
        </extensions>
      </trkpt>
      <trkpt lat="32.07027984659075" lon="118.59301236140054">
        <ele>46.5</ele>
        <time>2026-09-24T12:31:10Z</time>
        <extensions>
          <gpxtpx:TrackPointExtension>
            <gpxtpx:hr>145</gpxtpx:hr>
          </gpxtpx:TrackPointExtension>
        </extensions>
      </trkpt>
      <trkpt lat="32.07029585063239" lon="118.59298135754982">
        <ele>46.5</ele>
        <time>2026-09-24T12:31:11Z</time>
        <extensions>
          <gpxtpx:TrackPointExtension>
            <gpxtpx:hr>145</gpxtpx:hr>
          </gpxtpx:TrackPointExtension>
        </extensions>
      </trkpt>
      <trkpt lat="32.07031085441384" lon="118.59295035373871">
        <ele>46.5</ele>
        <time>2026-09-24T12:31:12Z</time>
        <extensions>
          <gpxtpx:TrackPointExtension>
            <gpxtpx:hr>145</gpxtpx:hr>
          </gpxtpx:TrackPointExtension>
        </extensions>
      </trkpt>
      <trkpt lat="32.07032585813859" lon="118.5929203499589">
        <ele>46.5</ele>
        <time>2026-09-24T12:31:13Z</time>
        <extensions>
          <gpxtpx:TrackPointExtension>
            <gpxtpx:hr>145</gpxtpx:hr>
          </gpxtpx:TrackPointExtension>
        </extensions>
      </trkpt>
      <trkpt lat="32.070342862233254" lon="118.59289234611809">
        <ele>46.3</ele>
        <time>2026-09-24T12:31:14Z</time>
        <extensions>
          <gpxtpx:TrackPointExtension>
            <gpxtpx:hr>147</gpxtpx:hr>
          </gpxtpx:TrackPointExtension>
        </extensions>
      </trkpt>
      <trkpt lat="32.07035886602689" lon="118.59286834266445">
        <ele>46.3</ele>
        <time>2026-09-24T12:31:15Z</time>
        <extensions>
          <gpxtpx:TrackPointExtension>
            <gpxtpx:hr>147</gpxtpx:hr>
          </gpxtpx:TrackPointExtension>
        </extensions>
      </trkpt>
      <trkpt lat="32.070377870493424" lon="118.59284033856692">
        <ele>46.3</ele>
        <time>2026-09-24T12:31:16Z</time>
        <extensions>
          <gpxtpx:TrackPointExtension>
            <gpxtpx:hr>147</gpxtpx:hr>
          </gpxtpx:TrackPointExtension>
        </extensions>
      </trkpt>
      <trkpt lat="32.070395874707486" lon="118.59281233451829">
        <ele>46.3</ele>
        <time>2026-09-24T12:31:17Z</time>
        <extensions>
          <gpxtpx:TrackPointExtension>
            <gpxtpx:hr>147</gpxtpx:hr>
          </gpxtpx:TrackPointExtension>
        </extensions>
      </trkpt>
      <trkpt lat="32.07040987799808" lon="118.59278633096653">
        <ele>46.3</ele>
        <time>2026-09-24T12:31:18Z</time>
        <extensions>
          <gpxtpx:TrackPointExtension>
            <gpxtpx:hr>147</gpxtpx:hr>
          </gpxtpx:TrackPointExtension>
        </extensions>
      </trkpt>
      <trkpt lat="32.07042388125144" lon="118.59276132746938">
        <ele>46.0</ele>
        <time>2026-09-24T12:31:19Z</time>
        <extensions>
          <gpxtpx:TrackPointExtension>
            <gpxtpx:hr>152</gpxtpx:hr>
          </gpxtpx:TrackPointExtension>
        </extensions>
      </trkpt>
      <trkpt lat="32.07043788447084" lon="118.59273732403071">
        <ele>46.0</ele>
        <time>2026-09-24T12:31:20Z</time>
        <extensions>
          <gpxtpx:TrackPointExtension>
            <gpxtpx:hr>152</gpxtpx:hr>
          </gpxtpx:TrackPointExtension>
        </extensions>
      </trkpt>
      <trkpt lat="32.07045188767031" lon="118.59271232046913">
        <ele>46.0</ele>
        <time>2026-09-24T12:31:21Z</time>
        <extensions>
          <gpxtpx:TrackPointExtension>
            <gpxtpx:hr>152</gpxtpx:hr>
          </gpxtpx:TrackPointExtension>
        </extensions>
      </trkpt>
      <trkpt lat="32.070467891290804" lon="118.59268431641233">
        <ele>46.0</ele>
        <time>2026-09-24T12:31:22Z</time>
        <extensions>
          <gpxtpx:TrackPointExtension>
            <gpxtpx:hr>152</gpxtpx:hr>
          </gpxtpx:TrackPointExtension>
        </extensions>
      </trkpt>
      <trkpt lat="32.070481894438004" lon="118.59265731259008">
        <ele>46.0</ele>
        <time>2026-09-24T12:31:23Z</time>
        <extensions>
          <gpxtpx:TrackPointExtension>
            <gpxtpx:hr>152</gpxtpx:hr>
          </gpxtpx:TrackPointExtension>
        </extensions>
      </trkpt>
      <trkpt lat="32.070496897772806" lon="118.5926293085424">
        <ele>46.0</ele>
        <time>2026-09-24T12:31:24Z</time>
        <extensions>
          <gpxtpx:TrackPointExtension>
            <gpxtpx:hr>152</gpxtpx:hr>
          </gpxtpx:TrackPointExtension>
        </extensions>
      </trkpt>
      <trkpt lat="32.070512901292375" lon="118.59259830406764">
        <ele>46.0</ele>
        <time>2026-09-24T12:31:25Z</time>
        <extensions>
          <gpxtpx:TrackPointExtension>
            <gpxtpx:hr>152</gpxtpx:hr>
          </gpxtpx:TrackPointExtension>
        </extensions>
      </trkpt>
      <trkpt lat="32.07052990498943" lon="118.59256929965267">
        <ele>46.0</ele>
        <time>2026-09-24T12:31:26Z</time>
        <extensions>
          <gpxtpx:TrackPointExtension>
            <gpxtpx:hr>152</gpxtpx:hr>
          </gpxtpx:TrackPointExtension>
        </extensions>
      </trkpt>
      <trkpt lat="32.07054590843987" lon="118.59254429568998">
        <ele>46.0</ele>
        <time>2026-09-24T12:31:27Z</time>
        <extensions>
          <gpxtpx:TrackPointExtension>
            <gpxtpx:hr>152</gpxtpx:hr>
          </gpxtpx:TrackPointExtension>
        </extensions>
      </trkpt>
      <trkpt lat="32.070561911856494" lon="118.59251729148866">
        <ele>46.0</ele>
        <time>2026-09-24T12:31:28Z</time>
        <extensions>
          <gpxtpx:TrackPointExtension>
            <gpxtpx:hr>152</gpxtpx:hr>
          </gpxtpx:TrackPointExtension>
        </extensions>
      </trkpt>
      <trkpt lat="32.070577915241024" lon="118.59249028724899">
        <ele>45.9</ele>
        <time>2026-09-24T12:31:29Z</time>
        <extensions>
          <gpxtpx:TrackPointExtension>
            <gpxtpx:hr>150</gpxtpx:hr>
          </gpxtpx:TrackPointExtension>
        </extensions>
      </trkpt>
      <trkpt lat="32.07059391859343" lon="118.59246328297097">
        <ele>45.9</ele>
        <time>2026-09-24T12:31:30Z</time>
        <extensions>
          <gpxtpx:TrackPointExtension>
            <gpxtpx:hr>150</gpxtpx:hr>
          </gpxtpx:TrackPointExtension>
        </extensions>
      </trkpt>
      <trkpt lat="32.07060892169584" lon="118.59243627874466">
        <ele>45.9</ele>
        <time>2026-09-24T12:31:31Z</time>
        <extensions>
          <gpxtpx:TrackPointExtension>
            <gpxtpx:hr>150</gpxtpx:hr>
          </gpxtpx:TrackPointExtension>
        </extensions>
      </trkpt>
      <trkpt lat="32.07062492498402" lon="118.59240927438988">
        <ele>45.9</ele>
        <time>2026-09-24T12:31:32Z</time>
        <extensions>
          <gpxtpx:TrackPointExtension>
            <gpxtpx:hr>150</gpxtpx:hr>
          </gpxtpx:TrackPointExtension>
        </extensions>
      </trkpt>
      <trkpt lat="32.07064192845794" lon="118.5923822699066">
        <ele>45.9</ele>
        <time>2026-09-24T12:31:33Z</time>
        <extensions>
          <gpxtpx:TrackPointExtension>
            <gpxtpx:hr>150</gpxtpx:hr>
          </gpxtpx:TrackPointExtension>
        </extensions>
      </trkpt>
      <trkpt lat="32.07065993213809" lon="118.5923572655176">
        <ele>45.8</ele>
        <time>2026-09-24T12:31:34Z</time>
        <extensions>
          <gpxtpx:TrackPointExtension>
            <gpxtpx:hr>153</gpxtpx:hr>
          </gpxtpx:TrackPointExtension>
        </extensions>
      </trkpt>
      <trkpt lat="32.07067893599719" lon="118.59233126089292">
        <ele>45.8</ele>
        <time>2026-09-24T12:31:35Z</time>
        <extensions>
          <gpxtpx:TrackPointExtension>
            <gpxtpx:hr>153</gpxtpx:hr>
          </gpxtpx:TrackPointExtension>
        </extensions>
      </trkpt>
      <trkpt lat="32.07069593940322" lon="118.5923062565269">
        <ele>45.8</ele>
        <time>2026-09-24T12:31:36Z</time>
        <extensions>
          <gpxtpx:TrackPointExtension>
            <gpxtpx:hr>153</gpxtpx:hr>
          </gpxtpx:TrackPointExtension>
        </extensions>
      </trkpt>
      <trkpt lat="32.07071494314907" lon="118.59227625137035">
        <ele>45.8</ele>
        <time>2026-09-24T12:31:37Z</time>
        <extensions>
          <gpxtpx:TrackPointExtension>
            <gpxtpx:hr>153</gpxtpx:hr>
          </gpxtpx:TrackPointExtension>
        </extensions>
      </trkpt>
      <trkpt lat="32.07073094627658" lon="118.59225124702202">
        <ele>45.8</ele>
        <time>2026-09-24T12:31:38Z</time>
        <extensions>
          <gpxtpx:TrackPointExtension>
            <gpxtpx:hr>153</gpxtpx:hr>
          </gpxtpx:TrackPointExtension>
        </extensions>
      </trkpt>
      <trkpt lat="32.07074694934451" lon="118.59222424240417">
        <ele>45.7</ele>
        <time>2026-09-24T12:31:39Z</time>
        <extensions>
          <gpxtpx:TrackPointExtension>
            <gpxtpx:hr>152</gpxtpx:hr>
          </gpxtpx:TrackPointExtension>
        </extensions>
      </trkpt>
      <trkpt lat="32.07076395258085" lon="118.592196237538">
        <ele>45.7</ele>
        <time>2026-09-24T12:31:40Z</time>
        <extensions>
          <gpxtpx:TrackPointExtension>
            <gpxtpx:hr>152</gpxtpx:hr>
          </gpxtpx:TrackPointExtension>
        </extensions>
      </trkpt>
      <trkpt lat="32.0707809558011" lon="118.5921692327518">
        <ele>45.7</ele>
        <time>2026-09-24T12:31:41Z</time>
        <extensions>
          <gpxtpx:TrackPointExtension>
            <gpxtpx:hr>152</gpxtpx:hr>
          </gpxtpx:TrackPointExtension>
        </extensions>
      </trkpt>
      <trkpt lat="32.07079995946407" lon="118.59214422799218">
        <ele>45.7</ele>
        <time>2026-09-24T12:31:42Z</time>
        <extensions>
          <gpxtpx:TrackPointExtension>
            <gpxtpx:hr>152</gpxtpx:hr>
          </gpxtpx:TrackPointExtension>
        </extensions>
      </trkpt>
      <trkpt lat="32.07081896312007" lon="118.59212022332346">
        <ele>45.7</ele>
        <time>2026-09-24T12:31:43Z</time>
        <extensions>
          <gpxtpx:TrackPointExtension>
            <gpxtpx:hr>152</gpxtpx:hr>
          </gpxtpx:TrackPointExtension>
        </extensions>
      </trkpt>
      <trkpt lat="32.07083696659766" lon="118.59209921908952">
        <ele>45.3</ele>
        <time>2026-09-24T12:31:44Z</time>
        <extensions>
          <gpxtpx:TrackPointExtension>
            <gpxtpx:hr>152</gpxtpx:hr>
          </gpxtpx:TrackPointExtension>
        </extensions>
      </trkpt>
      <trkpt lat="32.07085096929639" lon="118.59208321582231">
        <ele>45.3</ele>
        <time>2026-09-24T12:31:45Z</time>
        <extensions>
          <gpxtpx:TrackPointExtension>
            <gpxtpx:hr>152</gpxtpx:hr>
          </gpxtpx:TrackPointExtension>
        </extensions>
      </trkpt>
      <trkpt lat="32.07086097106658" lon="118.59206521264872">
        <ele>45.3</ele>
        <time>2026-09-24T12:31:46Z</time>
        <extensions>
          <gpxtpx:TrackPointExtension>
            <gpxtpx:hr>152</gpxtpx:hr>
          </gpxtpx:TrackPointExtension>
        </extensions>
      </trkpt>
      <trkpt lat="32.07086497137182" lon="118.59204120923172">
        <ele>45.3</ele>
        <time>2026-09-24T12:31:47Z</time>
        <extensions>
          <gpxtpx:TrackPointExtension>
            <gpxtpx:hr>152</gpxtpx:hr>
          </gpxtpx:TrackPointExtension>
        </extensions>
      </trkpt>
      <trkpt lat="32.07085796925593" lon="118.59201720677557">
        <ele>45.3</ele>
        <time>2026-09-24T12:31:48Z</time>
        <extensions>
          <gpxtpx:TrackPointExtension>
            <gpxtpx:hr>152</gpxtpx:hr>
          </gpxtpx:TrackPointExtension>
        </extensions>
      </trkpt>
      <trkpt lat="32.07083896457947" lon="118.59199620576172">
        <ele>45.3</ele>
        <time>2026-09-24T12:31:49Z</time>
        <extensions>
          <gpxtpx:TrackPointExtension>
            <gpxtpx:hr>151</gpxtpx:hr>
          </gpxtpx:TrackPointExtension>
        </extensions>
      </trkpt>
      <trkpt lat="32.07081595911994" lon="118.5919792056105">
        <ele>45.3</ele>
        <time>2026-09-24T12:31:50Z</time>
        <extensions>
          <gpxtpx:TrackPointExtension>
            <gpxtpx:hr>151</gpxtpx:hr>
          </gpxtpx:TrackPointExtension>
        </extensions>
      </trkpt>
      <trkpt lat="32.07078895288621" lon="118.59196620633267">
        <ele>45.3</ele>
        <time>2026-09-24T12:31:51Z</time>
        <extensions>
          <gpxtpx:TrackPointExtension>
            <gpxtpx:hr>151</gpxtpx:hr>
          </gpxtpx:TrackPointExtension>
        </extensions>
      </trkpt>
      <trkpt lat="32.07076094645494" lon="118.59195420726866">
        <ele>45.3</ele>
        <time>2026-09-24T12:31:52Z</time>
        <extensions>
          <gpxtpx:TrackPointExtension>
            <gpxtpx:hr>151</gpxtpx:hr>
          </gpxtpx:TrackPointExtension>
        </extensions>
      </trkpt>
      <trkpt lat="32.070731939856074" lon="118.59194420855346">
        <ele>45.3</ele>
        <time>2026-09-24T12:31:53Z</time>
        <extensions>
          <gpxtpx:TrackPointExtension>
            <gpxtpx:hr>151</gpxtpx:hr>
          </gpxtpx:TrackPointExtension>
        </extensions>
      </trkpt>
      <trkpt lat="32.07070293325252" lon="118.591934209833">
        <ele>45.2</ele>
        <time>2026-09-24T12:31:54Z</time>
        <extensions>
          <gpxtpx:TrackPointExtension>
            <gpxtpx:hr>152</gpxtpx:hr>
          </gpxtpx:TrackPointExtension>
        </extensions>
      </trkpt>
      <trkpt lat="32.07067292648487" lon="118.59192621146556">
        <ele>45.2</ele>
        <time>2026-09-24T12:31:55Z</time>
        <extensions>
          <gpxtpx:TrackPointExtension>
            <gpxtpx:hr>152</gpxtpx:hr>
          </gpxtpx:TrackPointExtension>
        </extensions>
      </trkpt>
      <trkpt lat="32.07064091936673" lon="118.59192121367818">
        <ele>45.2</ele>
        <time>2026-09-24T12:31:56Z</time>
        <extensions>
          <gpxtpx:TrackPointExtension>
            <gpxtpx:hr>152</gpxtpx:hr>
          </gpxtpx:TrackPointExtension>
        </extensions>
      </trkpt>
      <trkpt lat="32.07060991252418" lon="118.59191821606842">
        <ele>45.2</ele>
        <time>2026-09-24T12:31:57Z</time>
        <extensions>
          <gpxtpx:TrackPointExtension>
            <gpxtpx:hr>152</gpxtpx:hr>
          </gpxtpx:TrackPointExtension>
        </extensions>
      </trkpt>
      <trkpt lat="32.07057890574015" lon="118.59191721872733">
        <ele>48.0</ele>
        <time>2026-09-24T12:31:58Z</time>
        <extensions>
          <gpxtpx:TrackPointExtension>
            <gpxtpx:hr>152</gpxtpx:hr>
          </gpxtpx:TrackPointExtension>
        </extensions>
      </trkpt>
      <trkpt lat="32.07054789901489" lon="118.59191822165526">
        <ele>48.0</ele>
        <time>2026-09-24T12:31:59Z</time>
        <extensions>
          <gpxtpx:TrackPointExtension>
            <gpxtpx:hr>139</gpxtpx:hr>
          </gpxtpx:TrackPointExtension>
        </extensions>
      </trkpt>
      <trkpt lat="32.07051789262477" lon="118.59192322503029">
        <ele>48.0</ele>
        <time>2026-09-24T12:32:00Z</time>
        <extensions>
          <gpxtpx:TrackPointExtension>
            <gpxtpx:hr>139</gpxtpx:hr>
          </gpxtpx:TrackPointExtension>
        </extensions>
      </trkpt>
      <trkpt lat="32.070487886378125" lon="118.59193322907306">
        <ele>45.1</ele>
        <time>2026-09-24T12:32:01Z</time>
        <extensions>
          <gpxtpx:TrackPointExtension>
            <gpxtpx:hr>139</gpxtpx:hr>
          </gpxtpx:TrackPointExtension>
        </extensions>
      </trkpt>
      <trkpt lat="32.07046088089391" lon="118.59194723337245">
        <ele>45.1</ele>
        <time>2026-09-24T12:32:02Z</time>
        <extensions>
          <gpxtpx:TrackPointExtension>
            <gpxtpx:hr>139</gpxtpx:hr>
          </gpxtpx:TrackPointExtension>
        </extensions>
      </trkpt>
      <trkpt lat="32.070438876518146" lon="118.59196223734314">
        <ele>45.1</ele>
        <time>2026-09-24T12:32:03Z</time>
        <extensions>
          <gpxtpx:TrackPointExtension>
            <gpxtpx:hr>139</gpxtpx:hr>
          </gpxtpx:TrackPointExtension>
        </extensions>
      </trkpt>
      <trkpt lat="32.07042187330261" lon="118.59198024124525">
        <ele>45.0</ele>
        <time>2026-09-24T12:32:04Z</time>
        <extensions>
          <gpxtpx:TrackPointExtension>
            <gpxtpx:hr>139</gpxtpx:hr>
          </gpxtpx:TrackPointExtension>
        </extensions>
      </trkpt>
      <trkpt lat="32.070410871509864" lon="118.59200324524024">
        <ele>45.0</ele>
        <time>2026-09-24T12:32:05Z</time>
        <extensions>
          <gpxtpx:TrackPointExtension>
            <gpxtpx:hr>139</gpxtpx:hr>
          </gpxtpx:TrackPointExtension>
        </extensions>
      </trkpt>
      <trkpt lat="32.070403870713406" lon="118.59203224961861">
        <ele>45.0</ele>
        <time>2026-09-24T12:32:06Z</time>
        <extensions>
          <gpxtpx:TrackPointExtension>
            <gpxtpx:hr>139</gpxtpx:hr>
          </gpxtpx:TrackPointExtension>
        </extensions>
      </trkpt>
      <trkpt lat="32.07039987053378" lon="118.59206125368233">
        <ele>45.0</ele>
        <time>2026-09-24T12:32:07Z</time>
        <extensions>
          <gpxtpx:TrackPointExtension>
            <gpxtpx:hr>139</gpxtpx:hr>
          </gpxtpx:TrackPointExtension>
        </extensions>
      </trkpt>
      <trkpt lat="32.07039687038032" lon="118.59208325673245">
        <ele>45.0</ele>
        <time>2026-09-24T12:32:08Z</time>
        <extensions>
          <gpxtpx:TrackPointExtension>
            <gpxtpx:hr>139</gpxtpx:hr>
          </gpxtpx:TrackPointExtension>
        </extensions>
      </trkpt>
      <trkpt lat="32.07039086961538" lon="118.59210826040102">
        <ele>44.4</ele>
        <time>2026-09-24T12:32:09Z</time>
        <extensions>
          <gpxtpx:TrackPointExtension>
            <gpxtpx:hr>139</gpxtpx:hr>
          </gpxtpx:TrackPointExtension>
        </extensions>
      </trkpt>
      <trkpt lat="32.07037986787249" lon="118.59214026534784">
        <ele>44.4</ele>
        <time>2026-09-24T12:32:10Z</time>
        <extensions>
          <gpxtpx:TrackPointExtension>
            <gpxtpx:hr>139</gpxtpx:hr>
          </gpxtpx:TrackPointExtension>
        </extensions>
      </trkpt>
      <trkpt lat="32.0703668656118" lon="118.59217027017866">
        <ele>44.4</ele>
        <time>2026-09-24T12:32:11Z</time>
        <extensions>
          <gpxtpx:TrackPointExtension>
            <gpxtpx:hr>139</gpxtpx:hr>
          </gpxtpx:TrackPointExtension>
        </extensions>
      </trkpt>
      <trkpt lat="32.0703528630247" lon="118.59219627457328">
        <ele>44.4</ele>
        <time>2026-09-24T12:32:12Z</time>
        <extensions>
          <gpxtpx:TrackPointExtension>
            <gpxtpx:hr>139</gpxtpx:hr>
          </gpxtpx:TrackPointExtension>
        </extensions>
      </trkpt>
      <trkpt lat="32.07033786023806" lon="118.59222527937752">
        <ele>44.4</ele>
        <time>2026-09-24T12:32:13Z</time>
        <extensions>
          <gpxtpx:TrackPointExtension>
            <gpxtpx:hr>139</gpxtpx:hr>
          </gpxtpx:TrackPointExtension>
        </extensions>
      </trkpt>
      <trkpt lat="32.070323857558094" lon="118.59224928346288">
        <ele>44.4</ele>
        <time>2026-09-24T12:32:14Z</time>
        <extensions>
          <gpxtpx:TrackPointExtension>
            <gpxtpx:hr>139</gpxtpx:hr>
          </gpxtpx:TrackPointExtension>
        </extensions>
      </trkpt>
      <trkpt lat="32.07031085505678" lon="118.59227228731197">
        <ele>44.4</ele>
        <time>2026-09-24T12:32:15Z</time>
        <extensions>
          <gpxtpx:TrackPointExtension>
            <gpxtpx:hr>139</gpxtpx:hr>
          </gpxtpx:TrackPointExtension>
        </extensions>
      </trkpt>
      <trkpt lat="32.07029685232708" lon="118.59229629133789">
        <ele>44.4</ele>
        <time>2026-09-24T12:32:16Z</time>
        <extensions>
          <gpxtpx:TrackPointExtension>
            <gpxtpx:hr>139</gpxtpx:hr>
          </gpxtpx:TrackPointExtension>
        </extensions>
      </trkpt>
      <trkpt lat="32.07028384980179" lon="118.59232129535661">
        <ele>44.4</ele>
        <time>2026-09-24T12:32:17Z</time>
      </trkpt>
      <trkpt lat="32.07027084729138" lon="118.59235029978967">
        <ele>44.4</ele>
        <time>2026-09-24T12:32:18Z</time>
      </trkpt>
      <trkpt lat="32.070259845142616" lon="118.59237530355709">
        <ele>44.4</ele>
        <time>2026-09-24T12:32:19Z</time>
      </trkpt>
      <trkpt lat="32.07024684253864" lon="118.59240130758087">
        <ele>44.4</ele>
        <time>2026-09-24T12:32:20Z</time>
      </trkpt>
      <trkpt lat="32.070233839904894" lon="118.59242731156904">
        <ele>44.4</ele>
        <time>2026-09-24T12:32:21Z</time>
      </trkpt>
      <trkpt lat="32.070217836587354" lon="118.59245331579196">
        <ele>44.4</ele>
        <time>2026-09-24T12:32:22Z</time>
      </trkpt>
      <trkpt lat="32.07020183323515" lon="118.59247831987436">
        <ele>44.4</ele>
        <time>2026-09-24T12:32:23Z</time>
      </trkpt>
      <trkpt lat="32.070185829859184" lon="118.59250432402749">
        <ele>44.4</ele>
        <time>2026-09-24T12:32:24Z</time>
      </trkpt>
      <trkpt lat="32.0701698264508" lon="118.59252932804277">
        <ele>44.4</ele>
        <time>2026-09-24T12:32:25Z</time>
      </trkpt>
      <trkpt lat="32.070152822798384" lon="118.59255533221624">
        <ele>44.4</ele>
        <time>2026-09-24T12:32:26Z</time>
      </trkpt>
      <trkpt lat="32.07013581911652" lon="118.59258233645365">
        <ele>44.4</ele>
        <time>2026-09-24T12:32:27Z</time>
      </trkpt>
      <trkpt lat="32.070120815836816" lon="118.59261134066853">
        <ele>44.4</ele>
        <time>2026-09-24T12:32:28Z</time>
      </trkpt>
      <trkpt lat="32.07010681274035" lon="118.5926393446526">
        <ele>44.4</ele>
        <time>2026-09-24T12:32:29Z</time>
      </trkpt>
      <trkpt lat="32.07009380983083" lon="118.59266634841028">
        <ele>44.4</ele>
        <time>2026-09-24T12:32:30Z</time>
      </trkpt>
      <trkpt lat="32.070079806693414" lon="118.59268835175078">
        <ele>44.4</ele>
        <time>2026-09-24T12:32:31Z</time>
      </trkpt>
      <trkpt lat="32.070064803367416" lon="118.59270035422566">
        <ele>44.4</ele>
        <time>2026-09-24T12:32:32Z</time>
      </trkpt>
      <trkpt lat="32.07005280073089" lon="118.59270435567969">
        <ele>44.4</ele>
        <time>2026-09-24T12:32:33Z</time>
      </trkpt>
      <trkpt lat="32.07004779966037" lon="118.5927003557575">
        <ele>44.4</ele>
        <time>2026-09-24T12:32:34Z</time>
      </trkpt>
      <trkpt lat="32.07003679729001" lon="118.59269435618802">
        <ele>44.4</ele>
        <time>2026-09-24T12:32:35Z</time>
      </trkpt>
      <trkpt lat="32.07000679081573" lon="118.59267835738684">
        <ele>46.0</ele>
        <time>2026-09-24T12:32:41Z</time>
      </trkpt>
      <trkpt lat="32.06997878475633" lon="118.59266535867764">
        <ele>46.0</ele>
        <time>2026-09-24T12:32:42Z</time>
      </trkpt>
      <trkpt lat="32.06996178106175" lon="118.59266135982853">
        <ele>46.0</ele>
        <time>2026-09-24T12:32:43Z</time>
      </trkpt>
      <trkpt lat="32.06993577541778" lon="118.59265236131112">
        <ele>46.0</ele>
        <time>2026-09-24T12:32:44Z</time>
      </trkpt>
      <trkpt lat="32.069909769779116" lon="118.59263936240392">
        <ele>46.0</ele>
        <time>2026-09-24T12:32:45Z</time>
      </trkpt>
      <trkpt lat="32.069887765011366" lon="118.59262236273823">
        <ele>46.0</ele>
        <time>2026-09-24T12:32:46Z</time>
      </trkpt>
      <trkpt lat="32.06986175936067" lon="118.5926013630242">
        <ele>46.0</ele>
        <time>2026-09-24T12:32:47Z</time>
      </trkpt>
      <trkpt lat="32.069835753689475" lon="118.59257836308768">
        <ele>46.0</ele>
        <time>2026-09-24T12:32:48Z</time>
      </trkpt>
      <trkpt lat="32.069810748212966" lon="118.59255536303321">
        <ele>46.0</ele>
        <time>2026-09-24T12:32:49Z</time>
      </trkpt>
      <trkpt lat="32.06978574271302" lon="118.5925323629509">
        <ele>46.0</ele>
        <time>2026-09-24T12:32:50Z</time>
      </trkpt>
      <trkpt lat="32.069763737857876" lon="118.59251336298337">
        <ele>46.0</ele>
        <time>2026-09-24T12:32:51Z</time>
      </trkpt>
      <trkpt lat="32.06973773210558" lon="118.5924923631489">
        <ele>46.0</ele>
        <time>2026-09-24T12:32:52Z</time>
      </trkpt>
      <trkpt lat="32.069707725450506" lon="118.59246936344088">
        <ele>46.0</ele>
        <time>2026-09-24T12:32:53Z</time>
      </trkpt>
      <trkpt lat="32.069680719432725" lon="118.59244736354131">
        <ele>46.0</ele>
        <time>2026-09-24T12:32:54Z</time>
      </trkpt>
      <trkpt lat="32.06965571383702" lon="118.59242636354378">
        <ele>46.0</ele>
        <time>2026-09-24T12:32:55Z</time>
      </trkpt>
      <trkpt lat="32.06962970800353" lon="118.59240536361314">
        <ele>46.0</ele>
        <time>2026-09-24T12:32:56Z</time>
      </trkpt>
      <trkpt lat="32.06960570260481" lon="118.59238636369881">
        <ele>46.0</ele>
        <time>2026-09-24T12:32:57Z</time>
      </trkpt>
      <trkpt lat="32.06958069698157" lon="118.59236836396634">
        <ele>46.0</ele>
        <time>2026-09-24T12:32:58Z</time>
      </trkpt>
      <trkpt lat="32.06955569135437" lon="118.59235136432851">
        <ele>46.0</ele>
        <time>2026-09-24T12:32:59Z</time>
      </trkpt>
      <trkpt lat="32.069531685932496" lon="118.59233436458533">
        <ele>46.0</ele>
        <time>2026-09-24T12:33:00Z</time>
      </trkpt>
      <trkpt lat="32.06951168140639" lon="118.59232036480661">
        <ele>46.0</ele>
        <time>2026-09-24T12:33:01Z</time>
      </trkpt>
      <trkpt lat="32.06948767596101" lon="118.59230336503568">
        <ele>46.0</ele>
        <time>2026-09-24T12:33:02Z</time>
      </trkpt>
      <trkpt lat="32.06946467070763" lon="118.59228536504432">
        <ele>46.0</ele>
        <time>2026-09-24T12:33:03Z</time>
      </trkpt>
      <trkpt lat="32.06944466613691" lon="118.59227036511356">
        <ele>46.0</ele>
        <time>2026-09-24T12:33:04Z</time>
      </trkpt>
      <trkpt lat="32.06942366138179" lon="118.59225836561097">
        <ele>46.0</ele>
        <time>2026-09-24T12:33:05Z</time>
      </trkpt>
      <trkpt lat="32.06939565516716" lon="118.59225136731679">
        <ele>44.4</ele>
        <time>2026-09-24T12:33:26Z</time>
        <extensions>
          <gpxtpx:TrackPointExtension>
            <gpxtpx:hr>139</gpxtpx:hr>
          </gpxtpx:TrackPointExtension>
        </extensions>
      </trkpt>
      <trkpt lat="32.06936764899547" lon="118.59224736937165">
        <ele>44.4</ele>
        <time>2026-09-24T12:33:27Z</time>
        <extensions>
          <gpxtpx:TrackPointExtension>
            <gpxtpx:hr>139</gpxtpx:hr>
          </gpxtpx:TrackPointExtension>
        </extensions>
      </trkpt>
      <trkpt lat="32.06934664436607" lon="118.59224437091224">
        <ele>44.4</ele>
        <time>2026-09-24T12:33:28Z</time>
        <extensions>
          <gpxtpx:TrackPointExtension>
            <gpxtpx:hr>139</gpxtpx:hr>
          </gpxtpx:TrackPointExtension>
        </extensions>
      </trkpt>
      <trkpt lat="32.06931863823857" lon="118.5922433733179">
        <ele>44.4</ele>
        <time>2026-09-24T12:33:29Z</time>
        <extensions>
          <gpxtpx:TrackPointExtension>
            <gpxtpx:hr>139</gpxtpx:hr>
          </gpxtpx:TrackPointExtension>
        </extensions>
      </trkpt>
      <trkpt lat="32.06929163234432" lon="118.59224337575075">
        <ele>44.4</ele>
        <time>2026-09-24T12:33:30Z</time>
        <extensions>
          <gpxtpx:TrackPointExtension>
            <gpxtpx:hr>139</gpxtpx:hr>
          </gpxtpx:TrackPointExtension>
        </extensions>
      </trkpt>
      <trkpt lat="32.06926362618565" lon="118.59224037792144">
        <ele>44.4</ele>
        <time>2026-09-24T12:33:31Z</time>
        <extensions>
          <gpxtpx:TrackPointExtension>
            <gpxtpx:hr>139</gpxtpx:hr>
          </gpxtpx:TrackPointExtension>
        </extensions>
      </trkpt>
      <trkpt lat="32.069238620603336" lon="118.5922323792324">
        <ele>44.4</ele>
        <time>2026-09-24T12:33:32Z</time>
        <extensions>
          <gpxtpx:TrackPointExtension>
            <gpxtpx:hr>139</gpxtpx:hr>
          </gpxtpx:TrackPointExtension>
        </extensions>
      </trkpt>
      <trkpt lat="32.06921761584298" lon="118.59222137982428">
        <ele>44.4</ele>
        <time>2026-09-24T12:33:33Z</time>
        <extensions>
          <gpxtpx:TrackPointExtension>
            <gpxtpx:hr>139</gpxtpx:hr>
          </gpxtpx:TrackPointExtension>
        </extensions>
      </trkpt>
      <trkpt lat="32.06919461057342" lon="118.59220638011325">
        <ele>44.4</ele>
        <time>2026-09-24T12:33:34Z</time>
        <extensions>
          <gpxtpx:TrackPointExtension>
            <gpxtpx:hr>139</gpxtpx:hr>
          </gpxtpx:TrackPointExtension>
        </extensions>
      </trkpt>
      <trkpt lat="32.069170605075435" lon="118.59219138048049">
        <ele>44.4</ele>
        <time>2026-09-24T12:33:35Z</time>
        <extensions>
          <gpxtpx:TrackPointExtension>
            <gpxtpx:hr>139</gpxtpx:hr>
          </gpxtpx:TrackPointExtension>
        </extensions>
      </trkpt>
      <trkpt lat="32.06914459911247" lon="118.59217538089516">
        <ele>44.4</ele>
        <time>2026-09-24T12:33:36Z</time>
        <extensions>
          <gpxtpx:TrackPointExtension>
            <gpxtpx:hr>139</gpxtpx:hr>
          </gpxtpx:TrackPointExtension>
        </extensions>
      </trkpt>
      <trkpt lat="32.069120593574745" lon="118.59215938111615">
        <ele>44.4</ele>
        <time>2026-09-24T12:33:37Z</time>
        <extensions>
          <gpxtpx:TrackPointExtension>
            <gpxtpx:hr>140</gpxtpx:hr>
          </gpxtpx:TrackPointExtension>
        </extensions>
      </trkpt>
      <trkpt lat="32.0690995886807" lon="118.5921433810533">
        <ele>44.4</ele>
        <time>2026-09-24T12:33:38Z</time>
        <extensions>
          <gpxtpx:TrackPointExtension>
            <gpxtpx:hr>140</gpxtpx:hr>
          </gpxtpx:TrackPointExtension>
        </extensions>
      </trkpt>
      <trkpt lat="32.06907958401392" lon="118.5921283810103">
        <ele>44.4</ele>
        <time>2026-09-24T12:33:39Z</time>
        <extensions>
          <gpxtpx:TrackPointExtension>
            <gpxtpx:hr>140</gpxtpx:hr>
          </gpxtpx:TrackPointExtension>
        </extensions>
      </trkpt>
      <trkpt lat="32.06906057959729" lon="118.59211538111362">
        <ele>44.4</ele>
        <time>2026-09-24T12:33:40Z</time>
        <extensions>
          <gpxtpx:TrackPointExtension>
            <gpxtpx:hr>140</gpxtpx:hr>
          </gpxtpx:TrackPointExtension>
        </extensions>
      </trkpt>
      <trkpt lat="32.06904057504008" lon="118.5921063817968">
        <ele>44.4</ele>
        <time>2026-09-24T12:33:41Z</time>
        <extensions>
          <gpxtpx:TrackPointExtension>
            <gpxtpx:hr>140</gpxtpx:hr>
          </gpxtpx:TrackPointExtension>
        </extensions>
      </trkpt>
      <trkpt lat="32.06901857015005" lon="118.59210238328042">
        <ele>44.3</ele>
        <time>2026-09-24T12:33:42Z</time>
        <extensions>
          <gpxtpx:TrackPointExtension>
            <gpxtpx:hr>143</gpxtpx:hr>
          </gpxtpx:TrackPointExtension>
        </extensions>
      </trkpt>
      <trkpt lat="32.068993564711405" lon="118.59210338565781">
        <ele>44.3</ele>
        <time>2026-09-24T12:33:43Z</time>
        <extensions>
          <gpxtpx:TrackPointExtension>
            <gpxtpx:hr>143</gpxtpx:hr>
          </gpxtpx:TrackPointExtension>
        </extensions>
      </trkpt>
      <trkpt lat="32.068966558962934" lon="118.59211038896237">
        <ele>44.3</ele>
        <time>2026-09-24T12:33:44Z</time>
        <extensions>
          <gpxtpx:TrackPointExtension>
            <gpxtpx:hr>143</gpxtpx:hr>
          </gpxtpx:TrackPointExtension>
        </extensions>
      </trkpt>
      <trkpt lat="32.068939553274156" lon="118.59212039263608">
        <ele>44.3</ele>
        <time>2026-09-24T12:33:45Z</time>
        <extensions>
          <gpxtpx:TrackPointExtension>
            <gpxtpx:hr>143</gpxtpx:hr>
          </gpxtpx:TrackPointExtension>
        </extensions>
      </trkpt>
      <trkpt lat="32.06891154742271" lon="118.59213339676425">
        <ele>44.3</ele>
        <time>2026-09-24T12:33:46Z</time>
        <extensions>
          <gpxtpx:TrackPointExtension>
            <gpxtpx:hr>143</gpxtpx:hr>
          </gpxtpx:TrackPointExtension>
        </extensions>
      </trkpt>
      <trkpt lat="32.068881541165574" lon="118.59214840130853">
        <ele>44.1</ele>
        <time>2026-09-24T12:33:47Z</time>
        <extensions>
          <gpxtpx:TrackPointExtension>
            <gpxtpx:hr>148</gpxtpx:hr>
          </gpxtpx:TrackPointExtension>
        </extensions>
      </trkpt>
      <trkpt lat="32.06885053469853" lon="118.59216440605259">
        <ele>44.1</ele>
        <time>2026-09-24T12:33:48Z</time>
        <extensions>
          <gpxtpx:TrackPointExtension>
            <gpxtpx:hr>148</gpxtpx:hr>
          </gpxtpx:TrackPointExtension>
        </extensions>
      </trkpt>
      <trkpt lat="32.068818528001444" lon="118.59218041087325">
        <ele>44.1</ele>
        <time>2026-09-24T12:33:49Z</time>
        <extensions>
          <gpxtpx:TrackPointExtension>
            <gpxtpx:hr>148</gpxtpx:hr>
          </gpxtpx:TrackPointExtension>
        </extensions>
      </trkpt>
      <trkpt lat="32.06878652120577" lon="118.59219141508068">
        <ele>44.1</ele>
        <time>2026-09-24T12:33:50Z</time>
        <extensions>
          <gpxtpx:TrackPointExtension>
            <gpxtpx:hr>148</gpxtpx:hr>
          </gpxtpx:TrackPointExtension>
        </extensions>
      </trkpt>
      <trkpt lat="32.068754514335986" lon="118.59219841880329">
        <ele>44.1</ele>
        <time>2026-09-24T12:33:51Z</time>
        <extensions>
          <gpxtpx:TrackPointExtension>
            <gpxtpx:hr>148</gpxtpx:hr>
          </gpxtpx:TrackPointExtension>
        </extensions>
      </trkpt>
      <trkpt lat="32.06872650825267" lon="118.59220042156552">
        <ele>43.8</ele>
        <time>2026-09-24T12:33:52Z</time>
        <extensions>
          <gpxtpx:TrackPointExtension>
            <gpxtpx:hr>148</gpxtpx:hr>
          </gpxtpx:TrackPointExtension>
        </extensions>
      </trkpt>
      <trkpt lat="32.068693501025145" lon="118.5921994244193">
        <ele>43.8</ele>
        <time>2026-09-24T12:33:53Z</time>
        <extensions>
          <gpxtpx:TrackPointExtension>
            <gpxtpx:hr>148</gpxtpx:hr>
          </gpxtpx:TrackPointExtension>
        </extensions>
      </trkpt>
      <trkpt lat="32.06866149394657" lon="118.59219442670366">
        <ele>43.8</ele>
        <time>2026-09-24T12:33:54Z</time>
        <extensions>
          <gpxtpx:TrackPointExtension>
            <gpxtpx:hr>148</gpxtpx:hr>
          </gpxtpx:TrackPointExtension>
        </extensions>
      </trkpt>
      <trkpt lat="32.06863048704981" lon="118.59218742865612">
        <ele>43.8</ele>
        <time>2026-09-24T12:33:55Z</time>
        <extensions>
          <gpxtpx:TrackPointExtension>
            <gpxtpx:hr>148</gpxtpx:hr>
          </gpxtpx:TrackPointExtension>
        </extensions>
      </trkpt>
      <trkpt lat="32.06859948015059" lon="118.59218043060596">
        <ele>43.8</ele>
        <time>2026-09-24T12:33:56Z</time>
        <extensions>
          <gpxtpx:TrackPointExtension>
            <gpxtpx:hr>148</gpxtpx:hr>
          </gpxtpx:TrackPointExtension>
        </extensions>
      </trkpt>
      <trkpt lat="32.06856847323058" lon="118.59217243243219">
        <ele>45.0</ele>
        <time>2026-09-24T12:33:57Z</time>
        <extensions>
          <gpxtpx:TrackPointExtension>
            <gpxtpx:hr>149</gpxtpx:hr>
          </gpxtpx:TrackPointExtension>
        </extensions>
      </trkpt>
      <trkpt lat="32.06853746628872" lon="118.59216343413351">
        <ele>45.0</ele>
        <time>2026-09-24T12:33:58Z</time>
        <extensions>
          <gpxtpx:TrackPointExtension>
            <gpxtpx:hr>149</gpxtpx:hr>
          </gpxtpx:TrackPointExtension>
        </extensions>
      </trkpt>
      <trkpt lat="32.068507459580665" lon="118.59215543586247">
        <ele>45.0</ele>
        <time>2026-09-24T12:33:59Z</time>
        <extensions>
          <gpxtpx:TrackPointExtension>
            <gpxtpx:hr>149</gpxtpx:hr>
          </gpxtpx:TrackPointExtension>
        </extensions>
      </trkpt>
      <trkpt lat="32.068476452689744" lon="118.59214943792283">
        <ele>45.0</ele>
        <time>2026-09-24T12:34:00Z</time>
        <extensions>
          <gpxtpx:TrackPointExtension>
            <gpxtpx:hr>149</gpxtpx:hr>
          </gpxtpx:TrackPointExtension>
        </extensions>
      </trkpt>
      <trkpt lat="32.06844544587507" lon="118.59214744047131">
        <ele>45.0</ele>
        <time>2026-09-24T12:34:01Z</time>
        <extensions>
          <gpxtpx:TrackPointExtension>
            <gpxtpx:hr>149</gpxtpx:hr>
          </gpxtpx:TrackPointExtension>
        </extensions>
      </trkpt>
      <trkpt lat="32.068413438860844" lon="118.59214644323218">
        <ele>43.5</ele>
        <time>2026-09-24T12:34:02Z</time>
        <extensions>
          <gpxtpx:TrackPointExtension>
            <gpxtpx:hr>150</gpxtpx:hr>
          </gpxtpx:TrackPointExtension>
        </extensions>
      </trkpt>
      <trkpt lat="32.06838143186575" lon="118.59214644611546">
        <ele>43.5</ele>
        <time>2026-09-24T12:34:03Z</time>
        <extensions>
          <gpxtpx:TrackPointExtension>
            <gpxtpx:hr>150</gpxtpx:hr>
          </gpxtpx:TrackPointExtension>
        </extensions>
      </trkpt>
      <trkpt lat="32.068349424889796" lon="118.59214744912117">
        <ele>43.5</ele>
        <time>2026-09-24T12:34:04Z</time>
        <extensions>
          <gpxtpx:TrackPointExtension>
            <gpxtpx:hr>150</gpxtpx:hr>
          </gpxtpx:TrackPointExtension>
        </extensions>
      </trkpt>
      <trkpt lat="32.06831941835072" lon="118.59214845194663">
        <ele>43.5</ele>
        <time>2026-09-24T12:34:05Z</time>
        <extensions>
          <gpxtpx:TrackPointExtension>
            <gpxtpx:hr>150</gpxtpx:hr>
          </gpxtpx:TrackPointExtension>
        </extensions>
      </trkpt>
      <trkpt lat="32.06829041206856" lon="118.5921514549264">
        <ele>43.5</ele>
        <time>2026-09-24T12:34:06Z</time>
        <extensions>
          <gpxtpx:TrackPointExtension>
            <gpxtpx:hr>150</gpxtpx:hr>
          </gpxtpx:TrackPointExtension>
        </extensions>
      </trkpt>
      <trkpt lat="32.06826640689807" lon="118.59215545757719">
        <ele>43.5</ele>
        <time>2026-09-24T12:34:07Z</time>
        <extensions>
          <gpxtpx:TrackPointExtension>
            <gpxtpx:hr>150</gpxtpx:hr>
          </gpxtpx:TrackPointExtension>
        </extensions>
      </trkpt>
      <trkpt lat="32.06823840087099" lon="118.59216046070928">
        <ele>43.5</ele>
        <time>2026-09-24T12:34:08Z</time>
        <extensions>
          <gpxtpx:TrackPointExtension>
            <gpxtpx:hr>150</gpxtpx:hr>
          </gpxtpx:TrackPointExtension>
        </extensions>
      </trkpt>
      <trkpt lat="32.06821339553575" lon="118.59216746381256">
        <ele>43.5</ele>
        <time>2026-09-24T12:34:09Z</time>
        <extensions>
          <gpxtpx:TrackPointExtension>
            <gpxtpx:hr>150</gpxtpx:hr>
          </gpxtpx:TrackPointExtension>
        </extensions>
      </trkpt>
      <trkpt lat="32.068192391072806" lon="118.59217446655282">
        <ele>43.5</ele>
        <time>2026-09-24T12:34:10Z</time>
        <extensions>
          <gpxtpx:TrackPointExtension>
            <gpxtpx:hr>150</gpxtpx:hr>
          </gpxtpx:TrackPointExtension>
        </extensions>
      </trkpt>
      <trkpt lat="32.06816738582209" lon="118.59218647025331">
        <ele>43.5</ele>
        <time>2026-09-24T12:34:11Z</time>
        <extensions>
          <gpxtpx:TrackPointExtension>
            <gpxtpx:hr>150</gpxtpx:hr>
          </gpxtpx:TrackPointExtension>
        </extensions>
      </trkpt>
      <trkpt lat="32.068143380817844" lon="118.59220047409543">
        <ele>43.4</ele>
        <time>2026-09-24T12:34:12Z</time>
        <extensions>
          <gpxtpx:TrackPointExtension>
            <gpxtpx:hr>152</gpxtpx:hr>
          </gpxtpx:TrackPointExtension>
        </extensions>
      </trkpt>
      <trkpt lat="32.06812037603995" lon="118.59221547795596">
        <ele>43.4</ele>
        <time>2026-09-24T12:34:13Z</time>
        <extensions>
          <gpxtpx:TrackPointExtension>
            <gpxtpx:hr>152</gpxtpx:hr>
          </gpxtpx:TrackPointExtension>
        </extensions>
      </trkpt>
      <trkpt lat="32.06809837147068" lon="118.59223048171452">
        <ele>43.4</ele>
        <time>2026-09-24T12:34:14Z</time>
        <extensions>
          <gpxtpx:TrackPointExtension>
            <gpxtpx:hr>152</gpxtpx:hr>
          </gpxtpx:TrackPointExtension>
        </extensions>
      </trkpt>
      <trkpt lat="32.068075366672666" lon="118.59224548555135">
        <ele>43.4</ele>
        <time>2026-09-24T12:34:15Z</time>
        <extensions>
          <gpxtpx:TrackPointExtension>
            <gpxtpx:hr>152</gpxtpx:hr>
          </gpxtpx:TrackPointExtension>
        </extensions>
      </trkpt>
      <trkpt lat="32.06805336209774" lon="118.59226148940262">
        <ele>43.4</ele>
        <time>2026-09-24T12:34:16Z</time>
        <extensions>
          <gpxtpx:TrackPointExtension>
            <gpxtpx:hr>152</gpxtpx:hr>
          </gpxtpx:TrackPointExtension>
        </extensions>
      </trkpt>
      <trkpt lat="32.06803035732007" lon="118.5922794935615">
        <ele>43.4</ele>
        <time>2026-09-24T12:34:17Z</time>
        <extensions>
          <gpxtpx:TrackPointExtension>
            <gpxtpx:hr>154</gpxtpx:hr>
          </gpxtpx:TrackPointExtension>
        </extensions>
      </trkpt>
      <trkpt lat="32.06800835273383" lon="118.5922964974987">
        <ele>43.4</ele>
        <time>2026-09-24T12:34:18Z</time>
        <extensions>
          <gpxtpx:TrackPointExtension>
            <gpxtpx:hr>154</gpxtpx:hr>
          </gpxtpx:TrackPointExtension>
        </extensions>
      </trkpt>
      <trkpt lat="32.06798734836558" lon="118.59231450144419">
        <ele>43.4</ele>
        <time>2026-09-24T12:34:19Z</time>
        <extensions>
          <gpxtpx:TrackPointExtension>
            <gpxtpx:hr>154</gpxtpx:hr>
          </gpxtpx:TrackPointExtension>
        </extensions>
      </trkpt>
      <trkpt lat="32.06796634399422" lon="118.59233350548527">
        <ele>43.4</ele>
        <time>2026-09-24T12:34:20Z</time>
        <extensions>
          <gpxtpx:TrackPointExtension>
            <gpxtpx:hr>154</gpxtpx:hr>
          </gpxtpx:TrackPointExtension>
        </extensions>
      </trkpt>
      <trkpt lat="32.06794934048182" lon="118.5923525091469">
        <ele>43.4</ele>
        <time>2026-09-24T12:34:21Z</time>
        <extensions>
          <gpxtpx:TrackPointExtension>
            <gpxtpx:hr>154</gpxtpx:hr>
          </gpxtpx:TrackPointExtension>
        </extensions>
      </trkpt>
      <trkpt lat="32.0679313367633" lon="118.59237451321121">
        <ele>43.3</ele>
        <time>2026-09-24T12:34:22Z</time>
        <extensions>
          <gpxtpx:TrackPointExtension>
            <gpxtpx:hr>154</gpxtpx:hr>
          </gpxtpx:TrackPointExtension>
        </extensions>
      </trkpt>
      <trkpt lat="32.067914333259054" lon="118.59239851737838">
        <ele>43.3</ele>
        <time>2026-09-24T12:34:23Z</time>
        <extensions>
          <gpxtpx:TrackPointExtension>
            <gpxtpx:hr>154</gpxtpx:hr>
          </gpxtpx:TrackPointExtension>
        </extensions>
      </trkpt>
      <trkpt lat="32.06789732973673" lon="118.59242352162313">
        <ele>43.3</ele>
        <time>2026-09-24T12:34:24Z</time>
        <extensions>
          <gpxtpx:TrackPointExtension>
            <gpxtpx:hr>154</gpxtpx:hr>
          </gpxtpx:TrackPointExtension>
        </extensions>
      </trkpt>
      <trkpt lat="32.06787832577381" lon="118.59245252644094">
        <ele>43.3</ele>
        <time>2026-09-24T12:34:25Z</time>
        <extensions>
          <gpxtpx:TrackPointExtension>
            <gpxtpx:hr>154</gpxtpx:hr>
          </gpxtpx:TrackPointExtension>
        </extensions>
      </trkpt>
      <trkpt lat="32.06786232241565" lon="118.59247853062949">
        <ele>43.3</ele>
        <time>2026-09-24T12:34:26Z</time>
        <extensions>
          <gpxtpx:TrackPointExtension>
            <gpxtpx:hr>154</gpxtpx:hr>
          </gpxtpx:TrackPointExtension>
        </extensions>
      </trkpt>
      <trkpt lat="32.067847319253886" lon="118.59250653489948">
        <ele>43.2</ele>
        <time>2026-09-24T12:34:27Z</time>
        <extensions>
          <gpxtpx:TrackPointExtension>
            <gpxtpx:hr>155</gpxtpx:hr>
          </gpxtpx:TrackPointExtension>
        </extensions>
      </trkpt>
      <trkpt lat="32.06783231605761" lon="118.59253453912821">
        <ele>43.2</ele>
        <time>2026-09-24T12:34:28Z</time>
        <extensions>
          <gpxtpx:TrackPointExtension>
            <gpxtpx:hr>155</gpxtpx:hr>
          </gpxtpx:TrackPointExtension>
        </extensions>
      </trkpt>
      <trkpt lat="32.06781931326779" lon="118.59256554343689">
        <ele>43.2</ele>
        <time>2026-09-24T12:34:29Z</time>
        <extensions>
          <gpxtpx:TrackPointExtension>
            <gpxtpx:hr>155</gpxtpx:hr>
          </gpxtpx:TrackPointExtension>
        </extensions>
      </trkpt>
      <trkpt lat="32.06780731065476" lon="118.59259554750612">
        <ele>43.2</ele>
        <time>2026-09-24T12:34:30Z</time>
        <extensions>
          <gpxtpx:TrackPointExtension>
            <gpxtpx:hr>155</gpxtpx:hr>
          </gpxtpx:TrackPointExtension>
        </extensions>
      </trkpt>
      <trkpt lat="32.067797308445634" lon="118.59262155095847">
        <ele>43.2</ele>
        <time>2026-09-24T12:34:31Z</time>
        <extensions>
          <gpxtpx:TrackPointExtension>
            <gpxtpx:hr>155</gpxtpx:hr>
          </gpxtpx:TrackPointExtension>
        </extensions>
      </trkpt>
      <trkpt lat="32.06778730620931" lon="118.59264655427914">
        <ele>43.1</ele>
        <time>2026-09-24T12:34:32Z</time>
        <extensions>
          <gpxtpx:TrackPointExtension>
            <gpxtpx:hr>156</gpxtpx:hr>
          </gpxtpx:TrackPointExtension>
        </extensions>
      </trkpt>
      <trkpt lat="32.067777303934555" lon="118.59267455785115">
        <ele>43.1</ele>
        <time>2026-09-24T12:34:33Z</time>
        <extensions>
          <gpxtpx:TrackPointExtension>
            <gpxtpx:hr>156</gpxtpx:hr>
          </gpxtpx:TrackPointExtension>
        </extensions>
      </trkpt>
      <trkpt lat="32.06776830183919" lon="118.592703561385">
        <ele>43.1</ele>
        <time>2026-09-24T12:34:34Z</time>
        <extensions>
          <gpxtpx:TrackPointExtension>
            <gpxtpx:hr>156</gpxtpx:hr>
          </gpxtpx:TrackPointExtension>
        </extensions>
      </trkpt>
      <trkpt lat="32.06776230036326" lon="118.5927325646043">
        <ele>43.1</ele>
        <time>2026-09-24T12:34:35Z</time>
        <extensions>
          <gpxtpx:TrackPointExtension>
            <gpxtpx:hr>156</gpxtpx:hr>
          </gpxtpx:TrackPointExtension>
        </extensions>
      </trkpt>
      <trkpt lat="32.06775729906922" lon="118.59276156768932">
        <ele>43.1</ele>
        <time>2026-09-24T12:34:36Z</time>
        <extensions>
          <gpxtpx:TrackPointExtension>
            <gpxtpx:hr>156</gpxtpx:hr>
          </gpxtpx:TrackPointExtension>
        </extensions>
      </trkpt>
      <trkpt lat="32.067754298184646" lon="118.59278957046135">
        <ele>43.0</ele>
        <time>2026-09-24T12:34:37Z</time>
        <extensions>
          <gpxtpx:TrackPointExtension>
            <gpxtpx:hr>154</gpxtpx:hr>
          </gpxtpx:TrackPointExtension>
        </extensions>
      </trkpt>
      <trkpt lat="32.067751297265666" lon="118.59281757319215">
        <ele>43.0</ele>
        <time>2026-09-24T12:34:38Z</time>
        <extensions>
          <gpxtpx:TrackPointExtension>
            <gpxtpx:hr>154</gpxtpx:hr>
          </gpxtpx:TrackPointExtension>
        </extensions>
      </trkpt>
      <trkpt lat="32.06775029674989" lon="118.59284557570155">
        <ele>43.0</ele>
        <time>2026-09-24T12:34:39Z</time>
        <extensions>
          <gpxtpx:TrackPointExtension>
            <gpxtpx:hr>154</gpxtpx:hr>
          </gpxtpx:TrackPointExtension>
        </extensions>
      </trkpt>
      <trkpt lat="32.06774929618725" lon="118.59287457825393">
        <ele>43.0</ele>
        <time>2026-09-24T12:34:40Z</time>
        <extensions>
          <gpxtpx:TrackPointExtension>
            <gpxtpx:hr>154</gpxtpx:hr>
          </gpxtpx:TrackPointExtension>
        </extensions>
      </trkpt>
      <trkpt lat="32.06775029601154" lon="118.59290458066451">
        <ele>43.0</ele>
        <time>2026-09-24T12:34:41Z</time>
        <extensions>
          <gpxtpx:TrackPointExtension>
            <gpxtpx:hr>154</gpxtpx:hr>
          </gpxtpx:TrackPointExtension>
        </extensions>
      </trkpt>
      <trkpt lat="32.06775029559265" lon="118.5929335830369">
        <ele>42.9</ele>
        <time>2026-09-24T12:34:42Z</time>
        <extensions>
          <gpxtpx:TrackPointExtension>
            <gpxtpx:hr>155</gpxtpx:hr>
          </gpxtpx:TrackPointExtension>
        </extensions>
      </trkpt>
      <trkpt lat="32.0677512954369" lon="118.59295758487674">
        <ele>42.9</ele>
        <time>2026-09-24T12:34:43Z</time>
        <extensions>
          <gpxtpx:TrackPointExtension>
            <gpxtpx:hr>155</gpxtpx:hr>
          </gpxtpx:TrackPointExtension>
        </extensions>
      </trkpt>
      <trkpt lat="32.06775229522143" lon="118.59298358684329">
        <ele>42.9</ele>
        <time>2026-09-24T12:34:44Z</time>
        <extensions>
          <gpxtpx:TrackPointExtension>
            <gpxtpx:hr>155</gpxtpx:hr>
          </gpxtpx:TrackPointExtension>
        </extensions>
      </trkpt>
      <trkpt lat="32.06775429519512" lon="118.59300958868423">
        <ele>42.9</ele>
        <time>2026-09-24T12:34:45Z</time>
        <extensions>
          <gpxtpx:TrackPointExtension>
            <gpxtpx:hr>155</gpxtpx:hr>
          </gpxtpx:TrackPointExtension>
        </extensions>
      </trkpt>
      <trkpt lat="32.06775829549822" lon="118.5930395906118">
        <ele>42.9</ele>
        <time>2026-09-24T12:34:46Z</time>
        <extensions>
          <gpxtpx:TrackPointExtension>
            <gpxtpx:hr>155</gpxtpx:hr>
          </gpxtpx:TrackPointExtension>
        </extensions>
      </trkpt>
      <trkpt lat="32.067762295782885" lon="118.59306859241818">
        <ele>43.0</ele>
        <time>2026-09-24T12:34:47Z</time>
        <extensions>
          <gpxtpx:TrackPointExtension>
            <gpxtpx:hr>155</gpxtpx:hr>
          </gpxtpx:TrackPointExtension>
        </extensions>
      </trkpt>
      <trkpt lat="32.06776629605293" lon="118.59309659410796">
        <ele>43.0</ele>
        <time>2026-09-24T12:34:48Z</time>
        <extensions>
          <gpxtpx:TrackPointExtension>
            <gpxtpx:hr>155</gpxtpx:hr>
          </gpxtpx:TrackPointExtension>
        </extensions>
      </trkpt>
      <trkpt lat="32.06777229672621" lon="118.5931245955764">
        <ele>43.0</ele>
        <time>2026-09-24T12:34:49Z</time>
        <extensions>
          <gpxtpx:TrackPointExtension>
            <gpxtpx:hr>155</gpxtpx:hr>
          </gpxtpx:TrackPointExtension>
        </extensions>
      </trkpt>
      <trkpt lat="32.06777729712163" lon="118.5931535971633">
        <ele>43.0</ele>
        <time>2026-09-24T12:34:50Z</time>
        <extensions>
          <gpxtpx:TrackPointExtension>
            <gpxtpx:hr>155</gpxtpx:hr>
          </gpxtpx:TrackPointExtension>
        </extensions>
      </trkpt>
      <trkpt lat="32.06778329769899" lon="118.59318259861597">
        <ele>43.0</ele>
        <time>2026-09-24T12:34:51Z</time>
        <extensions>
          <gpxtpx:TrackPointExtension>
            <gpxtpx:hr>155</gpxtpx:hr>
          </gpxtpx:TrackPointExtension>
        </extensions>
      </trkpt>
      <trkpt lat="32.067791298704314" lon="118.59321059977783">
        <ele>43.0</ele>
        <time>2026-09-24T12:34:52Z</time>
        <extensions>
          <gpxtpx:TrackPointExtension>
            <gpxtpx:hr>156</gpxtpx:hr>
          </gpxtpx:TrackPointExtension>
        </extensions>
      </trkpt>
      <trkpt lat="32.06780029989407" lon="118.59323860080846">
        <ele>43.0</ele>
        <time>2026-09-24T12:34:53Z</time>
        <extensions>
          <gpxtpx:TrackPointExtension>
            <gpxtpx:hr>156</gpxtpx:hr>
          </gpxtpx:TrackPointExtension>
        </extensions>
      </trkpt>
      <trkpt lat="32.067811301546286" lon="118.59326460149055">
        <ele>43.0</ele>
        <time>2026-09-24T12:34:54Z</time>
        <extensions>
          <gpxtpx:TrackPointExtension>
            <gpxtpx:hr>156</gpxtpx:hr>
          </gpxtpx:TrackPointExtension>
        </extensions>
      </trkpt>
      <trkpt lat="32.067823303356896" lon="118.59329160210933">
        <ele>43.0</ele>
        <time>2026-09-24T12:34:55Z</time>
        <extensions>
          <gpxtpx:TrackPointExtension>
            <gpxtpx:hr>156</gpxtpx:hr>
          </gpxtpx:TrackPointExtension>
        </extensions>
      </trkpt>
      <trkpt lat="32.06783430491677" lon="118.59331860278">
        <ele>43.0</ele>
        <time>2026-09-24T12:34:56Z</time>
        <extensions>
          <gpxtpx:TrackPointExtension>
            <gpxtpx:hr>156</gpxtpx:hr>
          </gpxtpx:TrackPointExtension>
        </extensions>
      </trkpt>
      <trkpt lat="32.06784630666347" lon="118.59334560332232">
        <ele>44.0</ele>
        <time>2026-09-24T12:34:57Z</time>
        <extensions>
          <gpxtpx:TrackPointExtension>
            <gpxtpx:hr>156</gpxtpx:hr>
          </gpxtpx:TrackPointExtension>
        </extensions>
      </trkpt>
      <trkpt lat="32.067859308665504" lon="118.59337060362023">
        <ele>44.0</ele>
        <time>2026-09-24T12:34:58Z</time>
        <extensions>
          <gpxtpx:TrackPointExtension>
            <gpxtpx:hr>156</gpxtpx:hr>
          </gpxtpx:TrackPointExtension>
        </extensions>
      </trkpt>
      <trkpt lat="32.06787531119027" lon="118.59339860378522">
        <ele>44.0</ele>
        <time>2026-09-24T12:34:59Z</time>
        <extensions>
          <gpxtpx:TrackPointExtension>
            <gpxtpx:hr>156</gpxtpx:hr>
          </gpxtpx:TrackPointExtension>
        </extensions>
      </trkpt>
      <trkpt lat="32.06788831317073" lon="118.59342260395827">
        <ele>44.0</ele>
        <time>2026-09-24T12:35:00Z</time>
        <extensions>
          <gpxtpx:TrackPointExtension>
            <gpxtpx:hr>156</gpxtpx:hr>
          </gpxtpx:TrackPointExtension>
        </extensions>
      </trkpt>
      <trkpt lat="32.06790231534468" lon="118.59344660401105">
        <ele>44.0</ele>
        <time>2026-09-24T12:35:01Z</time>
        <extensions>
          <gpxtpx:TrackPointExtension>
            <gpxtpx:hr>156</gpxtpx:hr>
          </gpxtpx:TrackPointExtension>
        </extensions>
      </trkpt>
      <trkpt lat="32.06791631745474" lon="118.5934716040865">
        <ele>43.2</ele>
        <time>2026-09-24T12:35:02Z</time>
        <extensions>
          <gpxtpx:TrackPointExtension>
            <gpxtpx:hr>157</gpxtpx:hr>
          </gpxtpx:TrackPointExtension>
        </extensions>
      </trkpt>
      <trkpt lat="32.06792931931866" lon="118.59349660421928">
        <ele>43.2</ele>
        <time>2026-09-24T12:35:03Z</time>
        <extensions>
          <gpxtpx:TrackPointExtension>
            <gpxtpx:hr>157</gpxtpx:hr>
          </gpxtpx:TrackPointExtension>
        </extensions>
      </trkpt>
      <trkpt lat="32.067941320895585" lon="118.5935226044596">
        <ele>43.2</ele>
        <time>2026-09-24T12:35:04Z</time>
        <extensions>
          <gpxtpx:TrackPointExtension>
            <gpxtpx:hr>157</gpxtpx:hr>
          </gpxtpx:TrackPointExtension>
        </extensions>
      </trkpt>
      <trkpt lat="32.06795432266164" lon="118.59354860457438">
        <ele>43.2</ele>
        <time>2026-09-24T12:35:05Z</time>
        <extensions>
          <gpxtpx:TrackPointExtension>
            <gpxtpx:hr>157</gpxtpx:hr>
          </gpxtpx:TrackPointExtension>
        </extensions>
      </trkpt>
      <trkpt lat="32.06796632417935" lon="118.59357460474386">
        <ele>43.2</ele>
        <time>2026-09-24T12:35:06Z</time>
        <extensions>
          <gpxtpx:TrackPointExtension>
            <gpxtpx:hr>157</gpxtpx:hr>
          </gpxtpx:TrackPointExtension>
        </extensions>
      </trkpt>
      <trkpt lat="32.067979325841875" lon="118.59360160483388">
        <ele>43.3</ele>
        <time>2026-09-24T12:35:07Z</time>
        <extensions>
          <gpxtpx:TrackPointExtension>
            <gpxtpx:hr>158</gpxtpx:hr>
          </gpxtpx:TrackPointExtension>
        </extensions>
      </trkpt>
      <trkpt lat="32.06799132711702" lon="118.59363160510937">
        <ele>43.3</ele>
        <time>2026-09-24T12:35:08Z</time>
        <extensions>
          <gpxtpx:TrackPointExtension>
            <gpxtpx:hr>158</gpxtpx:hr>
          </gpxtpx:TrackPointExtension>
        </extensions>
      </trkpt>
      <trkpt lat="32.06800232841499" lon="118.59365560516967">
        <ele>43.3</ele>
        <time>2026-09-24T12:35:09Z</time>
        <extensions>
          <gpxtpx:TrackPointExtension>
            <gpxtpx:hr>158</gpxtpx:hr>
          </gpxtpx:TrackPointExtension>
        </extensions>
      </trkpt>
      <trkpt lat="32.068011329154736" lon="118.59368160546379">
        <ele>43.3</ele>
        <time>2026-09-24T12:35:10Z</time>
        <extensions>
          <gpxtpx:TrackPointExtension>
            <gpxtpx:hr>158</gpxtpx:hr>
          </gpxtpx:TrackPointExtension>
        </extensions>
      </trkpt>
      <trkpt lat="32.06802233015526" lon="118.59371060566343">
        <ele>43.3</ele>
        <time>2026-09-24T12:35:11Z</time>
        <extensions>
          <gpxtpx:TrackPointExtension>
            <gpxtpx:hr>158</gpxtpx:hr>
          </gpxtpx:TrackPointExtension>
        </extensions>
      </trkpt>
      <trkpt lat="32.06802933044525" lon="118.59373560602393">
        <ele>43.3</ele>
        <time>2026-09-24T12:35:12Z</time>
        <extensions>
          <gpxtpx:TrackPointExtension>
            <gpxtpx:hr>158</gpxtpx:hr>
          </gpxtpx:TrackPointExtension>
        </extensions>
      </trkpt>
      <trkpt lat="32.068033329897744" lon="118.59376360673481">
        <ele>43.3</ele>
        <time>2026-09-24T12:35:13Z</time>
        <extensions>
          <gpxtpx:TrackPointExtension>
            <gpxtpx:hr>158</gpxtpx:hr>
          </gpxtpx:TrackPointExtension>
        </extensions>
      </trkpt>
      <trkpt lat="32.06803632899192" lon="118.59379360756681">
        <ele>43.3</ele>
        <time>2026-09-24T12:35:14Z</time>
        <extensions>
          <gpxtpx:TrackPointExtension>
            <gpxtpx:hr>158</gpxtpx:hr>
          </gpxtpx:TrackPointExtension>
        </extensions>
      </trkpt>
      <trkpt lat="32.0680363273366" lon="118.59382460865636">
        <ele>43.3</ele>
        <time>2026-09-24T12:35:15Z</time>
        <extensions>
          <gpxtpx:TrackPointExtension>
            <gpxtpx:hr>158</gpxtpx:hr>
          </gpxtpx:TrackPointExtension>
        </extensions>
      </trkpt>
      <trkpt lat="32.06803632558386" lon="118.59385660972835">
        <ele>43.3</ele>
        <time>2026-09-24T12:35:16Z</time>
        <extensions>
          <gpxtpx:TrackPointExtension>
            <gpxtpx:hr>158</gpxtpx:hr>
          </gpxtpx:TrackPointExtension>
        </extensions>
      </trkpt>
      <trkpt lat="32.06803432334898" lon="118.59388861092698">
        <ele>43.3</ele>
        <time>2026-09-24T12:35:17Z</time>
        <extensions>
          <gpxtpx:TrackPointExtension>
            <gpxtpx:hr>157</gpxtpx:hr>
          </gpxtpx:TrackPointExtension>
        </extensions>
      </trkpt>
      <trkpt lat="32.0680323210694" lon="118.59392061207204">
        <ele>43.3</ele>
        <time>2026-09-24T12:35:18Z</time>
        <extensions>
          <gpxtpx:TrackPointExtension>
            <gpxtpx:hr>157</gpxtpx:hr>
          </gpxtpx:TrackPointExtension>
        </extensions>
      </trkpt>
      <trkpt lat="32.06803031904288" lon="118.5939476130247">
        <ele>43.3</ele>
        <time>2026-09-24T12:35:19Z</time>
        <extensions>
          <gpxtpx:TrackPointExtension>
            <gpxtpx:hr>157</gpxtpx:hr>
          </gpxtpx:TrackPointExtension>
        </extensions>
      </trkpt>
      <trkpt lat="32.06802631624347" lon="118.59397961425125">
        <ele>43.3</ele>
        <time>2026-09-24T12:35:20Z</time>
        <extensions>
          <gpxtpx:TrackPointExtension>
            <gpxtpx:hr>157</gpxtpx:hr>
          </gpxtpx:TrackPointExtension>
        </extensions>
      </trkpt>
      <trkpt lat="32.06802031265018" lon="118.59401661572662">
        <ele>43.3</ele>
        <time>2026-09-24T12:35:21Z</time>
        <extensions>
          <gpxtpx:TrackPointExtension>
            <gpxtpx:hr>157</gpxtpx:hr>
          </gpxtpx:TrackPointExtension>
        </extensions>
      </trkpt>
      <trkpt lat="32.06801430950832" lon="118.59404561694984">
        <ele>43.4</ele>
        <time>2026-09-24T12:35:22Z</time>
        <extensions>
          <gpxtpx:TrackPointExtension>
            <gpxtpx:hr>157</gpxtpx:hr>
          </gpxtpx:TrackPointExtension>
        </extensions>
      </trkpt>
      <trkpt lat="32.06800630582731" lon="118.59407561833056">
        <ele>43.4</ele>
        <time>2026-09-24T12:35:23Z</time>
        <extensions>
          <gpxtpx:TrackPointExtension>
            <gpxtpx:hr>157</gpxtpx:hr>
          </gpxtpx:TrackPointExtension>
        </extensions>
      </trkpt>
      <trkpt lat="32.0679973018883" lon="118.59410561975436">
        <ele>43.4</ele>
        <time>2026-09-24T12:35:24Z</time>
        <extensions>
          <gpxtpx:TrackPointExtension>
            <gpxtpx:hr>157</gpxtpx:hr>
          </gpxtpx:TrackPointExtension>
        </extensions>
      </trkpt>
      <trkpt lat="32.06798729775891" lon="118.59413462120312">
        <ele>43.4</ele>
        <time>2026-09-24T12:35:25Z</time>
        <extensions>
          <gpxtpx:TrackPointExtension>
            <gpxtpx:hr>157</gpxtpx:hr>
          </gpxtpx:TrackPointExtension>
        </extensions>
      </trkpt>
      <trkpt lat="32.06797629351174" lon="118.59416162266474">
        <ele>43.4</ele>
        <time>2026-09-24T12:35:26Z</time>
        <extensions>
          <gpxtpx:TrackPointExtension>
            <gpxtpx:hr>157</gpxtpx:hr>
          </gpxtpx:TrackPointExtension>
        </extensions>
      </trkpt>
      <trkpt lat="32.06796328879527" lon="118.59418862426847">
        <ele>43.5</ele>
        <time>2026-09-24T12:35:27Z</time>
        <extensions>
          <gpxtpx:TrackPointExtension>
            <gpxtpx:hr>157</gpxtpx:hr>
          </gpxtpx:TrackPointExtension>
        </extensions>
      </trkpt>
      <trkpt lat="32.06794928361463" lon="118.5942186259657">
        <ele>43.5</ele>
        <time>2026-09-24T12:35:28Z</time>
        <extensions>
          <gpxtpx:TrackPointExtension>
            <gpxtpx:hr>157</gpxtpx:hr>
          </gpxtpx:TrackPointExtension>
        </extensions>
      </trkpt>
      <trkpt lat="32.067937279122134" lon="118.5942446273866">
        <ele>43.5</ele>
        <time>2026-09-24T12:35:29Z</time>
        <extensions>
          <gpxtpx:TrackPointExtension>
            <gpxtpx:hr>157</gpxtpx:hr>
          </gpxtpx:TrackPointExtension>
        </extensions>
      </trkpt>
      <trkpt lat="32.06792527460012" lon="118.59427062877222">
        <ele>43.5</ele>
        <time>2026-09-24T12:35:30Z</time>
        <extensions>
          <gpxtpx:TrackPointExtension>
            <gpxtpx:hr>157</gpxtpx:hr>
          </gpxtpx:TrackPointExtension>
        </extensions>
      </trkpt>
      <trkpt lat="32.067911269685744" lon="118.59429563029303">
        <ele>43.5</ele>
        <time>2026-09-24T12:35:31Z</time>
        <extensions>
          <gpxtpx:TrackPointExtension>
            <gpxtpx:hr>157</gpxtpx:hr>
          </gpxtpx:TrackPointExtension>
        </extensions>
      </trkpt>
      <trkpt lat="32.067896264525324" lon="118.59432063187135">
        <ele>43.6</ele>
        <time>2026-09-24T12:35:32Z</time>
        <extensions>
          <gpxtpx:TrackPointExtension>
            <gpxtpx:hr>157</gpxtpx:hr>
          </gpxtpx:TrackPointExtension>
        </extensions>
      </trkpt>
      <trkpt lat="32.067880259118844" lon="118.59434563350713">
        <ele>43.6</ele>
        <time>2026-09-24T12:35:33Z</time>
        <extensions>
          <gpxtpx:TrackPointExtension>
            <gpxtpx:hr>157</gpxtpx:hr>
          </gpxtpx:TrackPointExtension>
        </extensions>
      </trkpt>
      <trkpt lat="32.06786425376292" lon="118.59436963510446">
        <ele>43.6</ele>
        <time>2026-09-24T12:35:34Z</time>
        <extensions>
          <gpxtpx:TrackPointExtension>
            <gpxtpx:hr>157</gpxtpx:hr>
          </gpxtpx:TrackPointExtension>
        </extensions>
      </trkpt>
      <trkpt lat="32.06784824822395" lon="118.59439563668086">
        <ele>43.6</ele>
        <time>2026-09-24T12:35:35Z</time>
        <extensions>
          <gpxtpx:TrackPointExtension>
            <gpxtpx:hr>157</gpxtpx:hr>
          </gpxtpx:TrackPointExtension>
        </extensions>
      </trkpt>
      <trkpt lat="32.06783424301289" lon="118.5944226380449">
        <ele>43.6</ele>
        <time>2026-09-24T12:35:36Z</time>
        <extensions>
          <gpxtpx:TrackPointExtension>
            <gpxtpx:hr>157</gpxtpx:hr>
          </gpxtpx:TrackPointExtension>
        </extensions>
      </trkpt>
      <trkpt lat="32.0678182370068" lon="118.59445363955744">
        <ele>43.7</ele>
        <time>2026-09-24T12:35:37Z</time>
        <extensions>
          <gpxtpx:TrackPointExtension>
            <gpxtpx:hr>157</gpxtpx:hr>
          </gpxtpx:TrackPointExtension>
        </extensions>
      </trkpt>
      <trkpt lat="32.067806232082276" lon="118.59448164065965">
        <ele>43.7</ele>
        <time>2026-09-24T12:35:38Z</time>
        <extensions>
          <gpxtpx:TrackPointExtension>
            <gpxtpx:hr>157</gpxtpx:hr>
          </gpxtpx:TrackPointExtension>
        </extensions>
      </trkpt>
      <trkpt lat="32.06779722769597" lon="118.59451064144919">
        <ele>43.7</ele>
        <time>2026-09-24T12:35:39Z</time>
        <extensions>
          <gpxtpx:TrackPointExtension>
            <gpxtpx:hr>157</gpxtpx:hr>
          </gpxtpx:TrackPointExtension>
        </extensions>
      </trkpt>
      <trkpt lat="32.06779022371062" lon="118.59453964201468">
        <ele>43.7</ele>
        <time>2026-09-24T12:35:40Z</time>
        <extensions>
          <gpxtpx:TrackPointExtension>
            <gpxtpx:hr>157</gpxtpx:hr>
          </gpxtpx:TrackPointExtension>
        </extensions>
      </trkpt>
      <trkpt lat="32.067786220345006" lon="118.59456864226603">
        <ele>43.7</ele>
        <time>2026-09-24T12:35:41Z</time>
        <extensions>
          <gpxtpx:TrackPointExtension>
            <gpxtpx:hr>157</gpxtpx:hr>
          </gpxtpx:TrackPointExtension>
        </extensions>
      </trkpt>
      <trkpt lat="32.06778321716158" lon="118.59459764238342">
        <ele>43.8</ele>
        <time>2026-09-24T12:35:42Z</time>
        <extensions>
          <gpxtpx:TrackPointExtension>
            <gpxtpx:hr>158</gpxtpx:hr>
          </gpxtpx:TrackPointExtension>
        </extensions>
      </trkpt>
      <trkpt lat="32.06778221446817" lon="118.5946256422843">
        <ele>43.8</ele>
        <time>2026-09-24T12:35:43Z</time>
        <extensions>
          <gpxtpx:TrackPointExtension>
            <gpxtpx:hr>158</gpxtpx:hr>
          </gpxtpx:TrackPointExtension>
        </extensions>
      </trkpt>
      <trkpt lat="32.06778421203584" lon="118.5946576418378">
        <ele>43.8</ele>
        <time>2026-09-24T12:35:44Z</time>
        <extensions>
          <gpxtpx:TrackPointExtension>
            <gpxtpx:hr>158</gpxtpx:hr>
          </gpxtpx:TrackPointExtension>
        </extensions>
      </trkpt>
      <trkpt lat="32.067790210525864" lon="118.59468864098835">
        <ele>43.8</ele>
        <time>2026-09-24T12:35:45Z</time>
        <extensions>
          <gpxtpx:TrackPointExtension>
            <gpxtpx:hr>158</gpxtpx:hr>
          </gpxtpx:TrackPointExtension>
        </extensions>
      </trkpt>
      <trkpt lat="32.06779720975055" lon="118.59471364007209">
        <ele>43.8</ele>
        <time>2026-09-24T12:35:46Z</time>
        <extensions>
          <gpxtpx:TrackPointExtension>
            <gpxtpx:hr>158</gpxtpx:hr>
          </gpxtpx:TrackPointExtension>
        </extensions>
      </trkpt>
      <trkpt lat="32.06780620938561" lon="118.59473863894308">
        <ele>43.9</ele>
        <time>2026-09-24T12:35:47Z</time>
        <extensions>
          <gpxtpx:TrackPointExtension>
            <gpxtpx:hr>159</gpxtpx:hr>
          </gpxtpx:TrackPointExtension>
        </extensions>
      </trkpt>
      <trkpt lat="32.06781620911724" lon="118.5947646376767">
        <ele>43.9</ele>
        <time>2026-09-24T12:35:48Z</time>
        <extensions>
          <gpxtpx:TrackPointExtension>
            <gpxtpx:hr>159</gpxtpx:hr>
          </gpxtpx:TrackPointExtension>
        </extensions>
      </trkpt>
      <trkpt lat="32.06783121010557" lon="118.5947886359567">
        <ele>43.9</ele>
        <time>2026-09-24T12:35:49Z</time>
        <extensions>
          <gpxtpx:TrackPointExtension>
            <gpxtpx:hr>159</gpxtpx:hr>
          </gpxtpx:TrackPointExtension>
        </extensions>
      </trkpt>
      <trkpt lat="32.06784821179748" lon="118.59480963407792">
        <ele>43.9</ele>
        <time>2026-09-24T12:35:50Z</time>
        <extensions>
          <gpxtpx:TrackPointExtension>
            <gpxtpx:hr>159</gpxtpx:hr>
          </gpxtpx:TrackPointExtension>
        </extensions>
      </trkpt>
      <trkpt lat="32.06787021485747" lon="118.59482763177995">
        <ele>43.9</ele>
        <time>2026-09-24T12:35:51Z</time>
        <extensions>
          <gpxtpx:TrackPointExtension>
            <gpxtpx:hr>159</gpxtpx:hr>
          </gpxtpx:TrackPointExtension>
        </extensions>
      </trkpt>
      <trkpt lat="32.067895218559485" lon="118.5948456291948">
        <ele>43.9</ele>
        <time>2026-09-24T12:35:52Z</time>
        <extensions>
          <gpxtpx:TrackPointExtension>
            <gpxtpx:hr>160</gpxtpx:hr>
          </gpxtpx:TrackPointExtension>
        </extensions>
      </trkpt>
      <trkpt lat="32.067917222087125" lon="118.59485862696184">
        <ele>43.9</ele>
        <time>2026-09-24T12:35:53Z</time>
        <extensions>
          <gpxtpx:TrackPointExtension>
            <gpxtpx:hr>160</gpxtpx:hr>
          </gpxtpx:TrackPointExtension>
        </extensions>
      </trkpt>
      <trkpt lat="32.06794222646276" lon="118.59486962449027">
        <ele>43.9</ele>
        <time>2026-09-24T12:35:54Z</time>
        <extensions>
          <gpxtpx:TrackPointExtension>
            <gpxtpx:hr>160</gpxtpx:hr>
          </gpxtpx:TrackPointExtension>
        </extensions>
      </trkpt>
      <trkpt lat="32.06796723103301" lon="118.59487862205384">
        <ele>43.9</ele>
        <time>2026-09-24T12:35:55Z</time>
        <extensions>
          <gpxtpx:TrackPointExtension>
            <gpxtpx:hr>160</gpxtpx:hr>
          </gpxtpx:TrackPointExtension>
        </extensions>
      </trkpt>
      <trkpt lat="32.06799323611919" lon="118.59488461958625">
        <ele>43.9</ele>
        <time>2026-09-24T12:35:56Z</time>
        <extensions>
          <gpxtpx:TrackPointExtension>
            <gpxtpx:hr>160</gpxtpx:hr>
          </gpxtpx:TrackPointExtension>
        </extensions>
      </trkpt>
      <trkpt lat="32.068019241504935" lon="118.5948876171804">
        <ele>44.0</ele>
        <time>2026-09-24T12:35:57Z</time>
        <extensions>
          <gpxtpx:TrackPointExtension>
            <gpxtpx:hr>159</gpxtpx:hr>
          </gpxtpx:TrackPointExtension>
        </extensions>
      </trkpt>
      <trkpt lat="32.06804524739208" lon="118.5948856148799">
        <ele>44.0</ele>
        <time>2026-09-24T12:35:58Z</time>
        <extensions>
          <gpxtpx:TrackPointExtension>
            <gpxtpx:hr>159</gpxtpx:hr>
          </gpxtpx:TrackPointExtension>
        </extensions>
      </trkpt>
      <trkpt lat="32.068071253679314" lon="118.59487961266247">
        <ele>44.0</ele>
        <time>2026-09-24T12:35:59Z</time>
        <extensions>
          <gpxtpx:TrackPointExtension>
            <gpxtpx:hr>159</gpxtpx:hr>
          </gpxtpx:TrackPointExtension>
        </extensions>
      </trkpt>
      <trkpt lat="32.0680962601448" lon="118.59486961061445">
        <ele>44.0</ele>
        <time>2026-09-24T12:36:00Z</time>
        <extensions>
          <gpxtpx:TrackPointExtension>
            <gpxtpx:hr>159</gpxtpx:hr>
          </gpxtpx:TrackPointExtension>
        </extensions>
      </trkpt>
      <trkpt lat="32.06812126690304" lon="118.59485660862003">
        <ele>44.0</ele>
        <time>2026-09-24T12:36:01Z</time>
        <extensions>
          <gpxtpx:TrackPointExtension>
            <gpxtpx:hr>159</gpxtpx:hr>
          </gpxtpx:TrackPointExtension>
        </extensions>
      </trkpt>
      <trkpt lat="32.06814327329293" lon="118.59484060694341">
        <ele>44.2</ele>
        <time>2026-09-24T12:36:02Z</time>
        <extensions>
          <gpxtpx:TrackPointExtension>
            <gpxtpx:hr>160</gpxtpx:hr>
          </gpxtpx:TrackPointExtension>
        </extensions>
      </trkpt>
      <trkpt lat="32.068164279843096" lon="118.59482060541455">
        <ele>44.2</ele>
        <time>2026-09-24T12:36:03Z</time>
        <extensions>
          <gpxtpx:TrackPointExtension>
            <gpxtpx:hr>160</gpxtpx:hr>
          </gpxtpx:TrackPointExtension>
        </extensions>
      </trkpt>
      <trkpt lat="32.06818228600934" lon="118.59479760418476">
        <ele>44.2</ele>
        <time>2026-09-24T12:36:04Z</time>
        <extensions>
          <gpxtpx:TrackPointExtension>
            <gpxtpx:hr>160</gpxtpx:hr>
          </gpxtpx:TrackPointExtension>
        </extensions>
      </trkpt>
      <trkpt lat="32.068199292029284" lon="118.59477360303278">
        <ele>44.2</ele>
        <time>2026-09-24T12:36:05Z</time>
        <extensions>
          <gpxtpx:TrackPointExtension>
            <gpxtpx:hr>160</gpxtpx:hr>
          </gpxtpx:TrackPointExtension>
        </extensions>
      </trkpt>
      <trkpt lat="32.068213297651084" lon="118.59474660216269">
        <ele>44.2</ele>
        <time>2026-09-24T12:36:06Z</time>
        <extensions>
          <gpxtpx:TrackPointExtension>
            <gpxtpx:hr>160</gpxtpx:hr>
          </gpxtpx:TrackPointExtension>
        </extensions>
      </trkpt>
      <trkpt lat="32.068226303115544" lon="118.5947186013571">
        <ele>44.3</ele>
        <time>2026-09-24T12:36:07Z</time>
        <extensions>
          <gpxtpx:TrackPointExtension>
            <gpxtpx:hr>160</gpxtpx:hr>
          </gpxtpx:TrackPointExtension>
        </extensions>
      </trkpt>
      <trkpt lat="32.068237308200366" lon="118.59468960070174">
        <ele>44.3</ele>
        <time>2026-09-24T12:36:08Z</time>
        <extensions>
          <gpxtpx:TrackPointExtension>
            <gpxtpx:hr>160</gpxtpx:hr>
          </gpxtpx:TrackPointExtension>
        </extensions>
      </trkpt>
      <trkpt lat="32.06824831315803" lon="118.59466159999323">
        <ele>44.3</ele>
        <time>2026-09-24T12:36:09Z</time>
        <extensions>
          <gpxtpx:TrackPointExtension>
            <gpxtpx:hr>160</gpxtpx:hr>
          </gpxtpx:TrackPointExtension>
        </extensions>
      </trkpt>
      <trkpt lat="32.06826031821085" lon="118.59463459914583">
        <ele>44.3</ele>
        <time>2026-09-24T12:36:10Z</time>
        <extensions>
          <gpxtpx:TrackPointExtension>
            <gpxtpx:hr>160</gpxtpx:hr>
          </gpxtpx:TrackPointExtension>
        </extensions>
      </trkpt>
      <trkpt lat="32.06827232332009" lon="118.59460659826696">
        <ele>44.3</ele>
        <time>2026-09-24T12:36:11Z</time>
        <extensions>
          <gpxtpx:TrackPointExtension>
            <gpxtpx:hr>160</gpxtpx:hr>
          </gpxtpx:TrackPointExtension>
        </extensions>
      </trkpt>
      <trkpt lat="32.06828332817655" lon="118.59457859743735">
        <ele>44.4</ele>
        <time>2026-09-24T12:36:12Z</time>
        <extensions>
          <gpxtpx:TrackPointExtension>
            <gpxtpx:hr>159</gpxtpx:hr>
          </gpxtpx:TrackPointExtension>
        </extensions>
      </trkpt>
      <trkpt lat="32.06829533330318" lon="118.5945495964803">
        <ele>44.4</ele>
        <time>2026-09-24T12:36:13Z</time>
        <extensions>
          <gpxtpx:TrackPointExtension>
            <gpxtpx:hr>159</gpxtpx:hr>
          </gpxtpx:TrackPointExtension>
        </extensions>
      </trkpt>
      <trkpt lat="32.06830733830873" lon="118.59452159547739">
        <ele>44.4</ele>
        <time>2026-09-24T12:36:14Z</time>
        <extensions>
          <gpxtpx:TrackPointExtension>
            <gpxtpx:hr>159</gpxtpx:hr>
          </gpxtpx:TrackPointExtension>
        </extensions>
      </trkpt>
      <trkpt lat="32.06831934319685" lon="118.59449459443294">
        <ele>44.4</ele>
        <time>2026-09-24T12:36:15Z</time>
        <extensions>
          <gpxtpx:TrackPointExtension>
            <gpxtpx:hr>159</gpxtpx:hr>
          </gpxtpx:TrackPointExtension>
        </extensions>
      </trkpt>
      <trkpt lat="32.06832934712248" lon="118.59447359353427">
        <ele>44.4</ele>
        <time>2026-09-24T12:36:16Z</time>
        <extensions>
          <gpxtpx:TrackPointExtension>
            <gpxtpx:hr>159</gpxtpx:hr>
          </gpxtpx:TrackPointExtension>
        </extensions>
      </trkpt>
      <trkpt lat="32.06833935111033" lon="118.59445159261102">
        <ele>44.4</ele>
        <time>2026-09-24T12:36:17Z</time>
        <extensions>
          <gpxtpx:TrackPointExtension>
            <gpxtpx:hr>159</gpxtpx:hr>
          </gpxtpx:TrackPointExtension>
        </extensions>
      </trkpt>
      <trkpt lat="32.06835435657187" lon="118.59442459119771">
        <ele>44.4</ele>
        <time>2026-09-24T12:36:18Z</time>
        <extensions>
          <gpxtpx:TrackPointExtension>
            <gpxtpx:hr>159</gpxtpx:hr>
          </gpxtpx:TrackPointExtension>
        </extensions>
      </trkpt>
      <trkpt lat="32.068366361424815" lon="118.59439659001225">
        <ele>44.4</ele>
        <time>2026-09-24T12:36:19Z</time>
        <extensions>
          <gpxtpx:TrackPointExtension>
            <gpxtpx:hr>159</gpxtpx:hr>
          </gpxtpx:TrackPointExtension>
        </extensions>
      </trkpt>
      <trkpt lat="32.068376365884156" lon="118.59436758896015">
        <ele>44.4</ele>
        <time>2026-09-24T12:36:20Z</time>
        <extensions>
          <gpxtpx:TrackPointExtension>
            <gpxtpx:hr>159</gpxtpx:hr>
          </gpxtpx:TrackPointExtension>
        </extensions>
      </trkpt>
      <trkpt lat="32.068388370667506" lon="118.59433958769144">
        <ele>44.4</ele>
        <time>2026-09-24T12:36:21Z</time>
        <extensions>
          <gpxtpx:TrackPointExtension>
            <gpxtpx:hr>159</gpxtpx:hr>
          </gpxtpx:TrackPointExtension>
        </extensions>
      </trkpt>
      <trkpt lat="32.068402375778504" lon="118.59431258621044">
        <ele>44.5</ele>
        <time>2026-09-24T12:36:22Z</time>
        <extensions>
          <gpxtpx:TrackPointExtension>
            <gpxtpx:hr>160</gpxtpx:hr>
          </gpxtpx:TrackPointExtension>
        </extensions>
      </trkpt>
      <trkpt lat="32.06841638085768" lon="118.59428558469139">
        <ele>44.5</ele>
        <time>2026-09-24T12:36:23Z</time>
        <extensions>
          <gpxtpx:TrackPointExtension>
            <gpxtpx:hr>160</gpxtpx:hr>
          </gpxtpx:TrackPointExtension>
        </extensions>
      </trkpt>
      <trkpt lat="32.06843138605058" lon="118.59425958305583">
        <ele>44.5</ele>
        <time>2026-09-24T12:36:24Z</time>
        <extensions>
          <gpxtpx:TrackPointExtension>
            <gpxtpx:hr>160</gpxtpx:hr>
          </gpxtpx:TrackPointExtension>
        </extensions>
      </trkpt>
      <trkpt lat="32.068448391723" lon="118.59423258119178">
        <ele>44.5</ele>
        <time>2026-09-24T12:36:25Z</time>
        <extensions>
          <gpxtpx:TrackPointExtension>
            <gpxtpx:hr>160</gpxtpx:hr>
          </gpxtpx:TrackPointExtension>
        </extensions>
      </trkpt>
      <trkpt lat="32.06846639736984" lon="118.59420857924259">
        <ele>44.5</ele>
        <time>2026-09-24T12:36:26Z</time>
        <extensions>
          <gpxtpx:TrackPointExtension>
            <gpxtpx:hr>160</gpxtpx:hr>
          </gpxtpx:TrackPointExtension>
        </extensions>
      </trkpt>
      <trkpt lat="32.06848540314022" lon="118.59418557718871">
        <ele>44.5</ele>
        <time>2026-09-24T12:36:27Z</time>
        <extensions>
          <gpxtpx:TrackPointExtension>
            <gpxtpx:hr>159</gpxtpx:hr>
          </gpxtpx:TrackPointExtension>
        </extensions>
      </trkpt>
      <trkpt lat="32.06850640932455" lon="118.59416257492698">
        <ele>44.5</ele>
        <time>2026-09-24T12:36:28Z</time>
        <extensions>
          <gpxtpx:TrackPointExtension>
            <gpxtpx:hr>159</gpxtpx:hr>
          </gpxtpx:TrackPointExtension>
        </extensions>
      </trkpt>
      <trkpt lat="32.06852741534994" lon="118.59414157267328">
        <ele>44.5</ele>
        <time>2026-09-24T12:36:29Z</time>
        <extensions>
          <gpxtpx:TrackPointExtension>
            <gpxtpx:hr>159</gpxtpx:hr>
          </gpxtpx:TrackPointExtension>
        </extensions>
      </trkpt>
      <trkpt lat="32.068548421288945" lon="118.59412157041537">
        <ele>44.5</ele>
        <time>2026-09-24T12:36:30Z</time>
        <extensions>
          <gpxtpx:TrackPointExtension>
            <gpxtpx:hr>159</gpxtpx:hr>
          </gpxtpx:TrackPointExtension>
        </extensions>
      </trkpt>
      <trkpt lat="32.06856942707795" lon="118.59410356817615">
        <ele>44.5</ele>
        <time>2026-09-24T12:36:31Z</time>
        <extensions>
          <gpxtpx:TrackPointExtension>
            <gpxtpx:hr>159</gpxtpx:hr>
          </gpxtpx:TrackPointExtension>
        </extensions>
      </trkpt>
      <trkpt lat="32.06859143294019" lon="118.59408756587119">
        <ele>44.5</ele>
        <time>2026-09-24T12:36:32Z</time>
        <extensions>
          <gpxtpx:TrackPointExtension>
            <gpxtpx:hr>160</gpxtpx:hr>
          </gpxtpx:TrackPointExtension>
        </extensions>
      </trkpt>
      <trkpt lat="32.06861643957632" lon="118.59406956323959">
        <ele>44.5</ele>
        <time>2026-09-24T12:36:33Z</time>
        <extensions>
          <gpxtpx:TrackPointExtension>
            <gpxtpx:hr>160</gpxtpx:hr>
          </gpxtpx:TrackPointExtension>
        </extensions>
      </trkpt>
      <trkpt lat="32.06863644491337" lon="118.59405456110873">
        <ele>44.5</ele>
        <time>2026-09-24T12:36:34Z</time>
        <extensions>
          <gpxtpx:TrackPointExtension>
            <gpxtpx:hr>160</gpxtpx:hr>
          </gpxtpx:TrackPointExtension>
        </extensions>
      </trkpt>
      <trkpt lat="32.06865745039552" lon="118.5940405588991">
        <ele>44.5</ele>
        <time>2026-09-24T12:36:35Z</time>
        <extensions>
          <gpxtpx:TrackPointExtension>
            <gpxtpx:hr>160</gpxtpx:hr>
          </gpxtpx:TrackPointExtension>
        </extensions>
      </trkpt>
      <trkpt lat="32.06867945602457" lon="118.59402755661284">
        <ele>44.5</ele>
        <time>2026-09-24T12:36:36Z</time>
        <extensions>
          <gpxtpx:TrackPointExtension>
            <gpxtpx:hr>160</gpxtpx:hr>
          </gpxtpx:TrackPointExtension>
        </extensions>
      </trkpt>
      <trkpt lat="32.06870146164608" lon="118.59401455431777">
        <ele>44.5</ele>
        <time>2026-09-24T12:36:37Z</time>
        <extensions>
          <gpxtpx:TrackPointExtension>
            <gpxtpx:hr>159</gpxtpx:hr>
          </gpxtpx:TrackPointExtension>
        </extensions>
      </trkpt>
      <trkpt lat="32.06872346719824" lon="118.5940025520389">
        <ele>44.5</ele>
        <time>2026-09-24T12:36:38Z</time>
        <extensions>
          <gpxtpx:TrackPointExtension>
            <gpxtpx:hr>159</gpxtpx:hr>
          </gpxtpx:TrackPointExtension>
        </extensions>
      </trkpt>
      <trkpt lat="32.06874747311959" lon="118.59399154959793">
        <ele>44.5</ele>
        <time>2026-09-24T12:36:39Z</time>
        <extensions>
          <gpxtpx:TrackPointExtension>
            <gpxtpx:hr>159</gpxtpx:hr>
          </gpxtpx:TrackPointExtension>
        </extensions>
      </trkpt>
      <trkpt lat="32.06877147897457" lon="118.59398154717678">
        <ele>44.5</ele>
        <time>2026-09-24T12:36:40Z</time>
        <extensions>
          <gpxtpx:TrackPointExtension>
            <gpxtpx:hr>159</gpxtpx:hr>
          </gpxtpx:TrackPointExtension>
        </extensions>
      </trkpt>
      <trkpt lat="32.068795484764486" lon="118.59397254477703">
        <ele>44.5</ele>
        <time>2026-09-24T12:36:41Z</time>
        <extensions>
          <gpxtpx:TrackPointExtension>
            <gpxtpx:hr>159</gpxtpx:hr>
          </gpxtpx:TrackPointExtension>
        </extensions>
      </trkpt>
      <trkpt lat="32.06882349160475" lon="118.5939605419312">
        <ele>44.7</ele>
        <time>2026-09-24T12:36:42Z</time>
        <extensions>
          <gpxtpx:TrackPointExtension>
            <gpxtpx:hr>159</gpxtpx:hr>
          </gpxtpx:TrackPointExtension>
        </extensions>
      </trkpt>
      <trkpt lat="32.068846497286714" lon="118.59394953955618">
        <ele>44.7</ele>
        <time>2026-09-24T12:36:43Z</time>
        <extensions>
          <gpxtpx:TrackPointExtension>
            <gpxtpx:hr>159</gpxtpx:hr>
          </gpxtpx:TrackPointExtension>
        </extensions>
      </trkpt>
      <trkpt lat="32.06886950302226" lon="118.5939375371464">
        <ele>44.7</ele>
        <time>2026-09-24T12:36:44Z</time>
        <extensions>
          <gpxtpx:TrackPointExtension>
            <gpxtpx:hr>159</gpxtpx:hr>
          </gpxtpx:TrackPointExtension>
        </extensions>
      </trkpt>
      <trkpt lat="32.06889450930511" lon="118.59392353449071">
        <ele>44.7</ele>
        <time>2026-09-24T12:36:45Z</time>
        <extensions>
          <gpxtpx:TrackPointExtension>
            <gpxtpx:hr>159</gpxtpx:hr>
          </gpxtpx:TrackPointExtension>
        </extensions>
      </trkpt>
      <trkpt lat="32.06891851547626" lon="118.59390753185497">
        <ele>44.7</ele>
        <time>2026-09-24T12:36:46Z</time>
        <extensions>
          <gpxtpx:TrackPointExtension>
            <gpxtpx:hr>159</gpxtpx:hr>
          </gpxtpx:TrackPointExtension>
        </extensions>
      </trkpt>
      <trkpt lat="32.068942521693025" lon="118.593890529175">
        <ele>44.7</ele>
        <time>2026-09-24T12:36:47Z</time>
        <extensions>
          <gpxtpx:TrackPointExtension>
            <gpxtpx:hr>158</gpxtpx:hr>
          </gpxtpx:TrackPointExtension>
        </extensions>
      </trkpt>
      <trkpt lat="32.06896652795319" lon="118.5938725264481">
        <ele>44.7</ele>
        <time>2026-09-24T12:36:48Z</time>
        <extensions>
          <gpxtpx:TrackPointExtension>
            <gpxtpx:hr>158</gpxtpx:hr>
          </gpxtpx:TrackPointExtension>
        </extensions>
      </trkpt>
      <trkpt lat="32.06899053414361" lon="118.59385552373699">
        <ele>44.7</ele>
        <time>2026-09-24T12:36:49Z</time>
        <extensions>
          <gpxtpx:TrackPointExtension>
            <gpxtpx:hr>158</gpxtpx:hr>
          </gpxtpx:TrackPointExtension>
        </extensions>
      </trkpt>
      <trkpt lat="32.06901354015749" lon="118.59383752106726">
        <ele>44.7</ele>
        <time>2026-09-24T12:36:50Z</time>
        <extensions>
          <gpxtpx:TrackPointExtension>
            <gpxtpx:hr>158</gpxtpx:hr>
          </gpxtpx:TrackPointExtension>
        </extensions>
      </trkpt>
      <trkpt lat="32.0690355459925" lon="118.59381851843602">
        <ele>44.7</ele>
        <time>2026-09-24T12:36:51Z</time>
        <extensions>
          <gpxtpx:TrackPointExtension>
            <gpxtpx:hr>158</gpxtpx:hr>
          </gpxtpx:TrackPointExtension>
        </extensions>
      </trkpt>
      <trkpt lat="32.06905655175196" lon="118.59379651576886">
        <ele>44.8</ele>
        <time>2026-09-24T12:36:52Z</time>
        <extensions>
          <gpxtpx:TrackPointExtension>
            <gpxtpx:hr>158</gpxtpx:hr>
          </gpxtpx:TrackPointExtension>
        </extensions>
      </trkpt>
      <trkpt lat="32.06907855786399" lon="118.59377151287518">
        <ele>44.8</ele>
        <time>2026-09-24T12:36:53Z</time>
        <extensions>
          <gpxtpx:TrackPointExtension>
            <gpxtpx:hr>158</gpxtpx:hr>
          </gpxtpx:TrackPointExtension>
        </extensions>
      </trkpt>
      <trkpt lat="32.06909756309043" lon="118.59375051037236">
        <ele>44.8</ele>
        <time>2026-09-24T12:36:54Z</time>
        <extensions>
          <gpxtpx:TrackPointExtension>
            <gpxtpx:hr>158</gpxtpx:hr>
          </gpxtpx:TrackPointExtension>
        </extensions>
      </trkpt>
      <trkpt lat="32.06911756861561" lon="118.59372750767763">
        <ele>44.8</ele>
        <time>2026-09-24T12:36:55Z</time>
        <extensions>
          <gpxtpx:TrackPointExtension>
            <gpxtpx:hr>158</gpxtpx:hr>
          </gpxtpx:TrackPointExtension>
        </extensions>
      </trkpt>
      <trkpt lat="32.069135573680846" lon="118.59370450513542">
        <ele>44.8</ele>
        <time>2026-09-24T12:36:56Z</time>
        <extensions>
          <gpxtpx:TrackPointExtension>
            <gpxtpx:hr>158</gpxtpx:hr>
          </gpxtpx:TrackPointExtension>
        </extensions>
      </trkpt>
      <trkpt lat="32.06915357872285" lon="118.59368150256552">
        <ele>45.0</ele>
        <time>2026-09-24T12:36:57Z</time>
        <extensions>
          <gpxtpx:TrackPointExtension>
            <gpxtpx:hr>159</gpxtpx:hr>
          </gpxtpx:TrackPointExtension>
        </extensions>
      </trkpt>
      <trkpt lat="32.06916958330494" lon="118.59365850014814">
        <ele>45.0</ele>
        <time>2026-09-24T12:36:58Z</time>
        <extensions>
          <gpxtpx:TrackPointExtension>
            <gpxtpx:hr>159</gpxtpx:hr>
          </gpxtpx:TrackPointExtension>
        </extensions>
      </trkpt>
      <trkpt lat="32.06918258707114" lon="118.59363849810582">
        <ele>45.0</ele>
        <time>2026-09-24T12:36:59Z</time>
        <extensions>
          <gpxtpx:TrackPointExtension>
            <gpxtpx:hr>159</gpxtpx:hr>
          </gpxtpx:TrackPointExtension>
        </extensions>
      </trkpt>
      <trkpt lat="32.06919759152615" lon="118.5936124955907">
        <ele>45.0</ele>
        <time>2026-09-24T12:37:00Z</time>
        <extensions>
          <gpxtpx:TrackPointExtension>
            <gpxtpx:hr>159</gpxtpx:hr>
          </gpxtpx:TrackPointExtension>
        </extensions>
      </trkpt>
      <trkpt lat="32.06921359625712" lon="118.5935844928564">
        <ele>45.0</ele>
        <time>2026-09-24T12:37:01Z</time>
        <extensions>
          <gpxtpx:TrackPointExtension>
            <gpxtpx:hr>159</gpxtpx:hr>
          </gpxtpx:TrackPointExtension>
        </extensions>
      </trkpt>
      <trkpt lat="32.06922760043227" lon="118.59355849035784">
        <ele>44.9</ele>
        <time>2026-09-24T12:37:02Z</time>
        <extensions>
          <gpxtpx:TrackPointExtension>
            <gpxtpx:hr>161</gpxtpx:hr>
          </gpxtpx:TrackPointExtension>
        </extensions>
      </trkpt>
      <trkpt lat="32.06924160457779" lon="118.5935324878239">
        <ele>44.9</ele>
        <time>2026-09-24T12:37:03Z</time>
        <extensions>
          <gpxtpx:TrackPointExtension>
            <gpxtpx:hr>161</gpxtpx:hr>
          </gpxtpx:TrackPointExtension>
        </extensions>
      </trkpt>
      <trkpt lat="32.06925460847537" lon="118.59350648534463">
        <ele>44.9</ele>
        <time>2026-09-24T12:37:04Z</time>
        <extensions>
          <gpxtpx:TrackPointExtension>
            <gpxtpx:hr>161</gpxtpx:hr>
          </gpxtpx:TrackPointExtension>
        </extensions>
      </trkpt>
      <trkpt lat="32.069265611789376" lon="118.59348348316696">
        <ele>44.9</ele>
        <time>2026-09-24T12:37:05Z</time>
        <extensions>
          <gpxtpx:TrackPointExtension>
            <gpxtpx:hr>161</gpxtpx:hr>
          </gpxtpx:TrackPointExtension>
        </extensions>
      </trkpt>
      <trkpt lat="32.069277615564594" lon="118.59345348049644">
        <ele>44.9</ele>
        <time>2026-09-24T12:37:06Z</time>
        <extensions>
          <gpxtpx:TrackPointExtension>
            <gpxtpx:hr>161</gpxtpx:hr>
          </gpxtpx:TrackPointExtension>
        </extensions>
      </trkpt>
      <trkpt lat="32.069288619045516" lon="118.59342447792413">
        <ele>45.0</ele>
        <time>2026-09-24T12:37:07Z</time>
        <extensions>
          <gpxtpx:TrackPointExtension>
            <gpxtpx:hr>161</gpxtpx:hr>
          </gpxtpx:TrackPointExtension>
        </extensions>
      </trkpt>
      <trkpt lat="32.06929962256016" lon="118.59339347519406">
        <ele>45.0</ele>
        <time>2026-09-24T12:37:08Z</time>
        <extensions>
          <gpxtpx:TrackPointExtension>
            <gpxtpx:hr>161</gpxtpx:hr>
          </gpxtpx:TrackPointExtension>
        </extensions>
      </trkpt>
      <trkpt lat="32.06931062616786" lon="118.59335847217908">
        <ele>45.0</ele>
        <time>2026-09-24T12:37:09Z</time>
        <extensions>
          <gpxtpx:TrackPointExtension>
            <gpxtpx:hr>161</gpxtpx:hr>
          </gpxtpx:TrackPointExtension>
        </extensions>
      </trkpt>
      <trkpt lat="32.06931962912391" lon="118.59332846958227">
        <ele>45.0</ele>
        <time>2026-09-24T12:37:10Z</time>
        <extensions>
          <gpxtpx:TrackPointExtension>
            <gpxtpx:hr>161</gpxtpx:hr>
          </gpxtpx:TrackPointExtension>
        </extensions>
      </trkpt>
      <trkpt lat="32.069328632102604" lon="118.59329646681444">
        <ele>45.0</ele>
        <time>2026-09-24T12:37:11Z</time>
        <extensions>
          <gpxtpx:TrackPointExtension>
            <gpxtpx:hr>161</gpxtpx:hr>
          </gpxtpx:TrackPointExtension>
        </extensions>
      </trkpt>
      <trkpt lat="32.06933563465894" lon="118.59326246404564">
        <ele>45.0</ele>
        <time>2026-09-24T12:37:12Z</time>
        <extensions>
          <gpxtpx:TrackPointExtension>
            <gpxtpx:hr>161</gpxtpx:hr>
          </gpxtpx:TrackPointExtension>
        </extensions>
      </trkpt>
      <trkpt lat="32.06934263719262" lon="118.59322746115062">
        <ele>45.0</ele>
        <time>2026-09-24T12:37:13Z</time>
        <extensions>
          <gpxtpx:TrackPointExtension>
            <gpxtpx:hr>161</gpxtpx:hr>
          </gpxtpx:TrackPointExtension>
        </extensions>
      </trkpt>
      <trkpt lat="32.06934963959315" lon="118.59319545839347">
        <ele>45.0</ele>
        <time>2026-09-24T12:37:14Z</time>
        <extensions>
          <gpxtpx:TrackPointExtension>
            <gpxtpx:hr>161</gpxtpx:hr>
          </gpxtpx:TrackPointExtension>
        </extensions>
      </trkpt>
      <trkpt lat="32.06935164065465" lon="118.59317145658316">
        <ele>45.0</ele>
        <time>2026-09-24T12:37:15Z</time>
        <extensions>
          <gpxtpx:TrackPointExtension>
            <gpxtpx:hr>161</gpxtpx:hr>
          </gpxtpx:TrackPointExtension>
        </extensions>
      </trkpt>
      <trkpt lat="32.06934964089096" lon="118.59314445489343">
        <ele>45.0</ele>
        <time>2026-09-24T12:37:16Z</time>
        <extensions>
          <gpxtpx:TrackPointExtension>
            <gpxtpx:hr>161</gpxtpx:hr>
          </gpxtpx:TrackPointExtension>
        </extensions>
      </trkpt>
      <trkpt lat="32.06934364047413" lon="118.59310645273744">
        <ele>45.0</ele>
        <time>2026-09-24T12:37:17Z</time>
        <extensions>
          <gpxtpx:TrackPointExtension>
            <gpxtpx:hr>161</gpxtpx:hr>
          </gpxtpx:TrackPointExtension>
        </extensions>
      </trkpt>
      <trkpt lat="32.06933864019128" lon="118.5930694504895">
        <ele>45.0</ele>
        <time>2026-09-24T12:37:18Z</time>
        <extensions>
          <gpxtpx:TrackPointExtension>
            <gpxtpx:hr>161</gpxtpx:hr>
          </gpxtpx:TrackPointExtension>
        </extensions>
      </trkpt>
      <trkpt lat="32.06933664040566" lon="118.59303744827795">
        <ele>45.0</ele>
        <time>2026-09-24T12:37:19Z</time>
        <extensions>
          <gpxtpx:TrackPointExtension>
            <gpxtpx:hr>161</gpxtpx:hr>
          </gpxtpx:TrackPointExtension>
        </extensions>
      </trkpt>
      <trkpt lat="32.06933364035685" lon="118.59300544610272">
        <ele>45.0</ele>
        <time>2026-09-24T12:37:20Z</time>
        <extensions>
          <gpxtpx:TrackPointExtension>
            <gpxtpx:hr>161</gpxtpx:hr>
          </gpxtpx:TrackPointExtension>
        </extensions>
      </trkpt>
      <trkpt lat="32.069330640279965" lon="118.59297244379476">
        <ele>45.0</ele>
        <time>2026-09-24T12:37:21Z</time>
        <extensions>
          <gpxtpx:TrackPointExtension>
            <gpxtpx:hr>161</gpxtpx:hr>
          </gpxtpx:TrackPointExtension>
        </extensions>
      </trkpt>
      <trkpt lat="32.06932864032739" lon="118.59294244158147">
        <ele>44.9</ele>
        <time>2026-09-24T12:37:22Z</time>
        <extensions>
          <gpxtpx:TrackPointExtension>
            <gpxtpx:hr>161</gpxtpx:hr>
          </gpxtpx:TrackPointExtension>
        </extensions>
      </trkpt>
      <trkpt lat="32.06932463992699" lon="118.59291043933669">
        <ele>44.9</ele>
        <time>2026-09-24T12:37:23Z</time>
        <extensions>
          <gpxtpx:TrackPointExtension>
            <gpxtpx:hr>161</gpxtpx:hr>
          </gpxtpx:TrackPointExtension>
        </extensions>
      </trkpt>
      <trkpt lat="32.069317638864575" lon="118.59287543705642">
        <ele>44.9</ele>
        <time>2026-09-24T12:37:24Z</time>
        <extensions>
          <gpxtpx:TrackPointExtension>
            <gpxtpx:hr>161</gpxtpx:hr>
          </gpxtpx:TrackPointExtension>
        </extensions>
      </trkpt>
      <trkpt lat="32.069309637474554" lon="118.59284543523087">
        <ele>44.9</ele>
        <time>2026-09-24T12:37:25Z</time>
        <extensions>
          <gpxtpx:TrackPointExtension>
            <gpxtpx:hr>161</gpxtpx:hr>
          </gpxtpx:TrackPointExtension>
        </extensions>
      </trkpt>
      <trkpt lat="32.069300635816795" lon="118.59281643353535">
        <ele>44.9</ele>
        <time>2026-09-24T12:37:26Z</time>
        <extensions>
          <gpxtpx:TrackPointExtension>
            <gpxtpx:hr>161</gpxtpx:hr>
          </gpxtpx:TrackPointExtension>
        </extensions>
      </trkpt>
      <trkpt lat="32.06929063391246" lon="118.59278643179701">
        <ele>44.8</ele>
        <time>2026-09-24T12:37:27Z</time>
        <extensions>
          <gpxtpx:TrackPointExtension>
            <gpxtpx:hr>161</gpxtpx:hr>
          </gpxtpx:TrackPointExtension>
        </extensions>
      </trkpt>
      <trkpt lat="32.069280631961256" lon="118.59275743010168">
        <ele>44.8</ele>
        <time>2026-09-24T12:37:28Z</time>
        <extensions>
          <gpxtpx:TrackPointExtension>
            <gpxtpx:hr>161</gpxtpx:hr>
          </gpxtpx:TrackPointExtension>
        </extensions>
      </trkpt>
      <trkpt lat="32.06926962976086" lon="118.5927274283604">
        <ele>44.8</ele>
        <time>2026-09-24T12:37:29Z</time>
        <extensions>
          <gpxtpx:TrackPointExtension>
            <gpxtpx:hr>161</gpxtpx:hr>
          </gpxtpx:TrackPointExtension>
        </extensions>
      </trkpt>
      <trkpt lat="32.06925762729785" lon="118.59269842675532">
        <ele>44.8</ele>
        <time>2026-09-24T12:37:30Z</time>
        <extensions>
          <gpxtpx:TrackPointExtension>
            <gpxtpx:hr>161</gpxtpx:hr>
          </gpxtpx:TrackPointExtension>
        </extensions>
      </trkpt>
      <trkpt lat="32.069242624156544" lon="118.59266542499626">
        <ele>44.8</ele>
        <time>2026-09-24T12:37:31Z</time>
        <extensions>
          <gpxtpx:TrackPointExtension>
            <gpxtpx:hr>161</gpxtpx:hr>
          </gpxtpx:TrackPointExtension>
        </extensions>
      </trkpt>
      <trkpt lat="32.06922962138762" lon="118.59264042377292">
        <ele>44.7</ele>
        <time>2026-09-24T12:37:32Z</time>
        <extensions>
          <gpxtpx:TrackPointExtension>
            <gpxtpx:hr>161</gpxtpx:hr>
          </gpxtpx:TrackPointExtension>
        </extensions>
      </trkpt>
      <trkpt lat="32.069216618588854" lon="118.59261742271215">
        <ele>44.7</ele>
        <time>2026-09-24T12:37:33Z</time>
        <extensions>
          <gpxtpx:TrackPointExtension>
            <gpxtpx:hr>161</gpxtpx:hr>
          </gpxtpx:TrackPointExtension>
        </extensions>
      </trkpt>
      <trkpt lat="32.069199614893925" lon="118.592589421489">
        <ele>44.7</ele>
        <time>2026-09-24T12:37:34Z</time>
        <extensions>
          <gpxtpx:TrackPointExtension>
            <gpxtpx:hr>161</gpxtpx:hr>
          </gpxtpx:TrackPointExtension>
        </extensions>
      </trkpt>
      <trkpt lat="32.06918161094966" lon="118.59256442061627">
        <ele>44.7</ele>
        <time>2026-09-24T12:37:35Z</time>
        <extensions>
          <gpxtpx:TrackPointExtension>
            <gpxtpx:hr>161</gpxtpx:hr>
          </gpxtpx:TrackPointExtension>
        </extensions>
      </trkpt>
      <trkpt lat="32.06916460720263" lon="118.59254241992558">
        <ele>44.7</ele>
        <time>2026-09-24T12:37:36Z</time>
        <extensions>
          <gpxtpx:TrackPointExtension>
            <gpxtpx:hr>161</gpxtpx:hr>
          </gpxtpx:TrackPointExtension>
        </extensions>
      </trkpt>
      <trkpt lat="32.06914660321891" lon="118.59252141940227">
        <ele>44.6</ele>
        <time>2026-09-24T12:37:37Z</time>
        <extensions>
          <gpxtpx:TrackPointExtension>
            <gpxtpx:hr>161</gpxtpx:hr>
          </gpxtpx:TrackPointExtension>
        </extensions>
      </trkpt>
      <trkpt lat="32.069127599001256" lon="118.59250141904963">
        <ele>44.6</ele>
        <time>2026-09-24T12:37:38Z</time>
        <extensions>
          <gpxtpx:TrackPointExtension>
            <gpxtpx:hr>161</gpxtpx:hr>
          </gpxtpx:TrackPointExtension>
        </extensions>
      </trkpt>
      <trkpt lat="32.06910859476112" lon="118.59248041857113">
        <ele>44.6</ele>
        <time>2026-09-24T12:37:39Z</time>
        <extensions>
          <gpxtpx:TrackPointExtension>
            <gpxtpx:hr>161</gpxtpx:hr>
          </gpxtpx:TrackPointExtension>
        </extensions>
      </trkpt>
      <trkpt lat="32.06909059072557" lon="118.59246041808522">
        <ele>44.6</ele>
        <time>2026-09-24T12:37:40Z</time>
        <extensions>
          <gpxtpx:TrackPointExtension>
            <gpxtpx:hr>161</gpxtpx:hr>
          </gpxtpx:TrackPointExtension>
        </extensions>
      </trkpt>
      <trkpt lat="32.06907058623559" lon="118.5924404177585">
        <ele>44.6</ele>
        <time>2026-09-24T12:37:41Z</time>
        <extensions>
          <gpxtpx:TrackPointExtension>
            <gpxtpx:hr>161</gpxtpx:hr>
          </gpxtpx:TrackPointExtension>
        </extensions>
      </trkpt>
      <trkpt lat="32.069050581750005" lon="118.59242341773452">
        <ele>44.5</ele>
        <time>2026-09-24T12:37:42Z</time>
        <extensions>
          <gpxtpx:TrackPointExtension>
            <gpxtpx:hr>160</gpxtpx:hr>
          </gpxtpx:TrackPointExtension>
        </extensions>
      </trkpt>
      <trkpt lat="32.06902857682285" lon="118.59240741798428">
        <ele>44.5</ele>
        <time>2026-09-24T12:37:43Z</time>
        <extensions>
          <gpxtpx:TrackPointExtension>
            <gpxtpx:hr>160</gpxtpx:hr>
          </gpxtpx:TrackPointExtension>
        </extensions>
      </trkpt>
      <trkpt lat="32.069005571691825" lon="118.59239441863906">
        <ele>44.5</ele>
        <time>2026-09-24T12:37:44Z</time>
        <extensions>
          <gpxtpx:TrackPointExtension>
            <gpxtpx:hr>160</gpxtpx:hr>
          </gpxtpx:TrackPointExtension>
        </extensions>
      </trkpt>
      <trkpt lat="32.0689825665532" lon="118.59238141928496">
        <ele>44.5</ele>
        <time>2026-09-24T12:37:45Z</time>
        <extensions>
          <gpxtpx:TrackPointExtension>
            <gpxtpx:hr>160</gpxtpx:hr>
          </gpxtpx:TrackPointExtension>
        </extensions>
      </trkpt>
      <trkpt lat="32.068958561207936" lon="118.59237042023346">
        <ele>44.5</ele>
        <time>2026-09-24T12:37:46Z</time>
        <extensions>
          <gpxtpx:TrackPointExtension>
            <gpxtpx:hr>160</gpxtpx:hr>
          </gpxtpx:TrackPointExtension>
        </extensions>
      </trkpt>
      <trkpt lat="32.06893555607558" lon="118.59235942108549">
        <ele>44.4</ele>
        <time>2026-09-24T12:37:47Z</time>
        <extensions>
          <gpxtpx:TrackPointExtension>
            <gpxtpx:hr>160</gpxtpx:hr>
          </gpxtpx:TrackPointExtension>
        </extensions>
      </trkpt>
      <trkpt lat="32.06891355116675" lon="118.59234942195283">
        <ele>44.4</ele>
        <time>2026-09-24T12:37:48Z</time>
        <extensions>
          <gpxtpx:TrackPointExtension>
            <gpxtpx:hr>160</gpxtpx:hr>
          </gpxtpx:TrackPointExtension>
        </extensions>
      </trkpt>
      <trkpt lat="32.06889054602391" lon="118.5923384227927">
        <ele>44.4</ele>
        <time>2026-09-24T12:37:49Z</time>
        <extensions>
          <gpxtpx:TrackPointExtension>
            <gpxtpx:hr>160</gpxtpx:hr>
          </gpxtpx:TrackPointExtension>
        </extensions>
      </trkpt>
      <trkpt lat="32.06886854110553" lon="118.59232842364898">
        <ele>44.4</ele>
        <time>2026-09-24T12:37:50Z</time>
        <extensions>
          <gpxtpx:TrackPointExtension>
            <gpxtpx:hr>160</gpxtpx:hr>
          </gpxtpx:TrackPointExtension>
        </extensions>
      </trkpt>
      <trkpt lat="32.0688465361826" lon="118.59231842449998">
        <ele>44.4</ele>
        <time>2026-09-24T12:37:51Z</time>
        <extensions>
          <gpxtpx:TrackPointExtension>
            <gpxtpx:hr>160</gpxtpx:hr>
          </gpxtpx:TrackPointExtension>
        </extensions>
      </trkpt>
      <trkpt lat="32.068822530805804" lon="118.59230742541199">
        <ele>44.1</ele>
        <time>2026-09-24T12:37:52Z</time>
        <extensions>
          <gpxtpx:TrackPointExtension>
            <gpxtpx:hr>160</gpxtpx:hr>
          </gpxtpx:TrackPointExtension>
        </extensions>
      </trkpt>
      <trkpt lat="32.06879852542351" lon="118.59229642631762">
        <ele>44.1</ele>
        <time>2026-09-24T12:37:53Z</time>
        <extensions>
          <gpxtpx:TrackPointExtension>
            <gpxtpx:hr>160</gpxtpx:hr>
          </gpxtpx:TrackPointExtension>
        </extensions>
      </trkpt>
      <trkpt lat="32.068774520049054" lon="118.59228642733197">
        <ele>44.1</ele>
        <time>2026-09-24T12:37:54Z</time>
        <extensions>
          <gpxtpx:TrackPointExtension>
            <gpxtpx:hr>160</gpxtpx:hr>
          </gpxtpx:TrackPointExtension>
        </extensions>
      </trkpt>
      <trkpt lat="32.06874951443775" lon="118.59227542831553">
        <ele>44.1</ele>
        <time>2026-09-24T12:37:55Z</time>
        <extensions>
          <gpxtpx:TrackPointExtension>
            <gpxtpx:hr>160</gpxtpx:hr>
          </gpxtpx:TrackPointExtension>
        </extensions>
      </trkpt>
      <trkpt lat="32.06872450882092" lon="118.59226442929271">
        <ele>44.1</ele>
        <time>2026-09-24T12:37:56Z</time>
        <extensions>
          <gpxtpx:TrackPointExtension>
            <gpxtpx:hr>160</gpxtpx:hr>
          </gpxtpx:TrackPointExtension>
        </extensions>
      </trkpt>
      <trkpt lat="32.06870050343183" lon="118.59225443029021">
        <ele>44.0</ele>
        <time>2026-09-24T12:37:57Z</time>
        <extensions>
          <gpxtpx:TrackPointExtension>
            <gpxtpx:hr>160</gpxtpx:hr>
          </gpxtpx:TrackPointExtension>
        </extensions>
      </trkpt>
      <trkpt lat="32.06867649802295" lon="118.59224343116513">
        <ele>44.0</ele>
        <time>2026-09-24T12:37:58Z</time>
        <extensions>
          <gpxtpx:TrackPointExtension>
            <gpxtpx:hr>160</gpxtpx:hr>
          </gpxtpx:TrackPointExtension>
        </extensions>
      </trkpt>
      <trkpt lat="32.06865149237432" lon="118.5922314320058">
        <ele>44.0</ele>
        <time>2026-09-24T12:37:59Z</time>
        <extensions>
          <gpxtpx:TrackPointExtension>
            <gpxtpx:hr>160</gpxtpx:hr>
          </gpxtpx:TrackPointExtension>
        </extensions>
      </trkpt>
      <trkpt lat="32.06862648673542" lon="118.59222043295749">
        <ele>44.0</ele>
        <time>2026-09-24T12:38:00Z</time>
        <extensions>
          <gpxtpx:TrackPointExtension>
            <gpxtpx:hr>160</gpxtpx:hr>
          </gpxtpx:TrackPointExtension>
        </extensions>
      </trkpt>
      <trkpt lat="32.06860048088915" lon="118.592210434112">
        <ele>44.0</ele>
        <time>2026-09-24T12:38:01Z</time>
        <extensions>
          <gpxtpx:TrackPointExtension>
            <gpxtpx:hr>160</gpxtpx:hr>
          </gpxtpx:TrackPointExtension>
        </extensions>
      </trkpt>
      <trkpt lat="32.06857447502114" lon="118.59219943514162">
        <ele>43.9</ele>
        <time>2026-09-24T12:38:02Z</time>
        <extensions>
          <gpxtpx:TrackPointExtension>
            <gpxtpx:hr>160</gpxtpx:hr>
          </gpxtpx:TrackPointExtension>
        </extensions>
      </trkpt>
      <trkpt lat="32.0685484691652" lon="118.59218943628505">
        <ele>43.9</ele>
        <time>2026-09-24T12:38:03Z</time>
        <extensions>
          <gpxtpx:TrackPointExtension>
            <gpxtpx:hr>160</gpxtpx:hr>
          </gpxtpx:TrackPointExtension>
        </extensions>
      </trkpt>
      <trkpt lat="32.06852746443342" lon="118.59218143721405">
        <ele>43.9</ele>
        <time>2026-09-24T12:38:04Z</time>
        <extensions>
          <gpxtpx:TrackPointExtension>
            <gpxtpx:hr>160</gpxtpx:hr>
          </gpxtpx:TrackPointExtension>
        </extensions>
      </trkpt>
      <trkpt lat="32.06850545948012" lon="118.59217343822975">
        <ele>43.9</ele>
        <time>2026-09-24T12:38:05Z</time>
        <extensions>
          <gpxtpx:TrackPointExtension>
            <gpxtpx:hr>160</gpxtpx:hr>
          </gpxtpx:TrackPointExtension>
        </extensions>
      </trkpt>
      <trkpt lat="32.0684824543425" lon="118.592167439575">
        <ele>43.9</ele>
        <time>2026-09-24T12:38:06Z</time>
        <extensions>
          <gpxtpx:TrackPointExtension>
            <gpxtpx:hr>160</gpxtpx:hr>
          </gpxtpx:TrackPointExtension>
        </extensions>
      </trkpt>
      <trkpt lat="32.068455448366386" lon="118.59216344152195">
        <ele>43.9</ele>
        <time>2026-09-24T12:38:07Z</time>
        <extensions>
          <gpxtpx:TrackPointExtension>
            <gpxtpx:hr>161</gpxtpx:hr>
          </gpxtpx:TrackPointExtension>
        </extensions>
      </trkpt>
      <trkpt lat="32.06842944268325" lon="118.59216344386462">
        <ele>43.9</ele>
        <time>2026-09-24T12:38:08Z</time>
        <extensions>
          <gpxtpx:TrackPointExtension>
            <gpxtpx:hr>161</gpxtpx:hr>
          </gpxtpx:TrackPointExtension>
        </extensions>
      </trkpt>
      <trkpt lat="32.068403436999894" lon="118.5921634462073">
        <ele>43.9</ele>
        <time>2026-09-24T12:38:09Z</time>
        <extensions>
          <gpxtpx:TrackPointExtension>
            <gpxtpx:hr>161</gpxtpx:hr>
          </gpxtpx:TrackPointExtension>
        </extensions>
      </trkpt>
      <trkpt lat="32.068378431534924" lon="118.59216344845986">
        <ele>43.9</ele>
        <time>2026-09-24T12:38:10Z</time>
        <extensions>
          <gpxtpx:TrackPointExtension>
            <gpxtpx:hr>161</gpxtpx:hr>
          </gpxtpx:TrackPointExtension>
        </extensions>
      </trkpt>
      <trkpt lat="32.06835342605099" lon="118.59216245059085">
        <ele>43.9</ele>
        <time>2026-09-24T12:38:11Z</time>
        <extensions>
          <gpxtpx:TrackPointExtension>
            <gpxtpx:hr>161</gpxtpx:hr>
          </gpxtpx:TrackPointExtension>
        </extensions>
      </trkpt>
      <trkpt lat="32.06832942080424" lon="118.5921624527533">
        <ele>43.7</ele>
        <time>2026-09-24T12:38:12Z</time>
        <extensions>
          <gpxtpx:TrackPointExtension>
            <gpxtpx:hr>159</gpxtpx:hr>
          </gpxtpx:TrackPointExtension>
        </extensions>
      </trkpt>
      <trkpt lat="32.06830841625067" lon="118.59216445488856">
        <ele>43.7</ele>
        <time>2026-09-24T12:38:13Z</time>
        <extensions>
          <gpxtpx:TrackPointExtension>
            <gpxtpx:hr>159</gpxtpx:hr>
          </gpxtpx:TrackPointExtension>
        </extensions>
      </trkpt>
      <trkpt lat="32.06828341085939" lon="118.59216845762673">
        <ele>43.7</ele>
        <time>2026-09-24T12:38:14Z</time>
        <extensions>
          <gpxtpx:TrackPointExtension>
            <gpxtpx:hr>159</gpxtpx:hr>
          </gpxtpx:TrackPointExtension>
        </extensions>
      </trkpt>
      <trkpt lat="32.06825840548552" lon="118.59217346048509">
        <ele>43.7</ele>
        <time>2026-09-24T12:38:15Z</time>
        <extensions>
          <gpxtpx:TrackPointExtension>
            <gpxtpx:hr>159</gpxtpx:hr>
          </gpxtpx:TrackPointExtension>
        </extensions>
      </trkpt>
      <trkpt lat="32.068234400347066" lon="118.59217946337277">
        <ele>43.7</ele>
        <time>2026-09-24T12:38:16Z</time>
        <extensions>
          <gpxtpx:TrackPointExtension>
            <gpxtpx:hr>159</gpxtpx:hr>
          </gpxtpx:TrackPointExtension>
        </extensions>
      </trkpt>
      <trkpt lat="32.068210395206854" lon="118.59218546625856">
        <ele>43.7</ele>
        <time>2026-09-24T12:38:17Z</time>
        <extensions>
          <gpxtpx:TrackPointExtension>
            <gpxtpx:hr>158</gpxtpx:hr>
          </gpxtpx:TrackPointExtension>
        </extensions>
      </trkpt>
      <trkpt lat="32.0681863900998" lon="118.59219346938251">
        <ele>43.7</ele>
        <time>2026-09-24T12:38:18Z</time>
        <extensions>
          <gpxtpx:TrackPointExtension>
            <gpxtpx:hr>158</gpxtpx:hr>
          </gpxtpx:TrackPointExtension>
        </extensions>
      </trkpt>
      <trkpt lat="32.068164385427096" lon="118.59220147232287">
        <ele>43.7</ele>
        <time>2026-09-24T12:38:19Z</time>
        <extensions>
          <gpxtpx:TrackPointExtension>
            <gpxtpx:hr>158</gpxtpx:hr>
          </gpxtpx:TrackPointExtension>
        </extensions>
      </trkpt>
      <trkpt lat="32.06814538139071" lon="118.59220847487039">
        <ele>43.7</ele>
        <time>2026-09-24T12:38:20Z</time>
        <extensions>
          <gpxtpx:TrackPointExtension>
            <gpxtpx:hr>158</gpxtpx:hr>
          </gpxtpx:TrackPointExtension>
        </extensions>
      </trkpt>
      <trkpt lat="32.0681213763241" lon="118.5922194783407">
        <ele>43.7</ele>
        <time>2026-09-24T12:38:21Z</time>
        <extensions>
          <gpxtpx:TrackPointExtension>
            <gpxtpx:hr>158</gpxtpx:hr>
          </gpxtpx:TrackPointExtension>
        </extensions>
      </trkpt>
      <trkpt lat="32.06809737126777" lon="118.59223148192262">
        <ele>43.5</ele>
        <time>2026-09-24T12:38:22Z</time>
        <extensions>
          <gpxtpx:TrackPointExtension>
            <gpxtpx:hr>158</gpxtpx:hr>
          </gpxtpx:TrackPointExtension>
        </extensions>
      </trkpt>
      <trkpt lat="32.068075366672666" lon="118.59224548555135">
        <ele>43.5</ele>
        <time>2026-09-24T12:38:23Z</time>
        <extensions>
          <gpxtpx:TrackPointExtension>
            <gpxtpx:hr>158</gpxtpx:hr>
          </gpxtpx:TrackPointExtension>
        </extensions>
      </trkpt>
      <trkpt lat="32.06805336209774" lon="118.59226148940262">
        <ele>43.5</ele>
        <time>2026-09-24T12:38:24Z</time>
        <extensions>
          <gpxtpx:TrackPointExtension>
            <gpxtpx:hr>158</gpxtpx:hr>
          </gpxtpx:TrackPointExtension>
        </extensions>
      </trkpt>
      <trkpt lat="32.06803235773013" lon="118.5922774931503">
        <ele>43.5</ele>
        <time>2026-09-24T12:38:25Z</time>
        <extensions>
          <gpxtpx:TrackPointExtension>
            <gpxtpx:hr>158</gpxtpx:hr>
          </gpxtpx:TrackPointExtension>
        </extensions>
      </trkpt>
      <trkpt lat="32.06801135336411" lon="118.59229449699919">
        <ele>43.5</ele>
        <time>2026-09-24T12:38:26Z</time>
        <extensions>
          <gpxtpx:TrackPointExtension>
            <gpxtpx:hr>158</gpxtpx:hr>
          </gpxtpx:TrackPointExtension>
        </extensions>
      </trkpt>
      <trkpt lat="32.06799034899747" lon="118.59231250094659">
        <ele>43.4</ele>
        <time>2026-09-24T12:38:27Z</time>
        <extensions>
          <gpxtpx:TrackPointExtension>
            <gpxtpx:hr>158</gpxtpx:hr>
          </gpxtpx:TrackPointExtension>
        </extensions>
      </trkpt>
      <trkpt lat="32.067970344846536" lon="118.59233150489955">
        <ele>43.4</ele>
        <time>2026-09-24T12:38:28Z</time>
        <extensions>
          <gpxtpx:TrackPointExtension>
            <gpxtpx:hr>158</gpxtpx:hr>
          </gpxtpx:TrackPointExtension>
        </extensions>
      </trkpt>
      <trkpt lat="32.06795134090885" lon="118.59235150885507">
        <ele>43.4</ele>
        <time>2026-09-24T12:38:29Z</time>
        <extensions>
          <gpxtpx:TrackPointExtension>
            <gpxtpx:hr>158</gpxtpx:hr>
          </gpxtpx:TrackPointExtension>
        </extensions>
      </trkpt>
      <trkpt lat="32.06793333718178" lon="118.59237251281">
        <ele>43.4</ele>
        <time>2026-09-24T12:38:30Z</time>
        <extensions>
          <gpxtpx:TrackPointExtension>
            <gpxtpx:hr>158</gpxtpx:hr>
          </gpxtpx:TrackPointExtension>
        </extensions>
      </trkpt>
      <trkpt lat="32.067916333653955" lon="118.59239351665163">
        <ele>43.4</ele>
        <time>2026-09-24T12:38:31Z</time>
        <extensions>
          <gpxtpx:TrackPointExtension>
            <gpxtpx:hr>158</gpxtpx:hr>
          </gpxtpx:TrackPointExtension>
        </extensions>
      </trkpt>
      <trkpt lat="32.06789933011435" lon="118.59241552057833">
        <ele>43.4</ele>
        <time>2026-09-24T12:38:32Z</time>
        <extensions>
          <gpxtpx:TrackPointExtension>
            <gpxtpx:hr>157</gpxtpx:hr>
          </gpxtpx:TrackPointExtension>
        </extensions>
      </trkpt>
      <trkpt lat="32.067882326579806" lon="118.59244152490764">
        <ele>43.4</ele>
        <time>2026-09-24T12:38:33Z</time>
        <extensions>
          <gpxtpx:TrackPointExtension>
            <gpxtpx:hr>157</gpxtpx:hr>
          </gpxtpx:TrackPointExtension>
        </extensions>
      </trkpt>
      <trkpt lat="32.067866323234234" lon="118.59246752911126">
        <ele>43.4</ele>
        <time>2026-09-24T12:38:34Z</time>
        <extensions>
          <gpxtpx:TrackPointExtension>
            <gpxtpx:hr>157</gpxtpx:hr>
          </gpxtpx:TrackPointExtension>
        </extensions>
      </trkpt>
      <trkpt lat="32.067851320077644" lon="118.59249353318921">
        <ele>43.4</ele>
        <time>2026-09-24T12:38:35Z</time>
        <extensions>
          <gpxtpx:TrackPointExtension>
            <gpxtpx:hr>157</gpxtpx:hr>
          </gpxtpx:TrackPointExtension>
        </extensions>
      </trkpt>
      <trkpt lat="32.067837317113124" lon="118.59252053724425">
        <ele>43.4</ele>
        <time>2026-09-24T12:38:36Z</time>
        <extensions>
          <gpxtpx:TrackPointExtension>
            <gpxtpx:hr>157</gpxtpx:hr>
          </gpxtpx:TrackPointExtension>
        </extensions>
      </trkpt>
      <trkpt lat="32.06782531455591" lon="118.59254854118205">
        <ele>43.2</ele>
        <time>2026-09-24T12:38:37Z</time>
        <extensions>
          <gpxtpx:TrackPointExtension>
            <gpxtpx:hr>157</gpxtpx:hr>
          </gpxtpx:TrackPointExtension>
        </extensions>
      </trkpt>
      <trkpt lat="32.067815312401784" lon="118.5925765448984">
        <ele>43.2</ele>
        <time>2026-09-24T12:38:38Z</time>
        <extensions>
          <gpxtpx:TrackPointExtension>
            <gpxtpx:hr>157</gpxtpx:hr>
          </gpxtpx:TrackPointExtension>
        </extensions>
      </trkpt>
      <trkpt lat="32.06780531021252" lon="118.59260554867183">
        <ele>43.2</ele>
        <time>2026-09-24T12:38:39Z</time>
        <extensions>
          <gpxtpx:TrackPointExtension>
            <gpxtpx:hr>157</gpxtpx:hr>
          </gpxtpx:TrackPointExtension>
        </extensions>
      </trkpt>
      <trkpt lat="32.06779530797811" lon="118.59263855278762">
        <ele>43.2</ele>
        <time>2026-09-24T12:38:40Z</time>
        <extensions>
          <gpxtpx:TrackPointExtension>
            <gpxtpx:hr>157</gpxtpx:hr>
          </gpxtpx:TrackPointExtension>
        </extensions>
      </trkpt>
      <trkpt lat="32.067787306154145" lon="118.59266555609611">
        <ele>43.2</ele>
        <time>2026-09-24T12:38:41Z</time>
        <extensions>
          <gpxtpx:TrackPointExtension>
            <gpxtpx:hr>157</gpxtpx:hr>
          </gpxtpx:TrackPointExtension>
        </extensions>
      </trkpt>
      <trkpt lat="32.06777930428905" lon="118.59269455955358">
        <ele>43.0</ele>
        <time>2026-09-24T12:38:42Z</time>
        <extensions>
          <gpxtpx:TrackPointExtension>
            <gpxtpx:hr>157</gpxtpx:hr>
          </gpxtpx:TrackPointExtension>
        </extensions>
      </trkpt>
      <trkpt lat="32.06777330283045" lon="118.59272256269452">
        <ele>43.0</ele>
        <time>2026-09-24T12:38:43Z</time>
        <extensions>
          <gpxtpx:TrackPointExtension>
            <gpxtpx:hr>157</gpxtpx:hr>
          </gpxtpx:TrackPointExtension>
        </extensions>
      </trkpt>
      <trkpt lat="32.06777030201477" lon="118.5927475652517">
        <ele>43.0</ele>
        <time>2026-09-24T12:38:44Z</time>
        <extensions>
          <gpxtpx:TrackPointExtension>
            <gpxtpx:hr>157</gpxtpx:hr>
          </gpxtpx:TrackPointExtension>
        </extensions>
      </trkpt>
      <trkpt lat="32.06776630090397" lon="118.59277856840224">
        <ele>43.0</ele>
        <time>2026-09-24T12:38:45Z</time>
        <extensions>
          <gpxtpx:TrackPointExtension>
            <gpxtpx:hr>157</gpxtpx:hr>
          </gpxtpx:TrackPointExtension>
        </extensions>
      </trkpt>
      <trkpt lat="32.06776329996013" lon="118.59281057149967">
        <ele>43.0</ele>
        <time>2026-09-24T12:38:46Z</time>
        <extensions>
          <gpxtpx:TrackPointExtension>
            <gpxtpx:hr>157</gpxtpx:hr>
          </gpxtpx:TrackPointExtension>
        </extensions>
      </trkpt>
      <trkpt lat="32.06776129921224" lon="118.59284057428145">
        <ele>42.9</ele>
        <time>2026-09-24T12:38:47Z</time>
        <extensions>
          <gpxtpx:TrackPointExtension>
            <gpxtpx:hr>157</gpxtpx:hr>
          </gpxtpx:TrackPointExtension>
        </extensions>
      </trkpt>
      <trkpt lat="32.06776229908127" lon="118.59287057674563">
        <ele>42.9</ele>
        <time>2026-09-24T12:38:48Z</time>
        <extensions>
          <gpxtpx:TrackPointExtension>
            <gpxtpx:hr>157</gpxtpx:hr>
          </gpxtpx:TrackPointExtension>
        </extensions>
      </trkpt>
      <trkpt lat="32.06776429914322" lon="118.5928995789896">
        <ele>42.9</ele>
        <time>2026-09-24T12:38:49Z</time>
        <extensions>
          <gpxtpx:TrackPointExtension>
            <gpxtpx:hr>157</gpxtpx:hr>
          </gpxtpx:TrackPointExtension>
        </extensions>
      </trkpt>
      <trkpt lat="32.067766299123505" lon="118.5929315814331">
        <ele>42.9</ele>
        <time>2026-09-24T12:38:50Z</time>
        <extensions>
          <gpxtpx:TrackPointExtension>
            <gpxtpx:hr>157</gpxtpx:hr>
          </gpxtpx:TrackPointExtension>
        </extensions>
      </trkpt>
      <trkpt lat="32.06776829905889" lon="118.5929635838228">
        <ele>42.9</ele>
        <time>2026-09-24T12:38:51Z</time>
        <extensions>
          <gpxtpx:TrackPointExtension>
            <gpxtpx:hr>157</gpxtpx:hr>
          </gpxtpx:TrackPointExtension>
        </extensions>
      </trkpt>
      <trkpt lat="32.06777029903782" lon="118.59299058576912">
        <ele>42.9</ele>
        <time>2026-09-24T12:38:52Z</time>
        <extensions>
          <gpxtpx:TrackPointExtension>
            <gpxtpx:hr>156</gpxtpx:hr>
          </gpxtpx:TrackPointExtension>
        </extensions>
      </trkpt>
      <trkpt lat="32.06777229902221" lon="118.5930155875238">
        <ele>42.9</ele>
        <time>2026-09-24T12:38:53Z</time>
        <extensions>
          <gpxtpx:TrackPointExtension>
            <gpxtpx:hr>156</gpxtpx:hr>
          </gpxtpx:TrackPointExtension>
        </extensions>
      </trkpt>
      <trkpt lat="32.06777429887981" lon="118.59304558962211">
        <ele>42.9</ele>
        <time>2026-09-24T12:38:54Z</time>
        <extensions>
          <gpxtpx:TrackPointExtension>
            <gpxtpx:hr>156</gpxtpx:hr>
          </gpxtpx:TrackPointExtension>
        </extensions>
      </trkpt>
      <trkpt lat="32.06777729891675" lon="118.59307559158307">
        <ele>42.9</ele>
        <time>2026-09-24T12:38:55Z</time>
        <extensions>
          <gpxtpx:TrackPointExtension>
            <gpxtpx:hr>156</gpxtpx:hr>
          </gpxtpx:TrackPointExtension>
        </extensions>
      </trkpt>
      <trkpt lat="32.067780299004376" lon="118.59310159320833">
        <ele>42.9</ele>
        <time>2026-09-24T12:38:56Z</time>
        <extensions>
          <gpxtpx:TrackPointExtension>
            <gpxtpx:hr>156</gpxtpx:hr>
          </gpxtpx:TrackPointExtension>
        </extensions>
      </trkpt>
      <trkpt lat="32.067785299357666" lon="118.59313359504212">
        <ele>42.0</ele>
        <time>2026-09-24T12:38:57Z</time>
        <extensions>
          <gpxtpx:TrackPointExtension>
            <gpxtpx:hr>157</gpxtpx:hr>
          </gpxtpx:TrackPointExtension>
        </extensions>
      </trkpt>
      <trkpt lat="32.06779230015406" lon="118.59316359650411">
        <ele>42.0</ele>
        <time>2026-09-24T12:38:58Z</time>
        <extensions>
          <gpxtpx:TrackPointExtension>
            <gpxtpx:hr>157</gpxtpx:hr>
          </gpxtpx:TrackPointExtension>
        </extensions>
      </trkpt>
      <trkpt lat="32.06780130148043" lon="118.59318859740105">
        <ele>42.0</ele>
        <time>2026-09-24T12:38:59Z</time>
        <extensions>
          <gpxtpx:TrackPointExtension>
            <gpxtpx:hr>157</gpxtpx:hr>
          </gpxtpx:TrackPointExtension>
        </extensions>
      </trkpt>
      <trkpt lat="32.06781230316216" lon="118.59321559821758">
        <ele>42.0</ele>
        <time>2026-09-24T12:39:00Z</time>
        <extensions>
          <gpxtpx:TrackPointExtension>
            <gpxtpx:hr>157</gpxtpx:hr>
          </gpxtpx:TrackPointExtension>
        </extensions>
      </trkpt>
      <trkpt lat="32.06782130443152" lon="118.59324059904633">
        <ele>42.0</ele>
        <time>2026-09-24T12:39:01Z</time>
        <extensions>
          <gpxtpx:TrackPointExtension>
            <gpxtpx:hr>157</gpxtpx:hr>
          </gpxtpx:TrackPointExtension>
        </extensions>
      </trkpt>
      <trkpt lat="32.06783030573265" lon="118.59326359971493">
        <ele>42.9</ele>
        <time>2026-09-24T12:39:02Z</time>
        <extensions>
          <gpxtpx:TrackPointExtension>
            <gpxtpx:hr>158</gpxtpx:hr>
          </gpxtpx:TrackPointExtension>
        </extensions>
      </trkpt>
      <trkpt lat="32.06784130726407" lon="118.59329260054974">
        <ele>42.9</ele>
        <time>2026-09-24T12:39:03Z</time>
        <extensions>
          <gpxtpx:TrackPointExtension>
            <gpxtpx:hr>158</gpxtpx:hr>
          </gpxtpx:TrackPointExtension>
        </extensions>
      </trkpt>
      <trkpt lat="32.06785330904146" lon="118.5933196011289">
        <ele>42.9</ele>
        <time>2026-09-24T12:39:04Z</time>
        <extensions>
          <gpxtpx:TrackPointExtension>
            <gpxtpx:hr>158</gpxtpx:hr>
          </gpxtpx:TrackPointExtension>
        </extensions>
      </trkpt>
      <trkpt lat="32.06786431066746" lon="118.59334360158157">
        <ele>42.9</ele>
        <time>2026-09-24T12:39:05Z</time>
        <extensions>
          <gpxtpx:TrackPointExtension>
            <gpxtpx:hr>158</gpxtpx:hr>
          </gpxtpx:TrackPointExtension>
        </extensions>
      </trkpt>
      <trkpt lat="32.067878312856216" lon="118.59336960185017">
        <ele>42.9</ele>
        <time>2026-09-24T12:39:06Z</time>
        <extensions>
          <gpxtpx:TrackPointExtension>
            <gpxtpx:hr>158</gpxtpx:hr>
          </gpxtpx:TrackPointExtension>
        </extensions>
      </trkpt>
      <trkpt lat="32.06789031464836" lon="118.59339360214982">
        <ele>43.0</ele>
        <time>2026-09-24T12:39:07Z</time>
        <extensions>
          <gpxtpx:TrackPointExtension>
            <gpxtpx:hr>158</gpxtpx:hr>
          </gpxtpx:TrackPointExtension>
        </extensions>
      </trkpt>
      <trkpt lat="32.06790231648773" lon="118.59341560230787">
        <ele>43.0</ele>
        <time>2026-09-24T12:39:08Z</time>
        <extensions>
          <gpxtpx:TrackPointExtension>
            <gpxtpx:hr>158</gpxtpx:hr>
          </gpxtpx:TrackPointExtension>
        </extensions>
      </trkpt>
      <trkpt lat="32.06791731873839" lon="118.59344360249692">
        <ele>43.0</ele>
        <time>2026-09-24T12:39:09Z</time>
        <extensions>
          <gpxtpx:TrackPointExtension>
            <gpxtpx:hr>158</gpxtpx:hr>
          </gpxtpx:TrackPointExtension>
        </extensions>
      </trkpt>
      <trkpt lat="32.067931320774555" lon="118.59347060268213">
        <ele>43.0</ele>
        <time>2026-09-24T12:39:10Z</time>
        <extensions>
          <gpxtpx:TrackPointExtension>
            <gpxtpx:hr>158</gpxtpx:hr>
          </gpxtpx:TrackPointExtension>
        </extensions>
      </trkpt>
      <trkpt lat="32.067945322738964" lon="118.59349860288057">
        <ele>43.0</ele>
        <time>2026-09-24T12:39:11Z</time>
        <extensions>
          <gpxtpx:TrackPointExtension>
            <gpxtpx:hr>158</gpxtpx:hr>
          </gpxtpx:TrackPointExtension>
        </extensions>
      </trkpt>
      <trkpt lat="32.06795832445028" lon="118.59352660312803">
        <ele>43.0</ele>
        <time>2026-09-24T12:39:12Z</time>
        <extensions>
          <gpxtpx:TrackPointExtension>
            <gpxtpx:hr>160</gpxtpx:hr>
          </gpxtpx:TrackPointExtension>
        </extensions>
      </trkpt>
      <trkpt lat="32.06797032586623" lon="118.59355560347298">
        <ele>43.0</ele>
        <time>2026-09-24T12:39:13Z</time>
        <extensions>
          <gpxtpx:TrackPointExtension>
            <gpxtpx:hr>160</gpxtpx:hr>
          </gpxtpx:TrackPointExtension>
        </extensions>
      </trkpt>
      <trkpt lat="32.06798232711439" lon="118.59358760391432">
        <ele>43.0</ele>
        <time>2026-09-24T12:39:14Z</time>
        <extensions>
          <gpxtpx:TrackPointExtension>
            <gpxtpx:hr>160</gpxtpx:hr>
          </gpxtpx:TrackPointExtension>
        </extensions>
      </trkpt>
      <trkpt lat="32.06799132784169" lon="118.59361560439166">
        <ele>43.0</ele>
        <time>2026-09-24T12:39:15Z</time>
        <extensions>
          <gpxtpx:TrackPointExtension>
            <gpxtpx:hr>160</gpxtpx:hr>
          </gpxtpx:TrackPointExtension>
        </extensions>
      </trkpt>
      <trkpt lat="32.06800032853468" lon="118.59364360482793">
        <ele>43.0</ele>
        <time>2026-09-24T12:39:16Z</time>
        <extensions>
          <gpxtpx:TrackPointExtension>
            <gpxtpx:hr>160</gpxtpx:hr>
          </gpxtpx:TrackPointExtension>
        </extensions>
      </trkpt>
      <trkpt lat="32.06800732870854" lon="118.59367260544568">
        <ele>43.0</ele>
        <time>2026-09-24T12:39:17Z</time>
        <extensions>
          <gpxtpx:TrackPointExtension>
            <gpxtpx:hr>160</gpxtpx:hr>
          </gpxtpx:TrackPointExtension>
        </extensions>
      </trkpt>
      <trkpt lat="32.068012328310694" lon="118.59370360628105">
        <ele>43.0</ele>
        <time>2026-09-24T12:39:18Z</time>
        <extensions>
          <gpxtpx:TrackPointExtension>
            <gpxtpx:hr>160</gpxtpx:hr>
          </gpxtpx:TrackPointExtension>
        </extensions>
      </trkpt>
      <trkpt lat="32.068016327652124" lon="118.59373460715621">
        <ele>43.0</ele>
        <time>2026-09-24T12:39:19Z</time>
        <extensions>
          <gpxtpx:TrackPointExtension>
            <gpxtpx:hr>160</gpxtpx:hr>
          </gpxtpx:TrackPointExtension>
        </extensions>
      </trkpt>
      <trkpt lat="32.068021327118764" lon="118.59376660792837">
        <ele>43.0</ele>
        <time>2026-09-24T12:39:20Z</time>
        <extensions>
          <gpxtpx:TrackPointExtension>
            <gpxtpx:hr>160</gpxtpx:hr>
          </gpxtpx:TrackPointExtension>
        </extensions>
      </trkpt>
      <trkpt lat="32.06802732691799" lon="118.59379560844953">
        <ele>43.0</ele>
        <time>2026-09-24T12:39:21Z</time>
        <extensions>
          <gpxtpx:TrackPointExtension>
            <gpxtpx:hr>160</gpxtpx:hr>
          </gpxtpx:TrackPointExtension>
        </extensions>
      </trkpt>
      <trkpt lat="32.06803532771007" lon="118.5938136083656">
        <ele>43.0</ele>
        <time>2026-09-24T12:39:22Z</time>
        <extensions>
          <gpxtpx:TrackPointExtension>
            <gpxtpx:hr>160</gpxtpx:hr>
          </gpxtpx:TrackPointExtension>
        </extensions>
      </trkpt>
      <trkpt lat="32.068037327175716" lon="118.59383160880535">
        <ele>43.0</ele>
        <time>2026-09-24T12:39:23Z</time>
        <extensions>
          <gpxtpx:TrackPointExtension>
            <gpxtpx:hr>160</gpxtpx:hr>
          </gpxtpx:TrackPointExtension>
        </extensions>
      </trkpt>
      <trkpt lat="32.068027323448845" lon="118.59385961063703">
        <ele>43.0</ele>
        <time>2026-09-24T12:39:24Z</time>
        <extensions>
          <gpxtpx:TrackPointExtension>
            <gpxtpx:hr>160</gpxtpx:hr>
          </gpxtpx:TrackPointExtension>
        </extensions>
      </trkpt>
      <trkpt lat="32.06802031977342" lon="118.59389761246517">
        <ele>43.0</ele>
        <time>2026-09-24T12:39:25Z</time>
        <extensions>
          <gpxtpx:TrackPointExtension>
            <gpxtpx:hr>160</gpxtpx:hr>
          </gpxtpx:TrackPointExtension>
        </extensions>
      </trkpt>
      <trkpt lat="32.06801931758256" lon="118.59393161356266">
        <ele>43.0</ele>
        <time>2026-09-24T12:39:26Z</time>
        <extensions>
          <gpxtpx:TrackPointExtension>
            <gpxtpx:hr>160</gpxtpx:hr>
          </gpxtpx:TrackPointExtension>
        </extensions>
      </trkpt>
      <trkpt lat="32.06801831564186" lon="118.59396061446425">
        <ele>43.1</ele>
        <time>2026-09-24T12:39:27Z</time>
        <extensions>
          <gpxtpx:TrackPointExtension>
            <gpxtpx:hr>160</gpxtpx:hr>
          </gpxtpx:TrackPointExtension>
        </extensions>
      </trkpt>
      <trkpt lat="32.06801531304298" lon="118.59399261557895">
        <ele>43.1</ele>
        <time>2026-09-24T12:39:28Z</time>
        <extensions>
          <gpxtpx:TrackPointExtension>
            <gpxtpx:hr>160</gpxtpx:hr>
          </gpxtpx:TrackPointExtension>
        </extensions>
      </trkpt>
      <trkpt lat="32.06800930974326" lon="118.59402461691043">
        <ele>43.1</ele>
        <time>2026-09-24T12:39:29Z</time>
        <extensions>
          <gpxtpx:TrackPointExtension>
            <gpxtpx:hr>160</gpxtpx:hr>
          </gpxtpx:TrackPointExtension>
        </extensions>
      </trkpt>
      <trkpt lat="32.06800130608972" lon="118.59405461832408">
        <ele>43.1</ele>
        <time>2026-09-24T12:39:30Z</time>
        <extensions>
          <gpxtpx:TrackPointExtension>
            <gpxtpx:hr>160</gpxtpx:hr>
          </gpxtpx:TrackPointExtension>
        </extensions>
      </trkpt>
      <trkpt lat="32.06799030174073" lon="118.59408461996101">
        <ele>43.1</ele>
        <time>2026-09-24T12:39:31Z</time>
        <extensions>
          <gpxtpx:TrackPointExtension>
            <gpxtpx:hr>160</gpxtpx:hr>
          </gpxtpx:TrackPointExtension>
        </extensions>
      </trkpt>
      <trkpt lat="32.06797829759976" lon="118.59410762150549">
        <ele>43.1</ele>
        <time>2026-09-24T12:39:32Z</time>
        <extensions>
          <gpxtpx:TrackPointExtension>
            <gpxtpx:hr>160</gpxtpx:hr>
          </gpxtpx:TrackPointExtension>
        </extensions>
      </trkpt>
      <trkpt lat="32.06796829407523" lon="118.59412762278687">
        <ele>43.1</ele>
        <time>2026-09-24T12:39:33Z</time>
        <extensions>
          <gpxtpx:TrackPointExtension>
            <gpxtpx:hr>160</gpxtpx:hr>
          </gpxtpx:TrackPointExtension>
        </extensions>
      </trkpt>
      <trkpt lat="32.067961290848025" lon="118.59415262386368">
        <ele>43.1</ele>
        <time>2026-09-24T12:39:34Z</time>
        <extensions>
          <gpxtpx:TrackPointExtension>
            <gpxtpx:hr>160</gpxtpx:hr>
          </gpxtpx:TrackPointExtension>
        </extensions>
      </trkpt>
      <trkpt lat="32.06795128644993" lon="118.59418462528804">
        <ele>43.1</ele>
        <time>2026-09-24T12:39:35Z</time>
        <extensions>
          <gpxtpx:TrackPointExtension>
            <gpxtpx:hr>160</gpxtpx:hr>
          </gpxtpx:TrackPointExtension>
        </extensions>
      </trkpt>
      <trkpt lat="32.06793728120336" lon="118.59421562700545">
        <ele>43.1</ele>
        <time>2026-09-24T12:39:36Z</time>
        <extensions>
          <gpxtpx:TrackPointExtension>
            <gpxtpx:hr>160</gpxtpx:hr>
          </gpxtpx:TrackPointExtension>
        </extensions>
      </trkpt>
      <trkpt lat="32.067921275404835" lon="118.59424762886516">
        <ele>43.3</ele>
        <time>2026-09-24T12:39:37Z</time>
        <extensions>
          <gpxtpx:TrackPointExtension>
            <gpxtpx:hr>161</gpxtpx:hr>
          </gpxtpx:TrackPointExtension>
        </extensions>
      </trkpt>
      <trkpt lat="32.06790526978318" lon="118.59427663063948">
        <ele>43.3</ele>
        <time>2026-09-24T12:39:38Z</time>
        <extensions>
          <gpxtpx:TrackPointExtension>
            <gpxtpx:hr>161</gpxtpx:hr>
          </gpxtpx:TrackPointExtension>
        </extensions>
      </trkpt>
      <trkpt lat="32.06788926419983" lon="118.59430463236068">
        <ele>43.3</ele>
        <time>2026-09-24T12:39:39Z</time>
        <extensions>
          <gpxtpx:TrackPointExtension>
            <gpxtpx:hr>161</gpxtpx:hr>
          </gpxtpx:TrackPointExtension>
        </extensions>
      </trkpt>
      <trkpt lat="32.06787125799216" lon="118.59433463423663">
        <ele>43.3</ele>
        <time>2026-09-24T12:39:40Z</time>
        <extensions>
          <gpxtpx:TrackPointExtension>
            <gpxtpx:hr>161</gpxtpx:hr>
          </gpxtpx:TrackPointExtension>
        </extensions>
      </trkpt>
      <trkpt lat="32.06785525264769" lon="118.59435863584774">
        <ele>43.3</ele>
        <time>2026-09-24T12:39:41Z</time>
        <extensions>
          <gpxtpx:TrackPointExtension>
            <gpxtpx:hr>161</gpxtpx:hr>
          </gpxtpx:TrackPointExtension>
        </extensions>
      </trkpt>
      <trkpt lat="32.067839247199615" lon="118.59438363743395">
        <ele>43.4</ele>
        <time>2026-09-24T12:39:42Z</time>
        <extensions>
          <gpxtpx:TrackPointExtension>
            <gpxtpx:hr>161</gpxtpx:hr>
          </gpxtpx:TrackPointExtension>
        </extensions>
      </trkpt>
      <trkpt lat="32.067824241863455" lon="118.59440963890124">
        <ele>43.4</ele>
        <time>2026-09-24T12:39:43Z</time>
        <extensions>
          <gpxtpx:TrackPointExtension>
            <gpxtpx:hr>161</gpxtpx:hr>
          </gpxtpx:TrackPointExtension>
        </extensions>
      </trkpt>
      <trkpt lat="32.0678122369926" lon="118.59443764006771">
        <ele>43.4</ele>
        <time>2026-09-24T12:39:44Z</time>
        <extensions>
          <gpxtpx:TrackPointExtension>
            <gpxtpx:hr>161</gpxtpx:hr>
          </gpxtpx:TrackPointExtension>
        </extensions>
      </trkpt>
      <trkpt lat="32.067802232525125" lon="118.59446564101307">
        <ele>43.4</ele>
        <time>2026-09-24T12:39:45Z</time>
        <extensions>
          <gpxtpx:TrackPointExtension>
            <gpxtpx:hr>161</gpxtpx:hr>
          </gpxtpx:TrackPointExtension>
        </extensions>
      </trkpt>
      <trkpt lat="32.06779522859659" lon="118.5944946416466">
        <ele>43.4</ele>
        <time>2026-09-24T12:39:46Z</time>
        <extensions>
          <gpxtpx:TrackPointExtension>
            <gpxtpx:hr>161</gpxtpx:hr>
          </gpxtpx:TrackPointExtension>
        </extensions>
      </trkpt>
      <trkpt lat="32.067788224546845" lon="118.5945246422341">
        <ele>43.4</ele>
        <time>2026-09-24T12:39:47Z</time>
        <extensions>
          <gpxtpx:TrackPointExtension>
            <gpxtpx:hr>162</gpxtpx:hr>
          </gpxtpx:TrackPointExtension>
        </extensions>
      </trkpt>
      <trkpt lat="32.06778422120017" lon="118.59455364250812">
        <ele>43.4</ele>
        <time>2026-09-24T12:39:48Z</time>
        <extensions>
          <gpxtpx:TrackPointExtension>
            <gpxtpx:hr>162</gpxtpx:hr>
          </gpxtpx:TrackPointExtension>
        </extensions>
      </trkpt>
      <trkpt lat="32.06778221816732" lon="118.5945836425528">
        <ele>43.4</ele>
        <time>2026-09-24T12:39:49Z</time>
        <extensions>
          <gpxtpx:TrackPointExtension>
            <gpxtpx:hr>162</gpxtpx:hr>
          </gpxtpx:TrackPointExtension>
        </extensions>
      </trkpt>
      <trkpt lat="32.067781215402555" lon="118.59461264246733">
        <ele>43.4</ele>
        <time>2026-09-24T12:39:50Z</time>
        <extensions>
          <gpxtpx:TrackPointExtension>
            <gpxtpx:hr>162</gpxtpx:hr>
          </gpxtpx:TrackPointExtension>
        </extensions>
      </trkpt>
      <trkpt lat="32.06778221285932" lon="118.59464364214108">
        <ele>43.4</ele>
        <time>2026-09-24T12:39:51Z</time>
        <extensions>
          <gpxtpx:TrackPointExtension>
            <gpxtpx:hr>162</gpxtpx:hr>
          </gpxtpx:TrackPointExtension>
        </extensions>
      </trkpt>
      <trkpt lat="32.067783210365384" lon="118.59467364177475">
        <ele>43.5</ele>
        <time>2026-09-24T12:39:52Z</time>
        <extensions>
          <gpxtpx:TrackPointExtension>
            <gpxtpx:hr>162</gpxtpx:hr>
          </gpxtpx:TrackPointExtension>
        </extensions>
      </trkpt>
      <trkpt lat="32.06778720858103" lon="118.59470264110276">
        <ele>43.5</ele>
        <time>2026-09-24T12:39:53Z</time>
        <extensions>
          <gpxtpx:TrackPointExtension>
            <gpxtpx:hr>162</gpxtpx:hr>
          </gpxtpx:TrackPointExtension>
        </extensions>
      </trkpt>
      <trkpt lat="32.06779420760357" lon="118.59472964014257">
        <ele>43.5</ele>
        <time>2026-09-24T12:39:54Z</time>
        <extensions>
          <gpxtpx:TrackPointExtension>
            <gpxtpx:hr>162</gpxtpx:hr>
          </gpxtpx:TrackPointExtension>
        </extensions>
      </trkpt>
      <trkpt lat="32.06780520756419" lon="118.59475563879829">
        <ele>43.5</ele>
        <time>2026-09-24T12:39:55Z</time>
        <extensions>
          <gpxtpx:TrackPointExtension>
            <gpxtpx:hr>162</gpxtpx:hr>
          </gpxtpx:TrackPointExtension>
        </extensions>
      </trkpt>
      <trkpt lat="32.06782020846625" lon="118.59478063707398">
        <ele>43.5</ele>
        <time>2026-09-24T12:39:56Z</time>
        <extensions>
          <gpxtpx:TrackPointExtension>
            <gpxtpx:hr>162</gpxtpx:hr>
          </gpxtpx:TrackPointExtension>
        </extensions>
      </trkpt>
      <trkpt lat="32.0678382099974" lon="118.59480563504682">
        <ele>43.0</ele>
        <time>2026-09-24T12:39:57Z</time>
        <extensions>
          <gpxtpx:TrackPointExtension>
            <gpxtpx:hr>161</gpxtpx:hr>
          </gpxtpx:TrackPointExtension>
        </extensions>
      </trkpt>
      <trkpt lat="32.0678572121113" lon="118.59482663296924">
        <ele>43.0</ele>
        <time>2026-09-24T12:39:58Z</time>
        <extensions>
          <gpxtpx:TrackPointExtension>
            <gpxtpx:hr>161</gpxtpx:hr>
          </gpxtpx:TrackPointExtension>
        </extensions>
      </trkpt>
      <trkpt lat="32.06787821493916" lon="118.59484463074546">
        <ele>43.0</ele>
        <time>2026-09-24T12:39:59Z</time>
        <extensions>
          <gpxtpx:TrackPointExtension>
            <gpxtpx:hr>161</gpxtpx:hr>
          </gpxtpx:TrackPointExtension>
        </extensions>
      </trkpt>
      <trkpt lat="32.06790021817005" lon="118.59486062845421">
        <ele>43.0</ele>
        <time>2026-09-24T12:40:00Z</time>
        <extensions>
          <gpxtpx:TrackPointExtension>
            <gpxtpx:hr>161</gpxtpx:hr>
          </gpxtpx:TrackPointExtension>
        </extensions>
      </trkpt>
      <trkpt lat="32.06791922133206" lon="118.5948706265424">
        <ele>43.0</ele>
        <time>2026-09-24T12:40:01Z</time>
        <extensions>
          <gpxtpx:TrackPointExtension>
            <gpxtpx:hr>161</gpxtpx:hr>
          </gpxtpx:TrackPointExtension>
        </extensions>
      </trkpt>
      <trkpt lat="32.06794622623952" lon="118.59488062390456">
        <ele>43.6</ele>
        <time>2026-09-24T12:40:02Z</time>
        <extensions>
          <gpxtpx:TrackPointExtension>
            <gpxtpx:hr>162</gpxtpx:hr>
          </gpxtpx:TrackPointExtension>
        </extensions>
      </trkpt>
      <trkpt lat="32.06797623209992" lon="118.59488762105482">
        <ele>43.6</ele>
        <time>2026-09-24T12:40:03Z</time>
        <extensions>
          <gpxtpx:TrackPointExtension>
            <gpxtpx:hr>162</gpxtpx:hr>
          </gpxtpx:TrackPointExtension>
        </extensions>
      </trkpt>
      <trkpt lat="32.06800023704797" lon="118.59489061882873">
        <ele>43.6</ele>
        <time>2026-09-24T12:40:04Z</time>
        <extensions>
          <gpxtpx:TrackPointExtension>
            <gpxtpx:hr>162</gpxtpx:hr>
          </gpxtpx:TrackPointExtension>
        </extensions>
      </trkpt>
      <trkpt lat="32.06802624303594" lon="118.59488761654968">
        <ele>43.6</ele>
        <time>2026-09-24T12:40:05Z</time>
        <extensions>
          <gpxtpx:TrackPointExtension>
            <gpxtpx:hr>162</gpxtpx:hr>
          </gpxtpx:TrackPointExtension>
        </extensions>
      </trkpt>
      <trkpt lat="32.068050248686106" lon="118.59488361447134">
        <ele>43.6</ele>
        <time>2026-09-24T12:40:06Z</time>
        <extensions>
          <gpxtpx:TrackPointExtension>
            <gpxtpx:hr>162</gpxtpx:hr>
          </gpxtpx:TrackPointExtension>
        </extensions>
      </trkpt>
      <trkpt lat="32.068075254953875" lon="118.5948756123845">
        <ele>43.7</ele>
        <time>2026-09-24T12:40:07Z</time>
        <extensions>
          <gpxtpx:TrackPointExtension>
            <gpxtpx:hr>162</gpxtpx:hr>
          </gpxtpx:TrackPointExtension>
        </extensions>
      </trkpt>
      <trkpt lat="32.06810226195438" lon="118.59486461017416">
        <ele>43.7</ele>
        <time>2026-09-24T12:40:08Z</time>
        <extensions>
          <gpxtpx:TrackPointExtension>
            <gpxtpx:hr>162</gpxtpx:hr>
          </gpxtpx:TrackPointExtension>
        </extensions>
      </trkpt>
      <trkpt lat="32.06812526817355" lon="118.59485260833728">
        <ele>43.7</ele>
        <time>2026-09-24T12:40:09Z</time>
        <extensions>
          <gpxtpx:TrackPointExtension>
            <gpxtpx:hr>162</gpxtpx:hr>
          </gpxtpx:TrackPointExtension>
        </extensions>
      </trkpt>
      <trkpt lat="32.06814727456064" lon="118.59483660665732">
        <ele>43.7</ele>
        <time>2026-09-24T12:40:10Z</time>
        <extensions>
          <gpxtpx:TrackPointExtension>
            <gpxtpx:hr>162</gpxtpx:hr>
          </gpxtpx:TrackPointExtension>
        </extensions>
      </trkpt>
      <trkpt lat="32.06816728088862" lon="118.59481660521442">
        <ele>43.7</ele>
        <time>2026-09-24T12:40:11Z</time>
        <extensions>
          <gpxtpx:TrackPointExtension>
            <gpxtpx:hr>162</gpxtpx:hr>
          </gpxtpx:TrackPointExtension>
        </extensions>
      </trkpt>
      <trkpt lat="32.06818528724335" lon="118.59479160401222">
        <ele>43.8</ele>
        <time>2026-09-24T12:40:12Z</time>
        <extensions>
          <gpxtpx:TrackPointExtension>
            <gpxtpx:hr>162</gpxtpx:hr>
          </gpxtpx:TrackPointExtension>
        </extensions>
      </trkpt>
      <trkpt lat="32.068201293133505" lon="118.59476660295768">
        <ele>43.8</ele>
        <time>2026-09-24T12:40:13Z</time>
        <extensions>
          <gpxtpx:TrackPointExtension>
            <gpxtpx:hr>162</gpxtpx:hr>
          </gpxtpx:TrackPointExtension>
        </extensions>
      </trkpt>
      <trkpt lat="32.06821129721378" lon="118.5947466023429">
        <ele>43.8</ele>
        <time>2026-09-24T12:40:14Z</time>
        <extensions>
          <gpxtpx:TrackPointExtension>
            <gpxtpx:hr>162</gpxtpx:hr>
          </gpxtpx:TrackPointExtension>
        </extensions>
      </trkpt>
      <trkpt lat="32.06822130146331" lon="118.59472460173268">
        <ele>43.8</ele>
        <time>2026-09-24T12:40:15Z</time>
        <extensions>
          <gpxtpx:TrackPointExtension>
            <gpxtpx:hr>162</gpxtpx:hr>
          </gpxtpx:TrackPointExtension>
        </extensions>
      </trkpt>
      <trkpt lat="32.06823330640587" lon="118.59469960095133">
        <ele>43.8</ele>
        <time>2026-09-24T12:40:16Z</time>
        <extensions>
          <gpxtpx:TrackPointExtension>
            <gpxtpx:hr>162</gpxtpx:hr>
          </gpxtpx:TrackPointExtension>
        </extensions>
      </trkpt>
      <trkpt lat="32.06824631217664" lon="118.59466760011631">
        <ele>43.8</ele>
        <time>2026-09-24T12:40:17Z</time>
        <extensions>
          <gpxtpx:TrackPointExtension>
            <gpxtpx:hr>163</gpxtpx:hr>
          </gpxtpx:TrackPointExtension>
        </extensions>
      </trkpt>
      <trkpt lat="32.06825731710749" lon="118.5946395993757">
        <ele>43.8</ele>
        <time>2026-09-24T12:40:18Z</time>
        <extensions>
          <gpxtpx:TrackPointExtension>
            <gpxtpx:hr>163</gpxtpx:hr>
          </gpxtpx:TrackPointExtension>
        </extensions>
      </trkpt>
      <trkpt lat="32.06826732152022" lon="118.59461459866384">
        <ele>43.8</ele>
        <time>2026-09-24T12:40:19Z</time>
        <extensions>
          <gpxtpx:TrackPointExtension>
            <gpxtpx:hr>163</gpxtpx:hr>
          </gpxtpx:TrackPointExtension>
        </extensions>
      </trkpt>
      <trkpt lat="32.06828032691098" lon="118.59458559767111">
        <ele>43.8</ele>
        <time>2026-09-24T12:40:20Z</time>
        <extensions>
          <gpxtpx:TrackPointExtension>
            <gpxtpx:hr>163</gpxtpx:hr>
          </gpxtpx:TrackPointExtension>
        </extensions>
      </trkpt>
      <trkpt lat="32.068292332046454" lon="118.59455659672464">
        <ele>43.8</ele>
        <time>2026-09-24T12:40:21Z</time>
        <extensions>
          <gpxtpx:TrackPointExtension>
            <gpxtpx:hr>163</gpxtpx:hr>
          </gpxtpx:TrackPointExtension>
        </extensions>
      </trkpt>
      <trkpt lat="32.06830333658742" lon="118.59453159581452">
        <ele>43.8</ele>
        <time>2026-09-24T12:40:22Z</time>
        <extensions>
          <gpxtpx:TrackPointExtension>
            <gpxtpx:hr>162</gpxtpx:hr>
          </gpxtpx:TrackPointExtension>
        </extensions>
      </trkpt>
      <trkpt lat="32.068315341403554" lon="118.59450559478296">
        <ele>43.8</ele>
        <time>2026-09-24T12:40:23Z</time>
        <extensions>
          <gpxtpx:TrackPointExtension>
            <gpxtpx:hr>162</gpxtpx:hr>
          </gpxtpx:TrackPointExtension>
        </extensions>
      </trkpt>
      <trkpt lat="32.068325345422096" lon="118.59448359389644">
        <ele>43.8</ele>
        <time>2026-09-24T12:40:24Z</time>
        <extensions>
          <gpxtpx:TrackPointExtension>
            <gpxtpx:hr>162</gpxtpx:hr>
          </gpxtpx:TrackPointExtension>
        </extensions>
      </trkpt>
      <trkpt lat="32.06833534966489" lon="118.59445859298124">
        <ele>43.8</ele>
        <time>2026-09-24T12:40:25Z</time>
        <extensions>
          <gpxtpx:TrackPointExtension>
            <gpxtpx:hr>162</gpxtpx:hr>
          </gpxtpx:TrackPointExtension>
        </extensions>
      </trkpt>
      <trkpt lat="32.068346354099056" lon="118.59443359194336">
        <ele>43.8</ele>
        <time>2026-09-24T12:40:26Z</time>
        <extensions>
          <gpxtpx:TrackPointExtension>
            <gpxtpx:hr>162</gpxtpx:hr>
          </gpxtpx:TrackPointExtension>
        </extensions>
      </trkpt>
      <trkpt lat="32.06835835896302" lon="118.59440559077105">
        <ele>43.7</ele>
        <time>2026-09-24T12:40:27Z</time>
        <extensions>
          <gpxtpx:TrackPointExtension>
            <gpxtpx:hr>164</gpxtpx:hr>
          </gpxtpx:TrackPointExtension>
        </extensions>
      </trkpt>
      <trkpt lat="32.06836936357417" lon="118.59437758964793">
        <ele>43.7</ele>
        <time>2026-09-24T12:40:28Z</time>
        <extensions>
          <gpxtpx:TrackPointExtension>
            <gpxtpx:hr>164</gpxtpx:hr>
          </gpxtpx:TrackPointExtension>
        </extensions>
      </trkpt>
      <trkpt lat="32.068383368729954" lon="118.59435058822048">
        <ele>43.7</ele>
        <time>2026-09-24T12:40:29Z</time>
        <extensions>
          <gpxtpx:TrackPointExtension>
            <gpxtpx:hr>164</gpxtpx:hr>
          </gpxtpx:TrackPointExtension>
        </extensions>
      </trkpt>
      <trkpt lat="32.06839837407251" lon="118.59432358666488">
        <ele>43.7</ele>
        <time>2026-09-24T12:40:30Z</time>
        <extensions>
          <gpxtpx:TrackPointExtension>
            <gpxtpx:hr>164</gpxtpx:hr>
          </gpxtpx:TrackPointExtension>
        </extensions>
      </trkpt>
      <trkpt lat="32.06841337938323" lon="118.59429658507125">
        <ele>43.7</ele>
        <time>2026-09-24T12:40:31Z</time>
        <extensions>
          <gpxtpx:TrackPointExtension>
            <gpxtpx:hr>164</gpxtpx:hr>
          </gpxtpx:TrackPointExtension>
        </extensions>
      </trkpt>
      <trkpt lat="32.06842938473364" lon="118.59427158337151">
        <ele>43.7</ele>
        <time>2026-09-24T12:40:32Z</time>
        <extensions>
          <gpxtpx:TrackPointExtension>
            <gpxtpx:hr>164</gpxtpx:hr>
          </gpxtpx:TrackPointExtension>
        </extensions>
      </trkpt>
      <trkpt lat="32.068443389329275" lon="118.59425058186805">
        <ele>43.7</ele>
        <time>2026-09-24T12:40:33Z</time>
        <extensions>
          <gpxtpx:TrackPointExtension>
            <gpxtpx:hr>164</gpxtpx:hr>
          </gpxtpx:TrackPointExtension>
        </extensions>
      </trkpt>
      <trkpt lat="32.06845839398063" lon="118.59423158027771">
        <ele>43.7</ele>
        <time>2026-09-24T12:40:34Z</time>
        <extensions>
          <gpxtpx:TrackPointExtension>
            <gpxtpx:hr>164</gpxtpx:hr>
          </gpxtpx:TrackPointExtension>
        </extensions>
      </trkpt>
      <trkpt lat="32.06847739963237" lon="118.59421057827987">
        <ele>43.7</ele>
        <time>2026-09-24T12:40:35Z</time>
        <extensions>
          <gpxtpx:TrackPointExtension>
            <gpxtpx:hr>164</gpxtpx:hr>
          </gpxtpx:TrackPointExtension>
        </extensions>
      </trkpt>
      <trkpt lat="32.068500406418686" lon="118.59418557583716">
        <ele>43.7</ele>
        <time>2026-09-24T12:40:36Z</time>
        <extensions>
          <gpxtpx:TrackPointExtension>
            <gpxtpx:hr>164</gpxtpx:hr>
          </gpxtpx:TrackPointExtension>
        </extensions>
      </trkpt>
      <trkpt lat="32.068519412096954" lon="118.59416357377229">
        <ele>43.8</ele>
        <time>2026-09-24T12:40:37Z</time>
        <extensions>
          <gpxtpx:TrackPointExtension>
            <gpxtpx:hr>164</gpxtpx:hr>
          </gpxtpx:TrackPointExtension>
        </extensions>
      </trkpt>
      <trkpt lat="32.06853641697682" lon="118.59414657195052">
        <ele>43.8</ele>
        <time>2026-09-24T12:40:38Z</time>
        <extensions>
          <gpxtpx:TrackPointExtension>
            <gpxtpx:hr>164</gpxtpx:hr>
          </gpxtpx:TrackPointExtension>
        </extensions>
      </trkpt>
      <trkpt lat="32.06855742292012" lon="118.59412656969782">
        <ele>43.8</ele>
        <time>2026-09-24T12:40:39Z</time>
        <extensions>
          <gpxtpx:TrackPointExtension>
            <gpxtpx:hr>164</gpxtpx:hr>
          </gpxtpx:TrackPointExtension>
        </extensions>
      </trkpt>
      <trkpt lat="32.06857942913074" lon="118.59410556731451">
        <ele>43.8</ele>
        <time>2026-09-24T12:40:40Z</time>
        <extensions>
          <gpxtpx:TrackPointExtension>
            <gpxtpx:hr>164</gpxtpx:hr>
          </gpxtpx:TrackPointExtension>
        </extensions>
      </trkpt>
      <trkpt lat="32.06859843446992" lon="118.59408756524046">
        <ele>43.8</ele>
        <time>2026-09-24T12:40:41Z</time>
        <extensions>
          <gpxtpx:TrackPointExtension>
            <gpxtpx:hr>164</gpxtpx:hr>
          </gpxtpx:TrackPointExtension>
        </extensions>
      </trkpt>
      <trkpt lat="32.06862044064453" lon="118.59406656281435">
        <ele>43.9</ele>
        <time>2026-09-24T12:40:42Z</time>
        <extensions>
          <gpxtpx:TrackPointExtension>
            <gpxtpx:hr>165</gpxtpx:hr>
          </gpxtpx:TrackPointExtension>
        </extensions>
      </trkpt>
      <trkpt lat="32.06864144651748" lon="118.59404656047806">
        <ele>43.9</ele>
        <time>2026-09-24T12:40:43Z</time>
        <extensions>
          <gpxtpx:TrackPointExtension>
            <gpxtpx:hr>165</gpxtpx:hr>
          </gpxtpx:TrackPointExtension>
        </extensions>
      </trkpt>
      <trkpt lat="32.06866345252845" lon="118.5940275580545">
        <ele>43.9</ele>
        <time>2026-09-24T12:40:44Z</time>
        <extensions>
          <gpxtpx:TrackPointExtension>
            <gpxtpx:hr>165</gpxtpx:hr>
          </gpxtpx:TrackPointExtension>
        </extensions>
      </trkpt>
      <trkpt lat="32.0686854583992" lon="118.5940105556614">
        <ele>43.9</ele>
        <time>2026-09-24T12:40:45Z</time>
        <extensions>
          <gpxtpx:TrackPointExtension>
            <gpxtpx:hr>165</gpxtpx:hr>
          </gpxtpx:TrackPointExtension>
        </extensions>
      </trkpt>
      <trkpt lat="32.06871046478969" lon="118.59399555303379">
        <ele>43.9</ele>
        <time>2026-09-24T12:40:46Z</time>
        <extensions>
          <gpxtpx:TrackPointExtension>
            <gpxtpx:hr>165</gpxtpx:hr>
          </gpxtpx:TrackPointExtension>
        </extensions>
      </trkpt>
      <trkpt lat="32.06873647132773" lon="118.59398155033044">
        <ele>44.0</ele>
        <time>2026-09-24T12:40:47Z</time>
        <extensions>
          <gpxtpx:TrackPointExtension>
            <gpxtpx:hr>164</gpxtpx:hr>
          </gpxtpx:TrackPointExtension>
        </extensions>
      </trkpt>
      <trkpt lat="32.06876247779667" lon="118.59396854764368">
        <ele>44.0</ele>
        <time>2026-09-24T12:40:48Z</time>
        <extensions>
          <gpxtpx:TrackPointExtension>
            <gpxtpx:hr>164</gpxtpx:hr>
          </gpxtpx:TrackPointExtension>
        </extensions>
      </trkpt>
      <trkpt lat="32.06878948441667" lon="118.59395654488543">
        <ele>44.0</ele>
        <time>2026-09-24T12:40:49Z</time>
        <extensions>
          <gpxtpx:TrackPointExtension>
            <gpxtpx:hr>164</gpxtpx:hr>
          </gpxtpx:TrackPointExtension>
        </extensions>
      </trkpt>
      <trkpt lat="32.068811489819126" lon="118.5939465426262">
        <ele>44.0</ele>
        <time>2026-09-24T12:40:50Z</time>
        <extensions>
          <gpxtpx:TrackPointExtension>
            <gpxtpx:hr>164</gpxtpx:hr>
          </gpxtpx:TrackPointExtension>
        </extensions>
      </trkpt>
      <trkpt lat="32.06883749620872" lon="118.59393453994426">
        <ele>44.0</ele>
        <time>2026-09-24T12:40:51Z</time>
        <extensions>
          <gpxtpx:TrackPointExtension>
            <gpxtpx:hr>164</gpxtpx:hr>
          </gpxtpx:TrackPointExtension>
        </extensions>
      </trkpt>
      <trkpt lat="32.06886450292688" lon="118.59392053710614">
        <ele>44.1</ele>
        <time>2026-09-24T12:40:52Z</time>
        <extensions>
          <gpxtpx:TrackPointExtension>
            <gpxtpx:hr>164</gpxtpx:hr>
          </gpxtpx:TrackPointExtension>
        </extensions>
      </trkpt>
      <trkpt lat="32.0688895091417" lon="118.59390753446802">
        <ele>44.1</ele>
        <time>2026-09-24T12:40:53Z</time>
        <extensions>
          <gpxtpx:TrackPointExtension>
            <gpxtpx:hr>164</gpxtpx:hr>
          </gpxtpx:TrackPointExtension>
        </extensions>
      </trkpt>
      <trkpt lat="32.06891351513052" lon="118.59389453191116">
        <ele>44.1</ele>
        <time>2026-09-24T12:40:54Z</time>
        <extensions>
          <gpxtpx:TrackPointExtension>
            <gpxtpx:hr>164</gpxtpx:hr>
          </gpxtpx:TrackPointExtension>
        </extensions>
      </trkpt>
      <trkpt lat="32.068937521055176" lon="118.59388252937678">
        <ele>44.1</ele>
        <time>2026-09-24T12:40:55Z</time>
        <extensions>
          <gpxtpx:TrackPointExtension>
            <gpxtpx:hr>164</gpxtpx:hr>
          </gpxtpx:TrackPointExtension>
        </extensions>
      </trkpt>
      <trkpt lat="32.06895752598746" lon="118.59387252725905">
        <ele>44.1</ele>
        <time>2026-09-24T12:40:56Z</time>
        <extensions>
          <gpxtpx:TrackPointExtension>
            <gpxtpx:hr>164</gpxtpx:hr>
          </gpxtpx:TrackPointExtension>
        </extensions>
      </trkpt>
      <trkpt lat="32.06897853130066" lon="118.5938595249487">
        <ele>43.0</ele>
        <time>2026-09-24T12:40:57Z</time>
        <extensions>
          <gpxtpx:TrackPointExtension>
            <gpxtpx:hr>164</gpxtpx:hr>
          </gpxtpx:TrackPointExtension>
        </extensions>
      </trkpt>
      <trkpt lat="32.06900453797298" lon="118.5938415220124">
        <ele>43.0</ele>
        <time>2026-09-24T12:40:58Z</time>
        <extensions>
          <gpxtpx:TrackPointExtension>
            <gpxtpx:hr>164</gpxtpx:hr>
          </gpxtpx:TrackPointExtension>
        </extensions>
      </trkpt>
      <trkpt lat="32.069028544356044" lon="118.59382051913597">
        <ele>43.0</ele>
        <time>2026-09-24T12:40:59Z</time>
        <extensions>
          <gpxtpx:TrackPointExtension>
            <gpxtpx:hr>164</gpxtpx:hr>
          </gpxtpx:TrackPointExtension>
        </extensions>
      </trkpt>
      <trkpt lat="32.06904855000488" lon="118.5937965164897">
        <ele>43.0</ele>
        <time>2026-09-24T12:41:00Z</time>
        <extensions>
          <gpxtpx:TrackPointExtension>
            <gpxtpx:hr>164</gpxtpx:hr>
          </gpxtpx:TrackPointExtension>
        </extensions>
      </trkpt>
      <trkpt lat="32.06906455480668" lon="118.59377151413666">
        <ele>43.0</ele>
        <time>2026-09-24T12:41:01Z</time>
        <extensions>
          <gpxtpx:TrackPointExtension>
            <gpxtpx:hr>164</gpxtpx:hr>
          </gpxtpx:TrackPointExtension>
        </extensions>
      </trkpt>
      <trkpt lat="32.069076558198724" lon="118.59375651249287">
        <ele>44.2</ele>
        <time>2026-09-24T12:41:02Z</time>
        <extensions>
          <gpxtpx:TrackPointExtension>
            <gpxtpx:hr>164</gpxtpx:hr>
          </gpxtpx:TrackPointExtension>
        </extensions>
      </trkpt>
      <trkpt lat="32.06909356257177" lon="118.59374351046404">
        <ele>44.2</ele>
        <time>2026-09-24T12:41:03Z</time>
        <extensions>
          <gpxtpx:TrackPointExtension>
            <gpxtpx:hr>164</gpxtpx:hr>
          </gpxtpx:TrackPointExtension>
        </extensions>
      </trkpt>
      <trkpt lat="32.0691175687152" lon="118.5937255075987">
        <ele>44.2</ele>
        <time>2026-09-24T12:41:04Z</time>
        <extensions>
          <gpxtpx:TrackPointExtension>
            <gpxtpx:hr>164</gpxtpx:hr>
          </gpxtpx:TrackPointExtension>
        </extensions>
      </trkpt>
      <trkpt lat="32.069142575452965" lon="118.59369950430094">
        <ele>44.2</ele>
        <time>2026-09-24T12:41:05Z</time>
        <extensions>
          <gpxtpx:TrackPointExtension>
            <gpxtpx:hr>164</gpxtpx:hr>
          </gpxtpx:TrackPointExtension>
        </extensions>
      </trkpt>
      <trkpt lat="32.06916258121147" lon="118.5936705012914">
        <ele>44.2</ele>
        <time>2026-09-24T12:41:06Z</time>
        <extensions>
          <gpxtpx:TrackPointExtension>
            <gpxtpx:hr>164</gpxtpx:hr>
          </gpxtpx:TrackPointExtension>
        </extensions>
      </trkpt>
      <trkpt lat="32.069181586668655" lon="118.59364249837179">
        <ele>44.2</ele>
        <time>2026-09-24T12:41:07Z</time>
        <extensions>
          <gpxtpx:TrackPointExtension>
            <gpxtpx:hr>165</gpxtpx:hr>
          </gpxtpx:TrackPointExtension>
        </extensions>
      </trkpt>
      <trkpt lat="32.06919959173822" lon="118.593617495637">
        <ele>44.2</ele>
        <time>2026-09-24T12:41:08Z</time>
        <extensions>
          <gpxtpx:TrackPointExtension>
            <gpxtpx:hr>165</gpxtpx:hr>
          </gpxtpx:TrackPointExtension>
        </extensions>
      </trkpt>
      <trkpt lat="32.06921459590513" lon="118.59359749337153">
        <ele>44.2</ele>
        <time>2026-09-24T12:41:09Z</time>
        <extensions>
          <gpxtpx:TrackPointExtension>
            <gpxtpx:hr>165</gpxtpx:hr>
          </gpxtpx:TrackPointExtension>
        </extensions>
      </trkpt>
      <trkpt lat="32.069228599836144" lon="118.59357749117524">
        <ele>44.2</ele>
        <time>2026-09-24T12:41:10Z</time>
        <extensions>
          <gpxtpx:TrackPointExtension>
            <gpxtpx:hr>165</gpxtpx:hr>
          </gpxtpx:TrackPointExtension>
        </extensions>
      </trkpt>
      <trkpt lat="32.06924160382706" lon="118.5935504887086">
        <ele>44.2</ele>
        <time>2026-09-24T12:41:11Z</time>
        <extensions>
          <gpxtpx:TrackPointExtension>
            <gpxtpx:hr>165</gpxtpx:hr>
          </gpxtpx:TrackPointExtension>
        </extensions>
      </trkpt>
      <trkpt lat="32.0692526073903" lon="118.59352248633388">
        <ele>44.3</ele>
        <time>2026-09-24T12:41:12Z</time>
        <extensions>
          <gpxtpx:TrackPointExtension>
            <gpxtpx:hr>166</gpxtpx:hr>
          </gpxtpx:TrackPointExtension>
        </extensions>
      </trkpt>
      <trkpt lat="32.06926161048258" lon="118.5934944840983">
        <ele>44.3</ele>
        <time>2026-09-24T12:41:13Z</time>
        <extensions>
          <gpxtpx:TrackPointExtension>
            <gpxtpx:hr>166</gpxtpx:hr>
          </gpxtpx:TrackPointExtension>
        </extensions>
      </trkpt>
      <trkpt lat="32.06927161383562" lon="118.59346448162526">
        <ele>44.3</ele>
        <time>2026-09-24T12:41:14Z</time>
        <extensions>
          <gpxtpx:TrackPointExtension>
            <gpxtpx:hr>166</gpxtpx:hr>
          </gpxtpx:TrackPointExtension>
        </extensions>
      </trkpt>
      <trkpt lat="32.06928161718626" lon="118.59343347905029">
        <ele>44.3</ele>
        <time>2026-09-24T12:41:15Z</time>
        <extensions>
          <gpxtpx:TrackPointExtension>
            <gpxtpx:hr>166</gpxtpx:hr>
          </gpxtpx:TrackPointExtension>
        </extensions>
      </trkpt>
      <trkpt lat="32.06929062024087" lon="118.59340347657147">
        <ele>44.3</ele>
        <time>2026-09-24T12:41:16Z</time>
        <extensions>
          <gpxtpx:TrackPointExtension>
            <gpxtpx:hr>166</gpxtpx:hr>
          </gpxtpx:TrackPointExtension>
        </extensions>
      </trkpt>
      <trkpt lat="32.069299623290405" lon="118.59337247398747">
        <ele>44.3</ele>
        <time>2026-09-24T12:41:17Z</time>
        <extensions>
          <gpxtpx:TrackPointExtension>
            <gpxtpx:hr>166</gpxtpx:hr>
          </gpxtpx:TrackPointExtension>
        </extensions>
      </trkpt>
      <trkpt lat="32.06930762617822" lon="118.59333847126408">
        <ele>44.3</ele>
        <time>2026-09-24T12:41:18Z</time>
        <extensions>
          <gpxtpx:TrackPointExtension>
            <gpxtpx:hr>166</gpxtpx:hr>
          </gpxtpx:TrackPointExtension>
        </extensions>
      </trkpt>
      <trkpt lat="32.069313628453116" lon="118.59330846890614">
        <ele>44.3</ele>
        <time>2026-09-24T12:41:19Z</time>
        <extensions>
          <gpxtpx:TrackPointExtension>
            <gpxtpx:hr>166</gpxtpx:hr>
          </gpxtpx:TrackPointExtension>
        </extensions>
      </trkpt>
      <trkpt lat="32.06931963071877" lon="118.59327746643805">
        <ele>44.3</ele>
        <time>2026-09-24T12:41:20Z</time>
        <extensions>
          <gpxtpx:TrackPointExtension>
            <gpxtpx:hr>166</gpxtpx:hr>
          </gpxtpx:TrackPointExtension>
        </extensions>
      </trkpt>
      <trkpt lat="32.069325632913525" lon="118.59324746398417">
        <ele>44.3</ele>
        <time>2026-09-24T12:41:21Z</time>
        <extensions>
          <gpxtpx:TrackPointExtension>
            <gpxtpx:hr>166</gpxtpx:hr>
          </gpxtpx:TrackPointExtension>
        </extensions>
      </trkpt>
      <trkpt lat="32.069331635096354" lon="118.59321646141689">
        <ele>44.3</ele>
        <time>2026-09-24T12:41:22Z</time>
        <extensions>
          <gpxtpx:TrackPointExtension>
            <gpxtpx:hr>166</gpxtpx:hr>
          </gpxtpx:TrackPointExtension>
        </extensions>
      </trkpt>
      <trkpt lat="32.06933663699265" lon="118.5931864589571">
        <ele>44.3</ele>
        <time>2026-09-24T12:41:23Z</time>
        <extensions>
          <gpxtpx:TrackPointExtension>
            <gpxtpx:hr>166</gpxtpx:hr>
          </gpxtpx:TrackPointExtension>
        </extensions>
      </trkpt>
      <trkpt lat="32.0693396382881" lon="118.59316145697633">
        <ele>44.3</ele>
        <time>2026-09-24T12:41:24Z</time>
        <extensions>
          <gpxtpx:TrackPointExtension>
            <gpxtpx:hr>166</gpxtpx:hr>
          </gpxtpx:TrackPointExtension>
        </extensions>
      </trkpt>
      <trkpt lat="32.06934263969925" lon="118.59313045453949">
        <ele>44.3</ele>
        <time>2026-09-24T12:41:25Z</time>
        <extensions>
          <gpxtpx:TrackPointExtension>
            <gpxtpx:hr>166</gpxtpx:hr>
          </gpxtpx:TrackPointExtension>
        </extensions>
      </trkpt>
      <trkpt lat="32.069343640631715" lon="118.59309945223244">
        <ele>44.3</ele>
        <time>2026-09-24T12:41:26Z</time>
        <extensions>
          <gpxtpx:TrackPointExtension>
            <gpxtpx:hr>166</gpxtpx:hr>
          </gpxtpx:TrackPointExtension>
        </extensions>
      </trkpt>
      <trkpt lat="32.06934264106445" lon="118.59306945012908">
        <ele>44.1</ele>
        <time>2026-09-24T12:41:27Z</time>
        <extensions>
          <gpxtpx:TrackPointExtension>
            <gpxtpx:hr>166</gpxtpx:hr>
          </gpxtpx:TrackPointExtension>
        </extensions>
      </trkpt>
      <trkpt lat="32.069341641457754" lon="118.59303944797848">
        <ele>44.1</ele>
        <time>2026-09-24T12:41:28Z</time>
        <extensions>
          <gpxtpx:TrackPointExtension>
            <gpxtpx:hr>166</gpxtpx:hr>
          </gpxtpx:TrackPointExtension>
        </extensions>
      </trkpt>
      <trkpt lat="32.06933964159331" lon="118.59300944587073">
        <ele>44.1</ele>
        <time>2026-09-24T12:41:29Z</time>
        <extensions>
          <gpxtpx:TrackPointExtension>
            <gpxtpx:hr>166</gpxtpx:hr>
          </gpxtpx:TrackPointExtension>
        </extensions>
      </trkpt>
      <trkpt lat="32.0693356412357" lon="118.59298044397453">
        <ele>44.1</ele>
        <time>2026-09-24T12:41:30Z</time>
        <extensions>
          <gpxtpx:TrackPointExtension>
            <gpxtpx:hr>166</gpxtpx:hr>
          </gpxtpx:TrackPointExtension>
        </extensions>
      </trkpt>
      <trkpt lat="32.06933064063877" lon="118.59295044204414">
        <ele>44.1</ele>
        <time>2026-09-24T12:41:31Z</time>
        <extensions>
          <gpxtpx:TrackPointExtension>
            <gpxtpx:hr>166</gpxtpx:hr>
          </gpxtpx:TrackPointExtension>
        </extensions>
      </trkpt>
      <trkpt lat="32.069324639784064" lon="118.5929204401566">
        <ele>44.0</ele>
        <time>2026-09-24T12:41:32Z</time>
        <extensions>
          <gpxtpx:TrackPointExtension>
            <gpxtpx:hr>166</gpxtpx:hr>
          </gpxtpx:TrackPointExtension>
        </extensions>
      </trkpt>
      <trkpt lat="32.069316638466454" lon="118.59288943831865">
        <ele>44.0</ele>
        <time>2026-09-24T12:41:33Z</time>
        <extensions>
          <gpxtpx:TrackPointExtension>
            <gpxtpx:hr>166</gpxtpx:hr>
          </gpxtpx:TrackPointExtension>
        </extensions>
      </trkpt>
      <trkpt lat="32.06930863709485" lon="118.59285943651518">
        <ele>44.0</ele>
        <time>2026-09-24T12:41:34Z</time>
        <extensions>
          <gpxtpx:TrackPointExtension>
            <gpxtpx:hr>166</gpxtpx:hr>
          </gpxtpx:TrackPointExtension>
        </extensions>
      </trkpt>
      <trkpt lat="32.06930063567321" lon="118.5928304347509">
        <ele>44.0</ele>
        <time>2026-09-24T12:41:35Z</time>
        <extensions>
          <gpxtpx:TrackPointExtension>
            <gpxtpx:hr>166</gpxtpx:hr>
          </gpxtpx:TrackPointExtension>
        </extensions>
      </trkpt>
      <trkpt lat="32.0692906337873" lon="118.59280043303461">
        <ele>44.0</ele>
        <time>2026-09-24T12:41:36Z</time>
        <extensions>
          <gpxtpx:TrackPointExtension>
            <gpxtpx:hr>166</gpxtpx:hr>
          </gpxtpx:TrackPointExtension>
        </extensions>
      </trkpt>
      <trkpt lat="32.06927963165933" lon="118.59276843118182">
        <ele>43.7</ele>
        <time>2026-09-24T12:41:37Z</time>
        <extensions>
          <gpxtpx:TrackPointExtension>
            <gpxtpx:hr>167</gpxtpx:hr>
          </gpxtpx:TrackPointExtension>
        </extensions>
      </trkpt>
      <trkpt lat="32.069266629049736" lon="118.59273642945541">
        <ele>43.7</ele>
        <time>2026-09-24T12:41:38Z</time>
        <extensions>
          <gpxtpx:TrackPointExtension>
            <gpxtpx:hr>167</gpxtpx:hr>
          </gpxtpx:TrackPointExtension>
        </extensions>
      </trkpt>
      <trkpt lat="32.069252626171775" lon="118.59270542785833">
        <ele>43.7</ele>
        <time>2026-09-24T12:41:39Z</time>
        <extensions>
          <gpxtpx:TrackPointExtension>
            <gpxtpx:hr>167</gpxtpx:hr>
          </gpxtpx:TrackPointExtension>
        </extensions>
      </trkpt>
      <trkpt lat="32.0692376230295" lon="118.59267542639543">
        <ele>43.7</ele>
        <time>2026-09-24T12:41:40Z</time>
        <extensions>
          <gpxtpx:TrackPointExtension>
            <gpxtpx:hr>167</gpxtpx:hr>
          </gpxtpx:TrackPointExtension>
        </extensions>
      </trkpt>
      <trkpt lat="32.06922462027153" lon="118.59265042518527">
        <ele>43.7</ele>
        <time>2026-09-24T12:41:41Z</time>
        <extensions>
          <gpxtpx:TrackPointExtension>
            <gpxtpx:hr>167</gpxtpx:hr>
          </gpxtpx:TrackPointExtension>
        </extensions>
      </trkpt>
      <trkpt lat="32.06920661639889" lon="118.59262242410082">
        <ele>43.4</ele>
        <time>2026-09-24T12:41:42Z</time>
        <extensions>
          <gpxtpx:TrackPointExtension>
            <gpxtpx:hr>167</gpxtpx:hr>
          </gpxtpx:TrackPointExtension>
        </extensions>
      </trkpt>
      <trkpt lat="32.06918861249147" lon="118.59259542307397">
        <ele>43.4</ele>
        <time>2026-09-24T12:41:43Z</time>
        <extensions>
          <gpxtpx:TrackPointExtension>
            <gpxtpx:hr>167</gpxtpx:hr>
          </gpxtpx:TrackPointExtension>
        </extensions>
      </trkpt>
      <trkpt lat="32.06917060855374" lon="118.59257042220914">
        <ele>43.4</ele>
        <time>2026-09-24T12:41:44Z</time>
        <extensions>
          <gpxtpx:TrackPointExtension>
            <gpxtpx:hr>167</gpxtpx:hr>
          </gpxtpx:TrackPointExtension>
        </extensions>
      </trkpt>
      <trkpt lat="32.0691496039294" lon="118.59254342137874">
        <ele>43.4</ele>
        <time>2026-09-24T12:41:45Z</time>
        <extensions>
          <gpxtpx:TrackPointExtension>
            <gpxtpx:hr>167</gpxtpx:hr>
          </gpxtpx:TrackPointExtension>
        </extensions>
      </trkpt>
      <trkpt lat="32.069131599943525" lon="118.59252142075384">
        <ele>43.4</ele>
        <time>2026-09-24T12:41:46Z</time>
        <extensions>
          <gpxtpx:TrackPointExtension>
            <gpxtpx:hr>167</gpxtpx:hr>
          </gpxtpx:TrackPointExtension>
        </extensions>
      </trkpt>
      <trkpt lat="32.06911059528514" lon="118.59250042047763">
        <ele>43.3</ele>
        <time>2026-09-24T12:41:47Z</time>
        <extensions>
          <gpxtpx:TrackPointExtension>
            <gpxtpx:hr>167</gpxtpx:hr>
          </gpxtpx:TrackPointExtension>
        </extensions>
      </trkpt>
      <trkpt lat="32.06909059082561" lon="118.59247942008811">
        <ele>43.3</ele>
        <time>2026-09-24T12:41:48Z</time>
        <extensions>
          <gpxtpx:TrackPointExtension>
            <gpxtpx:hr>167</gpxtpx:hr>
          </gpxtpx:TrackPointExtension>
        </extensions>
      </trkpt>
      <trkpt lat="32.069069586133935" lon="118.59245941987149">
        <ele>43.3</ele>
        <time>2026-09-24T12:41:49Z</time>
        <extensions>
          <gpxtpx:TrackPointExtension>
            <gpxtpx:hr>167</gpxtpx:hr>
          </gpxtpx:TrackPointExtension>
        </extensions>
      </trkpt>
      <trkpt lat="32.06904858143767" lon="118.59244141984775">
        <ele>43.3</ele>
        <time>2026-09-24T12:41:50Z</time>
        <extensions>
          <gpxtpx:TrackPointExtension>
            <gpxtpx:hr>167</gpxtpx:hr>
          </gpxtpx:TrackPointExtension>
        </extensions>
      </trkpt>
      <trkpt lat="32.06902657650862" lon="118.59242341989705">
        <ele>43.3</ele>
        <time>2026-09-24T12:41:51Z</time>
        <extensions>
          <gpxtpx:TrackPointExtension>
            <gpxtpx:hr>167</gpxtpx:hr>
          </gpxtpx:TrackPointExtension>
        </extensions>
      </trkpt>
      <trkpt lat="32.06900357136289" lon="118.5924074202369">
        <ele>43.2</ele>
        <time>2026-09-24T12:41:52Z</time>
        <extensions>
          <gpxtpx:TrackPointExtension>
            <gpxtpx:hr>167</gpxtpx:hr>
          </gpxtpx:TrackPointExtension>
        </extensions>
      </trkpt>
      <trkpt lat="32.06897956599602" lon="118.5923924207629">
        <ele>43.2</ele>
        <time>2026-09-24T12:41:53Z</time>
        <extensions>
          <gpxtpx:TrackPointExtension>
            <gpxtpx:hr>167</gpxtpx:hr>
          </gpxtpx:TrackPointExtension>
        </extensions>
      </trkpt>
      <trkpt lat="32.06895255995447" lon="118.59237642143707">
        <ele>43.2</ele>
        <time>2026-09-24T12:41:54Z</time>
        <extensions>
          <gpxtpx:TrackPointExtension>
            <gpxtpx:hr>167</gpxtpx:hr>
          </gpxtpx:TrackPointExtension>
        </extensions>
      </trkpt>
      <trkpt lat="32.06892555391148" lon="118.5923614222089">
        <ele>43.2</ele>
        <time>2026-09-24T12:41:55Z</time>
        <extensions>
          <gpxtpx:TrackPointExtension>
            <gpxtpx:hr>167</gpxtpx:hr>
          </gpxtpx:TrackPointExtension>
        </extensions>
      </trkpt>
      <trkpt lat="32.068901548556084" lon="118.59235042314583">
        <ele>43.2</ele>
        <time>2026-09-24T12:41:56Z</time>
        <extensions>
          <gpxtpx:TrackPointExtension>
            <gpxtpx:hr>167</gpxtpx:hr>
          </gpxtpx:TrackPointExtension>
        </extensions>
      </trkpt>
      <trkpt lat="32.06887654297676" lon="118.59233942416647">
        <ele>42.0</ele>
        <time>2026-09-24T12:41:57Z</time>
        <extensions>
          <gpxtpx:TrackPointExtension>
            <gpxtpx:hr>168</gpxtpx:hr>
          </gpxtpx:TrackPointExtension>
        </extensions>
      </trkpt>
      <trkpt lat="32.06885053717345" lon="118.59232842527085">
        <ele>42.0</ele>
        <time>2026-09-24T12:41:58Z</time>
        <extensions>
          <gpxtpx:TrackPointExtension>
            <gpxtpx:hr>168</gpxtpx:hr>
          </gpxtpx:TrackPointExtension>
        </extensions>
      </trkpt>
      <trkpt lat="32.06882653180153" lon="118.59231742618866">
        <ele>42.0</ele>
        <time>2026-09-24T12:41:59Z</time>
        <extensions>
          <gpxtpx:TrackPointExtension>
            <gpxtpx:hr>168</gpxtpx:hr>
          </gpxtpx:TrackPointExtension>
        </extensions>
      </trkpt>
      <trkpt lat="32.06880152620563" lon="118.59230642719018">
        <ele>42.0</ele>
        <time>2026-09-24T12:42:00Z</time>
        <extensions>
          <gpxtpx:TrackPointExtension>
            <gpxtpx:hr>168</gpxtpx:hr>
          </gpxtpx:TrackPointExtension>
        </extensions>
      </trkpt>
      <trkpt lat="32.06877652059126" lon="118.5922944280707">
        <ele>42.0</ele>
        <time>2026-09-24T12:42:01Z</time>
        <extensions>
          <gpxtpx:TrackPointExtension>
            <gpxtpx:hr>168</gpxtpx:hr>
          </gpxtpx:TrackPointExtension>
        </extensions>
      </trkpt>
      <trkpt lat="32.06875251520232" lon="118.5922834289688">
        <ele>43.0</ele>
        <time>2026-09-24T12:42:02Z</time>
        <extensions>
          <gpxtpx:TrackPointExtension>
            <gpxtpx:hr>167</gpxtpx:hr>
          </gpxtpx:TrackPointExtension>
        </extensions>
      </trkpt>
      <trkpt lat="32.06872750957541" lon="118.59227142983478">
        <ele>43.0</ele>
        <time>2026-09-24T12:42:03Z</time>
        <extensions>
          <gpxtpx:TrackPointExtension>
            <gpxtpx:hr>167</gpxtpx:hr>
          </gpxtpx:TrackPointExtension>
        </extensions>
      </trkpt>
      <trkpt lat="32.06870450439346" lon="118.59226043062944">
        <ele>43.0</ele>
        <time>2026-09-24T12:42:04Z</time>
        <extensions>
          <gpxtpx:TrackPointExtension>
            <gpxtpx:hr>167</gpxtpx:hr>
          </gpxtpx:TrackPointExtension>
        </extensions>
      </trkpt>
      <trkpt lat="32.06868449986154" lon="118.59224943114741">
        <ele>43.0</ele>
        <time>2026-09-24T12:42:05Z</time>
        <extensions>
          <gpxtpx:TrackPointExtension>
            <gpxtpx:hr>167</gpxtpx:hr>
          </gpxtpx:TrackPointExtension>
        </extensions>
      </trkpt>
      <trkpt lat="32.06865849398212" lon="118.5922364319643">
        <ele>43.0</ele>
        <time>2026-09-24T12:42:06Z</time>
        <extensions>
          <gpxtpx:TrackPointExtension>
            <gpxtpx:hr>167</gpxtpx:hr>
          </gpxtpx:TrackPointExtension>
        </extensions>
      </trkpt>
      <trkpt lat="32.06863048762572" lon="118.59222143271562">
        <ele>42.9</ele>
        <time>2026-09-24T12:42:07Z</time>
        <extensions>
          <gpxtpx:TrackPointExtension>
            <gpxtpx:hr>167</gpxtpx:hr>
          </gpxtpx:TrackPointExtension>
        </extensions>
      </trkpt>
      <trkpt lat="32.06860748241887" lon="118.59221043348128">
        <ele>42.9</ele>
        <time>2026-09-24T12:42:08Z</time>
        <extensions>
          <gpxtpx:TrackPointExtension>
            <gpxtpx:hr>167</gpxtpx:hr>
          </gpxtpx:TrackPointExtension>
        </extensions>
      </trkpt>
      <trkpt lat="32.06858347697081" lon="118.592198434211">
        <ele>42.9</ele>
        <time>2026-09-24T12:42:09Z</time>
        <extensions>
          <gpxtpx:TrackPointExtension>
            <gpxtpx:hr>167</gpxtpx:hr>
          </gpxtpx:TrackPointExtension>
        </extensions>
      </trkpt>
      <trkpt lat="32.06855847129768" lon="118.59218643502322">
        <ele>42.9</ele>
        <time>2026-09-24T12:42:10Z</time>
        <extensions>
          <gpxtpx:TrackPointExtension>
            <gpxtpx:hr>167</gpxtpx:hr>
          </gpxtpx:TrackPointExtension>
        </extensions>
      </trkpt>
      <trkpt lat="32.06853146523548" lon="118.59217743637078">
        <ele>42.9</ele>
        <time>2026-09-24T12:42:11Z</time>
        <extensions>
          <gpxtpx:TrackPointExtension>
            <gpxtpx:hr>167</gpxtpx:hr>
          </gpxtpx:TrackPointExtension>
        </extensions>
      </trkpt>
      <trkpt lat="32.068504459206444" lon="118.59217043795653">
        <ele>42.9</ele>
        <time>2026-09-24T12:42:12Z</time>
        <extensions>
          <gpxtpx:TrackPointExtension>
            <gpxtpx:hr>167</gpxtpx:hr>
          </gpxtpx:TrackPointExtension>
        </extensions>
      </trkpt>
      <trkpt lat="32.06847745317503" lon="118.59216343953969">
        <ele>42.9</ele>
        <time>2026-09-24T12:42:13Z</time>
        <extensions>
          <gpxtpx:TrackPointExtension>
            <gpxtpx:hr>167</gpxtpx:hr>
          </gpxtpx:TrackPointExtension>
        </extensions>
      </trkpt>
      <trkpt lat="32.06844944694166" lon="118.59215744133228">
        <ele>42.9</ele>
        <time>2026-09-24T12:42:14Z</time>
        <extensions>
          <gpxtpx:TrackPointExtension>
            <gpxtpx:hr>167</gpxtpx:hr>
          </gpxtpx:TrackPointExtension>
        </extensions>
      </trkpt>
      <trkpt lat="32.0684224409443" lon="118.59215244315503">
        <ele>42.9</ele>
        <time>2026-09-24T12:42:15Z</time>
        <extensions>
          <gpxtpx:TrackPointExtension>
            <gpxtpx:hr>167</gpxtpx:hr>
          </gpxtpx:TrackPointExtension>
        </extensions>
      </trkpt>
      <trkpt lat="32.068395434945614" lon="118.59214744497645">
        <ele>42.9</ele>
        <time>2026-09-24T12:42:16Z</time>
        <extensions>
          <gpxtpx:TrackPointExtension>
            <gpxtpx:hr>167</gpxtpx:hr>
          </gpxtpx:TrackPointExtension>
        </extensions>
      </trkpt>
      <trkpt lat="32.068368428984826" lon="118.59214444704179">
        <ele>42.8</ele>
        <time>2026-09-24T12:42:17Z</time>
        <extensions>
          <gpxtpx:TrackPointExtension>
            <gpxtpx:hr>167</gpxtpx:hr>
          </gpxtpx:TrackPointExtension>
        </extensions>
      </trkpt>
      <trkpt lat="32.06834042282449" lon="118.59214244931944">
        <ele>42.8</ele>
        <time>2026-09-24T12:42:18Z</time>
        <extensions>
          <gpxtpx:TrackPointExtension>
            <gpxtpx:hr>167</gpxtpx:hr>
          </gpxtpx:TrackPointExtension>
        </extensions>
      </trkpt>
      <trkpt lat="32.06831241670315" lon="118.5921424518423">
        <ele>42.8</ele>
        <time>2026-09-24T12:42:19Z</time>
        <extensions>
          <gpxtpx:TrackPointExtension>
            <gpxtpx:hr>167</gpxtpx:hr>
          </gpxtpx:TrackPointExtension>
        </extensions>
      </trkpt>
      <trkpt lat="32.068281409964904" lon="118.5921444548807">
        <ele>42.8</ele>
        <time>2026-09-24T12:42:20Z</time>
        <extensions>
          <gpxtpx:TrackPointExtension>
            <gpxtpx:hr>167</gpxtpx:hr>
          </gpxtpx:TrackPointExtension>
        </extensions>
      </trkpt>
      <trkpt lat="32.06825540435828" lon="118.59214845771318">
        <ele>42.8</ele>
        <time>2026-09-24T12:42:21Z</time>
        <extensions>
          <gpxtpx:TrackPointExtension>
            <gpxtpx:hr>167</gpxtpx:hr>
          </gpxtpx:TrackPointExtension>
        </extensions>
      </trkpt>
      <trkpt lat="32.06822939876995" lon="118.5921534606669">
        <ele>42.7</ele>
        <time>2026-09-24T12:42:22Z</time>
        <extensions>
          <gpxtpx:TrackPointExtension>
            <gpxtpx:hr>167</gpxtpx:hr>
          </gpxtpx:TrackPointExtension>
        </extensions>
      </trkpt>
      <trkpt lat="32.068203393199234" lon="118.59215946374111">
        <ele>42.7</ele>
        <time>2026-09-24T12:42:23Z</time>
        <extensions>
          <gpxtpx:TrackPointExtension>
            <gpxtpx:hr>167</gpxtpx:hr>
          </gpxtpx:TrackPointExtension>
        </extensions>
      </trkpt>
      <trkpt lat="32.06818138853862" lon="118.59216746669581">
        <ele>42.7</ele>
        <time>2026-09-24T12:42:24Z</time>
        <extensions>
          <gpxtpx:TrackPointExtension>
            <gpxtpx:hr>167</gpxtpx:hr>
          </gpxtpx:TrackPointExtension>
        </extensions>
      </trkpt>
      <trkpt lat="32.06815538303667" lon="118.5921774702493">
        <ele>42.7</ele>
        <time>2026-09-24T12:42:25Z</time>
        <extensions>
          <gpxtpx:TrackPointExtension>
            <gpxtpx:hr>167</gpxtpx:hr>
          </gpxtpx:TrackPointExtension>
        </extensions>
      </trkpt>
      <trkpt lat="32.068130377801666" lon="118.59219047406803">
        <ele>42.7</ele>
        <time>2026-09-24T12:42:26Z</time>
        <extensions>
          <gpxtpx:TrackPointExtension>
            <gpxtpx:hr>167</gpxtpx:hr>
          </gpxtpx:TrackPointExtension>
        </extensions>
      </trkpt>
      <trkpt lat="32.0681043723742" lon="118.59220547820678">
        <ele>42.6</ele>
        <time>2026-09-24T12:42:27Z</time>
        <extensions>
          <gpxtpx:TrackPointExtension>
            <gpxtpx:hr>167</gpxtpx:hr>
          </gpxtpx:TrackPointExtension>
        </extensions>
      </trkpt>
      <trkpt lat="32.06807936717154" lon="118.59222148236208">
        <ele>42.6</ele>
        <time>2026-09-24T12:42:28Z</time>
        <extensions>
          <gpxtpx:TrackPointExtension>
            <gpxtpx:hr>167</gpxtpx:hr>
          </gpxtpx:TrackPointExtension>
        </extensions>
      </trkpt>
      <trkpt lat="32.06805536219159" lon="118.59223848653143">
        <ele>42.6</ele>
        <time>2026-09-24T12:42:29Z</time>
        <extensions>
          <gpxtpx:TrackPointExtension>
            <gpxtpx:hr>167</gpxtpx:hr>
          </gpxtpx:TrackPointExtension>
        </extensions>
      </trkpt>
      <trkpt lat="32.068032357432145" lon="118.59225649071212">
        <ele>42.6</ele>
        <time>2026-09-24T12:42:30Z</time>
        <extensions>
          <gpxtpx:TrackPointExtension>
            <gpxtpx:hr>167</gpxtpx:hr>
          </gpxtpx:TrackPointExtension>
        </extensions>
      </trkpt>
      <trkpt lat="32.06801035289083" lon="118.59227549490132">
        <ele>42.6</ele>
        <time>2026-09-24T12:42:31Z</time>
        <extensions>
          <gpxtpx:TrackPointExtension>
            <gpxtpx:hr>167</gpxtpx:hr>
          </gpxtpx:TrackPointExtension>
        </extensions>
      </trkpt>
      <trkpt lat="32.06798434749732" lon="118.59229749977565">
        <ele>42.5</ele>
        <time>2026-09-24T12:42:32Z</time>
        <extensions>
          <gpxtpx:TrackPointExtension>
            <gpxtpx:hr>168</gpxtpx:hr>
          </gpxtpx:TrackPointExtension>
        </extensions>
      </trkpt>
      <trkpt lat="32.06796034251978" lon="118.59231950444428">
        <ele>42.5</ele>
        <time>2026-09-24T12:42:33Z</time>
        <extensions>
          <gpxtpx:TrackPointExtension>
            <gpxtpx:hr>168</gpxtpx:hr>
          </gpxtpx:TrackPointExtension>
        </extensions>
      </trkpt>
      <trkpt lat="32.06794033838482" lon="118.59234050861481">
        <ele>42.5</ele>
        <time>2026-09-24T12:42:34Z</time>
        <extensions>
          <gpxtpx:TrackPointExtension>
            <gpxtpx:hr>168</gpxtpx:hr>
          </gpxtpx:TrackPointExtension>
        </extensions>
      </trkpt>
      <trkpt lat="32.067921334479" lon="118.59236451300515">
        <ele>42.5</ele>
        <time>2026-09-24T12:42:35Z</time>
        <extensions>
          <gpxtpx:TrackPointExtension>
            <gpxtpx:hr>168</gpxtpx:hr>
          </gpxtpx:TrackPointExtension>
        </extensions>
      </trkpt>
      <trkpt lat="32.06790233055658" lon="118.59238951747484">
        <ele>42.5</ele>
        <time>2026-09-24T12:42:36Z</time>
        <extensions>
          <gpxtpx:TrackPointExtension>
            <gpxtpx:hr>168</gpxtpx:hr>
          </gpxtpx:TrackPointExtension>
        </extensions>
      </trkpt>
      <trkpt lat="32.067884326840634" lon="118.59241652203809">
        <ele>42.4</ele>
        <time>2026-09-24T12:42:37Z</time>
        <extensions>
          <gpxtpx:TrackPointExtension>
            <gpxtpx:hr>167</gpxtpx:hr>
          </gpxtpx:TrackPointExtension>
        </extensions>
      </trkpt>
      <trkpt lat="32.067868323510595" lon="118.59244052606212">
        <ele>42.4</ele>
        <time>2026-09-24T12:42:38Z</time>
        <extensions>
          <gpxtpx:TrackPointExtension>
            <gpxtpx:hr>167</gpxtpx:hr>
          </gpxtpx:TrackPointExtension>
        </extensions>
      </trkpt>
      <trkpt lat="32.0678543205927" lon="118.5924645298756">
        <ele>42.4</ele>
        <time>2026-09-24T12:42:39Z</time>
        <extensions>
          <gpxtpx:TrackPointExtension>
            <gpxtpx:hr>167</gpxtpx:hr>
          </gpxtpx:TrackPointExtension>
        </extensions>
      </trkpt>
      <trkpt lat="32.06783631680856" lon="118.59249653485301">
        <ele>42.4</ele>
        <time>2026-09-24T12:42:40Z</time>
        <extensions>
          <gpxtpx:TrackPointExtension>
            <gpxtpx:hr>167</gpxtpx:hr>
          </gpxtpx:TrackPointExtension>
        </extensions>
      </trkpt>
      <trkpt lat="32.06782231385444" lon="118.59252853941614">
        <ele>42.4</ele>
        <time>2026-09-24T12:42:41Z</time>
        <extensions>
          <gpxtpx:TrackPointExtension>
            <gpxtpx:hr>167</gpxtpx:hr>
          </gpxtpx:TrackPointExtension>
        </extensions>
      </trkpt>
      <trkpt lat="32.06781131150612" lon="118.59255654325206">
        <ele>42.2</ele>
        <time>2026-09-24T12:42:42Z</time>
        <extensions>
          <gpxtpx:TrackPointExtension>
            <gpxtpx:hr>167</gpxtpx:hr>
          </gpxtpx:TrackPointExtension>
        </extensions>
      </trkpt>
      <trkpt lat="32.06780130934211" lon="118.59258454695662">
        <ele>42.2</ele>
        <time>2026-09-24T12:42:43Z</time>
        <extensions>
          <gpxtpx:TrackPointExtension>
            <gpxtpx:hr>167</gpxtpx:hr>
          </gpxtpx:TrackPointExtension>
        </extensions>
      </trkpt>
      <trkpt lat="32.06779030692277" lon="118.59261455090576">
        <ele>42.2</ele>
        <time>2026-09-24T12:42:44Z</time>
        <extensions>
          <gpxtpx:TrackPointExtension>
            <gpxtpx:hr>167</gpxtpx:hr>
          </gpxtpx:TrackPointExtension>
        </extensions>
      </trkpt>
      <trkpt lat="32.06778130489903" lon="118.59264555472359">
        <ele>42.2</ele>
        <time>2026-09-24T12:42:45Z</time>
        <extensions>
          <gpxtpx:TrackPointExtension>
            <gpxtpx:hr>167</gpxtpx:hr>
          </gpxtpx:TrackPointExtension>
        </extensions>
      </trkpt>
      <trkpt lat="32.06777530347388" lon="118.59268055859835">
        <ele>42.2</ele>
        <time>2026-09-24T12:42:46Z</time>
        <extensions>
          <gpxtpx:TrackPointExtension>
            <gpxtpx:hr>167</gpxtpx:hr>
          </gpxtpx:TrackPointExtension>
        </extensions>
      </trkpt>
      <trkpt lat="32.067770302219245" lon="118.59271456222606">
        <ele>42.1</ele>
        <time>2026-09-24T12:42:47Z</time>
        <extensions>
          <gpxtpx:TrackPointExtension>
            <gpxtpx:hr>167</gpxtpx:hr>
          </gpxtpx:TrackPointExtension>
        </extensions>
      </trkpt>
      <trkpt lat="32.06776630113264" lon="118.59274856570289">
        <ele>42.1</ele>
        <time>2026-09-24T12:42:48Z</time>
        <extensions>
          <gpxtpx:TrackPointExtension>
            <gpxtpx:hr>167</gpxtpx:hr>
          </gpxtpx:TrackPointExtension>
        </extensions>
      </trkpt>
      <trkpt lat="32.06776230002048" lon="118.5927795688518">
        <ele>42.1</ele>
        <time>2026-09-24T12:42:49Z</time>
        <extensions>
          <gpxtpx:TrackPointExtension>
            <gpxtpx:hr>167</gpxtpx:hr>
          </gpxtpx:TrackPointExtension>
        </extensions>
      </trkpt>
      <trkpt lat="32.06776029929403" lon="118.59281157185745">
        <ele>42.1</ele>
        <time>2026-09-24T12:42:50Z</time>
        <extensions>
          <gpxtpx:TrackPointExtension>
            <gpxtpx:hr>167</gpxtpx:hr>
          </gpxtpx:TrackPointExtension>
        </extensions>
      </trkpt>
      <trkpt lat="32.067757298303846" lon="118.5928435748994">
        <ele>42.1</ele>
        <time>2026-09-24T12:42:51Z</time>
        <extensions>
          <gpxtpx:TrackPointExtension>
            <gpxtpx:hr>167</gpxtpx:hr>
          </gpxtpx:TrackPointExtension>
        </extensions>
      </trkpt>
      <trkpt lat="32.06775629769378" lon="118.5928765777914">
        <ele>42.0</ele>
        <time>2026-09-24T12:42:52Z</time>
        <extensions>
          <gpxtpx:TrackPointExtension>
            <gpxtpx:hr>167</gpxtpx:hr>
          </gpxtpx:TrackPointExtension>
        </extensions>
      </trkpt>
      <trkpt lat="32.06775629726876" lon="118.59290858045377">
        <ele>42.0</ele>
        <time>2026-09-24T12:42:53Z</time>
        <extensions>
          <gpxtpx:TrackPointExtension>
            <gpxtpx:hr>167</gpxtpx:hr>
          </gpxtpx:TrackPointExtension>
        </extensions>
      </trkpt>
      <trkpt lat="32.06775629681419" lon="118.59293958298161">
        <ele>42.0</ele>
        <time>2026-09-24T12:42:54Z</time>
        <extensions>
          <gpxtpx:TrackPointExtension>
            <gpxtpx:hr>167</gpxtpx:hr>
          </gpxtpx:TrackPointExtension>
        </extensions>
      </trkpt>
      <trkpt lat="32.06775729653627" lon="118.5929705853689">
        <ele>42.0</ele>
        <time>2026-09-24T12:42:55Z</time>
        <extensions>
          <gpxtpx:TrackPointExtension>
            <gpxtpx:hr>167</gpxtpx:hr>
          </gpxtpx:TrackPointExtension>
        </extensions>
      </trkpt>
      <trkpt lat="32.06775829623426" lon="118.59300058762821">
        <ele>42.0</ele>
        <time>2026-09-24T12:42:56Z</time>
        <extensions>
          <gpxtpx:TrackPointExtension>
            <gpxtpx:hr>167</gpxtpx:hr>
          </gpxtpx:TrackPointExtension>
        </extensions>
      </trkpt>
      <trkpt lat="32.06776029601438" lon="118.59303559012926">
        <ele>41.0</ele>
        <time>2026-09-24T12:42:57Z</time>
        <extensions>
          <gpxtpx:TrackPointExtension>
            <gpxtpx:hr>168</gpxtpx:hr>
          </gpxtpx:TrackPointExtension>
        </extensions>
      </trkpt>
      <trkpt lat="32.06776229586653" lon="118.59306459212193">
        <ele>41.0</ele>
        <time>2026-09-24T12:42:58Z</time>
        <extensions>
          <gpxtpx:TrackPointExtension>
            <gpxtpx:hr>168</gpxtpx:hr>
          </gpxtpx:TrackPointExtension>
        </extensions>
      </trkpt>
      <trkpt lat="32.0677672963161" lon="118.59309459387279">
        <ele>41.0</ele>
        <time>2026-09-24T12:42:59Z</time>
        <extensions>
          <gpxtpx:TrackPointExtension>
            <gpxtpx:hr>168</gpxtpx:hr>
          </gpxtpx:TrackPointExtension>
        </extensions>
      </trkpt>
      <trkpt lat="32.067773296945006" lon="118.59312459548629">
        <ele>41.0</ele>
        <time>2026-09-24T12:43:00Z</time>
        <extensions>
          <gpxtpx:TrackPointExtension>
            <gpxtpx:hr>168</gpxtpx:hr>
          </gpxtpx:TrackPointExtension>
        </extensions>
      </trkpt>
      <trkpt lat="32.06778029775326" lon="118.59315459696246">
        <ele>41.0</ele>
        <time>2026-09-24T12:43:01Z</time>
        <extensions>
          <gpxtpx:TrackPointExtension>
            <gpxtpx:hr>168</gpxtpx:hr>
          </gpxtpx:TrackPointExtension>
        </extensions>
      </trkpt>
      <trkpt lat="32.06778829876693" lon="118.59318359823342">
        <ele>41.9</ele>
        <time>2026-09-24T12:43:02Z</time>
        <extensions>
          <gpxtpx:TrackPointExtension>
            <gpxtpx:hr>168</gpxtpx:hr>
          </gpxtpx:TrackPointExtension>
        </extensions>
      </trkpt>
      <trkpt lat="32.067799300372755" lon="118.5932135992563">
        <ele>41.9</ele>
        <time>2026-09-24T12:43:03Z</time>
        <extensions>
          <gpxtpx:TrackPointExtension>
            <gpxtpx:hr>168</gpxtpx:hr>
          </gpxtpx:TrackPointExtension>
        </extensions>
      </trkpt>
      <trkpt lat="32.067811302157914" lon="118.59324360014188">
        <ele>41.9</ele>
        <time>2026-09-24T12:43:04Z</time>
        <extensions>
          <gpxtpx:TrackPointExtension>
            <gpxtpx:hr>168</gpxtpx:hr>
          </gpxtpx:TrackPointExtension>
        </extensions>
      </trkpt>
      <trkpt lat="32.067824304152346" lon="118.59327260082692">
        <ele>41.9</ele>
        <time>2026-09-24T12:43:05Z</time>
        <extensions>
          <gpxtpx:TrackPointExtension>
            <gpxtpx:hr>168</gpxtpx:hr>
          </gpxtpx:TrackPointExtension>
        </extensions>
      </trkpt>
      <trkpt lat="32.06783730614108" lon="118.59330060140609">
        <ele>41.9</ele>
        <time>2026-09-24T12:43:06Z</time>
        <extensions>
          <gpxtpx:TrackPointExtension>
            <gpxtpx:hr>168</gpxtpx:hr>
          </gpxtpx:TrackPointExtension>
        </extensions>
      </trkpt>
      <trkpt lat="32.067850308063036" lon="118.59332960200443">
        <ele>42.0</ele>
        <time>2026-09-24T12:43:07Z</time>
        <extensions>
          <gpxtpx:TrackPointExtension>
            <gpxtpx:hr>168</gpxtpx:hr>
          </gpxtpx:TrackPointExtension>
        </extensions>
      </trkpt>
      <trkpt lat="32.06786631053693" lon="118.59336060240577">
        <ele>42.0</ele>
        <time>2026-09-24T12:43:08Z</time>
        <extensions>
          <gpxtpx:TrackPointExtension>
            <gpxtpx:hr>168</gpxtpx:hr>
          </gpxtpx:TrackPointExtension>
        </extensions>
      </trkpt>
      <trkpt lat="32.06788031270633" lon="118.5933866026512">
        <ele>42.0</ele>
        <time>2026-09-24T12:43:09Z</time>
        <extensions>
          <gpxtpx:TrackPointExtension>
            <gpxtpx:hr>168</gpxtpx:hr>
          </gpxtpx:TrackPointExtension>
        </extensions>
      </trkpt>
      <trkpt lat="32.06789431481" lon="118.59341360291707">
        <ele>42.0</ele>
        <time>2026-09-24T12:43:10Z</time>
        <extensions>
          <gpxtpx:TrackPointExtension>
            <gpxtpx:hr>168</gpxtpx:hr>
          </gpxtpx:TrackPointExtension>
        </extensions>
      </trkpt>
      <trkpt lat="32.06791131746329" lon="118.59344260298322">
        <ele>42.0</ele>
        <time>2026-09-24T12:43:11Z</time>
        <extensions>
          <gpxtpx:TrackPointExtension>
            <gpxtpx:hr>168</gpxtpx:hr>
          </gpxtpx:TrackPointExtension>
        </extensions>
      </trkpt>
      <trkpt lat="32.067925319539206" lon="118.59346860311689">
        <ele>42.1</ele>
        <time>2026-09-24T12:43:12Z</time>
        <extensions>
          <gpxtpx:TrackPointExtension>
            <gpxtpx:hr>168</gpxtpx:hr>
          </gpxtpx:TrackPointExtension>
        </extensions>
      </trkpt>
      <trkpt lat="32.06793832136673" lon="118.59349460330525">
        <ele>42.1</ele>
        <time>2026-09-24T12:43:13Z</time>
        <extensions>
          <gpxtpx:TrackPointExtension>
            <gpxtpx:hr>168</gpxtpx:hr>
          </gpxtpx:TrackPointExtension>
        </extensions>
      </trkpt>
      <trkpt lat="32.06795232334257" lon="118.59352160341831">
        <ele>42.1</ele>
        <time>2026-09-24T12:43:14Z</time>
        <extensions>
          <gpxtpx:TrackPointExtension>
            <gpxtpx:hr>168</gpxtpx:hr>
          </gpxtpx:TrackPointExtension>
        </extensions>
      </trkpt>
      <trkpt lat="32.067964324848994" lon="118.59354860367337">
        <ele>42.1</ele>
        <time>2026-09-24T12:43:15Z</time>
        <extensions>
          <gpxtpx:TrackPointExtension>
            <gpxtpx:hr>168</gpxtpx:hr>
          </gpxtpx:TrackPointExtension>
        </extensions>
      </trkpt>
      <trkpt lat="32.067975326018285" lon="118.593577604075">
        <ele>42.1</ele>
        <time>2026-09-24T12:43:16Z</time>
        <extensions>
          <gpxtpx:TrackPointExtension>
            <gpxtpx:hr>168</gpxtpx:hr>
          </gpxtpx:TrackPointExtension>
        </extensions>
      </trkpt>
      <trkpt lat="32.06798432671332" lon="118.59360660461277">
        <ele>42.1</ele>
        <time>2026-09-24T12:43:17Z</time>
        <extensions>
          <gpxtpx:TrackPointExtension>
            <gpxtpx:hr>167</gpxtpx:hr>
          </gpxtpx:TrackPointExtension>
        </extensions>
      </trkpt>
      <trkpt lat="32.067992327107" lon="118.5936366052408">
        <ele>42.1</ele>
        <time>2026-09-24T12:43:18Z</time>
        <extensions>
          <gpxtpx:TrackPointExtension>
            <gpxtpx:hr>167</gpxtpx:hr>
          </gpxtpx:TrackPointExtension>
        </extensions>
      </trkpt>
      <trkpt lat="32.067997326852286" lon="118.59366560604937">
        <ele>42.1</ele>
        <time>2026-09-24T12:43:19Z</time>
        <extensions>
          <gpxtpx:TrackPointExtension>
            <gpxtpx:hr>167</gpxtpx:hr>
          </gpxtpx:TrackPointExtension>
        </extensions>
      </trkpt>
      <trkpt lat="32.06800432685288" lon="118.59369760675692">
        <ele>42.1</ele>
        <time>2026-09-24T12:43:20Z</time>
        <extensions>
          <gpxtpx:TrackPointExtension>
            <gpxtpx:hr>167</gpxtpx:hr>
          </gpxtpx:TrackPointExtension>
        </extensions>
      </trkpt>
      <trkpt lat="32.068009326421176" lon="118.59372860755171">
        <ele>42.1</ele>
        <time>2026-09-24T12:43:21Z</time>
        <extensions>
          <gpxtpx:TrackPointExtension>
            <gpxtpx:hr>167</gpxtpx:hr>
          </gpxtpx:TrackPointExtension>
        </extensions>
      </trkpt>
      <trkpt lat="32.06801332567749" lon="118.59376060842402">
        <ele>42.2</ele>
        <time>2026-09-24T12:43:22Z</time>
        <extensions>
          <gpxtpx:TrackPointExtension>
            <gpxtpx:hr>167</gpxtpx:hr>
          </gpxtpx:TrackPointExtension>
        </extensions>
      </trkpt>
      <trkpt lat="32.06801632461765" lon="118.59379360936883">
        <ele>42.2</ele>
        <time>2026-09-24T12:43:23Z</time>
        <extensions>
          <gpxtpx:TrackPointExtension>
            <gpxtpx:hr>167</gpxtpx:hr>
          </gpxtpx:TrackPointExtension>
        </extensions>
      </trkpt>
      <trkpt lat="32.06801632290824" lon="118.59382561049271">
        <ele>42.2</ele>
        <time>2026-09-24T12:43:24Z</time>
        <extensions>
          <gpxtpx:TrackPointExtension>
            <gpxtpx:hr>167</gpxtpx:hr>
          </gpxtpx:TrackPointExtension>
        </extensions>
      </trkpt>
      <trkpt lat="32.06801632132046" lon="118.59385461146496">
        <ele>42.2</ele>
        <time>2026-09-24T12:43:25Z</time>
        <extensions>
          <gpxtpx:TrackPointExtension>
            <gpxtpx:hr>167</gpxtpx:hr>
          </gpxtpx:TrackPointExtension>
        </extensions>
      </trkpt>
      <trkpt lat="32.068016319922194" lon="118.59387961226778">
        <ele>42.2</ele>
        <time>2026-09-24T12:43:26Z</time>
        <extensions>
          <gpxtpx:TrackPointExtension>
            <gpxtpx:hr>167</gpxtpx:hr>
          </gpxtpx:TrackPointExtension>
        </extensions>
      </trkpt>
      <trkpt lat="32.068015317989556" lon="118.59390961327814">
        <ele>42.3</ele>
        <time>2026-09-24T12:43:27Z</time>
        <extensions>
          <gpxtpx:TrackPointExtension>
            <gpxtpx:hr>167</gpxtpx:hr>
          </gpxtpx:TrackPointExtension>
        </extensions>
      </trkpt>
      <trkpt lat="32.068014315780886" lon="118.5939436143543">
        <ele>42.3</ele>
        <time>2026-09-24T12:43:28Z</time>
        <extensions>
          <gpxtpx:TrackPointExtension>
            <gpxtpx:hr>167</gpxtpx:hr>
          </gpxtpx:TrackPointExtension>
        </extensions>
      </trkpt>
      <trkpt lat="32.068012313666785" lon="118.59397161530117">
        <ele>42.3</ele>
        <time>2026-09-24T12:43:29Z</time>
        <extensions>
          <gpxtpx:TrackPointExtension>
            <gpxtpx:hr>167</gpxtpx:hr>
          </gpxtpx:TrackPointExtension>
        </extensions>
      </trkpt>
      <trkpt lat="32.06800731080057" lon="118.59400061650251">
        <ele>42.3</ele>
        <time>2026-09-24T12:43:30Z</time>
        <extensions>
          <gpxtpx:TrackPointExtension>
            <gpxtpx:hr>167</gpxtpx:hr>
          </gpxtpx:TrackPointExtension>
        </extensions>
      </trkpt>
      <trkpt lat="32.06800230796065" lon="118.59402861763624">
        <ele>42.3</ele>
        <time>2026-09-24T12:43:31Z</time>
        <extensions>
          <gpxtpx:TrackPointExtension>
            <gpxtpx:hr>167</gpxtpx:hr>
          </gpxtpx:TrackPointExtension>
        </extensions>
      </trkpt>
      <trkpt lat="32.067995304649074" lon="118.5940566189092">
        <ele>42.3</ele>
        <time>2026-09-24T12:43:32Z</time>
        <extensions>
          <gpxtpx:TrackPointExtension>
            <gpxtpx:hr>166</gpxtpx:hr>
          </gpxtpx:TrackPointExtension>
        </extensions>
      </trkpt>
      <trkpt lat="32.067988301303274" lon="118.5940846201412">
        <ele>42.3</ele>
        <time>2026-09-24T12:43:33Z</time>
        <extensions>
          <gpxtpx:TrackPointExtension>
            <gpxtpx:hr>166</gpxtpx:hr>
          </gpxtpx:TrackPointExtension>
        </extensions>
      </trkpt>
      <trkpt lat="32.06798129792327" lon="118.59411262133224">
        <ele>42.3</ele>
        <time>2026-09-24T12:43:34Z</time>
        <extensions>
          <gpxtpx:TrackPointExtension>
            <gpxtpx:hr>166</gpxtpx:hr>
          </gpxtpx:TrackPointExtension>
        </extensions>
      </trkpt>
      <trkpt lat="32.06797429450905" lon="118.59414062248231">
        <ele>42.3</ele>
        <time>2026-09-24T12:43:35Z</time>
        <extensions>
          <gpxtpx:TrackPointExtension>
            <gpxtpx:hr>166</gpxtpx:hr>
          </gpxtpx:TrackPointExtension>
        </extensions>
      </trkpt>
      <trkpt lat="32.06796629091097" lon="118.59416762366513">
        <ele>42.3</ele>
        <time>2026-09-24T12:43:36Z</time>
        <extensions>
          <gpxtpx:TrackPointExtension>
            <gpxtpx:hr>166</gpxtpx:hr>
          </gpxtpx:TrackPointExtension>
        </extensions>
      </trkpt>
      <trkpt lat="32.067956286913805" lon="118.59419362497509">
        <ele>42.4</ele>
        <time>2026-09-24T12:43:37Z</time>
        <extensions>
          <gpxtpx:TrackPointExtension>
            <gpxtpx:hr>164</gpxtpx:hr>
          </gpxtpx:TrackPointExtension>
        </extensions>
      </trkpt>
      <trkpt lat="32.0679452826684" lon="118.59421962633984">
        <ele>42.4</ele>
        <time>2026-09-24T12:43:38Z</time>
        <extensions>
          <gpxtpx:TrackPointExtension>
            <gpxtpx:hr>164</gpxtpx:hr>
          </gpxtpx:TrackPointExtension>
        </extensions>
      </trkpt>
      <trkpt lat="32.06793327824717" lon="118.59424462774702">
        <ele>42.4</ele>
        <time>2026-09-24T12:43:39Z</time>
        <extensions>
          <gpxtpx:TrackPointExtension>
            <gpxtpx:hr>164</gpxtpx:hr>
          </gpxtpx:TrackPointExtension>
        </extensions>
      </trkpt>
      <trkpt lat="32.067920273653364" lon="118.59426862920056">
        <ele>42.4</ele>
        <time>2026-09-24T12:43:40Z</time>
        <extensions>
          <gpxtpx:TrackPointExtension>
            <gpxtpx:hr>164</gpxtpx:hr>
          </gpxtpx:TrackPointExtension>
        </extensions>
      </trkpt>
      <trkpt lat="32.0679052682986" lon="118.59429663084335">
        <ele>42.4</ele>
        <time>2026-09-24T12:43:41Z</time>
        <extensions>
          <gpxtpx:TrackPointExtension>
            <gpxtpx:hr>164</gpxtpx:hr>
          </gpxtpx:TrackPointExtension>
        </extensions>
      </trkpt>
      <trkpt lat="32.06789026336413" lon="118.594318632395">
        <ele>42.4</ele>
        <time>2026-09-24T12:43:42Z</time>
        <extensions>
          <gpxtpx:TrackPointExtension>
            <gpxtpx:hr>166</gpxtpx:hr>
          </gpxtpx:TrackPointExtension>
        </extensions>
      </trkpt>
      <trkpt lat="32.06787325797097" lon="118.59434063410161">
        <ele>42.4</ele>
        <time>2026-09-24T12:43:43Z</time>
        <extensions>
          <gpxtpx:TrackPointExtension>
            <gpxtpx:hr>166</gpxtpx:hr>
          </gpxtpx:TrackPointExtension>
        </extensions>
      </trkpt>
      <trkpt lat="32.067858252916615" lon="118.59436363560896">
        <ele>42.4</ele>
        <time>2026-09-24T12:43:44Z</time>
        <extensions>
          <gpxtpx:TrackPointExtension>
            <gpxtpx:hr>166</gpxtpx:hr>
          </gpxtpx:TrackPointExtension>
        </extensions>
      </trkpt>
      <trkpt lat="32.06784524851224" lon="118.59438363689334">
        <ele>42.4</ele>
        <time>2026-09-24T12:43:45Z</time>
        <extensions>
          <gpxtpx:TrackPointExtension>
            <gpxtpx:hr>166</gpxtpx:hr>
          </gpxtpx:TrackPointExtension>
        </extensions>
      </trkpt>
      <trkpt lat="32.06783024325567" lon="118.59440863835684">
        <ele>42.4</ele>
        <time>2026-09-24T12:43:46Z</time>
        <extensions>
          <gpxtpx:TrackPointExtension>
            <gpxtpx:hr>166</gpxtpx:hr>
          </gpxtpx:TrackPointExtension>
        </extensions>
      </trkpt>
      <trkpt lat="32.06781723840937" lon="118.59443363960753">
        <ele>42.4</ele>
        <time>2026-09-24T12:43:47Z</time>
        <extensions>
          <gpxtpx:TrackPointExtension>
            <gpxtpx:hr>166</gpxtpx:hr>
          </gpxtpx:TrackPointExtension>
        </extensions>
      </trkpt>
      <trkpt lat="32.06780623389162" lon="118.5944596406466">
        <ele>42.4</ele>
        <time>2026-09-24T12:43:48Z</time>
        <extensions>
          <gpxtpx:TrackPointExtension>
            <gpxtpx:hr>166</gpxtpx:hr>
          </gpxtpx:TrackPointExtension>
        </extensions>
      </trkpt>
      <trkpt lat="32.0677962295632" lon="118.59448564156033">
        <ele>42.4</ele>
        <time>2026-09-24T12:43:49Z</time>
        <extensions>
          <gpxtpx:TrackPointExtension>
            <gpxtpx:hr>166</gpxtpx:hr>
          </gpxtpx:TrackPointExtension>
        </extensions>
      </trkpt>
      <trkpt lat="32.067788225558836" lon="118.59451264225702">
        <ele>42.4</ele>
        <time>2026-09-24T12:43:50Z</time>
        <extensions>
          <gpxtpx:TrackPointExtension>
            <gpxtpx:hr>166</gpxtpx:hr>
          </gpxtpx:TrackPointExtension>
        </extensions>
      </trkpt>
      <trkpt lat="32.06778122165625" lon="118.59454064282257">
        <ele>42.4</ele>
        <time>2026-09-24T12:43:51Z</time>
        <extensions>
          <gpxtpx:TrackPointExtension>
            <gpxtpx:hr>166</gpxtpx:hr>
          </gpxtpx:TrackPointExtension>
        </extensions>
      </trkpt>
      <trkpt lat="32.06777521785178" lon="118.5945696432526">
        <ele>42.5</ele>
        <time>2026-09-24T12:43:52Z</time>
        <extensions>
          <gpxtpx:TrackPointExtension>
            <gpxtpx:hr>167</gpxtpx:hr>
          </gpxtpx:TrackPointExtension>
        </extensions>
      </trkpt>
      <trkpt lat="32.067770214229505" lon="118.59459864354868">
        <ele>42.5</ele>
        <time>2026-09-24T12:43:53Z</time>
        <extensions>
          <gpxtpx:TrackPointExtension>
            <gpxtpx:hr>167</gpxtpx:hr>
          </gpxtpx:TrackPointExtension>
        </extensions>
      </trkpt>
      <trkpt lat="32.06776621070033" lon="118.59462864370322">
        <ele>42.5</ele>
        <time>2026-09-24T12:43:54Z</time>
        <extensions>
          <gpxtpx:TrackPointExtension>
            <gpxtpx:hr>167</gpxtpx:hr>
          </gpxtpx:TrackPointExtension>
        </extensions>
      </trkpt>
      <trkpt lat="32.06776320744119" lon="118.59465764372993">
        <ele>42.5</ele>
        <time>2026-09-24T12:43:55Z</time>
        <extensions>
          <gpxtpx:TrackPointExtension>
            <gpxtpx:hr>167</gpxtpx:hr>
          </gpxtpx:TrackPointExtension>
        </extensions>
      </trkpt>
      <trkpt lat="32.06776320480186" lon="118.59468664344253">
        <ele>42.5</ele>
        <time>2026-09-24T12:43:56Z</time>
        <extensions>
          <gpxtpx:TrackPointExtension>
            <gpxtpx:hr>167</gpxtpx:hr>
          </gpxtpx:TrackPointExtension>
        </extensions>
      </trkpt>
      <trkpt lat="32.06776720300114" lon="118.5947156427509">
        <ele>42.0</ele>
        <time>2026-09-24T12:43:57Z</time>
        <extensions>
          <gpxtpx:TrackPointExtension>
            <gpxtpx:hr>166</gpxtpx:hr>
          </gpxtpx:TrackPointExtension>
        </extensions>
      </trkpt>
      <trkpt lat="32.06777520203901" lon="118.59474464165505">
        <ele>42.0</ele>
        <time>2026-09-24T12:43:58Z</time>
        <extensions>
          <gpxtpx:TrackPointExtension>
            <gpxtpx:hr>166</gpxtpx:hr>
          </gpxtpx:TrackPointExtension>
        </extensions>
      </trkpt>
      <trkpt lat="32.067786201505726" lon="118.59477564021459">
        <ele>42.0</ele>
        <time>2026-09-24T12:43:59Z</time>
        <extensions>
          <gpxtpx:TrackPointExtension>
            <gpxtpx:hr>166</gpxtpx:hr>
          </gpxtpx:TrackPointExtension>
        </extensions>
      </trkpt>
      <trkpt lat="32.06779920194858" lon="118.59480063864446">
        <ele>42.0</ele>
        <time>2026-09-24T12:44:00Z</time>
        <extensions>
          <gpxtpx:TrackPointExtension>
            <gpxtpx:hr>166</gpxtpx:hr>
          </gpxtpx:TrackPointExtension>
        </extensions>
      </trkpt>
      <trkpt lat="32.067813202680654" lon="118.59482463696955">
        <ele>42.0</ele>
        <time>2026-09-24T12:44:01Z</time>
        <extensions>
          <gpxtpx:TrackPointExtension>
            <gpxtpx:hr>166</gpxtpx:hr>
          </gpxtpx:TrackPointExtension>
        </extensions>
      </trkpt>
      <trkpt lat="32.067829203825184" lon="118.59484863508445">
        <ele>42.6</ele>
        <time>2026-09-24T12:44:02Z</time>
        <extensions>
          <gpxtpx:TrackPointExtension>
            <gpxtpx:hr>165</gpxtpx:hr>
          </gpxtpx:TrackPointExtension>
        </extensions>
      </trkpt>
      <trkpt lat="32.06784720548184" lon="118.59487163300948">
        <ele>42.6</ele>
        <time>2026-09-24T12:44:03Z</time>
        <extensions>
          <gpxtpx:TrackPointExtension>
            <gpxtpx:hr>165</gpxtpx:hr>
          </gpxtpx:TrackPointExtension>
        </extensions>
      </trkpt>
      <trkpt lat="32.06786220655979" lon="118.59489363119876">
        <ele>42.6</ele>
        <time>2026-09-24T12:44:04Z</time>
        <extensions>
          <gpxtpx:TrackPointExtension>
            <gpxtpx:hr>165</gpxtpx:hr>
          </gpxtpx:TrackPointExtension>
        </extensions>
      </trkpt>
      <trkpt lat="32.06787420706193" lon="118.59491462965572">
        <ele>42.6</ele>
        <time>2026-09-24T12:44:05Z</time>
        <extensions>
          <gpxtpx:TrackPointExtension>
            <gpxtpx:hr>165</gpxtpx:hr>
          </gpxtpx:TrackPointExtension>
        </extensions>
      </trkpt>
      <trkpt lat="32.06788420638904" lon="118.59494262810324">
        <ele>42.6</ele>
        <time>2026-09-24T12:44:06Z</time>
        <extensions>
          <gpxtpx:TrackPointExtension>
            <gpxtpx:hr>165</gpxtpx:hr>
          </gpxtpx:TrackPointExtension>
        </extensions>
      </trkpt>
      <trkpt lat="32.06788720404677" lon="118.59497162711521">
        <ele>42.7</ele>
        <time>2026-09-24T12:44:07Z</time>
        <extensions>
          <gpxtpx:TrackPointExtension>
            <gpxtpx:hr>165</gpxtpx:hr>
          </gpxtpx:TrackPointExtension>
        </extensions>
      </trkpt>
      <trkpt lat="32.067880199690904" lon="118.59499862703838">
        <ele>42.7</ele>
        <time>2026-09-24T12:44:08Z</time>
        <extensions>
          <gpxtpx:TrackPointExtension>
            <gpxtpx:hr>165</gpxtpx:hr>
          </gpxtpx:TrackPointExtension>
        </extensions>
      </trkpt>
      <trkpt lat="32.06786819452847" lon="118.59502262745883">
        <ele>42.7</ele>
        <time>2026-09-24T12:44:09Z</time>
        <extensions>
          <gpxtpx:TrackPointExtension>
            <gpxtpx:hr>165</gpxtpx:hr>
          </gpxtpx:TrackPointExtension>
        </extensions>
      </trkpt>
      <trkpt lat="32.06785018813565" lon="118.59504562841933">
        <ele>42.7</ele>
        <time>2026-09-24T12:44:10Z</time>
        <extensions>
          <gpxtpx:TrackPointExtension>
            <gpxtpx:hr>165</gpxtpx:hr>
          </gpxtpx:TrackPointExtension>
        </extensions>
      </trkpt>
      <trkpt lat="32.06783218193616" lon="118.59506662941331">
        <ele>42.7</ele>
        <time>2026-09-24T12:44:11Z</time>
        <extensions>
          <gpxtpx:TrackPointExtension>
            <gpxtpx:hr>165</gpxtpx:hr>
          </gpxtpx:TrackPointExtension>
        </extensions>
      </trkpt>
      <trkpt lat="32.06781317560768" lon="118.59508663050597">
        <ele>42.9</ele>
        <time>2026-09-24T12:44:12Z</time>
        <extensions>
          <gpxtpx:TrackPointExtension>
            <gpxtpx:hr>164</gpxtpx:hr>
          </gpxtpx:TrackPointExtension>
        </extensions>
      </trkpt>
      <trkpt lat="32.06779216871425" lon="118.59510763172548">
        <ele>42.9</ele>
        <time>2026-09-24T12:44:13Z</time>
        <extensions>
          <gpxtpx:TrackPointExtension>
            <gpxtpx:hr>164</gpxtpx:hr>
          </gpxtpx:TrackPointExtension>
        </extensions>
      </trkpt>
      <trkpt lat="32.06777116202315" lon="118.5951266329893">
        <ele>42.9</ele>
        <time>2026-09-24T12:44:14Z</time>
        <extensions>
          <gpxtpx:TrackPointExtension>
            <gpxtpx:hr>164</gpxtpx:hr>
          </gpxtpx:TrackPointExtension>
        </extensions>
      </trkpt>
      <trkpt lat="32.067750155427795" lon="118.59514463426889">
        <ele>42.9</ele>
        <time>2026-09-24T12:44:15Z</time>
        <extensions>
          <gpxtpx:TrackPointExtension>
            <gpxtpx:hr>164</gpxtpx:hr>
          </gpxtpx:TrackPointExtension>
        </extensions>
      </trkpt>
      <trkpt lat="32.06772914893054" lon="118.59516163556704">
        <ele>42.9</ele>
        <time>2026-09-24T12:44:16Z</time>
        <extensions>
          <gpxtpx:TrackPointExtension>
            <gpxtpx:hr>164</gpxtpx:hr>
          </gpxtpx:TrackPointExtension>
        </extensions>
      </trkpt>
      <trkpt lat="32.06770514165114" lon="118.59517963708417">
        <ele>42.9</ele>
        <time>2026-09-24T12:44:17Z</time>
        <extensions>
          <gpxtpx:TrackPointExtension>
            <gpxtpx:hr>164</gpxtpx:hr>
          </gpxtpx:TrackPointExtension>
        </extensions>
      </trkpt>
      <trkpt lat="32.06768413546896" lon="118.59519363846277">
        <ele>42.9</ele>
        <time>2026-09-24T12:44:18Z</time>
        <extensions>
          <gpxtpx:TrackPointExtension>
            <gpxtpx:hr>164</gpxtpx:hr>
          </gpxtpx:TrackPointExtension>
        </extensions>
      </trkpt>
      <trkpt lat="32.067662129287754" lon="118.59520563999673">
        <ele>42.9</ele>
        <time>2026-09-24T12:44:19Z</time>
        <extensions>
          <gpxtpx:TrackPointExtension>
            <gpxtpx:hr>164</gpxtpx:hr>
          </gpxtpx:TrackPointExtension>
        </extensions>
      </trkpt>
      <trkpt lat="32.06764012298544" lon="118.59521864148488">
        <ele>42.9</ele>
        <time>2026-09-24T12:44:20Z</time>
        <extensions>
          <gpxtpx:TrackPointExtension>
            <gpxtpx:hr>164</gpxtpx:hr>
          </gpxtpx:TrackPointExtension>
        </extensions>
      </trkpt>
      <trkpt lat="32.06761811667564" lon="118.59523164296425">
        <ele>42.9</ele>
        <time>2026-09-24T12:44:21Z</time>
        <extensions>
          <gpxtpx:TrackPointExtension>
            <gpxtpx:hr>164</gpxtpx:hr>
          </gpxtpx:TrackPointExtension>
        </extensions>
      </trkpt>
      <trkpt lat="32.067593109469975" lon="118.59524664462565">
        <ele>43.0</ele>
        <time>2026-09-24T12:44:22Z</time>
        <extensions>
          <gpxtpx:TrackPointExtension>
            <gpxtpx:hr>164</gpxtpx:hr>
          </gpxtpx:TrackPointExtension>
        </extensions>
      </trkpt>
      <trkpt lat="32.06757110326057" lon="118.59525864612655">
        <ele>43.0</ele>
        <time>2026-09-24T12:44:23Z</time>
        <extensions>
          <gpxtpx:TrackPointExtension>
            <gpxtpx:hr>164</gpxtpx:hr>
          </gpxtpx:TrackPointExtension>
        </extensions>
      </trkpt>
      <trkpt lat="32.0675480968259" lon="118.59527064771008">
        <ele>43.0</ele>
        <time>2026-09-24T12:44:24Z</time>
        <extensions>
          <gpxtpx:TrackPointExtension>
            <gpxtpx:hr>164</gpxtpx:hr>
          </gpxtpx:TrackPointExtension>
        </extensions>
      </trkpt>
      <trkpt lat="32.06752509050232" lon="118.59528164932777">
        <ele>43.0</ele>
        <time>2026-09-24T12:44:25Z</time>
        <extensions>
          <gpxtpx:TrackPointExtension>
            <gpxtpx:hr>164</gpxtpx:hr>
          </gpxtpx:TrackPointExtension>
        </extensions>
      </trkpt>
      <trkpt lat="32.067502084291256" lon="118.59529165098135">
        <ele>43.0</ele>
        <time>2026-09-24T12:44:26Z</time>
        <extensions>
          <gpxtpx:TrackPointExtension>
            <gpxtpx:hr>164</gpxtpx:hr>
          </gpxtpx:TrackPointExtension>
        </extensions>
      </trkpt>
      <trkpt lat="32.06747807785682" lon="118.59530165271983">
        <ele>43.0</ele>
        <time>2026-09-24T12:44:27Z</time>
        <extensions>
          <gpxtpx:TrackPointExtension>
            <gpxtpx:hr>164</gpxtpx:hr>
          </gpxtpx:TrackPointExtension>
        </extensions>
      </trkpt>
      <trkpt lat="32.067452071217545" lon="118.59530965471954">
        <ele>43.0</ele>
        <time>2026-09-24T12:44:28Z</time>
        <extensions>
          <gpxtpx:TrackPointExtension>
            <gpxtpx:hr>164</gpxtpx:hr>
          </gpxtpx:TrackPointExtension>
        </extensions>
      </trkpt>
      <trkpt lat="32.067427064675115" lon="118.59531865658234">
        <ele>43.0</ele>
        <time>2026-09-24T12:44:29Z</time>
        <extensions>
          <gpxtpx:TrackPointExtension>
            <gpxtpx:hr>164</gpxtpx:hr>
          </gpxtpx:TrackPointExtension>
        </extensions>
      </trkpt>
      <trkpt lat="32.06740505878571" lon="118.5953276581706">
        <ele>43.0</ele>
        <time>2026-09-24T12:44:30Z</time>
        <extensions>
          <gpxtpx:TrackPointExtension>
            <gpxtpx:hr>164</gpxtpx:hr>
          </gpxtpx:TrackPointExtension>
        </extensions>
      </trkpt>
      <trkpt lat="32.06737905177717" lon="118.59533866002603">
        <ele>43.0</ele>
        <time>2026-09-24T12:44:31Z</time>
        <extensions>
          <gpxtpx:TrackPointExtension>
            <gpxtpx:hr>164</gpxtpx:hr>
          </gpxtpx:TrackPointExtension>
        </extensions>
      </trkpt>
      <trkpt lat="32.06735004386545" lon="118.5953516620551">
        <ele>43.1</ele>
        <time>2026-09-24T12:44:32Z</time>
        <extensions>
          <gpxtpx:TrackPointExtension>
            <gpxtpx:hr>165</gpxtpx:hr>
          </gpxtpx:TrackPointExtension>
        </extensions>
      </trkpt>
      <trkpt lat="32.06732403684502" lon="118.59536266389681">
        <ele>43.1</ele>
        <time>2026-09-24T12:44:33Z</time>
        <extensions>
          <gpxtpx:TrackPointExtension>
            <gpxtpx:hr>165</gpxtpx:hr>
          </gpxtpx:TrackPointExtension>
        </extensions>
      </trkpt>
      <trkpt lat="32.067298029819135" lon="118.59537366573224">
        <ele>43.1</ele>
        <time>2026-09-24T12:44:34Z</time>
        <extensions>
          <gpxtpx:TrackPointExtension>
            <gpxtpx:hr>165</gpxtpx:hr>
          </gpxtpx:TrackPointExtension>
        </extensions>
      </trkpt>
      <trkpt lat="32.06727202290971" lon="118.5953836676083">
        <ele>43.1</ele>
        <time>2026-09-24T12:44:35Z</time>
        <extensions>
          <gpxtpx:TrackPointExtension>
            <gpxtpx:hr>165</gpxtpx:hr>
          </gpxtpx:TrackPointExtension>
        </extensions>
      </trkpt>
      <trkpt lat="32.06725001699388" lon="118.59539266916622">
        <ele>43.1</ele>
        <time>2026-09-24T12:44:36Z</time>
        <extensions>
          <gpxtpx:TrackPointExtension>
            <gpxtpx:hr>165</gpxtpx:hr>
          </gpxtpx:TrackPointExtension>
        </extensions>
      </trkpt>
      <trkpt lat="32.06722300985686" lon="118.59540267112254">
        <ele>43.1</ele>
        <time>2026-09-24T12:44:37Z</time>
        <extensions>
          <gpxtpx:TrackPointExtension>
            <gpxtpx:hr>165</gpxtpx:hr>
          </gpxtpx:TrackPointExtension>
        </extensions>
      </trkpt>
      <trkpt lat="32.06719500261944" lon="118.59541167321215">
        <ele>43.1</ele>
        <time>2026-09-24T12:44:38Z</time>
        <extensions>
          <gpxtpx:TrackPointExtension>
            <gpxtpx:hr>165</gpxtpx:hr>
          </gpxtpx:TrackPointExtension>
        </extensions>
      </trkpt>
      <trkpt lat="32.067168995939724" lon="118.59541967516618">
        <ele>43.1</ele>
        <time>2026-09-24T12:44:39Z</time>
        <extensions>
          <gpxtpx:TrackPointExtension>
            <gpxtpx:hr>165</gpxtpx:hr>
          </gpxtpx:TrackPointExtension>
        </extensions>
      </trkpt>
      <trkpt lat="32.067139988228426" lon="118.59543067723936">
        <ele>43.1</ele>
        <time>2026-09-24T12:44:40Z</time>
        <extensions>
          <gpxtpx:TrackPointExtension>
            <gpxtpx:hr>165</gpxtpx:hr>
          </gpxtpx:TrackPointExtension>
        </extensions>
      </trkpt>
      <trkpt lat="32.06711198060619" lon="118.5954426791662">
        <ele>43.1</ele>
        <time>2026-09-24T12:44:41Z</time>
        <extensions>
          <gpxtpx:TrackPointExtension>
            <gpxtpx:hr>165</gpxtpx:hr>
          </gpxtpx:TrackPointExtension>
        </extensions>
      </trkpt>
      <trkpt lat="32.06708797397846" lon="118.59545368077575">
        <ele>43.1</ele>
        <time>2026-09-24T12:44:42Z</time>
        <extensions>
          <gpxtpx:TrackPointExtension>
            <gpxtpx:hr>165</gpxtpx:hr>
          </gpxtpx:TrackPointExtension>
        </extensions>
      </trkpt>
      <trkpt lat="32.067060966562835" lon="118.59546568259816">
        <ele>43.1</ele>
        <time>2026-09-24T12:44:43Z</time>
        <extensions>
          <gpxtpx:TrackPointExtension>
            <gpxtpx:hr>165</gpxtpx:hr>
          </gpxtpx:TrackPointExtension>
        </extensions>
      </trkpt>
      <trkpt lat="32.06703495961162" lon="118.59547568442649">
        <ele>43.1</ele>
        <time>2026-09-24T12:44:44Z</time>
        <extensions>
          <gpxtpx:TrackPointExtension>
            <gpxtpx:hr>165</gpxtpx:hr>
          </gpxtpx:TrackPointExtension>
        </extensions>
      </trkpt>
      <trkpt lat="32.06700795268938" lon="118.59548368644403">
        <ele>43.1</ele>
        <time>2026-09-24T12:44:45Z</time>
        <extensions>
          <gpxtpx:TrackPointExtension>
            <gpxtpx:hr>165</gpxtpx:hr>
          </gpxtpx:TrackPointExtension>
        </extensions>
      </trkpt>
      <trkpt lat="32.06698094589069" lon="118.59549068851074">
        <ele>43.1</ele>
        <time>2026-09-24T12:44:46Z</time>
        <extensions>
          <gpxtpx:TrackPointExtension>
            <gpxtpx:hr>165</gpxtpx:hr>
          </gpxtpx:TrackPointExtension>
        </extensions>
      </trkpt>
      <trkpt lat="32.06695493918185" lon="118.59549869043195">
        <ele>43.0</ele>
        <time>2026-09-24T12:44:47Z</time>
        <extensions>
          <gpxtpx:TrackPointExtension>
            <gpxtpx:hr>165</gpxtpx:hr>
          </gpxtpx:TrackPointExtension>
        </extensions>
      </trkpt>
      <trkpt lat="32.06692893272439" lon="118.59550469245633">
        <ele>43.0</ele>
        <time>2026-09-24T12:44:48Z</time>
        <extensions>
          <gpxtpx:TrackPointExtension>
            <gpxtpx:hr>165</gpxtpx:hr>
          </gpxtpx:TrackPointExtension>
        </extensions>
      </trkpt>
      <trkpt lat="32.06690392648422" lon="118.59551069438875">
        <ele>43.0</ele>
        <time>2026-09-24T12:44:49Z</time>
        <extensions>
          <gpxtpx:TrackPointExtension>
            <gpxtpx:hr>165</gpxtpx:hr>
          </gpxtpx:TrackPointExtension>
        </extensions>
      </trkpt>
      <trkpt lat="32.06687992033369" lon="118.59551769617534">
        <ele>43.0</ele>
        <time>2026-09-24T12:44:50Z</time>
        <extensions>
          <gpxtpx:TrackPointExtension>
            <gpxtpx:hr>165</gpxtpx:hr>
          </gpxtpx:TrackPointExtension>
        </extensions>
      </trkpt>
      <trkpt lat="32.066853913742705" lon="118.5955246981396">
        <ele>43.0</ele>
        <time>2026-09-24T12:44:51Z</time>
        <extensions>
          <gpxtpx:TrackPointExtension>
            <gpxtpx:hr>165</gpxtpx:hr>
          </gpxtpx:TrackPointExtension>
        </extensions>
      </trkpt>
      <trkpt lat="32.0668259067112" lon="118.59553170028151">
        <ele>42.9</ele>
        <time>2026-09-24T12:44:52Z</time>
        <extensions>
          <gpxtpx:TrackPointExtension>
            <gpxtpx:hr>166</gpxtpx:hr>
          </gpxtpx:TrackPointExtension>
        </extensions>
      </trkpt>
      <trkpt lat="32.066801900682314" lon="118.59553770211542">
        <ele>42.9</ele>
        <time>2026-09-24T12:44:53Z</time>
        <extensions>
          <gpxtpx:TrackPointExtension>
            <gpxtpx:hr>166</gpxtpx:hr>
          </gpxtpx:TrackPointExtension>
        </extensions>
      </trkpt>
      <trkpt lat="32.06677689456139" lon="118.59554270409274">
        <ele>42.9</ele>
        <time>2026-09-24T12:44:54Z</time>
        <extensions>
          <gpxtpx:TrackPointExtension>
            <gpxtpx:hr>166</gpxtpx:hr>
          </gpxtpx:TrackPointExtension>
        </extensions>
      </trkpt>
      <trkpt lat="32.06675088822008" lon="118.59554770615885">
        <ele>42.9</ele>
        <time>2026-09-24T12:44:55Z</time>
        <extensions>
          <gpxtpx:TrackPointExtension>
            <gpxtpx:hr>166</gpxtpx:hr>
          </gpxtpx:TrackPointExtension>
        </extensions>
      </trkpt>
      <trkpt lat="32.066724882135816" lon="118.59555070833493">
        <ele>42.9</ele>
        <time>2026-09-24T12:44:56Z</time>
        <extensions>
          <gpxtpx:TrackPointExtension>
            <gpxtpx:hr>166</gpxtpx:hr>
          </gpxtpx:TrackPointExtension>
        </extensions>
      </trkpt>
      <trkpt lat="32.066699876399326" lon="118.59555271047614">
        <ele>42.0</ele>
        <time>2026-09-24T12:44:57Z</time>
        <extensions>
          <gpxtpx:TrackPointExtension>
            <gpxtpx:hr>165</gpxtpx:hr>
          </gpxtpx:TrackPointExtension>
        </extensions>
      </trkpt>
      <trkpt lat="32.06667387018464" lon="118.59555671259558">
        <ele>42.0</ele>
        <time>2026-09-24T12:44:58Z</time>
        <extensions>
          <gpxtpx:TrackPointExtension>
            <gpxtpx:hr>165</gpxtpx:hr>
          </gpxtpx:TrackPointExtension>
        </extensions>
      </trkpt>
      <trkpt lat="32.06664586340116" lon="118.59556171483827">
        <ele>42.0</ele>
        <time>2026-09-24T12:44:59Z</time>
        <extensions>
          <gpxtpx:TrackPointExtension>
            <gpxtpx:hr>165</gpxtpx:hr>
          </gpxtpx:TrackPointExtension>
        </extensions>
      </trkpt>
      <trkpt lat="32.06662285758229" lon="118.59556771657272">
        <ele>42.0</ele>
        <time>2026-09-24T12:45:00Z</time>
        <extensions>
          <gpxtpx:TrackPointExtension>
            <gpxtpx:hr>165</gpxtpx:hr>
          </gpxtpx:TrackPointExtension>
        </extensions>
      </trkpt>
      <trkpt lat="32.06659785132337" lon="118.5955737184855">
        <ele>42.0</ele>
        <time>2026-09-24T12:45:01Z</time>
        <extensions>
          <gpxtpx:TrackPointExtension>
            <gpxtpx:hr>165</gpxtpx:hr>
          </gpxtpx:TrackPointExtension>
        </extensions>
      </trkpt>
      <trkpt lat="32.06657284493229" lon="118.5955807203393">
        <ele>42.6</ele>
        <time>2026-09-24T12:45:02Z</time>
        <extensions>
          <gpxtpx:TrackPointExtension>
            <gpxtpx:hr>165</gpxtpx:hr>
          </gpxtpx:TrackPointExtension>
        </extensions>
      </trkpt>
      <trkpt lat="32.0665478386696" lon="118.59558672224803">
        <ele>42.6</ele>
        <time>2026-09-24T12:45:03Z</time>
        <extensions>
          <gpxtpx:TrackPointExtension>
            <gpxtpx:hr>165</gpxtpx:hr>
          </gpxtpx:TrackPointExtension>
        </extensions>
      </trkpt>
      <trkpt lat="32.06651883139745" lon="118.59559372445753">
        <ele>42.6</ele>
        <time>2026-09-24T12:45:04Z</time>
        <extensions>
          <gpxtpx:TrackPointExtension>
            <gpxtpx:hr>165</gpxtpx:hr>
          </gpxtpx:TrackPointExtension>
        </extensions>
      </trkpt>
      <trkpt lat="32.06649382513097" lon="118.59559972636221">
        <ele>42.6</ele>
        <time>2026-09-24T12:45:05Z</time>
        <extensions>
          <gpxtpx:TrackPointExtension>
            <gpxtpx:hr>165</gpxtpx:hr>
          </gpxtpx:TrackPointExtension>
        </extensions>
      </trkpt>
      <trkpt lat="32.0664688187312" lon="118.59560672820656">
        <ele>42.6</ele>
        <time>2026-09-24T12:45:06Z</time>
        <extensions>
          <gpxtpx:TrackPointExtension>
            <gpxtpx:hr>165</gpxtpx:hr>
          </gpxtpx:TrackPointExtension>
        </extensions>
      </trkpt>
      <trkpt lat="32.06644281197803" lon="118.5956147300796">
        <ele>42.5</ele>
        <time>2026-09-24T12:45:07Z</time>
        <extensions>
          <gpxtpx:TrackPointExtension>
            <gpxtpx:hr>163</gpxtpx:hr>
          </gpxtpx:TrackPointExtension>
        </extensions>
      </trkpt>
      <trkpt lat="32.06641580500266" lon="118.59562273203944">
        <ele>42.5</ele>
        <time>2026-09-24T12:45:08Z</time>
        <extensions>
          <gpxtpx:TrackPointExtension>
            <gpxtpx:hr>163</gpxtpx:hr>
          </gpxtpx:TrackPointExtension>
        </extensions>
      </trkpt>
      <trkpt lat="32.06638879775902" lon="118.5956327338764">
        <ele>42.5</ele>
        <time>2026-09-24T12:45:09Z</time>
        <extensions>
          <gpxtpx:TrackPointExtension>
            <gpxtpx:hr>163</gpxtpx:hr>
          </gpxtpx:TrackPointExtension>
        </extensions>
      </trkpt>
      <trkpt lat="32.06636379121543" lon="118.59564073564856">
        <ele>42.5</ele>
        <time>2026-09-24T12:45:10Z</time>
        <extensions>
          <gpxtpx:TrackPointExtension>
            <gpxtpx:hr>163</gpxtpx:hr>
          </gpxtpx:TrackPointExtension>
        </extensions>
      </trkpt>
      <trkpt lat="32.066335783877754" lon="118.59564973762701">
        <ele>42.5</ele>
        <time>2026-09-24T12:45:11Z</time>
        <extensions>
          <gpxtpx:TrackPointExtension>
            <gpxtpx:hr>163</gpxtpx:hr>
          </gpxtpx:TrackPointExtension>
        </extensions>
      </trkpt>
      <trkpt lat="32.06630977724236" lon="118.59565673954332">
        <ele>42.5</ele>
        <time>2026-09-24T12:45:12Z</time>
        <extensions>
          <gpxtpx:TrackPointExtension>
            <gpxtpx:hr>164</gpxtpx:hr>
          </gpxtpx:TrackPointExtension>
        </extensions>
      </trkpt>
      <trkpt lat="32.06628577090911" lon="118.59566474121542">
        <ele>42.5</ele>
        <time>2026-09-24T12:45:13Z</time>
        <extensions>
          <gpxtpx:TrackPointExtension>
            <gpxtpx:hr>164</gpxtpx:hr>
          </gpxtpx:TrackPointExtension>
        </extensions>
      </trkpt>
      <trkpt lat="32.066256763342146" lon="118.59567374327277">
        <ele>42.5</ele>
        <time>2026-09-24T12:45:14Z</time>
        <extensions>
          <gpxtpx:TrackPointExtension>
            <gpxtpx:hr>164</gpxtpx:hr>
          </gpxtpx:TrackPointExtension>
        </extensions>
      </trkpt>
      <trkpt lat="32.06622775577142" lon="118.59568274532592">
        <ele>42.5</ele>
        <time>2026-09-24T12:45:15Z</time>
        <extensions>
          <gpxtpx:TrackPointExtension>
            <gpxtpx:hr>164</gpxtpx:hr>
          </gpxtpx:TrackPointExtension>
        </extensions>
      </trkpt>
      <trkpt lat="32.066198748061666" lon="118.59569274731194">
        <ele>42.5</ele>
        <time>2026-09-24T12:45:16Z</time>
        <extensions>
          <gpxtpx:TrackPointExtension>
            <gpxtpx:hr>164</gpxtpx:hr>
          </gpxtpx:TrackPointExtension>
        </extensions>
      </trkpt>
      <trkpt lat="32.066170740566626" lon="118.59570274920269">
        <ele>42.5</ele>
        <time>2026-09-24T12:45:17Z</time>
        <extensions>
          <gpxtpx:TrackPointExtension>
            <gpxtpx:hr>164</gpxtpx:hr>
          </gpxtpx:TrackPointExtension>
        </extensions>
      </trkpt>
      <trkpt lat="32.06614673380807" lon="118.59571375066388">
        <ele>42.5</ele>
        <time>2026-09-24T12:45:18Z</time>
        <extensions>
          <gpxtpx:TrackPointExtension>
            <gpxtpx:hr>164</gpxtpx:hr>
          </gpxtpx:TrackPointExtension>
        </extensions>
      </trkpt>
      <trkpt lat="32.066121726688095" lon="118.59572575214425">
        <ele>42.5</ele>
        <time>2026-09-24T12:45:19Z</time>
        <extensions>
          <gpxtpx:TrackPointExtension>
            <gpxtpx:hr>164</gpxtpx:hr>
          </gpxtpx:TrackPointExtension>
        </extensions>
      </trkpt>
      <trkpt lat="32.06609671997318" lon="118.59573475381275">
        <ele>42.5</ele>
        <time>2026-09-24T12:45:20Z</time>
        <extensions>
          <gpxtpx:TrackPointExtension>
            <gpxtpx:hr>164</gpxtpx:hr>
          </gpxtpx:TrackPointExtension>
        </extensions>
      </trkpt>
      <trkpt lat="32.06607271388615" lon="118.59574075558346">
        <ele>42.5</ele>
        <time>2026-09-24T12:45:21Z</time>
        <extensions>
          <gpxtpx:TrackPointExtension>
            <gpxtpx:hr>164</gpxtpx:hr>
          </gpxtpx:TrackPointExtension>
        </extensions>
      </trkpt>
      <trkpt lat="32.06604770744041" lon="118.59574775737663">
        <ele>42.5</ele>
        <time>2026-09-24T12:45:22Z</time>
        <extensions>
          <gpxtpx:TrackPointExtension>
            <gpxtpx:hr>164</gpxtpx:hr>
          </gpxtpx:TrackPointExtension>
        </extensions>
      </trkpt>
      <trkpt lat="32.06601969964401" lon="118.59575975910616">
        <ele>42.5</ele>
        <time>2026-09-24T12:45:23Z</time>
        <extensions>
          <gpxtpx:TrackPointExtension>
            <gpxtpx:hr>164</gpxtpx:hr>
          </gpxtpx:TrackPointExtension>
        </extensions>
      </trkpt>
      <trkpt lat="32.065987690825025" lon="118.59577276112157">
        <ele>42.5</ele>
        <time>2026-09-24T12:45:24Z</time>
        <extensions>
          <gpxtpx:TrackPointExtension>
            <gpxtpx:hr>164</gpxtpx:hr>
          </gpxtpx:TrackPointExtension>
        </extensions>
      </trkpt>
      <trkpt lat="32.06596268395164" lon="118.59578276270055">
        <ele>42.5</ele>
        <time>2026-09-24T12:45:25Z</time>
        <extensions>
          <gpxtpx:TrackPointExtension>
            <gpxtpx:hr>164</gpxtpx:hr>
          </gpxtpx:TrackPointExtension>
        </extensions>
      </trkpt>
      <trkpt lat="32.065936676714735" lon="118.59579376429632">
        <ele>42.5</ele>
        <time>2026-09-24T12:45:26Z</time>
        <extensions>
          <gpxtpx:TrackPointExtension>
            <gpxtpx:hr>164</gpxtpx:hr>
          </gpxtpx:TrackPointExtension>
        </extensions>
      </trkpt>
      <trkpt lat="32.065910669472395" lon="118.59580476588582">
        <ele>42.4</ele>
        <time>2026-09-24T12:45:27Z</time>
        <extensions>
          <gpxtpx:TrackPointExtension>
            <gpxtpx:hr>164</gpxtpx:hr>
          </gpxtpx:TrackPointExtension>
        </extensions>
      </trkpt>
      <trkpt lat="32.06588466222462" lon="118.59581576746905">
        <ele>42.4</ele>
        <time>2026-09-24T12:45:28Z</time>
        <extensions>
          <gpxtpx:TrackPointExtension>
            <gpxtpx:hr>164</gpxtpx:hr>
          </gpxtpx:TrackPointExtension>
        </extensions>
      </trkpt>
      <trkpt lat="32.06585965519079" lon="118.5958267689559">
        <ele>42.4</ele>
        <time>2026-09-24T12:45:29Z</time>
        <extensions>
          <gpxtpx:TrackPointExtension>
            <gpxtpx:hr>164</gpxtpx:hr>
          </gpxtpx:TrackPointExtension>
        </extensions>
      </trkpt>
      <trkpt lat="32.06583364807367" lon="118.59583677059703">
        <ele>42.4</ele>
        <time>2026-09-24T12:45:30Z</time>
        <extensions>
          <gpxtpx:TrackPointExtension>
            <gpxtpx:hr>164</gpxtpx:hr>
          </gpxtpx:TrackPointExtension>
        </extensions>
      </trkpt>
      <trkpt lat="32.06580864102946" lon="118.59584777207192">
        <ele>42.4</ele>
        <time>2026-09-24T12:45:31Z</time>
        <extensions>
          <gpxtpx:TrackPointExtension>
            <gpxtpx:hr>164</gpxtpx:hr>
          </gpxtpx:TrackPointExtension>
        </extensions>
      </trkpt>
      <trkpt lat="32.06578263376043" lon="118.59585877363065">
        <ele>42.4</ele>
        <time>2026-09-24T12:45:32Z</time>
        <extensions>
          <gpxtpx:TrackPointExtension>
            <gpxtpx:hr>163</gpxtpx:hr>
          </gpxtpx:TrackPointExtension>
        </extensions>
      </trkpt>
      <trkpt lat="32.06575762670536" lon="118.59586977509302">
        <ele>42.4</ele>
        <time>2026-09-24T12:45:33Z</time>
        <extensions>
          <gpxtpx:TrackPointExtension>
            <gpxtpx:hr>163</gpxtpx:hr>
          </gpxtpx:TrackPointExtension>
        </extensions>
      </trkpt>
      <trkpt lat="32.06573261964488" lon="118.59588077654912">
        <ele>42.4</ele>
        <time>2026-09-24T12:45:34Z</time>
        <extensions>
          <gpxtpx:TrackPointExtension>
            <gpxtpx:hr>163</gpxtpx:hr>
          </gpxtpx:TrackPointExtension>
        </extensions>
      </trkpt>
      <trkpt lat="32.065708612942274" lon="118.59589077798206">
        <ele>42.4</ele>
        <time>2026-09-24T12:45:35Z</time>
        <extensions>
          <gpxtpx:TrackPointExtension>
            <gpxtpx:hr>163</gpxtpx:hr>
          </gpxtpx:TrackPointExtension>
        </extensions>
      </trkpt>
      <trkpt lat="32.0656836057271" lon="118.59590277935243">
        <ele>42.4</ele>
        <time>2026-09-24T12:45:36Z</time>
        <extensions>
          <gpxtpx:TrackPointExtension>
            <gpxtpx:hr>163</gpxtpx:hr>
          </gpxtpx:TrackPointExtension>
        </extensions>
      </trkpt>
      <trkpt lat="32.06565859865037" lon="118.59591378078973">
        <ele>42.4</ele>
        <time>2026-09-24T12:45:37Z</time>
        <extensions>
          <gpxtpx:TrackPointExtension>
            <gpxtpx:hr>160</gpxtpx:hr>
          </gpxtpx:TrackPointExtension>
        </extensions>
      </trkpt>
      <trkpt lat="32.065633591568215" lon="118.59592478222078">
        <ele>42.4</ele>
        <time>2026-09-24T12:45:38Z</time>
        <extensions>
          <gpxtpx:TrackPointExtension>
            <gpxtpx:hr>160</gpxtpx:hr>
          </gpxtpx:TrackPointExtension>
        </extensions>
      </trkpt>
      <trkpt lat="32.0656095845543" lon="118.5959367834799">
        <ele>42.4</ele>
        <time>2026-09-24T12:45:39Z</time>
        <extensions>
          <gpxtpx:TrackPointExtension>
            <gpxtpx:hr>160</gpxtpx:hr>
          </gpxtpx:TrackPointExtension>
        </extensions>
      </trkpt>
      <trkpt lat="32.06558457746083" lon="118.59594778489785">
        <ele>42.4</ele>
        <time>2026-09-24T12:45:40Z</time>
        <extensions>
          <gpxtpx:TrackPointExtension>
            <gpxtpx:hr>160</gpxtpx:hr>
          </gpxtpx:TrackPointExtension>
        </extensions>
      </trkpt>
      <trkpt lat="32.06555957021516" lon="118.59595978623278">
        <ele>42.4</ele>
        <time>2026-09-24T12:45:41Z</time>
        <extensions>
          <gpxtpx:TrackPointExtension>
            <gpxtpx:hr>160</gpxtpx:hr>
          </gpxtpx:TrackPointExtension>
        </extensions>
      </trkpt>
      <trkpt lat="32.065534563110376" lon="118.59597078763763">
        <ele>42.3</ele>
        <time>2026-09-24T12:45:42Z</time>
        <extensions>
          <gpxtpx:TrackPointExtension>
            <gpxtpx:hr>158</gpxtpx:hr>
          </gpxtpx:TrackPointExtension>
        </extensions>
      </trkpt>
      <trkpt lat="32.06551055607189" lon="118.59598278886818">
        <ele>42.3</ele>
        <time>2026-09-24T12:45:43Z</time>
        <extensions>
          <gpxtpx:TrackPointExtension>
            <gpxtpx:hr>158</gpxtpx:hr>
          </gpxtpx:TrackPointExtension>
        </extensions>
      </trkpt>
      <trkpt lat="32.06548554895581" lon="118.59599379025993">
        <ele>42.3</ele>
        <time>2026-09-24T12:45:44Z</time>
        <extensions>
          <gpxtpx:TrackPointExtension>
            <gpxtpx:hr>158</gpxtpx:hr>
          </gpxtpx:TrackPointExtension>
        </extensions>
      </trkpt>
      <trkpt lat="32.06545954161481" lon="118.59600479173551">
        <ele>42.3</ele>
        <time>2026-09-24T12:45:45Z</time>
        <extensions>
          <gpxtpx:TrackPointExtension>
            <gpxtpx:hr>158</gpxtpx:hr>
          </gpxtpx:TrackPointExtension>
        </extensions>
      </trkpt>
      <trkpt lat="32.065432533899575" lon="118.59601679321524">
        <ele>42.3</ele>
        <time>2026-09-24T12:45:46Z</time>
        <extensions>
          <gpxtpx:TrackPointExtension>
            <gpxtpx:hr>158</gpxtpx:hr>
          </gpxtpx:TrackPointExtension>
        </extensions>
      </trkpt>
      <trkpt lat="32.06540552617791" lon="118.59602879468753">
        <ele>42.3</ele>
        <time>2026-09-24T12:45:47Z</time>
        <extensions>
          <gpxtpx:TrackPointExtension>
            <gpxtpx:hr>157</gpxtpx:hr>
          </gpxtpx:TrackPointExtension>
        </extensions>
      </trkpt>
      <trkpt lat="32.06537751823027" lon="118.59604079624245">
        <ele>42.3</ele>
        <time>2026-09-24T12:45:48Z</time>
        <extensions>
          <gpxtpx:TrackPointExtension>
            <gpxtpx:hr>157</gpxtpx:hr>
          </gpxtpx:TrackPointExtension>
        </extensions>
      </trkpt>
      <trkpt lat="32.065345509247116" lon="118.5960537980687">
        <ele>42.3</ele>
        <time>2026-09-24T12:45:49Z</time>
        <extensions>
          <gpxtpx:TrackPointExtension>
            <gpxtpx:hr>157</gpxtpx:hr>
          </gpxtpx:TrackPointExtension>
        </extensions>
      </trkpt>
      <trkpt lat="32.06531850150556" lon="118.59606579951802">
        <ele>42.3</ele>
        <time>2026-09-24T12:45:50Z</time>
        <extensions>
          <gpxtpx:TrackPointExtension>
            <gpxtpx:hr>157</gpxtpx:hr>
          </gpxtpx:TrackPointExtension>
        </extensions>
      </trkpt>
      <trkpt lat="32.06529249428087" lon="118.5960758010354">
        <ele>42.3</ele>
        <time>2026-09-24T12:45:51Z</time>
        <extensions>
          <gpxtpx:TrackPointExtension>
            <gpxtpx:hr>157</gpxtpx:hr>
          </gpxtpx:TrackPointExtension>
        </extensions>
      </trkpt>
      <trkpt lat="32.06526648705165" lon="118.59608580254763">
        <ele>42.3</ele>
        <time>2026-09-24T12:45:52Z</time>
        <extensions>
          <gpxtpx:TrackPointExtension>
            <gpxtpx:hr>158</gpxtpx:hr>
          </gpxtpx:TrackPointExtension>
        </extensions>
      </trkpt>
      <trkpt lat="32.06523947959833" lon="118.59609580414478">
        <ele>42.3</ele>
        <time>2026-09-24T12:45:53Z</time>
        <extensions>
          <gpxtpx:TrackPointExtension>
            <gpxtpx:hr>158</gpxtpx:hr>
          </gpxtpx:TrackPointExtension>
        </extensions>
      </trkpt>
      <trkpt lat="32.06521247214047" lon="118.59610580573676">
        <ele>42.3</ele>
        <time>2026-09-24T12:45:54Z</time>
        <extensions>
          <gpxtpx:TrackPointExtension>
            <gpxtpx:hr>158</gpxtpx:hr>
          </gpxtpx:TrackPointExtension>
        </extensions>
      </trkpt>
      <trkpt lat="32.06518646489768" lon="118.59611580723346">
        <ele>42.3</ele>
        <time>2026-09-24T12:45:55Z</time>
        <extensions>
          <gpxtpx:TrackPointExtension>
            <gpxtpx:hr>158</gpxtpx:hr>
          </gpxtpx:TrackPointExtension>
        </extensions>
      </trkpt>
      <trkpt lat="32.06515845721114" lon="118.59612580890519">
        <ele>42.3</ele>
        <time>2026-09-24T12:45:56Z</time>
        <extensions>
          <gpxtpx:TrackPointExtension>
            <gpxtpx:hr>158</gpxtpx:hr>
          </gpxtpx:TrackPointExtension>
        </extensions>
      </trkpt>
      <trkpt lat="32.06513044952005" lon="118.59613581057174">
        <ele>42.0</ele>
        <time>2026-09-24T12:45:57Z</time>
        <extensions>
          <gpxtpx:TrackPointExtension>
            <gpxtpx:hr>158</gpxtpx:hr>
          </gpxtpx:TrackPointExtension>
        </extensions>
      </trkpt>
      <trkpt lat="32.065097440726284" lon="118.5961458126836">
        <ele>42.0</ele>
        <time>2026-09-24T12:45:58Z</time>
        <extensions>
          <gpxtpx:TrackPointExtension>
            <gpxtpx:hr>158</gpxtpx:hr>
          </gpxtpx:TrackPointExtension>
        </extensions>
      </trkpt>
      <trkpt lat="32.06507443505511" lon="118.59614981440981">
        <ele>42.0</ele>
        <time>2026-09-24T12:45:59Z</time>
        <extensions>
          <gpxtpx:TrackPointExtension>
            <gpxtpx:hr>158</gpxtpx:hr>
          </gpxtpx:TrackPointExtension>
        </extensions>
      </trkpt>
      <trkpt lat="32.06505042962882" lon="118.59615081648548">
        <ele>42.0</ele>
        <time>2026-09-24T12:46:00Z</time>
        <extensions>
          <gpxtpx:TrackPointExtension>
            <gpxtpx:hr>158</gpxtpx:hr>
          </gpxtpx:TrackPointExtension>
        </extensions>
      </trkpt>
      <trkpt lat="32.06502242285822" lon="118.59615481866112">
        <ele>42.0</ele>
        <time>2026-09-24T12:46:01Z</time>
        <extensions>
          <gpxtpx:TrackPointExtension>
            <gpxtpx:hr>158</gpxtpx:hr>
          </gpxtpx:TrackPointExtension>
        </extensions>
      </trkpt>
      <trkpt lat="32.064996416525986" lon="118.59615882065576">
        <ele>42.2</ele>
        <time>2026-09-24T12:46:02Z</time>
        <extensions>
          <gpxtpx:TrackPointExtension>
            <gpxtpx:hr>159</gpxtpx:hr>
          </gpxtpx:TrackPointExtension>
        </extensions>
      </trkpt>
      <trkpt lat="32.064971410568084" lon="118.59616182264672">
        <ele>42.2</ele>
        <time>2026-09-24T12:46:03Z</time>
        <extensions>
          <gpxtpx:TrackPointExtension>
            <gpxtpx:hr>159</gpxtpx:hr>
          </gpxtpx:TrackPointExtension>
        </extensions>
      </trkpt>
      <trkpt lat="32.06494540423425" lon="118.5961658246399">
        <ele>42.2</ele>
        <time>2026-09-24T12:46:04Z</time>
        <extensions>
          <gpxtpx:TrackPointExtension>
            <gpxtpx:hr>159</gpxtpx:hr>
          </gpxtpx:TrackPointExtension>
        </extensions>
      </trkpt>
      <trkpt lat="32.0649153968649" lon="118.59617082690498">
        <ele>42.2</ele>
        <time>2026-09-24T12:46:05Z</time>
        <extensions>
          <gpxtpx:TrackPointExtension>
            <gpxtpx:hr>159</gpxtpx:hr>
          </gpxtpx:TrackPointExtension>
        </extensions>
      </trkpt>
      <trkpt lat="32.06488638986999" lon="118.59617482916659">
        <ele>42.2</ele>
        <time>2026-09-24T12:46:06Z</time>
        <extensions>
          <gpxtpx:TrackPointExtension>
            <gpxtpx:hr>159</gpxtpx:hr>
          </gpxtpx:TrackPointExtension>
        </extensions>
      </trkpt>
      <trkpt lat="32.06485838309384" lon="118.59617883133727">
        <ele>42.1</ele>
        <time>2026-09-24T12:46:07Z</time>
        <extensions>
          <gpxtpx:TrackPointExtension>
            <gpxtpx:hr>159</gpxtpx:hr>
          </gpxtpx:TrackPointExtension>
        </extensions>
      </trkpt>
      <trkpt lat="32.064830376316756" lon="118.5961828335071">
        <ele>42.1</ele>
        <time>2026-09-24T12:46:08Z</time>
        <extensions>
          <gpxtpx:TrackPointExtension>
            <gpxtpx:hr>159</gpxtpx:hr>
          </gpxtpx:TrackPointExtension>
        </extensions>
      </trkpt>
      <trkpt lat="32.064801369005714" lon="118.5961888355891">
        <ele>42.1</ele>
        <time>2026-09-24T12:46:09Z</time>
        <extensions>
          <gpxtpx:TrackPointExtension>
            <gpxtpx:hr>159</gpxtpx:hr>
          </gpxtpx:TrackPointExtension>
        </extensions>
      </trkpt>
      <trkpt lat="32.06477236200671" lon="118.59619283784698">
        <ele>42.1</ele>
        <time>2026-09-24T12:46:10Z</time>
        <extensions>
          <gpxtpx:TrackPointExtension>
            <gpxtpx:hr>159</gpxtpx:hr>
          </gpxtpx:TrackPointExtension>
        </extensions>
      </trkpt>
      <trkpt lat="32.06474435554048" lon="118.59619484019187">
        <ele>42.1</ele>
        <time>2026-09-24T12:46:11Z</time>
        <extensions>
          <gpxtpx:TrackPointExtension>
            <gpxtpx:hr>159</gpxtpx:hr>
          </gpxtpx:TrackPointExtension>
        </extensions>
      </trkpt>
      <trkpt lat="32.06471734913652" lon="118.59619784235741">
        <ele>41.8</ele>
        <time>2026-09-24T12:46:12Z</time>
        <extensions>
          <gpxtpx:TrackPointExtension>
            <gpxtpx:hr>158</gpxtpx:hr>
          </gpxtpx:TrackPointExtension>
        </extensions>
      </trkpt>
      <trkpt lat="32.0646873420727" lon="118.59620084479276">
        <ele>41.8</ele>
        <time>2026-09-24T12:46:13Z</time>
        <extensions>
          <gpxtpx:TrackPointExtension>
            <gpxtpx:hr>158</gpxtpx:hr>
          </gpxtpx:TrackPointExtension>
        </extensions>
      </trkpt>
      <trkpt lat="32.06465933544774" lon="118.59620384704745">
        <ele>41.8</ele>
        <time>2026-09-24T12:46:14Z</time>
        <extensions>
          <gpxtpx:TrackPointExtension>
            <gpxtpx:hr>158</gpxtpx:hr>
          </gpxtpx:TrackPointExtension>
        </extensions>
      </trkpt>
      <trkpt lat="32.06463332910418" lon="118.59620784903194">
        <ele>41.8</ele>
        <time>2026-09-24T12:46:15Z</time>
        <extensions>
          <gpxtpx:TrackPointExtension>
            <gpxtpx:hr>158</gpxtpx:hr>
          </gpxtpx:TrackPointExtension>
        </extensions>
      </trkpt>
      <trkpt lat="32.064605322320176" lon="118.59621185119578">
        <ele>41.8</ele>
        <time>2026-09-24T12:46:16Z</time>
        <extensions>
          <gpxtpx:TrackPointExtension>
            <gpxtpx:hr>158</gpxtpx:hr>
          </gpxtpx:TrackPointExtension>
        </extensions>
      </trkpt>
      <trkpt lat="32.064578315755035" lon="118.59621585326867">
        <ele>41.6</ele>
        <time>2026-09-24T12:46:17Z</time>
        <extensions>
          <gpxtpx:TrackPointExtension>
            <gpxtpx:hr>157</gpxtpx:hr>
          </gpxtpx:TrackPointExtension>
        </extensions>
      </trkpt>
      <trkpt lat="32.064552309566785" lon="118.59621885534087">
        <ele>41.6</ele>
        <time>2026-09-24T12:46:18Z</time>
        <extensions>
          <gpxtpx:TrackPointExtension>
            <gpxtpx:hr>157</gpxtpx:hr>
          </gpxtpx:TrackPointExtension>
        </extensions>
      </trkpt>
      <trkpt lat="32.06452330271854" lon="118.59622185768283">
        <ele>41.6</ele>
        <time>2026-09-24T12:46:19Z</time>
        <extensions>
          <gpxtpx:TrackPointExtension>
            <gpxtpx:hr>157</gpxtpx:hr>
          </gpxtpx:TrackPointExtension>
        </extensions>
      </trkpt>
      <trkpt lat="32.06449529593118" lon="118.59622585984378">
        <ele>41.6</ele>
        <time>2026-09-24T12:46:20Z</time>
        <extensions>
          <gpxtpx:TrackPointExtension>
            <gpxtpx:hr>157</gpxtpx:hr>
          </gpxtpx:TrackPointExtension>
        </extensions>
      </trkpt>
      <trkpt lat="32.06446828904569" lon="118.59623186173224">
        <ele>41.6</ele>
        <time>2026-09-24T12:46:21Z</time>
        <extensions>
          <gpxtpx:TrackPointExtension>
            <gpxtpx:hr>157</gpxtpx:hr>
          </gpxtpx:TrackPointExtension>
        </extensions>
      </trkpt>
      <trkpt lat="32.064437281120284" lon="118.59623886388803">
        <ele>41.2</ele>
        <time>2026-09-24T12:46:22Z</time>
        <extensions>
          <gpxtpx:TrackPointExtension>
            <gpxtpx:hr>157</gpxtpx:hr>
          </gpxtpx:TrackPointExtension>
        </extensions>
      </trkpt>
      <trkpt lat="32.06441027439005" lon="118.59624386586393">
        <ele>41.2</ele>
        <time>2026-09-24T12:46:23Z</time>
        <extensions>
          <gpxtpx:TrackPointExtension>
            <gpxtpx:hr>157</gpxtpx:hr>
          </gpxtpx:TrackPointExtension>
        </extensions>
      </trkpt>
      <trkpt lat="32.06438626831804" lon="118.59624886756826">
        <ele>41.2</ele>
        <time>2026-09-24T12:46:24Z</time>
        <extensions>
          <gpxtpx:TrackPointExtension>
            <gpxtpx:hr>157</gpxtpx:hr>
          </gpxtpx:TrackPointExtension>
        </extensions>
      </trkpt>
      <trkpt lat="32.06436226240425" lon="118.59625286936323">
        <ele>41.2</ele>
        <time>2026-09-24T12:46:25Z</time>
        <extensions>
          <gpxtpx:TrackPointExtension>
            <gpxtpx:hr>157</gpxtpx:hr>
          </gpxtpx:TrackPointExtension>
        </extensions>
      </trkpt>
      <trkpt lat="32.06433925654981" lon="118.59625787097514">
        <ele>41.2</ele>
        <time>2026-09-24T12:46:26Z</time>
        <extensions>
          <gpxtpx:TrackPointExtension>
            <gpxtpx:hr>157</gpxtpx:hr>
          </gpxtpx:TrackPointExtension>
        </extensions>
      </trkpt>
      <trkpt lat="32.0643142502544" lon="118.59626287276593">
        <ele>40.7</ele>
        <time>2026-09-24T12:46:27Z</time>
        <extensions>
          <gpxtpx:TrackPointExtension>
            <gpxtpx:hr>159</gpxtpx:hr>
          </gpxtpx:TrackPointExtension>
        </extensions>
      </trkpt>
      <trkpt lat="32.06428524291811" lon="118.5962688748231">
        <ele>40.7</ele>
        <time>2026-09-24T12:46:28Z</time>
        <extensions>
          <gpxtpx:TrackPointExtension>
            <gpxtpx:hr>159</gpxtpx:hr>
          </gpxtpx:TrackPointExtension>
        </extensions>
      </trkpt>
      <trkpt lat="32.06425823601977" lon="118.5962748766982">
        <ele>40.7</ele>
        <time>2026-09-24T12:46:29Z</time>
        <extensions>
          <gpxtpx:TrackPointExtension>
            <gpxtpx:hr>159</gpxtpx:hr>
          </gpxtpx:TrackPointExtension>
        </extensions>
      </trkpt>
      <trkpt lat="32.06423222917885" lon="118.59628187838797">
        <ele>40.7</ele>
        <time>2026-09-24T12:46:30Z</time>
        <extensions>
          <gpxtpx:TrackPointExtension>
            <gpxtpx:hr>159</gpxtpx:hr>
          </gpxtpx:TrackPointExtension>
        </extensions>
      </trkpt>
      <trkpt lat="32.06420222113391" lon="118.59629088024793">
        <ele>40.7</ele>
        <time>2026-09-24T12:46:31Z</time>
        <extensions>
          <gpxtpx:TrackPointExtension>
            <gpxtpx:hr>159</gpxtpx:hr>
          </gpxtpx:TrackPointExtension>
        </extensions>
      </trkpt>
      <trkpt lat="32.0641772143462" lon="118.59629888174756">
        <ele>40.5</ele>
        <time>2026-09-24T12:46:32Z</time>
        <extensions>
          <gpxtpx:TrackPointExtension>
            <gpxtpx:hr>158</gpxtpx:hr>
          </gpxtpx:TrackPointExtension>
        </extensions>
      </trkpt>
      <trkpt lat="32.064152207555544" lon="118.59630688324387">
        <ele>40.5</ele>
        <time>2026-09-24T12:46:33Z</time>
        <extensions>
          <gpxtpx:TrackPointExtension>
            <gpxtpx:hr>158</gpxtpx:hr>
          </gpxtpx:TrackPointExtension>
        </extensions>
      </trkpt>
      <trkpt lat="32.06412720108614" lon="118.59631288492702">
        <ele>40.5</ele>
        <time>2026-09-24T12:46:34Z</time>
        <extensions>
          <gpxtpx:TrackPointExtension>
            <gpxtpx:hr>158</gpxtpx:hr>
          </gpxtpx:TrackPointExtension>
        </extensions>
      </trkpt>
      <trkpt lat="32.06410219493951" lon="118.59631688679885">
        <ele>40.5</ele>
        <time>2026-09-24T12:46:35Z</time>
        <extensions>
          <gpxtpx:TrackPointExtension>
            <gpxtpx:hr>158</gpxtpx:hr>
          </gpxtpx:TrackPointExtension>
        </extensions>
      </trkpt>
      <trkpt lat="32.064077188792005" lon="118.59632088866984">
        <ele>40.5</ele>
        <time>2026-09-24T12:46:36Z</time>
        <extensions>
          <gpxtpx:TrackPointExtension>
            <gpxtpx:hr>158</gpxtpx:hr>
          </gpxtpx:TrackPointExtension>
        </extensions>
      </trkpt>
      <trkpt lat="32.064051182261096" lon="118.59632589053444">
        <ele>39.9</ele>
        <time>2026-09-24T12:46:37Z</time>
        <extensions>
          <gpxtpx:TrackPointExtension>
            <gpxtpx:hr>158</gpxtpx:hr>
          </gpxtpx:TrackPointExtension>
        </extensions>
      </trkpt>
      <trkpt lat="32.06402617562311" lon="118.59633289211567">
        <ele>39.9</ele>
        <time>2026-09-24T12:46:38Z</time>
        <extensions>
          <gpxtpx:TrackPointExtension>
            <gpxtpx:hr>158</gpxtpx:hr>
          </gpxtpx:TrackPointExtension>
        </extensions>
      </trkpt>
      <trkpt lat="32.064000168273026" lon="118.596342893495">
        <ele>39.9</ele>
        <time>2026-09-24T12:46:39Z</time>
        <extensions>
          <gpxtpx:TrackPointExtension>
            <gpxtpx:hr>158</gpxtpx:hr>
          </gpxtpx:TrackPointExtension>
        </extensions>
      </trkpt>
      <trkpt lat="32.063974160918434" lon="118.59635289486917">
        <ele>39.9</ele>
        <time>2026-09-24T12:46:40Z</time>
        <extensions>
          <gpxtpx:TrackPointExtension>
            <gpxtpx:hr>158</gpxtpx:hr>
          </gpxtpx:TrackPointExtension>
        </extensions>
      </trkpt>
      <trkpt lat="32.0639491537793" lon="118.59636289614807">
        <ele>39.9</ele>
        <time>2026-09-24T12:46:41Z</time>
        <extensions>
          <gpxtpx:TrackPointExtension>
            <gpxtpx:hr>158</gpxtpx:hr>
          </gpxtpx:TrackPointExtension>
        </extensions>
      </trkpt>
      <trkpt lat="32.063926147075634" lon="118.59637289724164">
        <ele>39.5</ele>
        <time>2026-09-24T12:46:42Z</time>
        <extensions>
          <gpxtpx:TrackPointExtension>
            <gpxtpx:hr>156</gpxtpx:hr>
          </gpxtpx:TrackPointExtension>
        </extensions>
      </trkpt>
      <trkpt lat="32.06390614102745" lon="118.59638289805977">
        <ele>39.5</ele>
        <time>2026-09-24T12:46:43Z</time>
        <extensions>
          <gpxtpx:TrackPointExtension>
            <gpxtpx:hr>156</gpxtpx:hr>
          </gpxtpx:TrackPointExtension>
        </extensions>
      </trkpt>
      <trkpt lat="32.063881133543795" lon="118.5963948991248">
        <ele>39.5</ele>
        <time>2026-09-24T12:46:44Z</time>
        <extensions>
          <gpxtpx:TrackPointExtension>
            <gpxtpx:hr>156</gpxtpx:hr>
          </gpxtpx:TrackPointExtension>
        </extensions>
      </trkpt>
      <trkpt lat="32.06385312506145" lon="118.59640890025284">
        <ele>39.5</ele>
        <time>2026-09-24T12:46:45Z</time>
        <extensions>
          <gpxtpx:TrackPointExtension>
            <gpxtpx:hr>156</gpxtpx:hr>
          </gpxtpx:TrackPointExtension>
        </extensions>
      </trkpt>
      <trkpt lat="32.06382911761724" lon="118.59642190111104">
        <ele>39.5</ele>
        <time>2026-09-24T12:46:46Z</time>
        <extensions>
          <gpxtpx:TrackPointExtension>
            <gpxtpx:hr>156</gpxtpx:hr>
          </gpxtpx:TrackPointExtension>
        </extensions>
      </trkpt>
      <trkpt lat="32.06380511016557" lon="118.59643490196054">
        <ele>39.4</ele>
        <time>2026-09-24T12:46:47Z</time>
        <extensions>
          <gpxtpx:TrackPointExtension>
            <gpxtpx:hr>156</gpxtpx:hr>
          </gpxtpx:TrackPointExtension>
        </extensions>
      </trkpt>
      <trkpt lat="32.063780102822065" lon="118.59644590309524">
        <ele>39.4</ele>
        <time>2026-09-24T12:46:48Z</time>
        <extensions>
          <gpxtpx:TrackPointExtension>
            <gpxtpx:hr>156</gpxtpx:hr>
          </gpxtpx:TrackPointExtension>
        </extensions>
      </trkpt>
      <trkpt lat="32.06375509547317" lon="118.59645690422373">
        <ele>39.4</ele>
        <time>2026-09-24T12:46:49Z</time>
        <extensions>
          <gpxtpx:TrackPointExtension>
            <gpxtpx:hr>156</gpxtpx:hr>
          </gpxtpx:TrackPointExtension>
        </extensions>
      </trkpt>
      <trkpt lat="32.06372908806754" lon="118.59646690553903">
        <ele>39.4</ele>
        <time>2026-09-24T12:46:50Z</time>
        <extensions>
          <gpxtpx:TrackPointExtension>
            <gpxtpx:hr>156</gpxtpx:hr>
          </gpxtpx:TrackPointExtension>
        </extensions>
      </trkpt>
      <trkpt lat="32.0637050810975" lon="118.596476906669">
        <ele>39.4</ele>
        <time>2026-09-24T12:46:51Z</time>
        <extensions>
          <gpxtpx:TrackPointExtension>
            <gpxtpx:hr>156</gpxtpx:hr>
          </gpxtpx:TrackPointExtension>
        </extensions>
      </trkpt>
      <trkpt lat="32.063680073902916" lon="118.59648690788389">
        <ele>39.2</ele>
        <time>2026-09-24T12:46:52Z</time>
        <extensions>
          <gpxtpx:TrackPointExtension>
            <gpxtpx:hr>156</gpxtpx:hr>
          </gpxtpx:TrackPointExtension>
        </extensions>
      </trkpt>
      <trkpt lat="32.06365406631378" lon="118.59649790907916">
        <ele>39.2</ele>
        <time>2026-09-24T12:46:53Z</time>
        <extensions>
          <gpxtpx:TrackPointExtension>
            <gpxtpx:hr>156</gpxtpx:hr>
          </gpxtpx:TrackPointExtension>
        </extensions>
      </trkpt>
      <trkpt lat="32.06362905876879" lon="118.59650991007297">
        <ele>39.2</ele>
        <time>2026-09-24T12:46:54Z</time>
        <extensions>
          <gpxtpx:TrackPointExtension>
            <gpxtpx:hr>156</gpxtpx:hr>
          </gpxtpx:TrackPointExtension>
        </extensions>
      </trkpt>
      <trkpt lat="32.0636050512664" lon="118.59652291086341">
        <ele>39.2</ele>
        <time>2026-09-24T12:46:55Z</time>
        <extensions>
          <gpxtpx:TrackPointExtension>
            <gpxtpx:hr>156</gpxtpx:hr>
          </gpxtpx:TrackPointExtension>
        </extensions>
      </trkpt>
      <trkpt lat="32.06358004353648" lon="118.59653591173523">
        <ele>39.2</ele>
        <time>2026-09-24T12:46:56Z</time>
        <extensions>
          <gpxtpx:TrackPointExtension>
            <gpxtpx:hr>156</gpxtpx:hr>
          </gpxtpx:TrackPointExtension>
        </extensions>
      </trkpt>
      <trkpt lat="32.06355503614345" lon="118.59654691281263">
        <ele>39.0</ele>
        <time>2026-09-24T12:46:57Z</time>
        <extensions>
          <gpxtpx:TrackPointExtension>
            <gpxtpx:hr>155</gpxtpx:hr>
          </gpxtpx:TrackPointExtension>
        </extensions>
      </trkpt>
      <trkpt lat="32.06353102896512" lon="118.59655791379367">
        <ele>39.0</ele>
        <time>2026-09-24T12:46:58Z</time>
        <extensions>
          <gpxtpx:TrackPointExtension>
            <gpxtpx:hr>155</gpxtpx:hr>
          </gpxtpx:TrackPointExtension>
        </extensions>
      </trkpt>
      <trkpt lat="32.0635060215613" lon="118.59656891485858">
        <ele>39.0</ele>
        <time>2026-09-24T12:46:59Z</time>
        <extensions>
          <gpxtpx:TrackPointExtension>
            <gpxtpx:hr>155</gpxtpx:hr>
          </gpxtpx:TrackPointExtension>
        </extensions>
      </trkpt>
      <trkpt lat="32.06347701327163" lon="118.59657991627759">
        <ele>39.0</ele>
        <time>2026-09-24T12:47:00Z</time>
        <extensions>
          <gpxtpx:TrackPointExtension>
            <gpxtpx:hr>155</gpxtpx:hr>
          </gpxtpx:TrackPointExtension>
        </extensions>
      </trkpt>
      <trkpt lat="32.063452005856995" lon="118.59659091733">
        <ele>39.0</ele>
        <time>2026-09-24T12:47:01Z</time>
        <extensions>
          <gpxtpx:TrackPointExtension>
            <gpxtpx:hr>155</gpxtpx:hr>
          </gpxtpx:TrackPointExtension>
        </extensions>
      </trkpt>
      <trkpt lat="32.06342699843696" lon="118.5966019183762">
        <ele>39.1</ele>
        <time>2026-09-24T12:47:02Z</time>
        <extensions>
          <gpxtpx:TrackPointExtension>
            <gpxtpx:hr>155</gpxtpx:hr>
          </gpxtpx:TrackPointExtension>
        </extensions>
      </trkpt>
      <trkpt lat="32.06340099096634" lon="118.59661191961669">
        <ele>39.1</ele>
        <time>2026-09-24T12:47:03Z</time>
        <extensions>
          <gpxtpx:TrackPointExtension>
            <gpxtpx:hr>155</gpxtpx:hr>
          </gpxtpx:TrackPointExtension>
        </extensions>
      </trkpt>
      <trkpt lat="32.06337798432699" lon="118.59662092069267">
        <ele>39.1</ele>
        <time>2026-09-24T12:47:04Z</time>
        <extensions>
          <gpxtpx:TrackPointExtension>
            <gpxtpx:hr>155</gpxtpx:hr>
          </gpxtpx:TrackPointExtension>
        </extensions>
      </trkpt>
      <trkpt lat="32.06335697794857" lon="118.59663092147292">
        <ele>39.1</ele>
        <time>2026-09-24T12:47:05Z</time>
        <extensions>
          <gpxtpx:TrackPointExtension>
            <gpxtpx:hr>155</gpxtpx:hr>
          </gpxtpx:TrackPointExtension>
        </extensions>
      </trkpt>
      <trkpt lat="32.06333096993621" lon="118.59664392236242">
        <ele>39.1</ele>
        <time>2026-09-24T12:47:06Z</time>
        <extensions>
          <gpxtpx:TrackPointExtension>
            <gpxtpx:hr>155</gpxtpx:hr>
          </gpxtpx:TrackPointExtension>
        </extensions>
      </trkpt>
      <trkpt lat="32.06329895988756" lon="118.59666092333228">
        <ele>39.1</ele>
        <time>2026-09-24T12:47:07Z</time>
        <extensions>
          <gpxtpx:TrackPointExtension>
            <gpxtpx:hr>157</gpxtpx:hr>
          </gpxtpx:TrackPointExtension>
        </extensions>
      </trkpt>
      <trkpt lat="32.063273951545156" lon="118.59667692377043">
        <ele>39.1</ele>
        <time>2026-09-24T12:47:08Z</time>
        <extensions>
          <gpxtpx:TrackPointExtension>
            <gpxtpx:hr>157</gpxtpx:hr>
          </gpxtpx:TrackPointExtension>
        </extensions>
      </trkpt>
      <trkpt lat="32.06325094381031" lon="118.5966919241298">
        <ele>39.1</ele>
        <time>2026-09-24T12:47:09Z</time>
        <extensions>
          <gpxtpx:TrackPointExtension>
            <gpxtpx:hr>157</gpxtpx:hr>
          </gpxtpx:TrackPointExtension>
        </extensions>
      </trkpt>
      <trkpt lat="32.063226936203385" lon="118.59670492479825">
        <ele>39.1</ele>
        <time>2026-09-24T12:47:10Z</time>
        <extensions>
          <gpxtpx:TrackPointExtension>
            <gpxtpx:hr>157</gpxtpx:hr>
          </gpxtpx:TrackPointExtension>
        </extensions>
      </trkpt>
      <trkpt lat="32.06320192854829" lon="118.59671692566394">
        <ele>39.1</ele>
        <time>2026-09-24T12:47:11Z</time>
        <extensions>
          <gpxtpx:TrackPointExtension>
            <gpxtpx:hr>157</gpxtpx:hr>
          </gpxtpx:TrackPointExtension>
        </extensions>
      </trkpt>
      <trkpt lat="32.06317692088682" lon="118.5967289265222">
        <ele>39.1</ele>
        <time>2026-09-24T12:47:12Z</time>
        <extensions>
          <gpxtpx:TrackPointExtension>
            <gpxtpx:hr>157</gpxtpx:hr>
          </gpxtpx:TrackPointExtension>
        </extensions>
      </trkpt>
      <trkpt lat="32.063154913699094" lon="118.59674192698569">
        <ele>39.1</ele>
        <time>2026-09-24T12:47:13Z</time>
        <extensions>
          <gpxtpx:TrackPointExtension>
            <gpxtpx:hr>157</gpxtpx:hr>
          </gpxtpx:TrackPointExtension>
        </extensions>
      </trkpt>
      <trkpt lat="32.06313390690524" lon="118.59675392746814">
        <ele>39.1</ele>
        <time>2026-09-24T12:47:14Z</time>
        <extensions>
          <gpxtpx:TrackPointExtension>
            <gpxtpx:hr>157</gpxtpx:hr>
          </gpxtpx:TrackPointExtension>
        </extensions>
      </trkpt>
      <trkpt lat="32.06311289974187" lon="118.59676792770632">
        <ele>39.1</ele>
        <time>2026-09-24T12:47:15Z</time>
        <extensions>
          <gpxtpx:TrackPointExtension>
            <gpxtpx:hr>157</gpxtpx:hr>
          </gpxtpx:TrackPointExtension>
        </extensions>
      </trkpt>
      <trkpt lat="32.0630908927141" lon="118.59677992826279">
        <ele>39.1</ele>
        <time>2026-09-24T12:47:16Z</time>
        <extensions>
          <gpxtpx:TrackPointExtension>
            <gpxtpx:hr>157</gpxtpx:hr>
          </gpxtpx:TrackPointExtension>
        </extensions>
      </trkpt>
      <trkpt lat="32.06306988608289" lon="118.59679092884144">
        <ele>39.1</ele>
        <time>2026-09-24T12:47:17Z</time>
        <extensions>
          <gpxtpx:TrackPointExtension>
            <gpxtpx:hr>157</gpxtpx:hr>
          </gpxtpx:TrackPointExtension>
        </extensions>
      </trkpt>
      <trkpt lat="32.063047879042976" lon="118.59680292938371">
        <ele>39.1</ele>
        <time>2026-09-24T12:47:18Z</time>
        <extensions>
          <gpxtpx:TrackPointExtension>
            <gpxtpx:hr>157</gpxtpx:hr>
          </gpxtpx:TrackPointExtension>
        </extensions>
      </trkpt>
      <trkpt lat="32.06302187074833" lon="118.596816930037">
        <ele>39.1</ele>
        <time>2026-09-24T12:47:19Z</time>
        <extensions>
          <gpxtpx:TrackPointExtension>
            <gpxtpx:hr>157</gpxtpx:hr>
          </gpxtpx:TrackPointExtension>
        </extensions>
      </trkpt>
      <trkpt lat="32.06299586226068" lon="118.59683193055844">
        <ele>39.1</ele>
        <time>2026-09-24T12:47:20Z</time>
        <extensions>
          <gpxtpx:TrackPointExtension>
            <gpxtpx:hr>157</gpxtpx:hr>
          </gpxtpx:TrackPointExtension>
        </extensions>
      </trkpt>
      <trkpt lat="32.062972854608965" lon="118.59684593092055">
        <ele>39.1</ele>
        <time>2026-09-24T12:47:21Z</time>
        <extensions>
          <gpxtpx:TrackPointExtension>
            <gpxtpx:hr>157</gpxtpx:hr>
          </gpxtpx:TrackPointExtension>
        </extensions>
      </trkpt>
      <trkpt lat="32.06294784613686" lon="118.5968619312062">
        <ele>39.1</ele>
        <time>2026-09-24T12:47:22Z</time>
        <extensions>
          <gpxtpx:TrackPointExtension>
            <gpxtpx:hr>156</gpxtpx:hr>
          </gpxtpx:TrackPointExtension>
        </extensions>
      </trkpt>
      <trkpt lat="32.06292583812801" lon="118.59687893108423">
        <ele>39.1</ele>
        <time>2026-09-24T12:47:23Z</time>
        <extensions>
          <gpxtpx:TrackPointExtension>
            <gpxtpx:hr>156</gpxtpx:hr>
          </gpxtpx:TrackPointExtension>
        </extensions>
      </trkpt>
      <trkpt lat="32.06290483070108" lon="118.59689393110735">
        <ele>39.1</ele>
        <time>2026-09-24T12:47:24Z</time>
        <extensions>
          <gpxtpx:TrackPointExtension>
            <gpxtpx:hr>156</gpxtpx:hr>
          </gpxtpx:TrackPointExtension>
        </extensions>
      </trkpt>
      <trkpt lat="32.062879822007694" lon="118.59691093122764">
        <ele>39.1</ele>
        <time>2026-09-24T12:47:25Z</time>
        <extensions>
          <gpxtpx:TrackPointExtension>
            <gpxtpx:hr>156</gpxtpx:hr>
          </gpxtpx:TrackPointExtension>
        </extensions>
      </trkpt>
      <trkpt lat="32.06285581352202" lon="118.59692793124297">
        <ele>39.1</ele>
        <time>2026-09-24T12:47:26Z</time>
        <extensions>
          <gpxtpx:TrackPointExtension>
            <gpxtpx:hr>156</gpxtpx:hr>
          </gpxtpx:TrackPointExtension>
        </extensions>
      </trkpt>
      <trkpt lat="32.06283180483448" lon="118.5969459311158">
        <ele>38.9</ele>
        <time>2026-09-24T12:47:27Z</time>
        <extensions>
          <gpxtpx:TrackPointExtension>
            <gpxtpx:hr>156</gpxtpx:hr>
          </gpxtpx:TrackPointExtension>
        </extensions>
      </trkpt>
      <trkpt lat="32.06280679610258" lon="118.5969629311906">
        <ele>38.9</ele>
        <time>2026-09-24T12:47:28Z</time>
        <extensions>
          <gpxtpx:TrackPointExtension>
            <gpxtpx:hr>156</gpxtpx:hr>
          </gpxtpx:TrackPointExtension>
        </extensions>
      </trkpt>
      <trkpt lat="32.06278278776914" lon="118.59697893128981">
        <ele>38.9</ele>
        <time>2026-09-24T12:47:29Z</time>
        <extensions>
          <gpxtpx:TrackPointExtension>
            <gpxtpx:hr>156</gpxtpx:hr>
          </gpxtpx:TrackPointExtension>
        </extensions>
      </trkpt>
      <trkpt lat="32.0627587796159" lon="118.59699393150598">
        <ele>38.9</ele>
        <time>2026-09-24T12:47:30Z</time>
        <extensions>
          <gpxtpx:TrackPointExtension>
            <gpxtpx:hr>156</gpxtpx:hr>
          </gpxtpx:TrackPointExtension>
        </extensions>
      </trkpt>
      <trkpt lat="32.0627337712325" lon="118.59700893180066">
        <ele>38.9</ele>
        <time>2026-09-24T12:47:31Z</time>
        <extensions>
          <gpxtpx:TrackPointExtension>
            <gpxtpx:hr>156</gpxtpx:hr>
          </gpxtpx:TrackPointExtension>
        </extensions>
      </trkpt>
      <trkpt lat="32.0627077626189" lon="118.59702393217387">
        <ele>38.8</ele>
        <time>2026-09-24T12:47:32Z</time>
        <extensions>
          <gpxtpx:TrackPointExtension>
            <gpxtpx:hr>157</gpxtpx:hr>
          </gpxtpx:TrackPointExtension>
        </extensions>
      </trkpt>
      <trkpt lat="32.06268075358179" lon="118.59703993249312">
        <ele>38.8</ele>
        <time>2026-09-24T12:47:33Z</time>
        <extensions>
          <gpxtpx:TrackPointExtension>
            <gpxtpx:hr>157</gpxtpx:hr>
          </gpxtpx:TrackPointExtension>
        </extensions>
      </trkpt>
      <trkpt lat="32.06265474475383" lon="118.59705593270911">
        <ele>38.8</ele>
        <time>2026-09-24T12:47:34Z</time>
        <extensions>
          <gpxtpx:TrackPointExtension>
            <gpxtpx:hr>157</gpxtpx:hr>
          </gpxtpx:TrackPointExtension>
        </extensions>
      </trkpt>
      <trkpt lat="32.062628736304" lon="118.59706993318011">
        <ele>38.8</ele>
        <time>2026-09-24T12:47:35Z</time>
        <extensions>
          <gpxtpx:TrackPointExtension>
            <gpxtpx:hr>157</gpxtpx:hr>
          </gpxtpx:TrackPointExtension>
        </extensions>
      </trkpt>
      <trkpt lat="32.06260172762518" lon="118.5970839337311">
        <ele>38.8</ele>
        <time>2026-09-24T12:47:36Z</time>
        <extensions>
          <gpxtpx:TrackPointExtension>
            <gpxtpx:hr>157</gpxtpx:hr>
          </gpxtpx:TrackPointExtension>
        </extensions>
      </trkpt>
      <trkpt lat="32.06257471913352" lon="118.59709693440746">
        <ele>38.4</ele>
        <time>2026-09-24T12:47:37Z</time>
        <extensions>
          <gpxtpx:TrackPointExtension>
            <gpxtpx:hr>158</gpxtpx:hr>
          </gpxtpx:TrackPointExtension>
        </extensions>
      </trkpt>
      <trkpt lat="32.06254370975283" lon="118.59710993543547">
        <ele>38.4</ele>
        <time>2026-09-24T12:47:38Z</time>
        <extensions>
          <gpxtpx:TrackPointExtension>
            <gpxtpx:hr>158</gpxtpx:hr>
          </gpxtpx:TrackPointExtension>
        </extensions>
      </trkpt>
      <trkpt lat="32.0625167016399" lon="118.59712093636783">
        <ele>38.4</ele>
        <time>2026-09-24T12:47:39Z</time>
        <extensions>
          <gpxtpx:TrackPointExtension>
            <gpxtpx:hr>158</gpxtpx:hr>
          </gpxtpx:TrackPointExtension>
        </extensions>
      </trkpt>
      <trkpt lat="32.06249369460044" lon="118.59713093707082">
        <ele>38.4</ele>
        <time>2026-09-24T12:47:40Z</time>
        <extensions>
          <gpxtpx:TrackPointExtension>
            <gpxtpx:hr>158</gpxtpx:hr>
          </gpxtpx:TrackPointExtension>
        </extensions>
      </trkpt>
      <trkpt lat="32.06246868691803" lon="118.59714193781113">
        <ele>38.4</ele>
        <time>2026-09-24T12:47:41Z</time>
        <extensions>
          <gpxtpx:TrackPointExtension>
            <gpxtpx:hr>158</gpxtpx:hr>
          </gpxtpx:TrackPointExtension>
        </extensions>
      </trkpt>
      <trkpt lat="32.062438677533414" lon="118.59715593858056">
        <ele>37.9</ele>
        <time>2026-09-24T12:47:42Z</time>
        <extensions>
          <gpxtpx:TrackPointExtension>
            <gpxtpx:hr>158</gpxtpx:hr>
          </gpxtpx:TrackPointExtension>
        </extensions>
      </trkpt>
      <trkpt lat="32.06240966875827" lon="118.59716793952805">
        <ele>37.9</ele>
        <time>2026-09-24T12:47:43Z</time>
        <extensions>
          <gpxtpx:TrackPointExtension>
            <gpxtpx:hr>158</gpxtpx:hr>
          </gpxtpx:TrackPointExtension>
        </extensions>
      </trkpt>
      <trkpt lat="32.062385661477485" lon="118.59717794029696">
        <ele>37.9</ele>
        <time>2026-09-24T12:47:44Z</time>
        <extensions>
          <gpxtpx:TrackPointExtension>
            <gpxtpx:hr>158</gpxtpx:hr>
          </gpxtpx:TrackPointExtension>
        </extensions>
      </trkpt>
      <trkpt lat="32.062361654591506" lon="118.59718594134081">
        <ele>37.9</ele>
        <time>2026-09-24T12:47:45Z</time>
        <extensions>
          <gpxtpx:TrackPointExtension>
            <gpxtpx:hr>158</gpxtpx:hr>
          </gpxtpx:TrackPointExtension>
        </extensions>
      </trkpt>
      <trkpt lat="32.062333646820804" lon="118.59719394274171">
        <ele>37.9</ele>
        <time>2026-09-24T12:47:46Z</time>
        <extensions>
          <gpxtpx:TrackPointExtension>
            <gpxtpx:hr>158</gpxtpx:hr>
          </gpxtpx:TrackPointExtension>
        </extensions>
      </trkpt>
      <trkpt lat="32.06230263838573" lon="118.59720194440958">
        <ele>37.7</ele>
        <time>2026-09-24T12:47:47Z</time>
        <extensions>
          <gpxtpx:TrackPointExtension>
            <gpxtpx:hr>158</gpxtpx:hr>
          </gpxtpx:TrackPointExtension>
        </extensions>
      </trkpt>
      <trkpt lat="32.06227563103012" lon="118.59720894585502">
        <ele>37.7</ele>
        <time>2026-09-24T12:47:48Z</time>
        <extensions>
          <gpxtpx:TrackPointExtension>
            <gpxtpx:hr>158</gpxtpx:hr>
          </gpxtpx:TrackPointExtension>
        </extensions>
      </trkpt>
      <trkpt lat="32.06224762345171" lon="118.59721594738802">
        <ele>37.7</ele>
        <time>2026-09-24T12:47:49Z</time>
        <extensions>
          <gpxtpx:TrackPointExtension>
            <gpxtpx:hr>158</gpxtpx:hr>
          </gpxtpx:TrackPointExtension>
        </extensions>
      </trkpt>
      <trkpt lat="32.0622216165131" lon="118.59722194888019">
        <ele>37.7</ele>
        <time>2026-09-24T12:47:50Z</time>
        <extensions>
          <gpxtpx:TrackPointExtension>
            <gpxtpx:hr>158</gpxtpx:hr>
          </gpxtpx:TrackPointExtension>
        </extensions>
      </trkpt>
      <trkpt lat="32.062195609774115" lon="118.59722695051262">
        <ele>37.7</ele>
        <time>2026-09-24T12:47:51Z</time>
        <extensions>
          <gpxtpx:TrackPointExtension>
            <gpxtpx:hr>158</gpxtpx:hr>
          </gpxtpx:TrackPointExtension>
        </extensions>
      </trkpt>
      <trkpt lat="32.062169603235404" lon="118.5972309522861">
        <ele>37.4</ele>
        <time>2026-09-24T12:47:52Z</time>
        <extensions>
          <gpxtpx:TrackPointExtension>
            <gpxtpx:hr>158</gpxtpx:hr>
          </gpxtpx:TrackPointExtension>
        </extensions>
      </trkpt>
      <trkpt lat="32.062142596475304" lon="118.59723495414883">
        <ele>37.4</ele>
        <time>2026-09-24T12:47:53Z</time>
        <extensions>
          <gpxtpx:TrackPointExtension>
            <gpxtpx:hr>158</gpxtpx:hr>
          </gpxtpx:TrackPointExtension>
        </extensions>
      </trkpt>
      <trkpt lat="32.06211558971429" lon="118.59723895601074">
        <ele>37.4</ele>
        <time>2026-09-24T12:47:54Z</time>
        <extensions>
          <gpxtpx:TrackPointExtension>
            <gpxtpx:hr>158</gpxtpx:hr>
          </gpxtpx:TrackPointExtension>
        </extensions>
      </trkpt>
      <trkpt lat="32.06208658230928" lon="118.59724395790907">
        <ele>37.4</ele>
        <time>2026-09-24T12:47:55Z</time>
        <extensions>
          <gpxtpx:TrackPointExtension>
            <gpxtpx:hr>158</gpxtpx:hr>
          </gpxtpx:TrackPointExtension>
        </extensions>
      </trkpt>
      <trkpt lat="32.06205657488467" lon="118.5972479600394">
        <ele>37.4</ele>
        <time>2026-09-24T12:47:56Z</time>
        <extensions>
          <gpxtpx:TrackPointExtension>
            <gpxtpx:hr>158</gpxtpx:hr>
          </gpxtpx:TrackPointExtension>
        </extensions>
      </trkpt>
      <trkpt lat="32.062026567459114" lon="118.59725196216888">
        <ele>37.0</ele>
        <time>2026-09-24T12:47:57Z</time>
        <extensions>
          <gpxtpx:TrackPointExtension>
            <gpxtpx:hr>158</gpxtpx:hr>
          </gpxtpx:TrackPointExtension>
        </extensions>
      </trkpt>
      <trkpt lat="32.062000560914825" lon="118.5972559639372">
        <ele>37.0</ele>
        <time>2026-09-24T12:47:58Z</time>
        <extensions>
          <gpxtpx:TrackPointExtension>
            <gpxtpx:hr>158</gpxtpx:hr>
          </gpxtpx:TrackPointExtension>
        </extensions>
      </trkpt>
      <trkpt lat="32.061976555013516" lon="118.5972589656683">
        <ele>37.0</ele>
        <time>2026-09-24T12:47:59Z</time>
        <extensions>
          <gpxtpx:TrackPointExtension>
            <gpxtpx:hr>158</gpxtpx:hr>
          </gpxtpx:TrackPointExtension>
        </extensions>
      </trkpt>
      <trkpt lat="32.06194754780593" lon="118.59726296770543">
        <ele>37.0</ele>
        <time>2026-09-24T12:48:00Z</time>
        <extensions>
          <gpxtpx:TrackPointExtension>
            <gpxtpx:hr>158</gpxtpx:hr>
          </gpxtpx:TrackPointExtension>
        </extensions>
      </trkpt>
      <trkpt lat="32.06191553932631" lon="118.59726996957933">
        <ele>37.0</ele>
        <time>2026-09-24T12:48:01Z</time>
        <extensions>
          <gpxtpx:TrackPointExtension>
            <gpxtpx:hr>158</gpxtpx:hr>
          </gpxtpx:TrackPointExtension>
        </extensions>
      </trkpt>
      <trkpt lat="32.06188653130253" lon="118.59727797103578">
        <ele>36.9</ele>
        <time>2026-09-24T12:48:02Z</time>
        <extensions>
          <gpxtpx:TrackPointExtension>
            <gpxtpx:hr>159</gpxtpx:hr>
          </gpxtpx:TrackPointExtension>
        </extensions>
      </trkpt>
      <trkpt lat="32.061858522680495" lon="118.59728997181793">
        <ele>36.9</ele>
        <time>2026-09-24T12:48:03Z</time>
        <extensions>
          <gpxtpx:TrackPointExtension>
            <gpxtpx:hr>159</gpxtpx:hr>
          </gpxtpx:TrackPointExtension>
        </extensions>
      </trkpt>
      <trkpt lat="32.061831514068075" lon="118.59730297235663">
        <ele>36.9</ele>
        <time>2026-09-24T12:48:04Z</time>
        <extensions>
          <gpxtpx:TrackPointExtension>
            <gpxtpx:hr>159</gpxtpx:hr>
          </gpxtpx:TrackPointExtension>
        </extensions>
      </trkpt>
      <trkpt lat="32.06180550505312" lon="118.59731897235635">
        <ele>36.9</ele>
        <time>2026-09-24T12:48:05Z</time>
        <extensions>
          <gpxtpx:TrackPointExtension>
            <gpxtpx:hr>159</gpxtpx:hr>
          </gpxtpx:TrackPointExtension>
        </extensions>
      </trkpt>
      <trkpt lat="32.061780495629485" lon="118.5973379718097">
        <ele>36.9</ele>
        <time>2026-09-24T12:48:06Z</time>
        <extensions>
          <gpxtpx:TrackPointExtension>
            <gpxtpx:hr>159</gpxtpx:hr>
          </gpxtpx:TrackPointExtension>
        </extensions>
      </trkpt>
      <trkpt lat="32.061760487707076" lon="118.59735497109149">
        <ele>36.6</ele>
        <time>2026-09-24T12:48:07Z</time>
        <extensions>
          <gpxtpx:TrackPointExtension>
            <gpxtpx:hr>159</gpxtpx:hr>
          </gpxtpx:TrackPointExtension>
        </extensions>
      </trkpt>
      <trkpt lat="32.06174248000583" lon="118.59737297002872">
        <ele>36.6</ele>
        <time>2026-09-24T12:48:08Z</time>
        <extensions>
          <gpxtpx:TrackPointExtension>
            <gpxtpx:hr>159</gpxtpx:hr>
          </gpxtpx:TrackPointExtension>
        </extensions>
      </trkpt>
      <trkpt lat="32.06172447270729" lon="118.59738896925025">
        <ele>36.6</ele>
        <time>2026-09-24T12:48:09Z</time>
        <extensions>
          <gpxtpx:TrackPointExtension>
            <gpxtpx:hr>159</gpxtpx:hr>
          </gpxtpx:TrackPointExtension>
        </extensions>
      </trkpt>
      <trkpt lat="32.06170546559491" lon="118.59740296885107">
        <ele>36.6</ele>
        <time>2026-09-24T12:48:10Z</time>
        <extensions>
          <gpxtpx:TrackPointExtension>
            <gpxtpx:hr>159</gpxtpx:hr>
          </gpxtpx:TrackPointExtension>
        </extensions>
      </trkpt>
      <trkpt lat="32.06168145674214" lon="118.5974199684365">
        <ele>36.6</ele>
        <time>2026-09-24T12:48:11Z</time>
        <extensions>
          <gpxtpx:TrackPointExtension>
            <gpxtpx:hr>159</gpxtpx:hr>
          </gpxtpx:TrackPointExtension>
        </extensions>
      </trkpt>
      <trkpt lat="32.061658447887105" lon="118.5974379677641">
        <ele>36.4</ele>
        <time>2026-09-24T12:48:12Z</time>
        <extensions>
          <gpxtpx:TrackPointExtension>
            <gpxtpx:hr>159</gpxtpx:hr>
          </gpxtpx:TrackPointExtension>
        </extensions>
      </trkpt>
      <trkpt lat="32.06163443879738" lon="118.59745596716517">
        <ele>36.4</ele>
        <time>2026-09-24T12:48:13Z</time>
        <extensions>
          <gpxtpx:TrackPointExtension>
            <gpxtpx:hr>159</gpxtpx:hr>
          </gpxtpx:TrackPointExtension>
        </extensions>
      </trkpt>
      <trkpt lat="32.061605427954284" lon="118.59747696653548">
        <ele>36.4</ele>
        <time>2026-09-24T12:48:14Z</time>
        <extensions>
          <gpxtpx:TrackPointExtension>
            <gpxtpx:hr>159</gpxtpx:hr>
          </gpxtpx:TrackPointExtension>
        </extensions>
      </trkpt>
      <trkpt lat="32.06158341970105" lon="118.59749296603196">
        <ele>36.4</ele>
        <time>2026-09-24T12:48:15Z</time>
        <extensions>
          <gpxtpx:TrackPointExtension>
            <gpxtpx:hr>159</gpxtpx:hr>
          </gpxtpx:TrackPointExtension>
        </extensions>
      </trkpt>
      <trkpt lat="32.06156141122327" lon="118.59750996535873">
        <ele>36.4</ele>
        <time>2026-09-24T12:48:16Z</time>
        <extensions>
          <gpxtpx:TrackPointExtension>
            <gpxtpx:hr>159</gpxtpx:hr>
          </gpxtpx:TrackPointExtension>
        </extensions>
      </trkpt>
      <trkpt lat="32.061539402732976" lon="118.59752696467065">
        <ele>36.4</ele>
        <time>2026-09-24T12:48:17Z</time>
        <extensions>
          <gpxtpx:TrackPointExtension>
            <gpxtpx:hr>158</gpxtpx:hr>
          </gpxtpx:TrackPointExtension>
        </extensions>
      </trkpt>
      <trkpt lat="32.061517394445076" lon="118.5975429641261">
        <ele>36.4</ele>
        <time>2026-09-24T12:48:18Z</time>
        <extensions>
          <gpxtpx:TrackPointExtension>
            <gpxtpx:hr>158</gpxtpx:hr>
          </gpxtpx:TrackPointExtension>
        </extensions>
      </trkpt>
      <trkpt lat="32.06149438592538" lon="118.59755896365851">
        <ele>36.4</ele>
        <time>2026-09-24T12:48:19Z</time>
        <extensions>
          <gpxtpx:TrackPointExtension>
            <gpxtpx:hr>158</gpxtpx:hr>
          </gpxtpx:TrackPointExtension>
        </extensions>
      </trkpt>
      <trkpt lat="32.061471377394575" lon="118.59757496317779">
        <ele>36.4</ele>
        <time>2026-09-24T12:48:20Z</time>
        <extensions>
          <gpxtpx:TrackPointExtension>
            <gpxtpx:hr>158</gpxtpx:hr>
          </gpxtpx:TrackPointExtension>
        </extensions>
      </trkpt>
      <trkpt lat="32.06144936907337" lon="118.59759096259386">
        <ele>36.4</ele>
        <time>2026-09-24T12:48:21Z</time>
        <extensions>
          <gpxtpx:TrackPointExtension>
            <gpxtpx:hr>158</gpxtpx:hr>
          </gpxtpx:TrackPointExtension>
        </extensions>
      </trkpt>
      <trkpt lat="32.06142636095552" lon="118.59760496240996">
        <ele>36.6</ele>
        <time>2026-09-24T12:48:22Z</time>
        <extensions>
          <gpxtpx:TrackPointExtension>
            <gpxtpx:hr>157</gpxtpx:hr>
          </gpxtpx:TrackPointExtension>
        </extensions>
      </trkpt>
      <trkpt lat="32.061403352610974" lon="118.5976199620538">
        <ele>36.6</ele>
        <time>2026-09-24T12:48:23Z</time>
        <extensions>
          <gpxtpx:TrackPointExtension>
            <gpxtpx:hr>157</gpxtpx:hr>
          </gpxtpx:TrackPointExtension>
        </extensions>
      </trkpt>
      <trkpt lat="32.061379344473465" lon="118.59763296210213">
        <ele>36.6</ele>
        <time>2026-09-24T12:48:24Z</time>
        <extensions>
          <gpxtpx:TrackPointExtension>
            <gpxtpx:hr>157</gpxtpx:hr>
          </gpxtpx:TrackPointExtension>
        </extensions>
      </trkpt>
      <trkpt lat="32.06135533610925" lon="118.59764696197819">
        <ele>36.6</ele>
        <time>2026-09-24T12:48:25Z</time>
        <extensions>
          <gpxtpx:TrackPointExtension>
            <gpxtpx:hr>157</gpxtpx:hr>
          </gpxtpx:TrackPointExtension>
        </extensions>
      </trkpt>
      <trkpt lat="32.061330327735654" lon="118.59765996209862">
        <ele>36.6</ele>
        <time>2026-09-24T12:48:26Z</time>
        <extensions>
          <gpxtpx:TrackPointExtension>
            <gpxtpx:hr>157</gpxtpx:hr>
          </gpxtpx:TrackPointExtension>
        </extensions>
      </trkpt>
      <trkpt lat="32.06130531957507" lon="118.59767196237534">
        <ele>36.9</ele>
        <time>2026-09-24T12:48:27Z</time>
        <extensions>
          <gpxtpx:TrackPointExtension>
            <gpxtpx:hr>158</gpxtpx:hr>
          </gpxtpx:TrackPointExtension>
        </extensions>
      </trkpt>
      <trkpt lat="32.06127831074568" lon="118.59768496265929">
        <ele>36.9</ele>
        <time>2026-09-24T12:48:28Z</time>
        <extensions>
          <gpxtpx:TrackPointExtension>
            <gpxtpx:hr>158</gpxtpx:hr>
          </gpxtpx:TrackPointExtension>
        </extensions>
      </trkpt>
      <trkpt lat="32.061247300804226" lon="118.59769896312864">
        <ele>36.9</ele>
        <time>2026-09-24T12:48:29Z</time>
        <extensions>
          <gpxtpx:TrackPointExtension>
            <gpxtpx:hr>158</gpxtpx:hr>
          </gpxtpx:TrackPointExtension>
        </extensions>
      </trkpt>
      <trkpt lat="32.06122229284508" lon="118.59770996354828">
        <ele>36.9</ele>
        <time>2026-09-24T12:48:30Z</time>
        <extensions>
          <gpxtpx:TrackPointExtension>
            <gpxtpx:hr>158</gpxtpx:hr>
          </gpxtpx:TrackPointExtension>
        </extensions>
      </trkpt>
      <trkpt lat="32.061196284882264" lon="118.59771996421921">
        <ele>36.9</ele>
        <time>2026-09-24T12:48:31Z</time>
        <extensions>
          <gpxtpx:TrackPointExtension>
            <gpxtpx:hr>158</gpxtpx:hr>
          </gpxtpx:TrackPointExtension>
        </extensions>
      </trkpt>
      <trkpt lat="32.061171277135784" lon="118.59772996479494">
        <ele>37.1</ele>
        <time>2026-09-24T12:48:32Z</time>
        <extensions>
          <gpxtpx:TrackPointExtension>
            <gpxtpx:hr>157</gpxtpx:hr>
          </gpxtpx:TrackPointExtension>
        </extensions>
      </trkpt>
      <trkpt lat="32.061144269166526" lon="118.59773896571409">
        <ele>37.1</ele>
        <time>2026-09-24T12:48:33Z</time>
        <extensions>
          <gpxtpx:TrackPointExtension>
            <gpxtpx:hr>157</gpxtpx:hr>
          </gpxtpx:TrackPointExtension>
        </extensions>
      </trkpt>
      <trkpt lat="32.06111826119073" lon="118.59774896637016">
        <ele>37.1</ele>
        <time>2026-09-24T12:48:34Z</time>
        <extensions>
          <gpxtpx:TrackPointExtension>
            <gpxtpx:hr>157</gpxtpx:hr>
          </gpxtpx:TrackPointExtension>
        </extensions>
      </trkpt>
      <trkpt lat="32.061091253213746" lon="118.59775796728056">
        <ele>37.1</ele>
        <time>2026-09-24T12:48:35Z</time>
        <extensions>
          <gpxtpx:TrackPointExtension>
            <gpxtpx:hr>157</gpxtpx:hr>
          </gpxtpx:TrackPointExtension>
        </extensions>
      </trkpt>
      <trkpt lat="32.06106424523309" lon="118.5977669681868">
        <ele>37.1</ele>
        <time>2026-09-24T12:48:36Z</time>
        <extensions>
          <gpxtpx:TrackPointExtension>
            <gpxtpx:hr>157</gpxtpx:hr>
          </gpxtpx:TrackPointExtension>
        </extensions>
      </trkpt>
      <trkpt lat="32.06103723724876" lon="118.59777596908889">
        <ele>37.1</ele>
        <time>2026-09-24T12:48:37Z</time>
        <extensions>
          <gpxtpx:TrackPointExtension>
            <gpxtpx:hr>158</gpxtpx:hr>
          </gpxtpx:TrackPointExtension>
        </extensions>
      </trkpt>
      <trkpt lat="32.061009229039925" lon="118.59778497007692">
        <ele>37.1</ele>
        <time>2026-09-24T12:48:38Z</time>
        <extensions>
          <gpxtpx:TrackPointExtension>
            <gpxtpx:hr>158</gpxtpx:hr>
          </gpxtpx:TrackPointExtension>
        </extensions>
      </trkpt>
      <trkpt lat="32.06098022083214" lon="118.59779297132202">
        <ele>37.1</ele>
        <time>2026-09-24T12:48:39Z</time>
        <extensions>
          <gpxtpx:TrackPointExtension>
            <gpxtpx:hr>158</gpxtpx:hr>
          </gpxtpx:TrackPointExtension>
        </extensions>
      </trkpt>
      <trkpt lat="32.06094621287184" lon="118.59779497404256">
        <ele>37.1</ele>
        <time>2026-09-24T12:48:40Z</time>
        <extensions>
          <gpxtpx:TrackPointExtension>
            <gpxtpx:hr>158</gpxtpx:hr>
          </gpxtpx:TrackPointExtension>
        </extensions>
      </trkpt>
      <trkpt lat="32.060917207369094" lon="118.59779097733947">
        <ele>37.1</ele>
        <time>2026-09-24T12:48:41Z</time>
        <extensions>
          <gpxtpx:TrackPointExtension>
            <gpxtpx:hr>158</gpxtpx:hr>
          </gpxtpx:TrackPointExtension>
        </extensions>
      </trkpt>
      <trkpt lat="32.0608922022982" lon="118.59778897993351">
        <ele>36.8</ele>
        <time>2026-09-24T12:48:42Z</time>
        <extensions>
          <gpxtpx:TrackPointExtension>
            <gpxtpx:hr>157</gpxtpx:hr>
          </gpxtpx:TrackPointExtension>
        </extensions>
      </trkpt>
      <trkpt lat="32.06086219522091" lon="118.5977909822941">
        <ele>36.8</ele>
        <time>2026-09-24T12:48:43Z</time>
        <extensions>
          <gpxtpx:TrackPointExtension>
            <gpxtpx:hr>157</gpxtpx:hr>
          </gpxtpx:TrackPointExtension>
        </extensions>
      </trkpt>
      <trkpt lat="32.06083218791759" lon="118.59779398448333">
        <ele>36.8</ele>
        <time>2026-09-24T12:48:44Z</time>
        <extensions>
          <gpxtpx:TrackPointExtension>
            <gpxtpx:hr>157</gpxtpx:hr>
          </gpxtpx:TrackPointExtension>
        </extensions>
      </trkpt>
      <trkpt lat="32.06080318038294" lon="118.59779898623924">
        <ele>36.8</ele>
        <time>2026-09-24T12:48:45Z</time>
        <extensions>
          <gpxtpx:TrackPointExtension>
            <gpxtpx:hr>157</gpxtpx:hr>
          </gpxtpx:TrackPointExtension>
        </extensions>
      </trkpt>
      <trkpt lat="32.06077517284182" lon="118.5978049877321">
        <ele>36.8</ele>
        <time>2026-09-24T12:48:46Z</time>
        <extensions>
          <gpxtpx:TrackPointExtension>
            <gpxtpx:hr>157</gpxtpx:hr>
          </gpxtpx:TrackPointExtension>
        </extensions>
      </trkpt>
      <trkpt lat="32.060748165519854" lon="118.59781098913304">
        <ele>36.5</ele>
        <time>2026-09-24T12:48:47Z</time>
        <extensions>
          <gpxtpx:TrackPointExtension>
            <gpxtpx:hr>158</gpxtpx:hr>
          </gpxtpx:TrackPointExtension>
        </extensions>
      </trkpt>
      <trkpt lat="32.060719157300994" lon="118.59781899036747">
        <ele>36.5</ele>
        <time>2026-09-24T12:48:48Z</time>
        <extensions>
          <gpxtpx:TrackPointExtension>
            <gpxtpx:hr>158</gpxtpx:hr>
          </gpxtpx:TrackPointExtension>
        </extensions>
      </trkpt>
      <trkpt lat="32.060690148397875" lon="118.59782999107982">
        <ele>36.5</ele>
        <time>2026-09-24T12:48:49Z</time>
        <extensions>
          <gpxtpx:TrackPointExtension>
            <gpxtpx:hr>158</gpxtpx:hr>
          </gpxtpx:TrackPointExtension>
        </extensions>
      </trkpt>
      <trkpt lat="32.060661139033996" lon="118.59784299143871">
        <ele>36.5</ele>
        <time>2026-09-24T12:48:50Z</time>
        <extensions>
          <gpxtpx:TrackPointExtension>
            <gpxtpx:hr>158</gpxtpx:hr>
          </gpxtpx:TrackPointExtension>
        </extensions>
      </trkpt>
      <trkpt lat="32.060635130553756" lon="118.59785499169303">
        <ele>36.5</ele>
        <time>2026-09-24T12:48:51Z</time>
        <extensions>
          <gpxtpx:TrackPointExtension>
            <gpxtpx:hr>158</gpxtpx:hr>
          </gpxtpx:TrackPointExtension>
        </extensions>
      </trkpt>
      <trkpt lat="32.06061012274552" lon="118.5978649921996">
        <ele>36.0</ele>
        <time>2026-09-24T12:48:52Z</time>
        <extensions>
          <gpxtpx:TrackPointExtension>
            <gpxtpx:hr>159</gpxtpx:hr>
          </gpxtpx:TrackPointExtension>
        </extensions>
      </trkpt>
      <trkpt lat="32.060583113803474" lon="118.59787799235504">
        <ele>36.0</ele>
        <time>2026-09-24T12:48:53Z</time>
        <extensions>
          <gpxtpx:TrackPointExtension>
            <gpxtpx:hr>159</gpxtpx:hr>
          </gpxtpx:TrackPointExtension>
        </extensions>
      </trkpt>
      <trkpt lat="32.06055510440324" lon="118.59789199241575">
        <ele>36.0</ele>
        <time>2026-09-24T12:48:54Z</time>
        <extensions>
          <gpxtpx:TrackPointExtension>
            <gpxtpx:hr>159</gpxtpx:hr>
          </gpxtpx:TrackPointExtension>
        </extensions>
      </trkpt>
      <trkpt lat="32.060529095666745" lon="118.59790499246314">
        <ele>36.0</ele>
        <time>2026-09-24T12:48:55Z</time>
        <extensions>
          <gpxtpx:TrackPointExtension>
            <gpxtpx:hr>159</gpxtpx:hr>
          </gpxtpx:TrackPointExtension>
        </extensions>
      </trkpt>
      <trkpt lat="32.060505087364824" lon="118.59791799232174">
        <ele>36.0</ele>
        <time>2026-09-24T12:48:56Z</time>
        <extensions>
          <gpxtpx:TrackPointExtension>
            <gpxtpx:hr>159</gpxtpx:hr>
          </gpxtpx:TrackPointExtension>
        </extensions>
      </trkpt>
      <trkpt lat="32.06048007837149" lon="118.59793299190528">
        <ele>35.0</ele>
        <time>2026-09-24T12:48:57Z</time>
        <extensions>
          <gpxtpx:TrackPointExtension>
            <gpxtpx:hr>159</gpxtpx:hr>
          </gpxtpx:TrackPointExtension>
        </extensions>
      </trkpt>
      <trkpt lat="32.06045506936837" lon="118.59794799147731">
        <ele>35.0</ele>
        <time>2026-09-24T12:48:58Z</time>
        <extensions>
          <gpxtpx:TrackPointExtension>
            <gpxtpx:hr>159</gpxtpx:hr>
          </gpxtpx:TrackPointExtension>
        </extensions>
      </trkpt>
      <trkpt lat="32.060430059889704" lon="118.5979649906781">
        <ele>35.0</ele>
        <time>2026-09-24T12:48:59Z</time>
        <extensions>
          <gpxtpx:TrackPointExtension>
            <gpxtpx:hr>159</gpxtpx:hr>
          </gpxtpx:TrackPointExtension>
        </extensions>
      </trkpt>
      <trkpt lat="32.06040605038587" lon="118.59798298959319">
        <ele>35.0</ele>
        <time>2026-09-24T12:49:00Z</time>
        <extensions>
          <gpxtpx:TrackPointExtension>
            <gpxtpx:hr>159</gpxtpx:hr>
          </gpxtpx:TrackPointExtension>
        </extensions>
      </trkpt>
      <trkpt lat="32.06038304108906" lon="118.59800098840164">
        <ele>35.0</ele>
        <time>2026-09-24T12:49:01Z</time>
        <extensions>
          <gpxtpx:TrackPointExtension>
            <gpxtpx:hr>159</gpxtpx:hr>
          </gpxtpx:TrackPointExtension>
        </extensions>
      </trkpt>
      <trkpt lat="32.06035703017392" lon="118.59802298673263">
        <ele>35.3</ele>
        <time>2026-09-24T12:49:02Z</time>
        <extensions>
          <gpxtpx:TrackPointExtension>
            <gpxtpx:hr>159</gpxtpx:hr>
          </gpxtpx:TrackPointExtension>
        </extensions>
      </trkpt>
      <trkpt lat="32.060333020152605" lon="118.59804298522663">
        <ele>35.3</ele>
        <time>2026-09-24T12:49:03Z</time>
        <extensions>
          <gpxtpx:TrackPointExtension>
            <gpxtpx:hr>159</gpxtpx:hr>
          </gpxtpx:TrackPointExtension>
        </extensions>
      </trkpt>
      <trkpt lat="32.06031301194631" lon="118.59805898407917">
        <ele>35.3</ele>
        <time>2026-09-24T12:49:04Z</time>
        <extensions>
          <gpxtpx:TrackPointExtension>
            <gpxtpx:hr>159</gpxtpx:hr>
          </gpxtpx:TrackPointExtension>
        </extensions>
      </trkpt>
      <trkpt lat="32.06029100281156" lon="118.59807698272759">
        <ele>35.3</ele>
        <time>2026-09-24T12:49:05Z</time>
        <extensions>
          <gpxtpx:TrackPointExtension>
            <gpxtpx:hr>159</gpxtpx:hr>
          </gpxtpx:TrackPointExtension>
        </extensions>
      </trkpt>
      <trkpt lat="32.06026899366285" lon="118.59809498135945">
        <ele>35.3</ele>
        <time>2026-09-24T12:49:06Z</time>
        <extensions>
          <gpxtpx:TrackPointExtension>
            <gpxtpx:hr>159</gpxtpx:hr>
          </gpxtpx:TrackPointExtension>
        </extensions>
      </trkpt>
      <trkpt lat="32.06024698402162" lon="118.59811497959969">
        <ele>35.0</ele>
        <time>2026-09-24T12:49:07Z</time>
        <extensions>
          <gpxtpx:TrackPointExtension>
            <gpxtpx:hr>159</gpxtpx:hr>
          </gpxtpx:TrackPointExtension>
        </extensions>
      </trkpt>
      <trkpt lat="32.06022597458426" lon="118.59813497772939">
        <ele>35.0</ele>
        <time>2026-09-24T12:49:08Z</time>
        <extensions>
          <gpxtpx:TrackPointExtension>
            <gpxtpx:hr>159</gpxtpx:hr>
          </gpxtpx:TrackPointExtension>
        </extensions>
      </trkpt>
      <trkpt lat="32.06020496464757" lon="118.59815697545928">
        <ele>35.0</ele>
        <time>2026-09-24T12:49:09Z</time>
        <extensions>
          <gpxtpx:TrackPointExtension>
            <gpxtpx:hr>159</gpxtpx:hr>
          </gpxtpx:TrackPointExtension>
        </extensions>
      </trkpt>
      <trkpt lat="32.06018395493215" lon="118.59817797335529">
        <ele>35.0</ele>
        <time>2026-09-24T12:49:10Z</time>
        <extensions>
          <gpxtpx:TrackPointExtension>
            <gpxtpx:hr>159</gpxtpx:hr>
          </gpxtpx:TrackPointExtension>
        </extensions>
      </trkpt>
      <trkpt lat="32.06016694681067" lon="118.59819597144386">
        <ele>35.0</ele>
        <time>2026-09-24T12:49:11Z</time>
        <extensions>
          <gpxtpx:TrackPointExtension>
            <gpxtpx:hr>159</gpxtpx:hr>
          </gpxtpx:TrackPointExtension>
        </extensions>
      </trkpt>
      <trkpt lat="32.06014793774594" lon="118.59821596931064">
        <ele>34.9</ele>
        <time>2026-09-24T12:49:12Z</time>
        <extensions>
          <gpxtpx:TrackPointExtension>
            <gpxtpx:hr>159</gpxtpx:hr>
          </gpxtpx:TrackPointExtension>
        </extensions>
      </trkpt>
      <trkpt lat="32.06012892866406" lon="118.598235967157">
        <ele>34.9</ele>
        <time>2026-09-24T12:49:13Z</time>
        <extensions>
          <gpxtpx:TrackPointExtension>
            <gpxtpx:hr>159</gpxtpx:hr>
          </gpxtpx:TrackPointExtension>
        </extensions>
      </trkpt>
      <trkpt lat="32.06010791838663" lon="118.59825896457848">
        <ele>34.9</ele>
        <time>2026-09-24T12:49:14Z</time>
        <extensions>
          <gpxtpx:TrackPointExtension>
            <gpxtpx:hr>159</gpxtpx:hr>
          </gpxtpx:TrackPointExtension>
        </extensions>
      </trkpt>
      <trkpt lat="32.06008490715135" lon="118.5982839617608">
        <ele>34.9</ele>
        <time>2026-09-24T12:49:15Z</time>
        <extensions>
          <gpxtpx:TrackPointExtension>
            <gpxtpx:hr>159</gpxtpx:hr>
          </gpxtpx:TrackPointExtension>
        </extensions>
      </trkpt>
      <trkpt lat="32.06006489754267" lon="118.59830495943052">
        <ele>34.9</ele>
        <time>2026-09-24T12:49:16Z</time>
        <extensions>
          <gpxtpx:TrackPointExtension>
            <gpxtpx:hr>159</gpxtpx:hr>
          </gpxtpx:TrackPointExtension>
        </extensions>
      </trkpt>
      <trkpt lat="32.06004688860561" lon="118.59832495709594">
        <ele>34.8</ele>
        <time>2026-09-24T12:49:17Z</time>
        <extensions>
          <gpxtpx:TrackPointExtension>
            <gpxtpx:hr>158</gpxtpx:hr>
          </gpxtpx:TrackPointExtension>
        </extensions>
      </trkpt>
      <trkpt lat="32.06002687896003" lon="118.59834595472174">
        <ele>34.8</ele>
        <time>2026-09-24T12:49:18Z</time>
        <extensions>
          <gpxtpx:TrackPointExtension>
            <gpxtpx:hr>158</gpxtpx:hr>
          </gpxtpx:TrackPointExtension>
        </extensions>
      </trkpt>
      <trkpt lat="32.06000686979561" lon="118.59836495272585">
        <ele>34.8</ele>
        <time>2026-09-24T12:49:19Z</time>
        <extensions>
          <gpxtpx:TrackPointExtension>
            <gpxtpx:hr>158</gpxtpx:hr>
          </gpxtpx:TrackPointExtension>
        </extensions>
      </trkpt>
      <trkpt lat="32.05998586114672" lon="118.59838095140537">
        <ele>34.8</ele>
        <time>2026-09-24T12:49:20Z</time>
        <extensions>
          <gpxtpx:TrackPointExtension>
            <gpxtpx:hr>158</gpxtpx:hr>
          </gpxtpx:TrackPointExtension>
        </extensions>
      </trkpt>
      <trkpt lat="32.059960852104844" lon="118.59839495083602">
        <ele>34.8</ele>
        <time>2026-09-24T12:49:21Z</time>
        <extensions>
          <gpxtpx:TrackPointExtension>
            <gpxtpx:hr>158</gpxtpx:hr>
          </gpxtpx:TrackPointExtension>
        </extensions>
      </trkpt>
      <trkpt lat="32.05993684327559" lon="118.59840895016661">
        <ele>34.8</ele>
        <time>2026-09-24T12:49:22Z</time>
        <extensions>
          <gpxtpx:TrackPointExtension>
            <gpxtpx:hr>159</gpxtpx:hr>
          </gpxtpx:TrackPointExtension>
        </extensions>
      </trkpt>
      <trkpt lat="32.05990583238475" lon="118.59842494971105">
        <ele>34.8</ele>
        <time>2026-09-24T12:49:23Z</time>
        <extensions>
          <gpxtpx:TrackPointExtension>
            <gpxtpx:hr>159</gpxtpx:hr>
          </gpxtpx:TrackPointExtension>
        </extensions>
      </trkpt>
      <trkpt lat="32.05987882287374" lon="118.59843894929045">
        <ele>34.8</ele>
        <time>2026-09-24T12:49:24Z</time>
        <extensions>
          <gpxtpx:TrackPointExtension>
            <gpxtpx:hr>159</gpxtpx:hr>
          </gpxtpx:TrackPointExtension>
        </extensions>
      </trkpt>
      <trkpt lat="32.05985281382906" lon="118.5984519489746">
        <ele>34.8</ele>
        <time>2026-09-24T12:49:25Z</time>
        <extensions>
          <gpxtpx:TrackPointExtension>
            <gpxtpx:hr>159</gpxtpx:hr>
          </gpxtpx:TrackPointExtension>
        </extensions>
      </trkpt>
      <trkpt lat="32.05982680452275" lon="118.59846594844466">
        <ele>34.8</ele>
        <time>2026-09-24T12:49:26Z</time>
        <extensions>
          <gpxtpx:TrackPointExtension>
            <gpxtpx:hr>159</gpxtpx:hr>
          </gpxtpx:TrackPointExtension>
        </extensions>
      </trkpt>
      <trkpt lat="32.05980179568394" lon="118.59847894802081">
        <ele>34.8</ele>
        <time>2026-09-24T12:49:27Z</time>
        <extensions>
          <gpxtpx:TrackPointExtension>
            <gpxtpx:hr>159</gpxtpx:hr>
          </gpxtpx:TrackPointExtension>
        </extensions>
      </trkpt>
      <trkpt lat="32.05977578636116" lon="118.5984929474716">
        <ele>34.8</ele>
        <time>2026-09-24T12:49:28Z</time>
        <extensions>
          <gpxtpx:TrackPointExtension>
            <gpxtpx:hr>159</gpxtpx:hr>
          </gpxtpx:TrackPointExtension>
        </extensions>
      </trkpt>
      <trkpt lat="32.05975077725105" lon="118.5985069468223">
        <ele>34.8</ele>
        <time>2026-09-24T12:49:29Z</time>
        <extensions>
          <gpxtpx:TrackPointExtension>
            <gpxtpx:hr>159</gpxtpx:hr>
          </gpxtpx:TrackPointExtension>
        </extensions>
      </trkpt>
      <trkpt lat="32.059725768389015" lon="118.5985199463713">
        <ele>34.8</ele>
        <time>2026-09-24T12:49:30Z</time>
        <extensions>
          <gpxtpx:TrackPointExtension>
            <gpxtpx:hr>159</gpxtpx:hr>
          </gpxtpx:TrackPointExtension>
        </extensions>
      </trkpt>
      <trkpt lat="32.05970175974085" lon="118.59853294582159">
        <ele>34.8</ele>
        <time>2026-09-24T12:49:31Z</time>
        <extensions>
          <gpxtpx:TrackPointExtension>
            <gpxtpx:hr>159</gpxtpx:hr>
          </gpxtpx:TrackPointExtension>
        </extensions>
      </trkpt>
      <trkpt lat="32.05967775108531" lon="118.59854594526328">
        <ele>34.8</ele>
        <time>2026-09-24T12:49:32Z</time>
        <extensions>
          <gpxtpx:TrackPointExtension>
            <gpxtpx:hr>158</gpxtpx:hr>
          </gpxtpx:TrackPointExtension>
        </extensions>
      </trkpt>
      <trkpt lat="32.05965474290187" lon="118.59855794481649">
        <ele>34.8</ele>
        <time>2026-09-24T12:49:33Z</time>
        <extensions>
          <gpxtpx:TrackPointExtension>
            <gpxtpx:hr>158</gpxtpx:hr>
          </gpxtpx:TrackPointExtension>
        </extensions>
      </trkpt>
      <trkpt lat="32.059631734712156" lon="118.59856994436235">
        <ele>34.8</ele>
        <time>2026-09-24T12:49:34Z</time>
        <extensions>
          <gpxtpx:TrackPointExtension>
            <gpxtpx:hr>158</gpxtpx:hr>
          </gpxtpx:TrackPointExtension>
        </extensions>
      </trkpt>
      <trkpt lat="32.05960772603569" lon="118.59858294377955">
        <ele>34.8</ele>
        <time>2026-09-24T12:49:35Z</time>
        <extensions>
          <gpxtpx:TrackPointExtension>
            <gpxtpx:hr>158</gpxtpx:hr>
          </gpxtpx:TrackPointExtension>
        </extensions>
      </trkpt>
      <trkpt lat="32.05957871572593" lon="118.59859794321414">
        <ele>34.8</ele>
        <time>2026-09-24T12:49:36Z</time>
        <extensions>
          <gpxtpx:TrackPointExtension>
            <gpxtpx:hr>158</gpxtpx:hr>
          </gpxtpx:TrackPointExtension>
        </extensions>
      </trkpt>
      <trkpt lat="32.05955270633065" lon="118.59861194258002">
        <ele>35.0</ele>
        <time>2026-09-24T12:49:37Z</time>
        <extensions>
          <gpxtpx:TrackPointExtension>
            <gpxtpx:hr>160</gpxtpx:hr>
          </gpxtpx:TrackPointExtension>
        </extensions>
      </trkpt>
      <trkpt lat="32.059527697409166" lon="118.59862494205946">
        <ele>35.0</ele>
        <time>2026-09-24T12:49:38Z</time>
        <extensions>
          <gpxtpx:TrackPointExtension>
            <gpxtpx:hr>160</gpxtpx:hr>
          </gpxtpx:TrackPointExtension>
        </extensions>
      </trkpt>
      <trkpt lat="32.05950368870159" lon="118.59863794144022">
        <ele>35.0</ele>
        <time>2026-09-24T12:49:39Z</time>
        <extensions>
          <gpxtpx:TrackPointExtension>
            <gpxtpx:hr>160</gpxtpx:hr>
          </gpxtpx:TrackPointExtension>
        </extensions>
      </trkpt>
      <trkpt lat="32.0594786797654" lon="118.59865094090243">
        <ele>35.0</ele>
        <time>2026-09-24T12:49:40Z</time>
        <extensions>
          <gpxtpx:TrackPointExtension>
            <gpxtpx:hr>160</gpxtpx:hr>
          </gpxtpx:TrackPointExtension>
        </extensions>
      </trkpt>
      <trkpt lat="32.05945367108451" lon="118.59866294057161">
        <ele>35.0</ele>
        <time>2026-09-24T12:49:41Z</time>
        <extensions>
          <gpxtpx:TrackPointExtension>
            <gpxtpx:hr>160</gpxtpx:hr>
          </gpxtpx:TrackPointExtension>
        </extensions>
      </trkpt>
      <trkpt lat="32.05942866213416" lon="118.59867594001729">
        <ele>35.2</ele>
        <time>2026-09-24T12:49:42Z</time>
        <extensions>
          <gpxtpx:TrackPointExtension>
            <gpxtpx:hr>160</gpxtpx:hr>
          </gpxtpx:TrackPointExtension>
        </extensions>
      </trkpt>
      <trkpt lat="32.059404653661474" lon="118.59868793958111">
        <ele>35.2</ele>
        <time>2026-09-24T12:49:43Z</time>
        <extensions>
          <gpxtpx:TrackPointExtension>
            <gpxtpx:hr>160</gpxtpx:hr>
          </gpxtpx:TrackPointExtension>
        </extensions>
      </trkpt>
      <trkpt lat="32.059385647081534" lon="118.59869693933926">
        <ele>35.2</ele>
        <time>2026-09-24T12:49:44Z</time>
        <extensions>
          <gpxtpx:TrackPointExtension>
            <gpxtpx:hr>160</gpxtpx:hr>
          </gpxtpx:TrackPointExtension>
        </extensions>
      </trkpt>
      <trkpt lat="32.05936163859785" lon="118.59870893889025">
        <ele>35.2</ele>
        <time>2026-09-24T12:49:45Z</time>
        <extensions>
          <gpxtpx:TrackPointExtension>
            <gpxtpx:hr>160</gpxtpx:hr>
          </gpxtpx:TrackPointExtension>
        </extensions>
      </trkpt>
      <trkpt lat="32.0593356294001" lon="118.59872193839556">
        <ele>35.2</ele>
        <time>2026-09-24T12:49:46Z</time>
        <extensions>
          <gpxtpx:TrackPointExtension>
            <gpxtpx:hr>160</gpxtpx:hr>
          </gpxtpx:TrackPointExtension>
        </extensions>
      </trkpt>
      <trkpt lat="32.05931062068202" lon="118.59873393802138">
        <ele>35.4</ele>
        <time>2026-09-24T12:49:47Z</time>
        <extensions>
          <gpxtpx:TrackPointExtension>
            <gpxtpx:hr>160</gpxtpx:hr>
          </gpxtpx:TrackPointExtension>
        </extensions>
      </trkpt>
      <trkpt lat="32.05928661244512" lon="118.59874493776951">
        <ele>35.4</ele>
        <time>2026-09-24T12:49:48Z</time>
        <extensions>
          <gpxtpx:TrackPointExtension>
            <gpxtpx:hr>160</gpxtpx:hr>
          </gpxtpx:TrackPointExtension>
        </extensions>
      </trkpt>
      <trkpt lat="32.059260603226946" lon="118.598757937251">
        <ele>35.4</ele>
        <time>2026-09-24T12:49:49Z</time>
        <extensions>
          <gpxtpx:TrackPointExtension>
            <gpxtpx:hr>160</gpxtpx:hr>
          </gpxtpx:TrackPointExtension>
        </extensions>
      </trkpt>
      <trkpt lat="32.05923359378005" lon="118.59877093681395">
        <ele>35.4</ele>
        <time>2026-09-24T12:49:50Z</time>
        <extensions>
          <gpxtpx:TrackPointExtension>
            <gpxtpx:hr>160</gpxtpx:hr>
          </gpxtpx:TrackPointExtension>
        </extensions>
      </trkpt>
      <trkpt lat="32.05920858503626" lon="118.59878293640983">
        <ele>35.4</ele>
        <time>2026-09-24T12:49:51Z</time>
        <extensions>
          <gpxtpx:TrackPointExtension>
            <gpxtpx:hr>160</gpxtpx:hr>
          </gpxtpx:TrackPointExtension>
        </extensions>
      </trkpt>
      <trkpt lat="32.05918057589033" lon="118.59879393649086">
        <ele>35.5</ele>
        <time>2026-09-24T12:49:52Z</time>
        <extensions>
          <gpxtpx:TrackPointExtension>
            <gpxtpx:hr>161</gpxtpx:hr>
          </gpxtpx:TrackPointExtension>
        </extensions>
      </trkpt>
      <trkpt lat="32.05915256647033" lon="118.59880593634294">
        <ele>35.5</ele>
        <time>2026-09-24T12:49:53Z</time>
        <extensions>
          <gpxtpx:TrackPointExtension>
            <gpxtpx:hr>161</gpxtpx:hr>
          </gpxtpx:TrackPointExtension>
        </extensions>
      </trkpt>
      <trkpt lat="32.05912755824653" lon="118.59881593636422">
        <ele>35.5</ele>
        <time>2026-09-24T12:49:54Z</time>
        <extensions>
          <gpxtpx:TrackPointExtension>
            <gpxtpx:hr>161</gpxtpx:hr>
          </gpxtpx:TrackPointExtension>
        </extensions>
      </trkpt>
      <trkpt lat="32.05910555014322" lon="118.59882793566237">
        <ele>35.5</ele>
        <time>2026-09-24T12:49:55Z</time>
        <extensions>
          <gpxtpx:TrackPointExtension>
            <gpxtpx:hr>161</gpxtpx:hr>
          </gpxtpx:TrackPointExtension>
        </extensions>
      </trkpt>
      <trkpt lat="32.05908454225506" lon="118.59883993486312">
        <ele>35.5</ele>
        <time>2026-09-24T12:49:56Z</time>
        <extensions>
          <gpxtpx:TrackPointExtension>
            <gpxtpx:hr>161</gpxtpx:hr>
          </gpxtpx:TrackPointExtension>
        </extensions>
      </trkpt>
      <trkpt lat="32.059060532884224" lon="118.5988549336511">
        <ele>35.0</ele>
        <time>2026-09-24T12:49:57Z</time>
        <extensions>
          <gpxtpx:TrackPointExtension>
            <gpxtpx:hr>161</gpxtpx:hr>
          </gpxtpx:TrackPointExtension>
        </extensions>
      </trkpt>
      <trkpt lat="32.05903152266808" lon="118.59886893310407">
        <ele>35.0</ele>
        <time>2026-09-24T12:49:58Z</time>
        <extensions>
          <gpxtpx:TrackPointExtension>
            <gpxtpx:hr>161</gpxtpx:hr>
          </gpxtpx:TrackPointExtension>
        </extensions>
      </trkpt>
      <trkpt lat="32.05900551365153" lon="118.5988809327302">
        <ele>35.0</ele>
        <time>2026-09-24T12:49:59Z</time>
        <extensions>
          <gpxtpx:TrackPointExtension>
            <gpxtpx:hr>161</gpxtpx:hr>
          </gpxtpx:TrackPointExtension>
        </extensions>
      </trkpt>
      <trkpt lat="32.05898050512249" lon="118.59889193248615">
        <ele>35.0</ele>
        <time>2026-09-24T12:50:00Z</time>
        <extensions>
          <gpxtpx:TrackPointExtension>
            <gpxtpx:hr>161</gpxtpx:hr>
          </gpxtpx:TrackPointExtension>
        </extensions>
      </trkpt>
      <trkpt lat="32.058955496315285" lon="118.59890393200817">
        <ele>35.0</ele>
        <time>2026-09-24T12:50:01Z</time>
        <extensions>
          <gpxtpx:TrackPointExtension>
            <gpxtpx:hr>161</gpxtpx:hr>
          </gpxtpx:TrackPointExtension>
        </extensions>
      </trkpt>
      <trkpt lat="32.05893148744981" lon="118.59891693120434">
        <ele>35.6</ele>
        <time>2026-09-24T12:50:02Z</time>
        <extensions>
          <gpxtpx:TrackPointExtension>
            <gpxtpx:hr>162</gpxtpx:hr>
          </gpxtpx:TrackPointExtension>
        </extensions>
      </trkpt>
      <trkpt lat="32.058907478302984" lon="118.59893093016278">
        <ele>35.6</ele>
        <time>2026-09-24T12:50:03Z</time>
        <extensions>
          <gpxtpx:TrackPointExtension>
            <gpxtpx:hr>162</gpxtpx:hr>
          </gpxtpx:TrackPointExtension>
        </extensions>
      </trkpt>
      <trkpt lat="32.05888246892624" lon="118.59894492920132">
        <ele>35.6</ele>
        <time>2026-09-24T12:50:04Z</time>
        <extensions>
          <gpxtpx:TrackPointExtension>
            <gpxtpx:hr>162</gpxtpx:hr>
          </gpxtpx:TrackPointExtension>
        </extensions>
      </trkpt>
      <trkpt lat="32.05885846031281" lon="118.59895692860093">
        <ele>35.6</ele>
        <time>2026-09-24T12:50:05Z</time>
        <extensions>
          <gpxtpx:TrackPointExtension>
            <gpxtpx:hr>162</gpxtpx:hr>
          </gpxtpx:TrackPointExtension>
        </extensions>
      </trkpt>
      <trkpt lat="32.058834451968735" lon="118.5989679282243">
        <ele>35.6</ele>
        <time>2026-09-24T12:50:06Z</time>
        <extensions>
          <gpxtpx:TrackPointExtension>
            <gpxtpx:hr>162</gpxtpx:hr>
          </gpxtpx:TrackPointExtension>
        </extensions>
      </trkpt>
      <trkpt lat="32.05880544168363" lon="118.59898192759685">
        <ele>35.7</ele>
        <time>2026-09-24T12:50:07Z</time>
        <extensions>
          <gpxtpx:TrackPointExtension>
            <gpxtpx:hr>161</gpxtpx:hr>
          </gpxtpx:TrackPointExtension>
        </extensions>
      </trkpt>
      <trkpt lat="32.05877743188822" lon="118.5989949271018">
        <ele>35.7</ele>
        <time>2026-09-24T12:50:08Z</time>
        <extensions>
          <gpxtpx:TrackPointExtension>
            <gpxtpx:hr>161</gpxtpx:hr>
          </gpxtpx:TrackPointExtension>
        </extensions>
      </trkpt>
      <trkpt lat="32.05875442374736" lon="118.59900592661386">
        <ele>35.7</ele>
        <time>2026-09-24T12:50:09Z</time>
        <extensions>
          <gpxtpx:TrackPointExtension>
            <gpxtpx:hr>161</gpxtpx:hr>
          </gpxtpx:TrackPointExtension>
        </extensions>
      </trkpt>
      <trkpt lat="32.05872741388202" lon="118.59901992577919">
        <ele>35.7</ele>
        <time>2026-09-24T12:50:10Z</time>
        <extensions>
          <gpxtpx:TrackPointExtension>
            <gpxtpx:hr>161</gpxtpx:hr>
          </gpxtpx:TrackPointExtension>
        </extensions>
      </trkpt>
      <trkpt lat="32.05870140450805" lon="118.5990329250789">
        <ele>35.7</ele>
        <time>2026-09-24T12:50:11Z</time>
        <extensions>
          <gpxtpx:TrackPointExtension>
            <gpxtpx:hr>161</gpxtpx:hr>
          </gpxtpx:TrackPointExtension>
        </extensions>
      </trkpt>
      <trkpt lat="32.058679396849286" lon="118.59904292471451">
        <ele>35.5</ele>
        <time>2026-09-24T12:50:12Z</time>
        <extensions>
          <gpxtpx:TrackPointExtension>
            <gpxtpx:hr>160</gpxtpx:hr>
          </gpxtpx:TrackPointExtension>
        </extensions>
      </trkpt>
      <trkpt lat="32.05865338802087" lon="118.59905392446997">
        <ele>35.5</ele>
        <time>2026-09-24T12:50:13Z</time>
        <extensions>
          <gpxtpx:TrackPointExtension>
            <gpxtpx:hr>160</gpxtpx:hr>
          </gpxtpx:TrackPointExtension>
        </extensions>
      </trkpt>
      <trkpt lat="32.05862737918714" lon="118.59906492421929">
        <ele>35.5</ele>
        <time>2026-09-24T12:50:14Z</time>
        <extensions>
          <gpxtpx:TrackPointExtension>
            <gpxtpx:hr>160</gpxtpx:hr>
          </gpxtpx:TrackPointExtension>
        </extensions>
      </trkpt>
      <trkpt lat="32.05860237000917" lon="118.59907792339921">
        <ele>35.5</ele>
        <time>2026-09-24T12:50:15Z</time>
        <extensions>
          <gpxtpx:TrackPointExtension>
            <gpxtpx:hr>160</gpxtpx:hr>
          </gpxtpx:TrackPointExtension>
        </extensions>
      </trkpt>
      <trkpt lat="32.05857736054302" lon="118.59909192233317">
        <ele>35.5</ele>
        <time>2026-09-24T12:50:16Z</time>
        <extensions>
          <gpxtpx:TrackPointExtension>
            <gpxtpx:hr>160</gpxtpx:hr>
          </gpxtpx:TrackPointExtension>
        </extensions>
      </trkpt>
      <trkpt lat="32.058556352798725" lon="118.59910292161086">
        <ele>35.4</ele>
        <time>2026-09-24T12:50:17Z</time>
        <extensions>
          <gpxtpx:TrackPointExtension>
            <gpxtpx:hr>160</gpxtpx:hr>
          </gpxtpx:TrackPointExtension>
        </extensions>
      </trkpt>
      <trkpt lat="32.05853134388118" lon="118.59911492100423">
        <ele>35.4</ele>
        <time>2026-09-24T12:50:18Z</time>
        <extensions>
          <gpxtpx:TrackPointExtension>
            <gpxtpx:hr>160</gpxtpx:hr>
          </gpxtpx:TrackPointExtension>
        </extensions>
      </trkpt>
      <trkpt lat="32.058505334735806" lon="118.59912692048036">
        <ele>35.4</ele>
        <time>2026-09-24T12:50:19Z</time>
        <extensions>
          <gpxtpx:TrackPointExtension>
            <gpxtpx:hr>160</gpxtpx:hr>
          </gpxtpx:TrackPointExtension>
        </extensions>
      </trkpt>
      <trkpt lat="32.05848232681443" lon="118.59913692015833">
        <ele>35.4</ele>
        <time>2026-09-24T12:50:20Z</time>
        <extensions>
          <gpxtpx:TrackPointExtension>
            <gpxtpx:hr>160</gpxtpx:hr>
          </gpxtpx:TrackPointExtension>
        </extensions>
      </trkpt>
      <trkpt lat="32.05845731844555" lon="118.59914692001138">
        <ele>35.4</ele>
        <time>2026-09-24T12:50:21Z</time>
        <extensions>
          <gpxtpx:TrackPointExtension>
            <gpxtpx:hr>160</gpxtpx:hr>
          </gpxtpx:TrackPointExtension>
        </extensions>
      </trkpt>
      <trkpt lat="32.058432309788614" lon="118.59915791961866">
        <ele>35.1</ele>
        <time>2026-09-24T12:50:22Z</time>
        <extensions>
          <gpxtpx:TrackPointExtension>
            <gpxtpx:hr>160</gpxtpx:hr>
          </gpxtpx:TrackPointExtension>
        </extensions>
      </trkpt>
      <trkpt lat="32.05840630033647" lon="118.59917091882726">
        <ele>35.1</ele>
        <time>2026-09-24T12:50:23Z</time>
        <extensions>
          <gpxtpx:TrackPointExtension>
            <gpxtpx:hr>160</gpxtpx:hr>
          </gpxtpx:TrackPointExtension>
        </extensions>
      </trkpt>
      <trkpt lat="32.05838229132016" lon="118.59918391784713">
        <ele>35.1</ele>
        <time>2026-09-24T12:50:24Z</time>
        <extensions>
          <gpxtpx:TrackPointExtension>
            <gpxtpx:hr>160</gpxtpx:hr>
          </gpxtpx:TrackPointExtension>
        </extensions>
      </trkpt>
      <trkpt lat="32.05835728207494" lon="118.59919691694849">
        <ele>35.1</ele>
        <time>2026-09-24T12:50:25Z</time>
        <extensions>
          <gpxtpx:TrackPointExtension>
            <gpxtpx:hr>160</gpxtpx:hr>
          </gpxtpx:TrackPointExtension>
        </extensions>
      </trkpt>
      <trkpt lat="32.058332272822376" lon="118.59920991604126">
        <ele>35.1</ele>
        <time>2026-09-24T12:50:26Z</time>
        <extensions>
          <gpxtpx:TrackPointExtension>
            <gpxtpx:hr>160</gpxtpx:hr>
          </gpxtpx:TrackPointExtension>
        </extensions>
      </trkpt>
      <trkpt lat="32.05830626334088" lon="118.59922291521555">
        <ele>34.5</ele>
        <time>2026-09-24T12:50:27Z</time>
        <extensions>
          <gpxtpx:TrackPointExtension>
            <gpxtpx:hr>160</gpxtpx:hr>
          </gpxtpx:TrackPointExtension>
        </extensions>
      </trkpt>
      <trkpt lat="32.05827925391736" lon="118.59923491471599">
        <ele>34.5</ele>
        <time>2026-09-24T12:50:28Z</time>
        <extensions>
          <gpxtpx:TrackPointExtension>
            <gpxtpx:hr>160</gpxtpx:hr>
          </gpxtpx:TrackPointExtension>
        </extensions>
      </trkpt>
      <trkpt lat="32.05825224448754" lon="118.59924691420912">
        <ele>34.5</ele>
        <time>2026-09-24T12:50:29Z</time>
        <extensions>
          <gpxtpx:TrackPointExtension>
            <gpxtpx:hr>160</gpxtpx:hr>
          </gpxtpx:TrackPointExtension>
        </extensions>
      </trkpt>
      <trkpt lat="32.05822123387694" lon="118.5992599138094">
        <ele>34.5</ele>
        <time>2026-09-24T12:50:30Z</time>
        <extensions>
          <gpxtpx:TrackPointExtension>
            <gpxtpx:hr>160</gpxtpx:hr>
          </gpxtpx:TrackPointExtension>
        </extensions>
      </trkpt>
      <trkpt lat="32.05819222456758" lon="118.59926991396036">
        <ele>34.5</ele>
        <time>2026-09-24T12:50:31Z</time>
        <extensions>
          <gpxtpx:TrackPointExtension>
            <gpxtpx:hr>160</gpxtpx:hr>
          </gpxtpx:TrackPointExtension>
        </extensions>
      </trkpt>
      <trkpt lat="32.05816921716121" lon="118.59927791405944">
        <ele>34.2</ele>
        <time>2026-09-24T12:50:32Z</time>
        <extensions>
          <gpxtpx:TrackPointExtension>
            <gpxtpx:hr>160</gpxtpx:hr>
          </gpxtpx:TrackPointExtension>
        </extensions>
      </trkpt>
      <trkpt lat="32.05814320793038" lon="118.59928991343631">
        <ele>34.2</ele>
        <time>2026-09-24T12:50:33Z</time>
        <extensions>
          <gpxtpx:TrackPointExtension>
            <gpxtpx:hr>160</gpxtpx:hr>
          </gpxtpx:TrackPointExtension>
        </extensions>
      </trkpt>
      <trkpt lat="32.05811419802827" lon="118.59930191307612">
        <ele>34.2</ele>
        <time>2026-09-24T12:50:34Z</time>
        <extensions>
          <gpxtpx:TrackPointExtension>
            <gpxtpx:hr>160</gpxtpx:hr>
          </gpxtpx:TrackPointExtension>
        </extensions>
      </trkpt>
      <trkpt lat="32.05808618805123" lon="118.5993149123699">
        <ele>34.2</ele>
        <time>2026-09-24T12:50:35Z</time>
        <extensions>
          <gpxtpx:TrackPointExtension>
            <gpxtpx:hr>160</gpxtpx:hr>
          </gpxtpx:TrackPointExtension>
        </extensions>
      </trkpt>
      <trkpt lat="32.058058178066815" lon="118.59932791165511">
        <ele>34.2</ele>
        <time>2026-09-24T12:50:36Z</time>
        <extensions>
          <gpxtpx:TrackPointExtension>
            <gpxtpx:hr>160</gpxtpx:hr>
          </gpxtpx:TrackPointExtension>
        </extensions>
      </trkpt>
      <trkpt lat="32.0580341695445" lon="118.59933891107131">
        <ele>33.6</ele>
        <time>2026-09-24T12:50:37Z</time>
        <extensions>
          <gpxtpx:TrackPointExtension>
            <gpxtpx:hr>160</gpxtpx:hr>
          </gpxtpx:TrackPointExtension>
        </extensions>
      </trkpt>
      <trkpt lat="32.058008160865285" lon="118.59934891091197">
        <ele>33.6</ele>
        <time>2026-09-24T12:50:38Z</time>
        <extensions>
          <gpxtpx:TrackPointExtension>
            <gpxtpx:hr>160</gpxtpx:hr>
          </gpxtpx:TrackPointExtension>
        </extensions>
      </trkpt>
      <trkpt lat="32.057979151516555" lon="118.59935891101779">
        <ele>33.6</ele>
        <time>2026-09-24T12:50:39Z</time>
        <extensions>
          <gpxtpx:TrackPointExtension>
            <gpxtpx:hr>160</gpxtpx:hr>
          </gpxtpx:TrackPointExtension>
        </extensions>
      </trkpt>
      <trkpt lat="32.057951143262635" lon="118.59936591178244">
        <ele>33.6</ele>
        <time>2026-09-24T12:50:40Z</time>
        <extensions>
          <gpxtpx:TrackPointExtension>
            <gpxtpx:hr>160</gpxtpx:hr>
          </gpxtpx:TrackPointExtension>
        </extensions>
      </trkpt>
      <trkpt lat="32.05792313471365" lon="118.59937391229298">
        <ele>33.6</ele>
        <time>2026-09-24T12:50:41Z</time>
        <extensions>
          <gpxtpx:TrackPointExtension>
            <gpxtpx:hr>160</gpxtpx:hr>
          </gpxtpx:TrackPointExtension>
        </extensions>
      </trkpt>
      <trkpt lat="32.05789512645485" lon="118.59938091305231">
        <ele>33.0</ele>
        <time>2026-09-24T12:50:42Z</time>
        <extensions>
          <gpxtpx:TrackPointExtension>
            <gpxtpx:hr>160</gpxtpx:hr>
          </gpxtpx:TrackPointExtension>
        </extensions>
      </trkpt>
      <trkpt lat="32.05786711819376" lon="118.59938791380917">
        <ele>33.0</ele>
        <time>2026-09-24T12:50:43Z</time>
        <extensions>
          <gpxtpx:TrackPointExtension>
            <gpxtpx:hr>160</gpxtpx:hr>
          </gpxtpx:TrackPointExtension>
        </extensions>
      </trkpt>
      <trkpt lat="32.05784011015212" lon="118.59939491447345">
        <ele>33.0</ele>
        <time>2026-09-24T12:50:44Z</time>
        <extensions>
          <gpxtpx:TrackPointExtension>
            <gpxtpx:hr>160</gpxtpx:hr>
          </gpxtpx:TrackPointExtension>
        </extensions>
      </trkpt>
      <trkpt lat="32.05781710328916" lon="118.599400915028">
        <ele>33.0</ele>
        <time>2026-09-24T12:50:45Z</time>
        <extensions>
          <gpxtpx:TrackPointExtension>
            <gpxtpx:hr>160</gpxtpx:hr>
          </gpxtpx:TrackPointExtension>
        </extensions>
      </trkpt>
      <trkpt lat="32.05778909531576" lon="118.59940691603111">
        <ele>33.0</ele>
        <time>2026-09-24T12:50:46Z</time>
        <extensions>
          <gpxtpx:TrackPointExtension>
            <gpxtpx:hr>160</gpxtpx:hr>
          </gpxtpx:TrackPointExtension>
        </extensions>
      </trkpt>
      <trkpt lat="32.05775908748591" lon="118.59941091771974">
        <ele>32.8</ele>
        <time>2026-09-24T12:50:47Z</time>
        <extensions>
          <gpxtpx:TrackPointExtension>
            <gpxtpx:hr>160</gpxtpx:hr>
          </gpxtpx:TrackPointExtension>
        </extensions>
      </trkpt>
      <trkpt lat="32.057730080171424" lon="118.59941391957116">
        <ele>32.8</ele>
        <time>2026-09-24T12:50:48Z</time>
        <extensions>
          <gpxtpx:TrackPointExtension>
            <gpxtpx:hr>160</gpxtpx:hr>
          </gpxtpx:TrackPointExtension>
        </extensions>
      </trkpt>
      <trkpt lat="32.05770107256168" lon="118.59941792116828">
        <ele>32.8</ele>
        <time>2026-09-24T12:50:49Z</time>
        <extensions>
          <gpxtpx:TrackPointExtension>
            <gpxtpx:hr>160</gpxtpx:hr>
          </gpxtpx:TrackPointExtension>
        </extensions>
      </trkpt>
      <trkpt lat="32.05767806657654" lon="118.59942092247819">
        <ele>32.8</ele>
        <time>2026-09-24T12:50:50Z</time>
        <extensions>
          <gpxtpx:TrackPointExtension>
            <gpxtpx:hr>160</gpxtpx:hr>
          </gpxtpx:TrackPointExtension>
        </extensions>
      </trkpt>
      <trkpt lat="32.05765305985236" lon="118.59942492371356">
        <ele>32.8</ele>
        <time>2026-09-24T12:50:51Z</time>
        <extensions>
          <gpxtpx:TrackPointExtension>
            <gpxtpx:hr>160</gpxtpx:hr>
          </gpxtpx:TrackPointExtension>
        </extensions>
      </trkpt>
      <trkpt lat="32.05762405164981" lon="118.59943092479945">
        <ele>32.2</ele>
        <time>2026-09-24T12:50:52Z</time>
        <extensions>
          <gpxtpx:TrackPointExtension>
            <gpxtpx:hr>159</gpxtpx:hr>
          </gpxtpx:TrackPointExtension>
        </extensions>
      </trkpt>
      <trkpt lat="32.05759504492228" lon="118.59943192715714">
        <ele>32.2</ele>
        <time>2026-09-24T12:50:53Z</time>
        <extensions>
          <gpxtpx:TrackPointExtension>
            <gpxtpx:hr>159</gpxtpx:hr>
          </gpxtpx:TrackPointExtension>
        </extensions>
      </trkpt>
      <trkpt lat="32.057566038784984" lon="118.59943093002397">
        <ele>32.2</ele>
        <time>2026-09-24T12:50:54Z</time>
        <extensions>
          <gpxtpx:TrackPointExtension>
            <gpxtpx:hr>159</gpxtpx:hr>
          </gpxtpx:TrackPointExtension>
        </extensions>
      </trkpt>
      <trkpt lat="32.05753803345948" lon="118.59942793330958">
        <ele>32.2</ele>
        <time>2026-09-24T12:50:55Z</time>
        <extensions>
          <gpxtpx:TrackPointExtension>
            <gpxtpx:hr>159</gpxtpx:hr>
          </gpxtpx:TrackPointExtension>
        </extensions>
      </trkpt>
      <trkpt lat="32.05751102806023" lon="118.59942593625037">
        <ele>32.2</ele>
        <time>2026-09-24T12:50:56Z</time>
        <extensions>
          <gpxtpx:TrackPointExtension>
            <gpxtpx:hr>159</gpxtpx:hr>
          </gpxtpx:TrackPointExtension>
        </extensions>
      </trkpt>
      <trkpt lat="32.05748302243878" lon="118.59942393928102">
        <ele>31.0</ele>
        <time>2026-09-24T12:50:57Z</time>
        <extensions>
          <gpxtpx:TrackPointExtension>
            <gpxtpx:hr>159</gpxtpx:hr>
          </gpxtpx:TrackPointExtension>
        </extensions>
      </trkpt>
      <trkpt lat="32.05745101592955" lon="118.59942194267181">
        <ele>31.0</ele>
        <time>2026-09-24T12:50:58Z</time>
        <extensions>
          <gpxtpx:TrackPointExtension>
            <gpxtpx:hr>159</gpxtpx:hr>
          </gpxtpx:TrackPointExtension>
        </extensions>
      </trkpt>
      <trkpt lat="32.05742101045299" lon="118.59941794639009">
        <ele>31.0</ele>
        <time>2026-09-24T12:50:59Z</time>
        <extensions>
          <gpxtpx:TrackPointExtension>
            <gpxtpx:hr>159</gpxtpx:hr>
          </gpxtpx:TrackPointExtension>
        </extensions>
      </trkpt>
      <trkpt lat="32.057392005491835" lon="118.59941295027114">
        <ele>31.0</ele>
        <time>2026-09-24T12:51:00Z</time>
        <extensions>
          <gpxtpx:TrackPointExtension>
            <gpxtpx:hr>159</gpxtpx:hr>
          </gpxtpx:TrackPointExtension>
        </extensions>
      </trkpt>
      <trkpt lat="32.05736300082361" lon="118.59940695440429">
        <ele>31.0</ele>
        <time>2026-09-24T12:51:01Z</time>
        <extensions>
          <gpxtpx:TrackPointExtension>
            <gpxtpx:hr>159</gpxtpx:hr>
          </gpxtpx:TrackPointExtension>
        </extensions>
      </trkpt>
      <trkpt lat="32.057334996375495" lon="118.59940095844553">
        <ele>31.4</ele>
        <time>2026-09-24T12:51:02Z</time>
        <extensions>
          <gpxtpx:TrackPointExtension>
            <gpxtpx:hr>159</gpxtpx:hr>
          </gpxtpx:TrackPointExtension>
        </extensions>
      </trkpt>
      <trkpt lat="32.05730599199743" lon="118.59939396282772">
        <ele>31.4</ele>
        <time>2026-09-24T12:51:03Z</time>
        <extensions>
          <gpxtpx:TrackPointExtension>
            <gpxtpx:hr>159</gpxtpx:hr>
          </gpxtpx:TrackPointExtension>
        </extensions>
      </trkpt>
      <trkpt lat="32.05727898806085" lon="118.59938696702726">
        <ele>31.4</ele>
        <time>2026-09-24T12:51:04Z</time>
        <extensions>
          <gpxtpx:TrackPointExtension>
            <gpxtpx:hr>159</gpxtpx:hr>
          </gpxtpx:TrackPointExtension>
        </extensions>
      </trkpt>
      <trkpt lat="32.057245983083604" lon="118.59937897201671">
        <ele>31.4</ele>
        <time>2026-09-24T12:51:05Z</time>
        <extensions>
          <gpxtpx:TrackPointExtension>
            <gpxtpx:hr>159</gpxtpx:hr>
          </gpxtpx:TrackPointExtension>
        </extensions>
      </trkpt>
      <trkpt lat="32.057214978254486" lon="118.59937197657122">
        <ele>31.4</ele>
        <time>2026-09-24T12:51:06Z</time>
        <extensions>
          <gpxtpx:TrackPointExtension>
            <gpxtpx:hr>159</gpxtpx:hr>
          </gpxtpx:TrackPointExtension>
        </extensions>
      </trkpt>
      <trkpt lat="32.057187974018284" lon="118.59936598051172">
        <ele>30.9</ele>
        <time>2026-09-24T12:51:07Z</time>
        <extensions>
          <gpxtpx:TrackPointExtension>
            <gpxtpx:hr>159</gpxtpx:hr>
          </gpxtpx:TrackPointExtension>
        </extensions>
      </trkpt>
      <trkpt lat="32.05715996955842" lon="118.59935998454047">
        <ele>30.9</ele>
        <time>2026-09-24T12:51:08Z</time>
        <extensions>
          <gpxtpx:TrackPointExtension>
            <gpxtpx:hr>159</gpxtpx:hr>
          </gpxtpx:TrackPointExtension>
        </extensions>
      </trkpt>
      <trkpt lat="32.05713396583261" lon="118.59935298863786">
        <ele>30.9</ele>
        <time>2026-09-24T12:51:09Z</time>
        <extensions>
          <gpxtpx:TrackPointExtension>
            <gpxtpx:hr>159</gpxtpx:hr>
          </gpxtpx:TrackPointExtension>
        </extensions>
      </trkpt>
      <trkpt lat="32.05710696275727" lon="118.59934299357332">
        <ele>30.9</ele>
        <time>2026-09-24T12:51:10Z</time>
        <extensions>
          <gpxtpx:TrackPointExtension>
            <gpxtpx:hr>159</gpxtpx:hr>
          </gpxtpx:TrackPointExtension>
        </extensions>
      </trkpt>
      <trkpt lat="32.05707595908073" lon="118.59933199911356">
        <ele>30.9</ele>
        <time>2026-09-24T12:51:11Z</time>
        <extensions>
          <gpxtpx:TrackPointExtension>
            <gpxtpx:hr>159</gpxtpx:hr>
          </gpxtpx:TrackPointExtension>
        </extensions>
      </trkpt>
      <trkpt lat="32.05704795606468" lon="118.59932100437743">
        <ele>30.2</ele>
        <time>2026-09-24T12:51:12Z</time>
        <extensions>
          <gpxtpx:TrackPointExtension>
            <gpxtpx:hr>160</gpxtpx:hr>
          </gpxtpx:TrackPointExtension>
        </extensions>
      </trkpt>
      <trkpt lat="32.057019953043294" lon="118.59931000963516">
        <ele>30.2</ele>
        <time>2026-09-24T12:51:13Z</time>
        <extensions>
          <gpxtpx:TrackPointExtension>
            <gpxtpx:hr>160</gpxtpx:hr>
          </gpxtpx:TrackPointExtension>
        </extensions>
      </trkpt>
      <trkpt lat="32.056991950016574" lon="118.59929901488675">
        <ele>30.2</ele>
        <time>2026-09-24T12:51:14Z</time>
        <extensions>
          <gpxtpx:TrackPointExtension>
            <gpxtpx:hr>160</gpxtpx:hr>
          </gpxtpx:TrackPointExtension>
        </extensions>
      </trkpt>
      <trkpt lat="32.05696394698452" lon="118.5992880201322">
        <ele>30.2</ele>
        <time>2026-09-24T12:51:15Z</time>
        <extensions>
          <gpxtpx:TrackPointExtension>
            <gpxtpx:hr>160</gpxtpx:hr>
          </gpxtpx:TrackPointExtension>
        </extensions>
      </trkpt>
      <trkpt lat="32.056935944524426" lon="118.59927502586491">
        <ele>30.2</ele>
        <time>2026-09-24T12:51:16Z</time>
        <extensions>
          <gpxtpx:TrackPointExtension>
            <gpxtpx:hr>160</gpxtpx:hr>
          </gpxtpx:TrackPointExtension>
        </extensions>
      </trkpt>
      <trkpt lat="32.056908942567" lon="118.59926103174489">
        <ele>29.9</ele>
        <time>2026-09-24T12:51:17Z</time>
        <extensions>
          <gpxtpx:TrackPointExtension>
            <gpxtpx:hr>159</gpxtpx:hr>
          </gpxtpx:TrackPointExtension>
        </extensions>
      </trkpt>
      <trkpt lat="32.056882941397845" lon="118.5992450380152">
        <ele>29.9</ele>
        <time>2026-09-24T12:51:18Z</time>
        <extensions>
          <gpxtpx:TrackPointExtension>
            <gpxtpx:hr>159</gpxtpx:hr>
          </gpxtpx:TrackPointExtension>
        </extensions>
      </trkpt>
      <trkpt lat="32.05685894094833" lon="118.59922804433663">
        <ele>29.9</ele>
        <time>2026-09-24T12:51:19Z</time>
        <extensions>
          <gpxtpx:TrackPointExtension>
            <gpxtpx:hr>159</gpxtpx:hr>
          </gpxtpx:TrackPointExtension>
        </extensions>
      </trkpt>
      <trkpt lat="32.056830940170066" lon="118.59920905149039">
        <ele>29.9</ele>
        <time>2026-09-24T12:51:20Z</time>
        <extensions>
          <gpxtpx:TrackPointExtension>
            <gpxtpx:hr>159</gpxtpx:hr>
          </gpxtpx:TrackPointExtension>
        </extensions>
      </trkpt>
      <trkpt lat="32.05680593947226" lon="118.59919205787084">
        <ele>29.9</ele>
        <time>2026-09-24T12:51:21Z</time>
        <extensions>
          <gpxtpx:TrackPointExtension>
            <gpxtpx:hr>159</gpxtpx:hr>
          </gpxtpx:TrackPointExtension>
        </extensions>
      </trkpt>
      <trkpt lat="32.05678093847766" lon="118.59917606399503">
        <ele>29.2</ele>
        <time>2026-09-24T12:51:22Z</time>
        <extensions>
          <gpxtpx:TrackPointExtension>
            <gpxtpx:hr>160</gpxtpx:hr>
          </gpxtpx:TrackPointExtension>
        </extensions>
      </trkpt>
      <trkpt lat="32.056754936966236" lon="118.59916106995547">
        <ele>29.2</ele>
        <time>2026-09-24T12:51:23Z</time>
        <extensions>
          <gpxtpx:TrackPointExtension>
            <gpxtpx:hr>160</gpxtpx:hr>
          </gpxtpx:TrackPointExtension>
        </extensions>
      </trkpt>
      <trkpt lat="32.05672893572823" lon="118.59914507614455">
        <ele>29.2</ele>
        <time>2026-09-24T12:51:24Z</time>
        <extensions>
          <gpxtpx:TrackPointExtension>
            <gpxtpx:hr>160</gpxtpx:hr>
          </gpxtpx:TrackPointExtension>
        </extensions>
      </trkpt>
      <trkpt lat="32.05670293476159" lon="118.59912808255984">
        <ele>29.2</ele>
        <time>2026-09-24T12:51:25Z</time>
        <extensions>
          <gpxtpx:TrackPointExtension>
            <gpxtpx:hr>160</gpxtpx:hr>
          </gpxtpx:TrackPointExtension>
        </extensions>
      </trkpt>
      <trkpt lat="32.05667793456782" lon="118.5991090893469">
        <ele>29.2</ele>
        <time>2026-09-24T12:51:26Z</time>
        <extensions>
          <gpxtpx:TrackPointExtension>
            <gpxtpx:hr>160</gpxtpx:hr>
          </gpxtpx:TrackPointExtension>
        </extensions>
      </trkpt>
      <trkpt lat="32.05665393514212" lon="118.59908809649993">
        <ele>28.7</ele>
        <time>2026-09-24T12:51:27Z</time>
        <extensions>
          <gpxtpx:TrackPointExtension>
            <gpxtpx:hr>159</gpxtpx:hr>
          </gpxtpx:TrackPointExtension>
        </extensions>
      </trkpt>
      <trkpt lat="32.05663193614171" lon="118.59906710345044">
        <ele>28.7</ele>
        <time>2026-09-24T12:51:28Z</time>
        <extensions>
          <gpxtpx:TrackPointExtension>
            <gpxtpx:hr>159</gpxtpx:hr>
          </gpxtpx:TrackPointExtension>
        </extensions>
      </trkpt>
      <trkpt lat="32.0566089369004" lon="118.5990461104686">
        <ele>28.7</ele>
        <time>2026-09-24T12:51:29Z</time>
        <extensions>
          <gpxtpx:TrackPointExtension>
            <gpxtpx:hr>159</gpxtpx:hr>
          </gpxtpx:TrackPointExtension>
        </extensions>
      </trkpt>
      <trkpt lat="32.056585937362215" lon="118.59902611723038">
        <ele>28.7</ele>
        <time>2026-09-24T12:51:30Z</time>
        <extensions>
          <gpxtpx:TrackPointExtension>
            <gpxtpx:hr>159</gpxtpx:hr>
          </gpxtpx:TrackPointExtension>
        </extensions>
      </trkpt>
      <trkpt lat="32.05655893775" lon="118.59900312503086">
        <ele>28.7</ele>
        <time>2026-09-24T12:51:31Z</time>
        <extensions>
          <gpxtpx:TrackPointExtension>
            <gpxtpx:hr>159</gpxtpx:hr>
          </gpxtpx:TrackPointExtension>
        </extensions>
      </trkpt>
      <trkpt lat="32.05653493795293" lon="118.59898313183902">
        <ele>28.4</ele>
        <time>2026-09-24T12:51:32Z</time>
        <extensions>
          <gpxtpx:TrackPointExtension>
            <gpxtpx:hr>158</gpxtpx:hr>
          </gpxtpx:TrackPointExtension>
        </extensions>
      </trkpt>
      <trkpt lat="32.056511938911534" lon="118.59896113899826">
        <ele>28.4</ele>
        <time>2026-09-24T12:51:33Z</time>
        <extensions>
          <gpxtpx:TrackPointExtension>
            <gpxtpx:hr>158</gpxtpx:hr>
          </gpxtpx:TrackPointExtension>
        </extensions>
      </trkpt>
      <trkpt lat="32.05648894039813" lon="118.59893714659195">
        <ele>28.4</ele>
        <time>2026-09-24T12:51:34Z</time>
        <extensions>
          <gpxtpx:TrackPointExtension>
            <gpxtpx:hr>158</gpxtpx:hr>
          </gpxtpx:TrackPointExtension>
        </extensions>
      </trkpt>
      <trkpt lat="32.05646694180897" lon="118.598914153838">
        <ele>28.4</ele>
        <time>2026-09-24T12:51:35Z</time>
        <extensions>
          <gpxtpx:TrackPointExtension>
            <gpxtpx:hr>158</gpxtpx:hr>
          </gpxtpx:TrackPointExtension>
        </extensions>
      </trkpt>
      <trkpt lat="32.05644394297511" lon="118.59889116114721">
        <ele>28.4</ele>
        <time>2026-09-24T12:51:36Z</time>
        <extensions>
          <gpxtpx:TrackPointExtension>
            <gpxtpx:hr>158</gpxtpx:hr>
          </gpxtpx:TrackPointExtension>
        </extensions>
      </trkpt>
      <trkpt lat="32.05642294429154" lon="118.5988691680234">
        <ele>27.8</ele>
        <time>2026-09-24T12:51:37Z</time>
        <extensions>
          <gpxtpx:TrackPointExtension>
            <gpxtpx:hr>158</gpxtpx:hr>
          </gpxtpx:TrackPointExtension>
        </extensions>
      </trkpt>
      <trkpt lat="32.0563989457321" lon="118.59884417581964">
        <ele>27.8</ele>
        <time>2026-09-24T12:51:38Z</time>
        <extensions>
          <gpxtpx:TrackPointExtension>
            <gpxtpx:hr>158</gpxtpx:hr>
          </gpxtpx:TrackPointExtension>
        </extensions>
      </trkpt>
      <trkpt lat="32.056377947273766" lon="118.59882118286683">
        <ele>27.8</ele>
        <time>2026-09-24T12:51:39Z</time>
        <extensions>
          <gpxtpx:TrackPointExtension>
            <gpxtpx:hr>158</gpxtpx:hr>
          </gpxtpx:TrackPointExtension>
        </extensions>
      </trkpt>
      <trkpt lat="32.05635894950551" lon="118.59879718992933">
        <ele>27.8</ele>
        <time>2026-09-24T12:51:40Z</time>
        <extensions>
          <gpxtpx:TrackPointExtension>
            <gpxtpx:hr>158</gpxtpx:hr>
          </gpxtpx:TrackPointExtension>
        </extensions>
      </trkpt>
      <trkpt lat="32.05634195269156" lon="118.59877119722454">
        <ele>27.8</ele>
        <time>2026-09-24T12:51:41Z</time>
        <extensions>
          <gpxtpx:TrackPointExtension>
            <gpxtpx:hr>158</gpxtpx:hr>
          </gpxtpx:TrackPointExtension>
        </extensions>
      </trkpt>
      <trkpt lat="32.0563259563371" lon="118.59874420461496">
        <ele>27.1</ele>
        <time>2026-09-24T12:51:42Z</time>
        <extensions>
          <gpxtpx:TrackPointExtension>
            <gpxtpx:hr>157</gpxtpx:hr>
          </gpxtpx:TrackPointExtension>
        </extensions>
      </trkpt>
      <trkpt lat="32.05631096043869" lon="118.59871621209646">
        <ele>27.1</ele>
        <time>2026-09-24T12:51:43Z</time>
        <extensions>
          <gpxtpx:TrackPointExtension>
            <gpxtpx:hr>157</gpxtpx:hr>
          </gpxtpx:TrackPointExtension>
        </extensions>
      </trkpt>
      <trkpt lat="32.05629796468749" lon="118.59868921914108">
        <ele>27.1</ele>
        <time>2026-09-24T12:51:44Z</time>
        <extensions>
          <gpxtpx:TrackPointExtension>
            <gpxtpx:hr>157</gpxtpx:hr>
          </gpxtpx:TrackPointExtension>
        </extensions>
      </trkpt>
      <trkpt lat="32.05628297029816" lon="118.59865522783585">
        <ele>27.1</ele>
        <time>2026-09-24T12:51:45Z</time>
        <extensions>
          <gpxtpx:TrackPointExtension>
            <gpxtpx:hr>157</gpxtpx:hr>
          </gpxtpx:TrackPointExtension>
        </extensions>
      </trkpt>
      <trkpt lat="32.05627197596554" lon="118.59862423547104">
        <ele>27.1</ele>
        <time>2026-09-24T12:51:46Z</time>
        <extensions>
          <gpxtpx:TrackPointExtension>
            <gpxtpx:hr>157</gpxtpx:hr>
          </gpxtpx:TrackPointExtension>
        </extensions>
      </trkpt>
      <trkpt lat="32.056260981592025" lon="118.59859324305728">
        <ele>26.7</ele>
        <time>2026-09-24T12:51:47Z</time>
        <extensions>
          <gpxtpx:TrackPointExtension>
            <gpxtpx:hr>157</gpxtpx:hr>
          </gpxtpx:TrackPointExtension>
        </extensions>
      </trkpt>
      <trkpt lat="32.05624998769425" lon="118.59856025101523">
        <ele>26.7</ele>
        <time>2026-09-24T12:51:48Z</time>
        <extensions>
          <gpxtpx:TrackPointExtension>
            <gpxtpx:hr>157</gpxtpx:hr>
          </gpxtpx:TrackPointExtension>
        </extensions>
      </trkpt>
      <trkpt lat="32.056240992909615" lon="118.59853225769389">
        <ele>26.7</ele>
        <time>2026-09-24T12:51:49Z</time>
        <extensions>
          <gpxtpx:TrackPointExtension>
            <gpxtpx:hr>157</gpxtpx:hr>
          </gpxtpx:TrackPointExtension>
        </extensions>
      </trkpt>
      <trkpt lat="32.05623299908127" lon="118.5985012648646">
        <ele>26.7</ele>
        <time>2026-09-24T12:51:50Z</time>
        <extensions>
          <gpxtpx:TrackPointExtension>
            <gpxtpx:hr>157</gpxtpx:hr>
          </gpxtpx:TrackPointExtension>
        </extensions>
      </trkpt>
      <trkpt lat="32.056227006165194" lon="118.59846827221745">
        <ele>26.7</ele>
        <time>2026-09-24T12:51:51Z</time>
        <extensions>
          <gpxtpx:TrackPointExtension>
            <gpxtpx:hr>157</gpxtpx:hr>
          </gpxtpx:TrackPointExtension>
        </extensions>
      </trkpt>
      <trkpt lat="32.056225013332444" lon="118.59843827854255">
        <ele>26.0</ele>
        <time>2026-09-24T12:51:52Z</time>
        <extensions>
          <gpxtpx:TrackPointExtension>
            <gpxtpx:hr>158</gpxtpx:hr>
          </gpxtpx:TrackPointExtension>
        </extensions>
      </trkpt>
      <trkpt lat="32.05622602163147" lon="118.5984062849565">
        <ele>26.0</ele>
        <time>2026-09-24T12:51:53Z</time>
        <extensions>
          <gpxtpx:TrackPointExtension>
            <gpxtpx:hr>158</gpxtpx:hr>
          </gpxtpx:TrackPointExtension>
        </extensions>
      </trkpt>
      <trkpt lat="32.056228030359414" lon="118.59837329142893">
        <ele>26.0</ele>
        <time>2026-09-24T12:51:54Z</time>
        <extensions>
          <gpxtpx:TrackPointExtension>
            <gpxtpx:hr>158</gpxtpx:hr>
          </gpxtpx:TrackPointExtension>
        </extensions>
      </trkpt>
      <trkpt lat="32.05623003779592" lon="118.59834529684983">
        <ele>26.0</ele>
        <time>2026-09-24T12:51:55Z</time>
        <extensions>
          <gpxtpx:TrackPointExtension>
            <gpxtpx:hr>158</gpxtpx:hr>
          </gpxtpx:TrackPointExtension>
        </extensions>
      </trkpt>
      <trkpt lat="32.05623304591698" lon="118.59831530253634">
        <ele>26.0</ele>
        <time>2026-09-24T12:51:56Z</time>
        <extensions>
          <gpxtpx:TrackPointExtension>
            <gpxtpx:hr>158</gpxtpx:hr>
          </gpxtpx:TrackPointExtension>
        </extensions>
      </trkpt>
      <trkpt lat="32.0562340538019" lon="118.5982843085533">
        <ele>25.0</ele>
        <time>2026-09-24T12:51:57Z</time>
        <extensions>
          <gpxtpx:TrackPointExtension>
            <gpxtpx:hr>157</gpxtpx:hr>
          </gpxtpx:TrackPointExtension>
        </extensions>
      </trkpt>
      <trkpt lat="32.056234061668874" lon="118.59825231480586">
        <ele>25.0</ele>
        <time>2026-09-24T12:51:58Z</time>
        <extensions>
          <gpxtpx:TrackPointExtension>
            <gpxtpx:hr>157</gpxtpx:hr>
          </gpxtpx:TrackPointExtension>
        </extensions>
      </trkpt>
      <trkpt lat="32.0562340692484" lon="118.59822132081318">
        <ele>25.0</ele>
        <time>2026-09-24T12:51:59Z</time>
        <extensions>
          <gpxtpx:TrackPointExtension>
            <gpxtpx:hr>157</gpxtpx:hr>
          </gpxtpx:TrackPointExtension>
        </extensions>
      </trkpt>
      <trkpt lat="32.05624007812004" lon="118.59819032623102">
        <ele>25.0</ele>
        <time>2026-09-24T12:52:00Z</time>
        <extensions>
          <gpxtpx:TrackPointExtension>
            <gpxtpx:hr>157</gpxtpx:hr>
          </gpxtpx:TrackPointExtension>
        </extensions>
      </trkpt>
      <trkpt lat="32.0562510880616" lon="118.59815933114942">
        <ele>25.0</ele>
        <time>2026-09-24T12:52:01Z</time>
        <extensions>
          <gpxtpx:TrackPointExtension>
            <gpxtpx:hr>157</gpxtpx:hr>
          </gpxtpx:TrackPointExtension>
        </extensions>
      </trkpt>
      <trkpt lat="32.05626709811317" lon="118.59813233481502">
        <ele>25.4</ele>
        <time>2026-09-24T12:52:02Z</time>
        <extensions>
          <gpxtpx:TrackPointExtension>
            <gpxtpx:hr>159</gpxtpx:hr>
          </gpxtpx:TrackPointExtension>
        </extensions>
      </trkpt>
      <trkpt lat="32.05628510786105" lon="118.59810833770177">
        <ele>25.4</ele>
        <time>2026-09-24T12:52:03Z</time>
        <extensions>
          <gpxtpx:TrackPointExtension>
            <gpxtpx:hr>159</gpxtpx:hr>
          </gpxtpx:TrackPointExtension>
        </extensions>
      </trkpt>
      <trkpt lat="32.05630411733035" lon="118.59808634009696">
        <ele>25.4</ele>
        <time>2026-09-24T12:52:04Z</time>
        <extensions>
          <gpxtpx:TrackPointExtension>
            <gpxtpx:hr>159</gpxtpx:hr>
          </gpxtpx:TrackPointExtension>
        </extensions>
      </trkpt>
      <trkpt lat="32.056324127001076" lon="118.59806434237734">
        <ele>25.4</ele>
        <time>2026-09-24T12:52:05Z</time>
        <extensions>
          <gpxtpx:TrackPointExtension>
            <gpxtpx:hr>159</gpxtpx:hr>
          </gpxtpx:TrackPointExtension>
        </extensions>
      </trkpt>
      <trkpt lat="32.05634313595638" lon="118.59804434435524">
        <ele>25.4</ele>
        <time>2026-09-24T12:52:06Z</time>
        <extensions>
          <gpxtpx:TrackPointExtension>
            <gpxtpx:hr>159</gpxtpx:hr>
          </gpxtpx:TrackPointExtension>
        </extensions>
      </trkpt>
      <trkpt lat="32.056366146724535" lon="118.59802034668374">
        <ele>25.3</ele>
        <time>2026-09-24T12:52:07Z</time>
        <extensions>
          <gpxtpx:TrackPointExtension>
            <gpxtpx:hr>159</gpxtpx:hr>
          </gpxtpx:TrackPointExtension>
        </extensions>
      </trkpt>
      <trkpt lat="32.05638615609861" lon="118.59799934870826">
        <ele>25.3</ele>
        <time>2026-09-24T12:52:08Z</time>
        <extensions>
          <gpxtpx:TrackPointExtension>
            <gpxtpx:hr>159</gpxtpx:hr>
          </gpxtpx:TrackPointExtension>
        </extensions>
      </trkpt>
      <trkpt lat="32.056402165032075" lon="118.59797635143156">
        <ele>25.3</ele>
        <time>2026-09-24T12:52:09Z</time>
        <extensions>
          <gpxtpx:TrackPointExtension>
            <gpxtpx:hr>159</gpxtpx:hr>
          </gpxtpx:TrackPointExtension>
        </extensions>
      </trkpt>
      <trkpt lat="32.05641417351911" lon="118.59795135484656">
        <ele>25.3</ele>
        <time>2026-09-24T12:52:10Z</time>
        <extensions>
          <gpxtpx:TrackPointExtension>
            <gpxtpx:hr>159</gpxtpx:hr>
          </gpxtpx:TrackPointExtension>
        </extensions>
      </trkpt>
      <trkpt lat="32.05642218201557" lon="118.59792235930114">
        <ele>25.3</ele>
        <time>2026-09-24T12:52:11Z</time>
        <extensions>
          <gpxtpx:TrackPointExtension>
            <gpxtpx:hr>159</gpxtpx:hr>
          </gpxtpx:TrackPointExtension>
        </extensions>
      </trkpt>
      <trkpt lat="32.05642619027694" lon="118.59789036460141">
        <ele>25.3</ele>
        <time>2026-09-24T12:52:12Z</time>
        <extensions>
          <gpxtpx:TrackPointExtension>
            <gpxtpx:hr>158</gpxtpx:hr>
          </gpxtpx:TrackPointExtension>
        </extensions>
      </trkpt>
      <trkpt lat="32.0564291989573" lon="118.59785537046241">
        <ele>25.3</ele>
        <time>2026-09-24T12:52:13Z</time>
        <extensions>
          <gpxtpx:TrackPointExtension>
            <gpxtpx:hr>158</gpxtpx:hr>
          </gpxtpx:TrackPointExtension>
        </extensions>
      </trkpt>
      <trkpt lat="32.0564352089317" lon="118.59781737650778">
        <ele>25.3</ele>
        <time>2026-09-24T12:52:14Z</time>
        <extensions>
          <gpxtpx:TrackPointExtension>
            <gpxtpx:hr>158</gpxtpx:hr>
          </gpxtpx:TrackPointExtension>
        </extensions>
      </trkpt>
      <trkpt lat="32.05644121704322" lon="118.59778738111444">
        <ele>25.3</ele>
        <time>2026-09-24T12:52:15Z</time>
        <extensions>
          <gpxtpx:TrackPointExtension>
            <gpxtpx:hr>158</gpxtpx:hr>
          </gpxtpx:TrackPointExtension>
        </extensions>
      </trkpt>
      <trkpt lat="32.056441222214225" lon="118.59776438502932">
        <ele>25.3</ele>
        <time>2026-09-24T12:52:16Z</time>
        <extensions>
          <gpxtpx:TrackPointExtension>
            <gpxtpx:hr>158</gpxtpx:hr>
          </gpxtpx:TrackPointExtension>
        </extensions>
      </trkpt>
      <trkpt lat="32.05643122581122" lon="118.5977383903229">
        <ele>25.3</ele>
        <time>2026-09-24T12:52:17Z</time>
        <extensions>
          <gpxtpx:TrackPointExtension>
            <gpxtpx:hr>158</gpxtpx:hr>
          </gpxtpx:TrackPointExtension>
        </extensions>
      </trkpt>
      <trkpt lat="32.056420230267165" lon="118.59770739650608">
        <ele>25.3</ele>
        <time>2026-09-24T12:52:18Z</time>
        <extensions>
          <gpxtpx:TrackPointExtension>
            <gpxtpx:hr>158</gpxtpx:hr>
          </gpxtpx:TrackPointExtension>
        </extensions>
      </trkpt>
      <trkpt lat="32.056411234464356" lon="118.59767940196431">
        <ele>25.3</ele>
        <time>2026-09-24T12:52:19Z</time>
        <extensions>
          <gpxtpx:TrackPointExtension>
            <gpxtpx:hr>158</gpxtpx:hr>
          </gpxtpx:TrackPointExtension>
        </extensions>
      </trkpt>
      <trkpt lat="32.0564012397221" lon="118.59764540845454">
        <ele>25.3</ele>
        <time>2026-09-24T12:52:20Z</time>
        <extensions>
          <gpxtpx:TrackPointExtension>
            <gpxtpx:hr>158</gpxtpx:hr>
          </gpxtpx:TrackPointExtension>
        </extensions>
      </trkpt>
      <trkpt lat="32.056391244930374" lon="118.5976114148855">
        <ele>25.3</ele>
        <time>2026-09-24T12:52:21Z</time>
        <extensions>
          <gpxtpx:TrackPointExtension>
            <gpxtpx:hr>158</gpxtpx:hr>
          </gpxtpx:TrackPointExtension>
        </extensions>
      </trkpt>
      <trkpt lat="32.05638324945123" lon="118.59758242027625">
        <ele>25.4</ele>
        <time>2026-09-24T12:52:22Z</time>
        <extensions>
          <gpxtpx:TrackPointExtension>
            <gpxtpx:hr>157</gpxtpx:hr>
          </gpxtpx:TrackPointExtension>
        </extensions>
      </trkpt>
      <trkpt lat="32.05637725416503" lon="118.5975544252849">
        <ele>25.4</ele>
        <time>2026-09-24T12:52:23Z</time>
        <extensions>
          <gpxtpx:TrackPointExtension>
            <gpxtpx:hr>157</gpxtpx:hr>
          </gpxtpx:TrackPointExtension>
        </extensions>
      </trkpt>
      <trkpt lat="32.05637225970969" lon="118.5975234306353">
        <ele>25.4</ele>
        <time>2026-09-24T12:52:24Z</time>
        <extensions>
          <gpxtpx:TrackPointExtension>
            <gpxtpx:hr>157</gpxtpx:hr>
          </gpxtpx:TrackPointExtension>
        </extensions>
      </trkpt>
      <trkpt lat="32.0563692650192" lon="118.59749543528903">
        <ele>25.4</ele>
        <time>2026-09-24T12:52:25Z</time>
        <extensions>
          <gpxtpx:TrackPointExtension>
            <gpxtpx:hr>157</gpxtpx:hr>
          </gpxtpx:TrackPointExtension>
        </extensions>
      </trkpt>
      <trkpt lat="32.05637027139533" lon="118.59746643969665">
        <ele>25.4</ele>
        <time>2026-09-24T12:52:26Z</time>
        <extensions>
          <gpxtpx:TrackPointExtension>
            <gpxtpx:hr>157</gpxtpx:hr>
          </gpxtpx:TrackPointExtension>
        </extensions>
      </trkpt>
      <trkpt lat="32.05637127941683" lon="118.59742944528237">
        <ele>25.5</ele>
        <time>2026-09-24T12:52:27Z</time>
        <extensions>
          <gpxtpx:TrackPointExtension>
            <gpxtpx:hr>158</gpxtpx:hr>
          </gpxtpx:TrackPointExtension>
        </extensions>
      </trkpt>
      <trkpt lat="32.056365285199234" lon="118.59739545097642">
        <ele>25.5</ele>
        <time>2026-09-24T12:52:28Z</time>
        <extensions>
          <gpxtpx:TrackPointExtension>
            <gpxtpx:hr>158</gpxtpx:hr>
          </gpxtpx:TrackPointExtension>
        </extensions>
      </trkpt>
      <trkpt lat="32.056359289066584" lon="118.5973704552684">
        <ele>25.5</ele>
        <time>2026-09-24T12:52:29Z</time>
        <extensions>
          <gpxtpx:TrackPointExtension>
            <gpxtpx:hr>158</gpxtpx:hr>
          </gpxtpx:TrackPointExtension>
        </extensions>
      </trkpt>
      <trkpt lat="32.056368295619954" lon="118.59734845773266">
        <ele>25.5</ele>
        <time>2026-09-24T12:52:30Z</time>
        <extensions>
          <gpxtpx:TrackPointExtension>
            <gpxtpx:hr>158</gpxtpx:hr>
          </gpxtpx:TrackPointExtension>
        </extensions>
      </trkpt>
      <trkpt lat="32.05638330451283" lon="118.59732146036687">
        <ele>25.5</ele>
        <time>2026-09-24T12:52:31Z</time>
        <extensions>
          <gpxtpx:TrackPointExtension>
            <gpxtpx:hr>158</gpxtpx:hr>
          </gpxtpx:TrackPointExtension>
        </extensions>
      </trkpt>
      <trkpt lat="32.056395313932505" lon="118.59728846410601">
        <ele>25.5</ele>
        <time>2026-09-24T12:52:32Z</time>
        <extensions>
          <gpxtpx:TrackPointExtension>
            <gpxtpx:hr>158</gpxtpx:hr>
          </gpxtpx:TrackPointExtension>
        </extensions>
      </trkpt>
      <trkpt lat="32.056407323305464" lon="118.59725546778925">
        <ele>25.5</ele>
        <time>2026-09-24T12:52:33Z</time>
        <extensions>
          <gpxtpx:TrackPointExtension>
            <gpxtpx:hr>158</gpxtpx:hr>
          </gpxtpx:TrackPointExtension>
        </extensions>
      </trkpt>
      <trkpt lat="32.05641833200722" lon="118.59722447122284">
        <ele>25.5</ele>
        <time>2026-09-24T12:52:34Z</time>
        <extensions>
          <gpxtpx:TrackPointExtension>
            <gpxtpx:hr>158</gpxtpx:hr>
          </gpxtpx:TrackPointExtension>
        </extensions>
      </trkpt>
      <trkpt lat="32.056431340512134" lon="118.59719647400573">
        <ele>25.5</ele>
        <time>2026-09-24T12:52:35Z</time>
        <extensions>
          <gpxtpx:TrackPointExtension>
            <gpxtpx:hr>158</gpxtpx:hr>
          </gpxtpx:TrackPointExtension>
        </extensions>
      </trkpt>
      <trkpt lat="32.056444348983376" lon="118.59716847674832">
        <ele>25.5</ele>
        <time>2026-09-24T12:52:36Z</time>
        <extensions>
          <gpxtpx:TrackPointExtension>
            <gpxtpx:hr>158</gpxtpx:hr>
          </gpxtpx:TrackPointExtension>
        </extensions>
      </trkpt>
      <trkpt lat="32.056458357643066" lon="118.59714047936056">
        <ele>25.6</ele>
        <time>2026-09-24T12:52:37Z</time>
        <extensions>
          <gpxtpx:TrackPointExtension>
            <gpxtpx:hr>159</gpxtpx:hr>
          </gpxtpx:TrackPointExtension>
        </extensions>
      </trkpt>
      <trkpt lat="32.05647336649119" lon="118.59711248184243">
        <ele>25.6</ele>
        <time>2026-09-24T12:52:38Z</time>
        <extensions>
          <gpxtpx:TrackPointExtension>
            <gpxtpx:hr>159</gpxtpx:hr>
          </gpxtpx:TrackPointExtension>
        </extensions>
      </trkpt>
      <trkpt lat="32.05649237677948" lon="118.59708148432769">
        <ele>25.6</ele>
        <time>2026-09-24T12:52:39Z</time>
        <extensions>
          <gpxtpx:TrackPointExtension>
            <gpxtpx:hr>159</gpxtpx:hr>
          </gpxtpx:TrackPointExtension>
        </extensions>
      </trkpt>
      <trkpt lat="32.056509385806876" lon="118.59705448641134">
        <ele>25.6</ele>
        <time>2026-09-24T12:52:40Z</time>
        <extensions>
          <gpxtpx:TrackPointExtension>
            <gpxtpx:hr>159</gpxtpx:hr>
          </gpxtpx:TrackPointExtension>
        </extensions>
      </trkpt>
      <trkpt lat="32.05652539361645" lon="118.59703248788792">
        <ele>25.6</ele>
        <time>2026-09-24T12:52:41Z</time>
        <extensions>
          <gpxtpx:TrackPointExtension>
            <gpxtpx:hr>159</gpxtpx:hr>
          </gpxtpx:TrackPointExtension>
        </extensions>
      </trkpt>
      <trkpt lat="32.056545402869475" lon="118.59700748937189">
        <ele>25.5</ele>
        <time>2026-09-24T12:52:42Z</time>
        <extensions>
          <gpxtpx:TrackPointExtension>
            <gpxtpx:hr>159</gpxtpx:hr>
          </gpxtpx:TrackPointExtension>
        </extensions>
      </trkpt>
      <trkpt lat="32.05656841276182" lon="118.5969824905535">
        <ele>25.5</ele>
        <time>2026-09-24T12:52:43Z</time>
        <extensions>
          <gpxtpx:TrackPointExtension>
            <gpxtpx:hr>159</gpxtpx:hr>
          </gpxtpx:TrackPointExtension>
        </extensions>
      </trkpt>
      <trkpt lat="32.05658842120157" lon="118.59696149145998">
        <ele>25.5</ele>
        <time>2026-09-24T12:52:44Z</time>
        <extensions>
          <gpxtpx:TrackPointExtension>
            <gpxtpx:hr>159</gpxtpx:hr>
          </gpxtpx:TrackPointExtension>
        </extensions>
      </trkpt>
      <trkpt lat="32.05660842924412" lon="118.59694249208898">
        <ele>25.5</ele>
        <time>2026-09-24T12:52:45Z</time>
        <extensions>
          <gpxtpx:TrackPointExtension>
            <gpxtpx:hr>159</gpxtpx:hr>
          </gpxtpx:TrackPointExtension>
        </extensions>
      </trkpt>
      <trkpt lat="32.05662843727106" lon="118.59692349269945">
        <ele>25.5</ele>
        <time>2026-09-24T12:52:46Z</time>
        <extensions>
          <gpxtpx:TrackPointExtension>
            <gpxtpx:hr>159</gpxtpx:hr>
          </gpxtpx:TrackPointExtension>
        </extensions>
      </trkpt>
      <trkpt lat="32.056655445898926" lon="118.59690949203285">
        <ele>25.4</ele>
        <time>2026-09-24T12:52:47Z</time>
        <extensions>
          <gpxtpx:TrackPointExtension>
            <gpxtpx:hr>158</gpxtpx:hr>
          </gpxtpx:TrackPointExtension>
        </extensions>
      </trkpt>
      <trkpt lat="32.05668245339484" lon="118.5969014906052">
        <ele>25.4</ele>
        <time>2026-09-24T12:52:48Z</time>
        <extensions>
          <gpxtpx:TrackPointExtension>
            <gpxtpx:hr>158</gpxtpx:hr>
          </gpxtpx:TrackPointExtension>
        </extensions>
      </trkpt>
      <trkpt lat="32.05669745971783" lon="118.59688549125265">
        <ele>25.4</ele>
        <time>2026-09-24T12:52:49Z</time>
        <extensions>
          <gpxtpx:TrackPointExtension>
            <gpxtpx:hr>158</gpxtpx:hr>
          </gpxtpx:TrackPointExtension>
        </extensions>
      </trkpt>
      <trkpt lat="32.05671246751619" lon="118.59686149287462">
        <ele>25.4</ele>
        <time>2026-09-24T12:52:50Z</time>
        <extensions>
          <gpxtpx:TrackPointExtension>
            <gpxtpx:hr>158</gpxtpx:hr>
          </gpxtpx:TrackPointExtension>
        </extensions>
      </trkpt>
      <trkpt lat="32.05673547651213" lon="118.59684049338009">
        <ele>25.4</ele>
        <time>2026-09-24T12:52:51Z</time>
        <extensions>
          <gpxtpx:TrackPointExtension>
            <gpxtpx:hr>158</gpxtpx:hr>
          </gpxtpx:TrackPointExtension>
        </extensions>
      </trkpt>
      <trkpt lat="32.0567604855653" lon="118.59682149344044">
        <ele>25.0</ele>
        <time>2026-09-24T12:52:52Z</time>
        <extensions>
          <gpxtpx:TrackPointExtension>
            <gpxtpx:hr>162</gpxtpx:hr>
          </gpxtpx:TrackPointExtension>
        </extensions>
      </trkpt>
      <trkpt lat="32.0567854942365" lon="118.59680449324166">
        <ele>25.0</ele>
        <time>2026-09-24T12:52:53Z</time>
        <extensions>
          <gpxtpx:TrackPointExtension>
            <gpxtpx:hr>162</gpxtpx:hr>
          </gpxtpx:TrackPointExtension>
        </extensions>
      </trkpt>
      <trkpt lat="32.056809502490616" lon="118.59678849299858">
        <ele>25.0</ele>
        <time>2026-09-24T12:52:54Z</time>
        <extensions>
          <gpxtpx:TrackPointExtension>
            <gpxtpx:hr>162</gpxtpx:hr>
          </gpxtpx:TrackPointExtension>
        </extensions>
      </trkpt>
      <trkpt lat="32.05683351073356" lon="118.59677249274233">
        <ele>25.0</ele>
        <time>2026-09-24T12:52:55Z</time>
        <extensions>
          <gpxtpx:TrackPointExtension>
            <gpxtpx:hr>162</gpxtpx:hr>
          </gpxtpx:TrackPointExtension>
        </extensions>
      </trkpt>
      <trkpt lat="32.056857518784206" lon="118.59675749235501">
        <ele>25.0</ele>
        <time>2026-09-24T12:52:56Z</time>
        <extensions>
          <gpxtpx:TrackPointExtension>
            <gpxtpx:hr>162</gpxtpx:hr>
          </gpxtpx:TrackPointExtension>
        </extensions>
      </trkpt>
      <trkpt lat="32.05688152628328" lon="118.59674549160448">
        <ele>24.0</ele>
        <time>2026-09-24T12:52:57Z</time>
        <extensions>
          <gpxtpx:TrackPointExtension>
            <gpxtpx:hr>163</gpxtpx:hr>
          </gpxtpx:TrackPointExtension>
        </extensions>
      </trkpt>
      <trkpt lat="32.05690953466399" lon="118.59673349048627">
        <ele>24.0</ele>
        <time>2026-09-24T12:52:58Z</time>
        <extensions>
          <gpxtpx:TrackPointExtension>
            <gpxtpx:hr>163</gpxtpx:hr>
          </gpxtpx:TrackPointExtension>
        </extensions>
      </trkpt>
      <trkpt lat="32.056938543260294" lon="118.59672148927058">
        <ele>24.0</ele>
        <time>2026-09-24T12:52:59Z</time>
        <extensions>
          <gpxtpx:TrackPointExtension>
            <gpxtpx:hr>163</gpxtpx:hr>
          </gpxtpx:TrackPointExtension>
        </extensions>
      </trkpt>
      <trkpt lat="32.05696355060395" lon="118.59671148817677">
        <ele>24.0</ele>
        <time>2026-09-24T12:53:00Z</time>
        <extensions>
          <gpxtpx:TrackPointExtension>
            <gpxtpx:hr>163</gpxtpx:hr>
          </gpxtpx:TrackPointExtension>
        </extensions>
      </trkpt>
      <trkpt lat="32.05698855830057" lon="118.59669948730773">
        <ele>24.0</ele>
        <time>2026-09-24T12:53:01Z</time>
        <extensions>
          <gpxtpx:TrackPointExtension>
            <gpxtpx:hr>163</gpxtpx:hr>
          </gpxtpx:TrackPointExtension>
        </extensions>
      </trkpt>
      <trkpt lat="32.05701256612505" lon="118.59668548674983">
        <ele>24.4</ele>
        <time>2026-09-24T12:53:02Z</time>
        <extensions>
          <gpxtpx:TrackPointExtension>
            <gpxtpx:hr>161</gpxtpx:hr>
          </gpxtpx:TrackPointExtension>
        </extensions>
      </trkpt>
      <trkpt lat="32.057036573408375" lon="118.59667448584119">
        <ele>24.4</ele>
        <time>2026-09-24T12:53:03Z</time>
        <extensions>
          <gpxtpx:TrackPointExtension>
            <gpxtpx:hr>161</gpxtpx:hr>
          </gpxtpx:TrackPointExtension>
        </extensions>
      </trkpt>
      <trkpt lat="32.05706158037673" lon="118.59666648449682">
        <ele>24.4</ele>
        <time>2026-09-24T12:53:04Z</time>
        <extensions>
          <gpxtpx:TrackPointExtension>
            <gpxtpx:hr>161</gpxtpx:hr>
          </gpxtpx:TrackPointExtension>
        </extensions>
      </trkpt>
      <trkpt lat="32.05708658663421" lon="118.59666248269755">
        <ele>24.4</ele>
        <time>2026-09-24T12:53:05Z</time>
        <extensions>
          <gpxtpx:TrackPointExtension>
            <gpxtpx:hr>161</gpxtpx:hr>
          </gpxtpx:TrackPointExtension>
        </extensions>
      </trkpt>
      <trkpt lat="32.057111591828644" lon="118.59666448021976">
        <ele>24.4</ele>
        <time>2026-09-24T12:53:06Z</time>
        <extensions>
          <gpxtpx:TrackPointExtension>
            <gpxtpx:hr>161</gpxtpx:hr>
          </gpxtpx:TrackPointExtension>
        </extensions>
      </trkpt>
      <trkpt lat="32.05713759635789" lon="118.59667147708497">
        <ele>24.2</ele>
        <time>2026-09-24T12:53:07Z</time>
        <extensions>
          <gpxtpx:TrackPointExtension>
            <gpxtpx:hr>162</gpxtpx:hr>
          </gpxtpx:TrackPointExtension>
        </extensions>
      </trkpt>
      <trkpt lat="32.0571626003073" lon="118.59668047380997">
        <ele>24.2</ele>
        <time>2026-09-24T12:53:08Z</time>
        <extensions>
          <gpxtpx:TrackPointExtension>
            <gpxtpx:hr>162</gpxtpx:hr>
          </gpxtpx:TrackPointExtension>
        </extensions>
      </trkpt>
      <trkpt lat="32.05718860429672" lon="118.59669047032628">
        <ele>24.2</ele>
        <time>2026-09-24T12:53:09Z</time>
        <extensions>
          <gpxtpx:TrackPointExtension>
            <gpxtpx:hr>162</gpxtpx:hr>
          </gpxtpx:TrackPointExtension>
        </extensions>
      </trkpt>
      <trkpt lat="32.05721560868225" lon="118.59669946686232">
        <ele>24.2</ele>
        <time>2026-09-24T12:53:10Z</time>
        <extensions>
          <gpxtpx:TrackPointExtension>
            <gpxtpx:hr>162</gpxtpx:hr>
          </gpxtpx:TrackPointExtension>
        </extensions>
      </trkpt>
      <trkpt lat="32.05724261342212" lon="118.59670646362481">
        <ele>24.2</ele>
        <time>2026-09-24T12:53:11Z</time>
        <extensions>
          <gpxtpx:TrackPointExtension>
            <gpxtpx:hr>162</gpxtpx:hr>
          </gpxtpx:TrackPointExtension>
        </extensions>
      </trkpt>
      <trkpt lat="32.057270618740034" lon="118.59671146052588">
        <ele>24.2</ele>
        <time>2026-09-24T12:53:12Z</time>
        <extensions>
          <gpxtpx:TrackPointExtension>
            <gpxtpx:hr>162</gpxtpx:hr>
          </gpxtpx:TrackPointExtension>
        </extensions>
      </trkpt>
      <trkpt lat="32.05729662415087" lon="118.59671345795294">
        <ele>24.2</ele>
        <time>2026-09-24T12:53:13Z</time>
        <extensions>
          <gpxtpx:TrackPointExtension>
            <gpxtpx:hr>162</gpxtpx:hr>
          </gpxtpx:TrackPointExtension>
        </extensions>
      </trkpt>
      <trkpt lat="32.057326630807516" lon="118.59671345525089">
        <ele>24.2</ele>
        <time>2026-09-24T12:53:14Z</time>
        <extensions>
          <gpxtpx:TrackPointExtension>
            <gpxtpx:hr>162</gpxtpx:hr>
          </gpxtpx:TrackPointExtension>
        </extensions>
      </trkpt>
      <trkpt lat="32.05735363733589" lon="118.5967104531657">
        <ele>24.2</ele>
        <time>2026-09-24T12:53:15Z</time>
        <extensions>
          <gpxtpx:TrackPointExtension>
            <gpxtpx:hr>162</gpxtpx:hr>
          </gpxtpx:TrackPointExtension>
        </extensions>
      </trkpt>
      <trkpt lat="32.05737864431447" lon="118.59670245183617">
        <ele>24.2</ele>
        <time>2026-09-24T12:53:16Z</time>
        <extensions>
          <gpxtpx:TrackPointExtension>
            <gpxtpx:hr>162</gpxtpx:hr>
          </gpxtpx:TrackPointExtension>
        </extensions>
      </trkpt>
      <trkpt lat="32.057402651603425" lon="118.59669145093713">
        <ele>24.2</ele>
        <time>2026-09-24T12:53:17Z</time>
        <extensions>
          <gpxtpx:TrackPointExtension>
            <gpxtpx:hr>164</gpxtpx:hr>
          </gpxtpx:TrackPointExtension>
        </extensions>
      </trkpt>
      <trkpt lat="32.05742665924262" lon="118.59667845025962">
        <ele>24.2</ele>
        <time>2026-09-24T12:53:18Z</time>
        <extensions>
          <gpxtpx:TrackPointExtension>
            <gpxtpx:hr>164</gpxtpx:hr>
          </gpxtpx:TrackPointExtension>
        </extensions>
      </trkpt>
      <trkpt lat="32.057449667006864" lon="118.5966634498897">
        <ele>24.2</ele>
        <time>2026-09-24T12:53:19Z</time>
        <extensions>
          <gpxtpx:TrackPointExtension>
            <gpxtpx:hr>164</gpxtpx:hr>
          </gpxtpx:TrackPointExtension>
        </extensions>
      </trkpt>
      <trkpt lat="32.05747467502847" lon="118.59664944921572">
        <ele>24.2</ele>
        <time>2026-09-24T12:53:20Z</time>
        <extensions>
          <gpxtpx:TrackPointExtension>
            <gpxtpx:hr>164</gpxtpx:hr>
          </gpxtpx:TrackPointExtension>
        </extensions>
      </trkpt>
      <trkpt lat="32.05749968286554" lon="118.59663644842001">
        <ele>24.2</ele>
        <time>2026-09-24T12:53:21Z</time>
        <extensions>
          <gpxtpx:TrackPointExtension>
            <gpxtpx:hr>164</gpxtpx:hr>
          </gpxtpx:TrackPointExtension>
        </extensions>
      </trkpt>
      <trkpt lat="32.057525690566116" lon="118.59662544730341">
        <ele>24.3</ele>
        <time>2026-09-24T12:53:22Z</time>
        <extensions>
          <gpxtpx:TrackPointExtension>
            <gpxtpx:hr>166</gpxtpx:hr>
          </gpxtpx:TrackPointExtension>
        </extensions>
      </trkpt>
      <trkpt lat="32.057552698308086" lon="118.59661544597995">
        <ele>24.3</ele>
        <time>2026-09-24T12:53:23Z</time>
        <extensions>
          <gpxtpx:TrackPointExtension>
            <gpxtpx:hr>166</gpxtpx:hr>
          </gpxtpx:TrackPointExtension>
        </extensions>
      </trkpt>
      <trkpt lat="32.05757970569622" lon="118.5966074444311">
        <ele>24.3</ele>
        <time>2026-09-24T12:53:24Z</time>
        <extensions>
          <gpxtpx:TrackPointExtension>
            <gpxtpx:hr>166</gpxtpx:hr>
          </gpxtpx:TrackPointExtension>
        </extensions>
      </trkpt>
      <trkpt lat="32.05761071379424" lon="118.59660044240887">
        <ele>24.3</ele>
        <time>2026-09-24T12:53:25Z</time>
        <extensions>
          <gpxtpx:TrackPointExtension>
            <gpxtpx:hr>166</gpxtpx:hr>
          </gpxtpx:TrackPointExtension>
        </extensions>
      </trkpt>
      <trkpt lat="32.05763972127215" lon="118.59659444045478">
        <ele>24.3</ele>
        <time>2026-09-24T12:53:26Z</time>
        <extensions>
          <gpxtpx:TrackPointExtension>
            <gpxtpx:hr>166</gpxtpx:hr>
          </gpxtpx:TrackPointExtension>
        </extensions>
      </trkpt>
      <trkpt lat="32.05766872822642" lon="118.59659143817105">
        <ele>24.4</ele>
        <time>2026-09-24T12:53:27Z</time>
        <extensions>
          <gpxtpx:TrackPointExtension>
            <gpxtpx:hr>167</gpxtpx:hr>
          </gpxtpx:TrackPointExtension>
        </extensions>
      </trkpt>
      <trkpt lat="32.05769673478437" lon="118.59658943586767">
        <ele>24.4</ele>
        <time>2026-09-24T12:53:28Z</time>
        <extensions>
          <gpxtpx:TrackPointExtension>
            <gpxtpx:hr>167</gpxtpx:hr>
          </gpxtpx:TrackPointExtension>
        </extensions>
      </trkpt>
      <trkpt lat="32.057725741389845" lon="118.59658843336487">
        <ele>24.4</ele>
        <time>2026-09-24T12:53:29Z</time>
        <extensions>
          <gpxtpx:TrackPointExtension>
            <gpxtpx:hr>167</gpxtpx:hr>
          </gpxtpx:TrackPointExtension>
        </extensions>
      </trkpt>
      <trkpt lat="32.05775374742549" lon="118.59658943073369">
        <ele>24.4</ele>
        <time>2026-09-24T12:53:30Z</time>
        <extensions>
          <gpxtpx:TrackPointExtension>
            <gpxtpx:hr>167</gpxtpx:hr>
          </gpxtpx:TrackPointExtension>
        </extensions>
      </trkpt>
      <trkpt lat="32.05778175346087" lon="118.59659042810247">
        <ele>24.4</ele>
        <time>2026-09-24T12:53:31Z</time>
        <extensions>
          <gpxtpx:TrackPointExtension>
            <gpxtpx:hr>167</gpxtpx:hr>
          </gpxtpx:TrackPointExtension>
        </extensions>
      </trkpt>
      <trkpt lat="32.05781075971775" lon="118.59659142538112">
        <ele>24.5</ele>
        <time>2026-09-24T12:53:32Z</time>
        <extensions>
          <gpxtpx:TrackPointExtension>
            <gpxtpx:hr>167</gpxtpx:hr>
          </gpxtpx:TrackPointExtension>
        </extensions>
      </trkpt>
      <trkpt lat="32.05783876540439" lon="118.59659442253087">
        <ele>24.5</ele>
        <time>2026-09-24T12:53:33Z</time>
        <extensions>
          <gpxtpx:TrackPointExtension>
            <gpxtpx:hr>167</gpxtpx:hr>
          </gpxtpx:TrackPointExtension>
        </extensions>
      </trkpt>
      <trkpt lat="32.05787177167606" lon="118.59660041890062">
        <ele>24.5</ele>
        <time>2026-09-24T12:53:34Z</time>
        <extensions>
          <gpxtpx:TrackPointExtension>
            <gpxtpx:hr>167</gpxtpx:hr>
          </gpxtpx:TrackPointExtension>
        </extensions>
      </trkpt>
      <trkpt lat="32.05790177710603" lon="118.59660741542858">
        <ele>24.5</ele>
        <time>2026-09-24T12:53:35Z</time>
        <extensions>
          <gpxtpx:TrackPointExtension>
            <gpxtpx:hr>167</gpxtpx:hr>
          </gpxtpx:TrackPointExtension>
        </extensions>
      </trkpt>
      <trkpt lat="32.057926781425046" lon="118.59661441240435">
        <ele>24.5</ele>
        <time>2026-09-24T12:53:36Z</time>
        <extensions>
          <gpxtpx:TrackPointExtension>
            <gpxtpx:hr>167</gpxtpx:hr>
          </gpxtpx:TrackPointExtension>
        </extensions>
      </trkpt>
      <trkpt lat="32.05795378565907" lon="118.59662440886454">
        <ele>24.6</ele>
        <time>2026-09-24T12:53:37Z</time>
        <extensions>
          <gpxtpx:TrackPointExtension>
            <gpxtpx:hr>168</gpxtpx:hr>
          </gpxtpx:TrackPointExtension>
        </extensions>
      </trkpt>
      <trkpt lat="32.057980789888596" lon="118.59663440531956">
        <ele>24.6</ele>
        <time>2026-09-24T12:53:38Z</time>
        <extensions>
          <gpxtpx:TrackPointExtension>
            <gpxtpx:hr>168</gpxtpx:hr>
          </gpxtpx:TrackPointExtension>
        </extensions>
      </trkpt>
      <trkpt lat="32.05800679353922" lon="118.59664640163525">
        <ele>24.6</ele>
        <time>2026-09-24T12:53:39Z</time>
        <extensions>
          <gpxtpx:TrackPointExtension>
            <gpxtpx:hr>168</gpxtpx:hr>
          </gpxtpx:TrackPointExtension>
        </extensions>
      </trkpt>
      <trkpt lat="32.05803579731763" lon="118.59666139733464">
        <ele>24.6</ele>
        <time>2026-09-24T12:53:40Z</time>
        <extensions>
          <gpxtpx:TrackPointExtension>
            <gpxtpx:hr>168</gpxtpx:hr>
          </gpxtpx:TrackPointExtension>
        </extensions>
      </trkpt>
      <trkpt lat="32.05806280082041" lon="118.5966753933163">
        <ele>24.6</ele>
        <time>2026-09-24T12:53:41Z</time>
        <extensions>
          <gpxtpx:TrackPointExtension>
            <gpxtpx:hr>168</gpxtpx:hr>
          </gpxtpx:TrackPointExtension>
        </extensions>
      </trkpt>
      <trkpt lat="32.05808980431456" lon="118.59668938928783">
        <ele>24.7</ele>
        <time>2026-09-24T12:53:42Z</time>
        <extensions>
          <gpxtpx:TrackPointExtension>
            <gpxtpx:hr>168</gpxtpx:hr>
          </gpxtpx:TrackPointExtension>
        </extensions>
      </trkpt>
      <trkpt lat="32.058117808021734" lon="118.5967033851592">
        <ele>24.7</ele>
        <time>2026-09-24T12:53:43Z</time>
        <extensions>
          <gpxtpx:TrackPointExtension>
            <gpxtpx:hr>168</gpxtpx:hr>
          </gpxtpx:TrackPointExtension>
        </extensions>
      </trkpt>
      <trkpt lat="32.05814081150865" lon="118.59671238204938">
        <ele>24.7</ele>
        <time>2026-09-24T12:53:44Z</time>
        <extensions>
          <gpxtpx:TrackPointExtension>
            <gpxtpx:hr>168</gpxtpx:hr>
          </gpxtpx:TrackPointExtension>
        </extensions>
      </trkpt>
      <trkpt lat="32.05816781623767" lon="118.5967193788071">
        <ele>24.7</ele>
        <time>2026-09-24T12:53:45Z</time>
        <extensions>
          <gpxtpx:TrackPointExtension>
            <gpxtpx:hr>168</gpxtpx:hr>
          </gpxtpx:TrackPointExtension>
        </extensions>
      </trkpt>
      <trkpt lat="32.058196821767254" lon="118.59672437561464">
        <ele>24.7</ele>
        <time>2026-09-24T12:53:46Z</time>
        <extensions>
          <gpxtpx:TrackPointExtension>
            <gpxtpx:hr>168</gpxtpx:hr>
          </gpxtpx:TrackPointExtension>
        </extensions>
      </trkpt>
      <trkpt lat="32.058224827253824" lon="118.59672837262741">
        <ele>24.7</ele>
        <time>2026-09-24T12:53:47Z</time>
        <extensions>
          <gpxtpx:TrackPointExtension>
            <gpxtpx:hr>168</gpxtpx:hr>
          </gpxtpx:TrackPointExtension>
        </extensions>
      </trkpt>
      <trkpt lat="32.058257834387675" lon="118.5967293695386">
        <ele>24.7</ele>
        <time>2026-09-24T12:53:48Z</time>
        <extensions>
          <gpxtpx:TrackPointExtension>
            <gpxtpx:hr>168</gpxtpx:hr>
          </gpxtpx:TrackPointExtension>
        </extensions>
      </trkpt>
      <trkpt lat="32.058287841036325" lon="118.59672936683643">
        <ele>24.7</ele>
        <time>2026-09-24T12:53:49Z</time>
        <extensions>
          <gpxtpx:TrackPointExtension>
            <gpxtpx:hr>168</gpxtpx:hr>
          </gpxtpx:TrackPointExtension>
        </extensions>
      </trkpt>
      <trkpt lat="32.05831284675661" lon="118.59672836470106">
        <ele>24.7</ele>
        <time>2026-09-24T12:53:50Z</time>
        <extensions>
          <gpxtpx:TrackPointExtension>
            <gpxtpx:hr>168</gpxtpx:hr>
          </gpxtpx:TrackPointExtension>
        </extensions>
      </trkpt>
      <trkpt lat="32.058339853099724" lon="118.59672636250184">
        <ele>24.7</ele>
        <time>2026-09-24T12:53:51Z</time>
        <extensions>
          <gpxtpx:TrackPointExtension>
            <gpxtpx:hr>168</gpxtpx:hr>
          </gpxtpx:TrackPointExtension>
        </extensions>
      </trkpt>
      <trkpt lat="32.05836886006538" lon="118.59672336023841">
        <ele>24.7</ele>
        <time>2026-09-24T12:53:52Z</time>
        <extensions>
          <gpxtpx:TrackPointExtension>
            <gpxtpx:hr>170</gpxtpx:hr>
          </gpxtpx:TrackPointExtension>
        </extensions>
      </trkpt>
      <trkpt lat="32.05839586658724" lon="118.59672035815468">
        <ele>24.7</ele>
        <time>2026-09-24T12:53:53Z</time>
        <extensions>
          <gpxtpx:TrackPointExtension>
            <gpxtpx:hr>170</gpxtpx:hr>
          </gpxtpx:TrackPointExtension>
        </extensions>
      </trkpt>
      <trkpt lat="32.05842287346731" lon="118.59671535630207">
        <ele>24.7</ele>
        <time>2026-09-24T12:53:54Z</time>
        <extensions>
          <gpxtpx:TrackPointExtension>
            <gpxtpx:hr>170</gpxtpx:hr>
          </gpxtpx:TrackPointExtension>
        </extensions>
      </trkpt>
      <trkpt lat="32.05844888084074" lon="118.59670635499975">
        <ele>24.7</ele>
        <time>2026-09-24T12:53:55Z</time>
        <extensions>
          <gpxtpx:TrackPointExtension>
            <gpxtpx:hr>170</gpxtpx:hr>
          </gpxtpx:TrackPointExtension>
        </extensions>
      </trkpt>
      <trkpt lat="32.0584738885245" lon="118.59669435412754">
        <ele>24.7</ele>
        <time>2026-09-24T12:53:56Z</time>
        <extensions>
          <gpxtpx:TrackPointExtension>
            <gpxtpx:hr>170</gpxtpx:hr>
          </gpxtpx:TrackPointExtension>
        </extensions>
      </trkpt>
      <trkpt lat="32.058495896248616" lon="118.59667835397386">
        <ele>24.0</ele>
        <time>2026-09-24T12:53:57Z</time>
        <extensions>
          <gpxtpx:TrackPointExtension>
            <gpxtpx:hr>169</gpxtpx:hr>
          </gpxtpx:TrackPointExtension>
        </extensions>
      </trkpt>
      <trkpt lat="32.05851590404951" lon="118.59665935432594">
        <ele>24.0</ele>
        <time>2026-09-24T12:53:58Z</time>
        <extensions>
          <gpxtpx:TrackPointExtension>
            <gpxtpx:hr>169</gpxtpx:hr>
          </gpxtpx:TrackPointExtension>
        </extensions>
      </trkpt>
      <trkpt lat="32.05853591201086" lon="118.59663935477124">
        <ele>24.0</ele>
        <time>2026-09-24T12:53:59Z</time>
        <extensions>
          <gpxtpx:TrackPointExtension>
            <gpxtpx:hr>169</gpxtpx:hr>
          </gpxtpx:TrackPointExtension>
        </extensions>
      </trkpt>
      <trkpt lat="32.05855892044427" lon="118.59662035481489">
        <ele>24.0</ele>
        <time>2026-09-24T12:54:00Z</time>
        <extensions>
          <gpxtpx:TrackPointExtension>
            <gpxtpx:hr>169</gpxtpx:hr>
          </gpxtpx:TrackPointExtension>
        </extensions>
      </trkpt>
      <trkpt lat="32.05858392790808" lon="118.59660935377923">
        <ele>24.0</ele>
        <time>2026-09-24T12:54:01Z</time>
        <extensions>
          <gpxtpx:TrackPointExtension>
            <gpxtpx:hr>169</gpxtpx:hr>
          </gpxtpx:TrackPointExtension>
        </extensions>
      </trkpt>
      <trkpt lat="32.05860993436673" lon="118.59660535187803">
        <ele>24.7</ele>
        <time>2026-09-24T12:54:02Z</time>
        <extensions>
          <gpxtpx:TrackPointExtension>
            <gpxtpx:hr>169</gpxtpx:hr>
          </gpxtpx:TrackPointExtension>
        </extensions>
      </trkpt>
      <trkpt lat="32.05863493903116" lon="118.5966103490752">
        <ele>24.7</ele>
        <time>2026-09-24T12:54:03Z</time>
        <extensions>
          <gpxtpx:TrackPointExtension>
            <gpxtpx:hr>169</gpxtpx:hr>
          </gpxtpx:TrackPointExtension>
        </extensions>
      </trkpt>
      <trkpt lat="32.05865794220022" lon="118.5966213457868">
        <ele>24.7</ele>
        <time>2026-09-24T12:54:04Z</time>
        <extensions>
          <gpxtpx:TrackPointExtension>
            <gpxtpx:hr>169</gpxtpx:hr>
          </gpxtpx:TrackPointExtension>
        </extensions>
      </trkpt>
      <trkpt lat="32.05867694342239" lon="118.59663834218274">
        <ele>24.7</ele>
        <time>2026-09-24T12:54:05Z</time>
        <extensions>
          <gpxtpx:TrackPointExtension>
            <gpxtpx:hr>169</gpxtpx:hr>
          </gpxtpx:TrackPointExtension>
        </extensions>
      </trkpt>
      <trkpt lat="32.05869594392459" lon="118.59665933811277">
        <ele>24.7</ele>
        <time>2026-09-24T12:54:06Z</time>
        <extensions>
          <gpxtpx:TrackPointExtension>
            <gpxtpx:hr>169</gpxtpx:hr>
          </gpxtpx:TrackPointExtension>
        </extensions>
      </trkpt>
      <trkpt lat="32.05871494405192" lon="118.5966823337921">
        <ele>24.7</ele>
        <time>2026-09-24T12:54:07Z</time>
        <extensions>
          <gpxtpx:TrackPointExtension>
            <gpxtpx:hr>170</gpxtpx:hr>
          </gpxtpx:TrackPointExtension>
        </extensions>
      </trkpt>
      <trkpt lat="32.05873794504236" lon="118.59670532908386">
        <ele>24.7</ele>
        <time>2026-09-24T12:54:08Z</time>
        <extensions>
          <gpxtpx:TrackPointExtension>
            <gpxtpx:hr>170</gpxtpx:hr>
          </gpxtpx:TrackPointExtension>
        </extensions>
      </trkpt>
      <trkpt lat="32.05875794606476" lon="118.59672432508381">
        <ele>24.7</ele>
        <time>2026-09-24T12:54:09Z</time>
        <extensions>
          <gpxtpx:TrackPointExtension>
            <gpxtpx:hr>170</gpxtpx:hr>
          </gpxtpx:TrackPointExtension>
        </extensions>
      </trkpt>
      <trkpt lat="32.05877594717005" lon="118.59674032159661">
        <ele>24.7</ele>
        <time>2026-09-24T12:54:10Z</time>
        <extensions>
          <gpxtpx:TrackPointExtension>
            <gpxtpx:hr>170</gpxtpx:hr>
          </gpxtpx:TrackPointExtension>
        </extensions>
      </trkpt>
      <trkpt lat="32.05879494776088" lon="118.59676031753435">
        <ele>24.7</ele>
        <time>2026-09-24T12:54:11Z</time>
        <extensions>
          <gpxtpx:TrackPointExtension>
            <gpxtpx:hr>170</gpxtpx:hr>
          </gpxtpx:TrackPointExtension>
        </extensions>
      </trkpt>
      <trkpt lat="32.05881394797002" lon="118.59678231321317">
        <ele>24.8</ele>
        <time>2026-09-24T12:54:12Z</time>
        <extensions>
          <gpxtpx:TrackPointExtension>
            <gpxtpx:hr>170</gpxtpx:hr>
          </gpxtpx:TrackPointExtension>
        </extensions>
      </trkpt>
      <trkpt lat="32.058830948447714" lon="118.5968003095281">
        <ele>24.8</ele>
        <time>2026-09-24T12:54:13Z</time>
        <extensions>
          <gpxtpx:TrackPointExtension>
            <gpxtpx:hr>170</gpxtpx:hr>
          </gpxtpx:TrackPointExtension>
        </extensions>
      </trkpt>
      <trkpt lat="32.058851949613434" lon="118.59681930534497">
        <ele>24.8</ele>
        <time>2026-09-24T12:54:14Z</time>
        <extensions>
          <gpxtpx:TrackPointExtension>
            <gpxtpx:hr>170</gpxtpx:hr>
          </gpxtpx:TrackPointExtension>
        </extensions>
      </trkpt>
      <trkpt lat="32.05887295094812" lon="118.59683730126531">
        <ele>24.8</ele>
        <time>2026-09-24T12:54:15Z</time>
        <extensions>
          <gpxtpx:TrackPointExtension>
            <gpxtpx:hr>170</gpxtpx:hr>
          </gpxtpx:TrackPointExtension>
        </extensions>
      </trkpt>
      <trkpt lat="32.058893952083366" lon="118.59685629704597">
        <ele>24.8</ele>
        <time>2026-09-24T12:54:16Z</time>
        <extensions>
          <gpxtpx:TrackPointExtension>
            <gpxtpx:hr>170</gpxtpx:hr>
          </gpxtpx:TrackPointExtension>
        </extensions>
      </trkpt>
      <trkpt lat="32.05891395354005" lon="118.59687229326983">
        <ele>24.8</ele>
        <time>2026-09-24T12:54:17Z</time>
        <extensions>
          <gpxtpx:TrackPointExtension>
            <gpxtpx:hr>171</gpxtpx:hr>
          </gpxtpx:TrackPointExtension>
        </extensions>
      </trkpt>
      <trkpt lat="32.058933955359116" lon="118.5968862897297">
        <ele>24.8</ele>
        <time>2026-09-24T12:54:18Z</time>
        <extensions>
          <gpxtpx:TrackPointExtension>
            <gpxtpx:hr>171</gpxtpx:hr>
          </gpxtpx:TrackPointExtension>
        </extensions>
      </trkpt>
      <trkpt lat="32.058957957680654" lon="118.59690228556855">
        <ele>24.8</ele>
        <time>2026-09-24T12:54:19Z</time>
        <extensions>
          <gpxtpx:TrackPointExtension>
            <gpxtpx:hr>171</gpxtpx:hr>
          </gpxtpx:TrackPointExtension>
        </extensions>
      </trkpt>
      <trkpt lat="32.058979960488074" lon="118.5969132822047">
        <ele>24.8</ele>
        <time>2026-09-24T12:54:20Z</time>
        <extensions>
          <gpxtpx:TrackPointExtension>
            <gpxtpx:hr>171</gpxtpx:hr>
          </gpxtpx:TrackPointExtension>
        </extensions>
      </trkpt>
      <trkpt lat="32.05899796334565" lon="118.59691927982679">
        <ele>24.8</ele>
        <time>2026-09-24T12:54:21Z</time>
        <extensions>
          <gpxtpx:TrackPointExtension>
            <gpxtpx:hr>171</gpxtpx:hr>
          </gpxtpx:TrackPointExtension>
        </extensions>
      </trkpt>
      <trkpt lat="32.05901896743079" lon="118.59692227755625">
        <ele>24.9</ele>
        <time>2026-09-24T12:54:22Z</time>
        <extensions>
          <gpxtpx:TrackPointExtension>
            <gpxtpx:hr>171</gpxtpx:hr>
          </gpxtpx:TrackPointExtension>
        </extensions>
      </trkpt>
      <trkpt lat="32.05904197233491" lon="118.5969232753581">
        <ele>24.9</ele>
        <time>2026-09-24T12:54:23Z</time>
        <extensions>
          <gpxtpx:TrackPointExtension>
            <gpxtpx:hr>171</gpxtpx:hr>
          </gpxtpx:TrackPointExtension>
        </extensions>
      </trkpt>
      <trkpt lat="32.0590679790323" lon="118.59691827364774">
        <ele>24.9</ele>
        <time>2026-09-24T12:54:24Z</time>
        <extensions>
          <gpxtpx:TrackPointExtension>
            <gpxtpx:hr>171</gpxtpx:hr>
          </gpxtpx:TrackPointExtension>
        </extensions>
      </trkpt>
      <trkpt lat="32.059094986700956" lon="118.5969092723494">
        <ele>24.9</ele>
        <time>2026-09-24T12:54:25Z</time>
        <extensions>
          <gpxtpx:TrackPointExtension>
            <gpxtpx:hr>171</gpxtpx:hr>
          </gpxtpx:TrackPointExtension>
        </extensions>
      </trkpt>
      <trkpt lat="32.059119993923154" lon="118.59690027122701">
        <ele>24.9</ele>
        <time>2026-09-24T12:54:26Z</time>
        <extensions>
          <gpxtpx:TrackPointExtension>
            <gpxtpx:hr>171</gpxtpx:hr>
          </gpxtpx:TrackPointExtension>
        </extensions>
      </trkpt>
      <trkpt lat="32.05914400110722" lon="118.59689027031533">
        <ele>25.0</ele>
        <time>2026-09-24T12:54:27Z</time>
        <extensions>
          <gpxtpx:TrackPointExtension>
            <gpxtpx:hr>171</gpxtpx:hr>
          </gpxtpx:TrackPointExtension>
        </extensions>
      </trkpt>
      <trkpt lat="32.05916700769247" lon="118.59688226923998">
        <ele>25.0</ele>
        <time>2026-09-24T12:54:28Z</time>
        <extensions>
          <gpxtpx:TrackPointExtension>
            <gpxtpx:hr>171</gpxtpx:hr>
          </gpxtpx:TrackPointExtension>
        </extensions>
      </trkpt>
      <trkpt lat="32.059189014053466" lon="118.59687426825141">
        <ele>25.0</ele>
        <time>2026-09-24T12:54:29Z</time>
        <extensions>
          <gpxtpx:TrackPointExtension>
            <gpxtpx:hr>171</gpxtpx:hr>
          </gpxtpx:TrackPointExtension>
        </extensions>
      </trkpt>
      <trkpt lat="32.05921602151835" lon="118.59686626680917">
        <ele>25.0</ele>
        <time>2026-09-24T12:54:30Z</time>
        <extensions>
          <gpxtpx:TrackPointExtension>
            <gpxtpx:hr>171</gpxtpx:hr>
          </gpxtpx:TrackPointExtension>
        </extensions>
      </trkpt>
      <trkpt lat="32.05924202857341" lon="118.59685926533056">
        <ele>25.0</ele>
        <time>2026-09-24T12:54:31Z</time>
        <extensions>
          <gpxtpx:TrackPointExtension>
            <gpxtpx:hr>171</gpxtpx:hr>
          </gpxtpx:TrackPointExtension>
        </extensions>
      </trkpt>
      <trkpt lat="32.059269035847514" lon="118.59685226375937">
        <ele>25.2</ele>
        <time>2026-09-24T12:54:32Z</time>
        <extensions>
          <gpxtpx:TrackPointExtension>
            <gpxtpx:hr>169</gpxtpx:hr>
          </gpxtpx:TrackPointExtension>
        </extensions>
      </trkpt>
      <trkpt lat="32.05929604293433" lon="118.59684626206318">
        <ele>25.2</ele>
        <time>2026-09-24T12:54:33Z</time>
        <extensions>
          <gpxtpx:TrackPointExtension>
            <gpxtpx:hr>169</gpxtpx:hr>
          </gpxtpx:TrackPointExtension>
        </extensions>
      </trkpt>
      <trkpt lat="32.05932304946501" lon="118.59684325999838">
        <ele>25.2</ele>
        <time>2026-09-24T12:54:34Z</time>
        <extensions>
          <gpxtpx:TrackPointExtension>
            <gpxtpx:hr>169</gpxtpx:hr>
          </gpxtpx:TrackPointExtension>
        </extensions>
      </trkpt>
      <trkpt lat="32.059350055810334" lon="118.59684125781088">
        <ele>25.2</ele>
        <time>2026-09-24T12:54:35Z</time>
        <extensions>
          <gpxtpx:TrackPointExtension>
            <gpxtpx:hr>169</gpxtpx:hr>
          </gpxtpx:TrackPointExtension>
        </extensions>
      </trkpt>
      <trkpt lat="32.05937706197057" lon="118.59684025550104">
        <ele>25.2</ele>
        <time>2026-09-24T12:54:36Z</time>
        <extensions>
          <gpxtpx:TrackPointExtension>
            <gpxtpx:hr>169</gpxtpx:hr>
          </gpxtpx:TrackPointExtension>
        </extensions>
      </trkpt>
      <trkpt lat="32.05940406776111" lon="118.59684125294677">
        <ele>25.7</ele>
        <time>2026-09-24T12:54:37Z</time>
        <extensions>
          <gpxtpx:TrackPointExtension>
            <gpxtpx:hr>170</gpxtpx:hr>
          </gpxtpx:TrackPointExtension>
        </extensions>
      </trkpt>
      <trkpt lat="32.05943007296036" lon="118.59684425023787">
        <ele>25.7</ele>
        <time>2026-09-24T12:54:38Z</time>
        <extensions>
          <gpxtpx:TrackPointExtension>
            <gpxtpx:hr>170</gpxtpx:hr>
          </gpxtpx:TrackPointExtension>
        </extensions>
      </trkpt>
      <trkpt lat="32.05946007830372" lon="118.5968512466776">
        <ele>25.7</ele>
        <time>2026-09-24T12:54:39Z</time>
        <extensions>
          <gpxtpx:TrackPointExtension>
            <gpxtpx:hr>170</gpxtpx:hr>
          </gpxtpx:TrackPointExtension>
        </extensions>
      </trkpt>
      <trkpt lat="32.059486082574075" lon="118.59685924335197">
        <ele>25.7</ele>
        <time>2026-09-24T12:54:40Z</time>
        <extensions>
          <gpxtpx:TrackPointExtension>
            <gpxtpx:hr>170</gpxtpx:hr>
          </gpxtpx:TrackPointExtension>
        </extensions>
      </trkpt>
      <trkpt lat="32.05951008602706" lon="118.59686923995596">
        <ele>25.7</ele>
        <time>2026-09-24T12:54:41Z</time>
        <extensions>
          <gpxtpx:TrackPointExtension>
            <gpxtpx:hr>170</gpxtpx:hr>
          </gpxtpx:TrackPointExtension>
        </extensions>
      </trkpt>
      <trkpt lat="32.05953208866016" lon="118.59688123648648">
        <ele>26.3</ele>
        <time>2026-09-24T12:54:42Z</time>
        <extensions>
          <gpxtpx:TrackPointExtension>
            <gpxtpx:hr>171</gpxtpx:hr>
          </gpxtpx:TrackPointExtension>
        </extensions>
      </trkpt>
      <trkpt lat="32.059554090912826" lon="118.59689523275966">
        <ele>26.3</ele>
        <time>2026-09-24T12:54:43Z</time>
        <extensions>
          <gpxtpx:TrackPointExtension>
            <gpxtpx:hr>171</gpxtpx:hr>
          </gpxtpx:TrackPointExtension>
        </extensions>
      </trkpt>
      <trkpt lat="32.059576093156934" lon="118.59690922902273">
        <ele>26.3</ele>
        <time>2026-09-24T12:54:44Z</time>
        <extensions>
          <gpxtpx:TrackPointExtension>
            <gpxtpx:hr>171</gpxtpx:hr>
          </gpxtpx:TrackPointExtension>
        </extensions>
      </trkpt>
      <trkpt lat="32.05959809482739" lon="118.59692622489612">
        <ele>26.3</ele>
        <time>2026-09-24T12:54:45Z</time>
        <extensions>
          <gpxtpx:TrackPointExtension>
            <gpxtpx:hr>171</gpxtpx:hr>
          </gpxtpx:TrackPointExtension>
        </extensions>
      </trkpt>
      <trkpt lat="32.05961809604281" lon="118.59694322093479">
        <ele>26.3</ele>
        <time>2026-09-24T12:54:46Z</time>
        <extensions>
          <gpxtpx:TrackPointExtension>
            <gpxtpx:hr>171</gpxtpx:hr>
          </gpxtpx:TrackPointExtension>
        </extensions>
      </trkpt>
      <trkpt lat="32.05963809686584" lon="118.59696221670178">
        <ele>26.7</ele>
        <time>2026-09-24T12:54:47Z</time>
        <extensions>
          <gpxtpx:TrackPointExtension>
            <gpxtpx:hr>172</gpxtpx:hr>
          </gpxtpx:TrackPointExtension>
        </extensions>
      </trkpt>
      <trkpt lat="32.05965709726121" lon="118.59698221241078">
        <ele>26.7</ele>
        <time>2026-09-24T12:54:48Z</time>
        <extensions>
          <gpxtpx:TrackPointExtension>
            <gpxtpx:hr>172</gpxtpx:hr>
          </gpxtpx:TrackPointExtension>
        </extensions>
      </trkpt>
      <trkpt lat="32.05967709766881" lon="118.59700320787859">
        <ele>26.7</ele>
        <time>2026-09-24T12:54:49Z</time>
        <extensions>
          <gpxtpx:TrackPointExtension>
            <gpxtpx:hr>172</gpxtpx:hr>
          </gpxtpx:TrackPointExtension>
        </extensions>
      </trkpt>
      <trkpt lat="32.05969709690076" lon="118.59703020253286">
        <ele>26.7</ele>
        <time>2026-09-24T12:54:50Z</time>
        <extensions>
          <gpxtpx:TrackPointExtension>
            <gpxtpx:hr>172</gpxtpx:hr>
          </gpxtpx:TrackPointExtension>
        </extensions>
      </trkpt>
      <trkpt lat="32.059715096046894" lon="118.59705519759638">
        <ele>26.7</ele>
        <time>2026-09-24T12:54:51Z</time>
        <extensions>
          <gpxtpx:TrackPointExtension>
            <gpxtpx:hr>172</gpxtpx:hr>
          </gpxtpx:TrackPointExtension>
        </extensions>
      </trkpt>
      <trkpt lat="32.059733095166116" lon="118.59708019262777">
        <ele>27.3</ele>
        <time>2026-09-24T12:54:52Z</time>
        <extensions>
          <gpxtpx:TrackPointExtension>
            <gpxtpx:hr>171</gpxtpx:hr>
          </gpxtpx:TrackPointExtension>
        </extensions>
      </trkpt>
      <trkpt lat="32.0597510944545" lon="118.5971041877628">
        <ele>27.3</ele>
        <time>2026-09-24T12:54:53Z</time>
        <extensions>
          <gpxtpx:TrackPointExtension>
            <gpxtpx:hr>171</gpxtpx:hr>
          </gpxtpx:TrackPointExtension>
        </extensions>
      </trkpt>
      <trkpt lat="32.05976809329975" lon="118.59712918282125">
        <ele>27.3</ele>
        <time>2026-09-24T12:54:54Z</time>
        <extensions>
          <gpxtpx:TrackPointExtension>
            <gpxtpx:hr>171</gpxtpx:hr>
          </gpxtpx:TrackPointExtension>
        </extensions>
      </trkpt>
      <trkpt lat="32.059785092118105" lon="118.59715417784759">
        <ele>27.3</ele>
        <time>2026-09-24T12:54:55Z</time>
        <extensions>
          <gpxtpx:TrackPointExtension>
            <gpxtpx:hr>171</gpxtpx:hr>
          </gpxtpx:TrackPointExtension>
        </extensions>
      </trkpt>
      <trkpt lat="32.059803091130746" lon="118.59717917275171">
        <ele>27.3</ele>
        <time>2026-09-24T12:54:56Z</time>
        <extensions>
          <gpxtpx:TrackPointExtension>
            <gpxtpx:hr>171</gpxtpx:hr>
          </gpxtpx:TrackPointExtension>
        </extensions>
      </trkpt>
      <trkpt lat="32.05982209053801" lon="118.59720316767452">
        <ele>28.0</ele>
        <time>2026-09-24T12:54:57Z</time>
        <extensions>
          <gpxtpx:TrackPointExtension>
            <gpxtpx:hr>173</gpxtpx:hr>
          </gpxtpx:TrackPointExtension>
        </extensions>
      </trkpt>
      <trkpt lat="32.0598420907455" lon="118.59722416290366">
        <ele>28.0</ele>
        <time>2026-09-24T12:54:58Z</time>
        <extensions>
          <gpxtpx:TrackPointExtension>
            <gpxtpx:hr>173</gpxtpx:hr>
          </gpxtpx:TrackPointExtension>
        </extensions>
      </trkpt>
      <trkpt lat="32.05986409198246" lon="118.5972421583588">
        <ele>28.0</ele>
        <time>2026-09-24T12:54:59Z</time>
        <extensions>
          <gpxtpx:TrackPointExtension>
            <gpxtpx:hr>173</gpxtpx:hr>
          </gpxtpx:TrackPointExtension>
        </extensions>
      </trkpt>
      <trkpt lat="32.05988809445844" lon="118.59725615419185">
        <ele>28.0</ele>
        <time>2026-09-24T12:55:00Z</time>
        <extensions>
          <gpxtpx:TrackPointExtension>
            <gpxtpx:hr>173</gpxtpx:hr>
          </gpxtpx:TrackPointExtension>
        </extensions>
      </trkpt>
      <trkpt lat="32.05991309775637" lon="118.59726715035742">
        <ele>28.0</ele>
        <time>2026-09-24T12:55:01Z</time>
        <extensions>
          <gpxtpx:TrackPointExtension>
            <gpxtpx:hr>173</gpxtpx:hr>
          </gpxtpx:TrackPointExtension>
        </extensions>
      </trkpt>
      <trkpt lat="32.05993910208389" lon="118.5972741470051">
        <ele>28.4</ele>
        <time>2026-09-24T12:55:02Z</time>
        <extensions>
          <gpxtpx:TrackPointExtension>
            <gpxtpx:hr>171</gpxtpx:hr>
          </gpxtpx:TrackPointExtension>
        </extensions>
      </trkpt>
      <trkpt lat="32.05996510722341" lon="118.59727714422931">
        <ele>28.4</ele>
        <time>2026-09-24T12:55:03Z</time>
        <extensions>
          <gpxtpx:TrackPointExtension>
            <gpxtpx:hr>171</gpxtpx:hr>
          </gpxtpx:TrackPointExtension>
        </extensions>
      </trkpt>
      <trkpt lat="32.05999011315878" lon="118.59727514226653">
        <ele>28.4</ele>
        <time>2026-09-24T12:55:04Z</time>
        <extensions>
          <gpxtpx:TrackPointExtension>
            <gpxtpx:hr>171</gpxtpx:hr>
          </gpxtpx:TrackPointExtension>
        </extensions>
      </trkpt>
      <trkpt lat="32.06001211985261" lon="118.59726614158369">
        <ele>28.4</ele>
        <time>2026-09-24T12:55:05Z</time>
        <extensions>
          <gpxtpx:TrackPointExtension>
            <gpxtpx:hr>171</gpxtpx:hr>
          </gpxtpx:TrackPointExtension>
        </extensions>
      </trkpt>
      <trkpt lat="32.06002812683577" lon="118.59724914258454">
        <ele>28.4</ele>
        <time>2026-09-24T12:55:06Z</time>
        <extensions>
          <gpxtpx:TrackPointExtension>
            <gpxtpx:hr>171</gpxtpx:hr>
          </gpxtpx:TrackPointExtension>
        </extensions>
      </trkpt>
      <trkpt lat="32.06003913390946" lon="118.59722614487411">
        <ele>29.2</ele>
        <time>2026-09-24T12:55:07Z</time>
        <extensions>
          <gpxtpx:TrackPointExtension>
            <gpxtpx:hr>171</gpxtpx:hr>
          </gpxtpx:TrackPointExtension>
        </extensions>
      </trkpt>
      <trkpt lat="32.06004413923301" lon="118.59720514739516">
        <ele>29.2</ele>
        <time>2026-09-24T12:55:08Z</time>
        <extensions>
          <gpxtpx:TrackPointExtension>
            <gpxtpx:hr>171</gpxtpx:hr>
          </gpxtpx:TrackPointExtension>
        </extensions>
      </trkpt>
      <trkpt lat="32.06004714529163" lon="118.59717815091204">
        <ele>29.2</ele>
        <time>2026-09-24T12:55:09Z</time>
        <extensions>
          <gpxtpx:TrackPointExtension>
            <gpxtpx:hr>171</gpxtpx:hr>
          </gpxtpx:TrackPointExtension>
        </extensions>
      </trkpt>
      <trkpt lat="32.060049151493956" lon="118.59714915475782">
        <ele>29.2</ele>
        <time>2026-09-24T12:55:10Z</time>
        <extensions>
          <gpxtpx:TrackPointExtension>
            <gpxtpx:hr>171</gpxtpx:hr>
          </gpxtpx:TrackPointExtension>
        </extensions>
      </trkpt>
      <trkpt lat="32.06005215807805" lon="118.59711915860684">
        <ele>29.2</ele>
        <time>2026-09-24T12:55:11Z</time>
        <extensions>
          <gpxtpx:TrackPointExtension>
            <gpxtpx:hr>171</gpxtpx:hr>
          </gpxtpx:TrackPointExtension>
        </extensions>
      </trkpt>
      <trkpt lat="32.06005516501429" lon="118.59708716267947">
        <ele>29.8</ele>
        <time>2026-09-24T12:55:12Z</time>
        <extensions>
          <gpxtpx:TrackPointExtension>
            <gpxtpx:hr>170</gpxtpx:hr>
          </gpxtpx:TrackPointExtension>
        </extensions>
      </trkpt>
      <trkpt lat="32.06006017234881" lon="118.5970551665193">
        <ele>29.8</ele>
        <time>2026-09-24T12:55:13Z</time>
        <extensions>
          <gpxtpx:TrackPointExtension>
            <gpxtpx:hr>170</gpxtpx:hr>
          </gpxtpx:TrackPointExtension>
        </extensions>
      </trkpt>
      <trkpt lat="32.06006517944676" lon="118.59702417017485">
        <ele>29.8</ele>
        <time>2026-09-24T12:55:14Z</time>
        <extensions>
          <gpxtpx:TrackPointExtension>
            <gpxtpx:hr>170</gpxtpx:hr>
          </gpxtpx:TrackPointExtension>
        </extensions>
      </trkpt>
      <trkpt lat="32.06007118595898" lon="118.59699717317024">
        <ele>29.8</ele>
        <time>2026-09-24T12:55:15Z</time>
        <extensions>
          <gpxtpx:TrackPointExtension>
            <gpxtpx:hr>170</gpxtpx:hr>
          </gpxtpx:TrackPointExtension>
        </extensions>
      </trkpt>
      <trkpt lat="32.060078192660995" lon="118.59697017603804">
        <ele>29.8</ele>
        <time>2026-09-24T12:55:16Z</time>
        <extensions>
          <gpxtpx:TrackPointExtension>
            <gpxtpx:hr>170</gpxtpx:hr>
          </gpxtpx:TrackPointExtension>
        </extensions>
      </trkpt>
      <trkpt lat="32.06008720015213" lon="118.59694117894304">
        <ele>29.9</ele>
        <time>2026-09-24T12:55:17Z</time>
        <extensions>
          <gpxtpx:TrackPointExtension>
            <gpxtpx:hr>171</gpxtpx:hr>
          </gpxtpx:TrackPointExtension>
        </extensions>
      </trkpt>
      <trkpt lat="32.060096207419285" lon="118.59691318167884">
        <ele>29.9</ele>
        <time>2026-09-24T12:55:18Z</time>
        <extensions>
          <gpxtpx:TrackPointExtension>
            <gpxtpx:hr>171</gpxtpx:hr>
          </gpxtpx:TrackPointExtension>
        </extensions>
      </trkpt>
      <trkpt lat="32.06010621468714" lon="118.5968861841597">
        <ele>29.9</ele>
        <time>2026-09-24T12:55:19Z</time>
        <extensions>
          <gpxtpx:TrackPointExtension>
            <gpxtpx:hr>171</gpxtpx:hr>
          </gpxtpx:TrackPointExtension>
        </extensions>
      </trkpt>
      <trkpt lat="32.06011722214474" lon="118.59685918651293">
        <ele>29.9</ele>
        <time>2026-09-24T12:55:20Z</time>
        <extensions>
          <gpxtpx:TrackPointExtension>
            <gpxtpx:hr>171</gpxtpx:hr>
          </gpxtpx:TrackPointExtension>
        </extensions>
      </trkpt>
      <trkpt lat="32.06013023001317" lon="118.5968321886485">
        <ele>29.9</ele>
        <time>2026-09-24T12:55:21Z</time>
        <extensions>
          <gpxtpx:TrackPointExtension>
            <gpxtpx:hr>171</gpxtpx:hr>
          </gpxtpx:TrackPointExtension>
        </extensions>
      </trkpt>
      <trkpt lat="32.06014523902497" lon="118.59680119104746">
        <ele>29.6</ele>
        <time>2026-09-24T12:55:22Z</time>
        <extensions>
          <gpxtpx:TrackPointExtension>
            <gpxtpx:hr>172</gpxtpx:hr>
          </gpxtpx:TrackPointExtension>
        </extensions>
      </trkpt>
      <trkpt lat="32.060158247007855" lon="118.59677319322113">
        <ele>29.6</ele>
        <time>2026-09-24T12:55:23Z</time>
        <extensions>
          <gpxtpx:TrackPointExtension>
            <gpxtpx:hr>172</gpxtpx:hr>
          </gpxtpx:TrackPointExtension>
        </extensions>
      </trkpt>
      <trkpt lat="32.06017225517807" lon="118.59674519526432">
        <ele>29.6</ele>
        <time>2026-09-24T12:55:24Z</time>
        <extensions>
          <gpxtpx:TrackPointExtension>
            <gpxtpx:hr>172</gpxtpx:hr>
          </gpxtpx:TrackPointExtension>
        </extensions>
      </trkpt>
      <trkpt lat="32.06018726335611" lon="118.59671819706116">
        <ele>29.6</ele>
        <time>2026-09-24T12:55:25Z</time>
        <extensions>
          <gpxtpx:TrackPointExtension>
            <gpxtpx:hr>172</gpxtpx:hr>
          </gpxtpx:TrackPointExtension>
        </extensions>
      </trkpt>
      <trkpt lat="32.06020027034695" lon="118.59669519854218">
        <ele>29.6</ele>
        <time>2026-09-24T12:55:26Z</time>
        <extensions>
          <gpxtpx:TrackPointExtension>
            <gpxtpx:hr>172</gpxtpx:hr>
          </gpxtpx:TrackPointExtension>
        </extensions>
      </trkpt>
      <trkpt lat="32.06021427718095" lon="118.5966741996787">
        <ele>29.0</ele>
        <time>2026-09-24T12:55:27Z</time>
        <extensions>
          <gpxtpx:TrackPointExtension>
            <gpxtpx:hr>172</gpxtpx:hr>
          </gpxtpx:TrackPointExtension>
        </extensions>
      </trkpt>
      <trkpt lat="32.060231285189005" lon="118.59665020085964">
        <ele>29.0</ele>
        <time>2026-09-24T12:55:28Z</time>
        <extensions>
          <gpxtpx:TrackPointExtension>
            <gpxtpx:hr>172</gpxtpx:hr>
          </gpxtpx:TrackPointExtension>
        </extensions>
      </trkpt>
      <trkpt lat="32.0602482933477" lon="118.59662520212204">
        <ele>29.0</ele>
        <time>2026-09-24T12:55:29Z</time>
        <extensions>
          <gpxtpx:TrackPointExtension>
            <gpxtpx:hr>172</gpxtpx:hr>
          </gpxtpx:TrackPointExtension>
        </extensions>
      </trkpt>
      <trkpt lat="32.060266301526035" lon="118.5966012031523">
        <ele>29.0</ele>
        <time>2026-09-24T12:55:30Z</time>
        <extensions>
          <gpxtpx:TrackPointExtension>
            <gpxtpx:hr>172</gpxtpx:hr>
          </gpxtpx:TrackPointExtension>
        </extensions>
      </trkpt>
      <trkpt lat="32.06028931130481" lon="118.59657420402812">
        <ele>29.0</ele>
        <time>2026-09-24T12:55:31Z</time>
        <extensions>
          <gpxtpx:TrackPointExtension>
            <gpxtpx:hr>172</gpxtpx:hr>
          </gpxtpx:TrackPointExtension>
        </extensions>
      </trkpt>
      <trkpt lat="32.06030931935537" lon="118.59655320449313">
        <ele>28.8</ele>
        <time>2026-09-24T12:55:32Z</time>
        <extensions>
          <gpxtpx:TrackPointExtension>
            <gpxtpx:hr>172</gpxtpx:hr>
          </gpxtpx:TrackPointExtension>
        </extensions>
      </trkpt>
      <trkpt lat="32.06032732660171" lon="118.59653420490287">
        <ele>28.8</ele>
        <time>2026-09-24T12:55:33Z</time>
        <extensions>
          <gpxtpx:TrackPointExtension>
            <gpxtpx:hr>172</gpxtpx:hr>
          </gpxtpx:TrackPointExtension>
        </extensions>
      </trkpt>
      <trkpt lat="32.0603463345655" lon="118.59651220551996">
        <ele>28.8</ele>
        <time>2026-09-24T12:55:34Z</time>
        <extensions>
          <gpxtpx:TrackPointExtension>
            <gpxtpx:hr>172</gpxtpx:hr>
          </gpxtpx:TrackPointExtension>
        </extensions>
      </trkpt>
      <trkpt lat="32.06036934339246" lon="118.59649020575175">
        <ele>28.8</ele>
        <time>2026-09-24T12:55:35Z</time>
        <extensions>
          <gpxtpx:TrackPointExtension>
            <gpxtpx:hr>172</gpxtpx:hr>
          </gpxtpx:TrackPointExtension>
        </extensions>
      </trkpt>
      <trkpt lat="32.0603933520819" lon="118.59647020566238">
        <ele>28.8</ele>
        <time>2026-09-24T12:55:36Z</time>
        <extensions>
          <gpxtpx:TrackPointExtension>
            <gpxtpx:hr>172</gpxtpx:hr>
          </gpxtpx:TrackPointExtension>
        </extensions>
      </trkpt>
      <trkpt lat="32.06041836063898" lon="118.59645220525803">
        <ele>28.6</ele>
        <time>2026-09-24T12:55:37Z</time>
        <extensions>
          <gpxtpx:TrackPointExtension>
            <gpxtpx:hr>172</gpxtpx:hr>
          </gpxtpx:TrackPointExtension>
        </extensions>
      </trkpt>
      <trkpt lat="32.06044436923563" lon="118.59643520464562">
        <ele>28.6</ele>
        <time>2026-09-24T12:55:38Z</time>
        <extensions>
          <gpxtpx:TrackPointExtension>
            <gpxtpx:hr>172</gpxtpx:hr>
          </gpxtpx:TrackPointExtension>
        </extensions>
      </trkpt>
      <trkpt lat="32.06047037748642" lon="118.5964202038173">
        <ele>28.6</ele>
        <time>2026-09-24T12:55:39Z</time>
        <extensions>
          <gpxtpx:TrackPointExtension>
            <gpxtpx:hr>172</gpxtpx:hr>
          </gpxtpx:TrackPointExtension>
        </extensions>
      </trkpt>
      <trkpt lat="32.06049638539521" lon="118.59640720277778">
        <ele>28.6</ele>
        <time>2026-09-24T12:55:40Z</time>
        <extensions>
          <gpxtpx:TrackPointExtension>
            <gpxtpx:hr>172</gpxtpx:hr>
          </gpxtpx:TrackPointExtension>
        </extensions>
      </trkpt>
      <trkpt lat="32.06052139274437" lon="118.59639620162113">
        <ele>28.6</ele>
        <time>2026-09-24T12:55:41Z</time>
        <extensions>
          <gpxtpx:TrackPointExtension>
            <gpxtpx:hr>172</gpxtpx:hr>
          </gpxtpx:TrackPointExtension>
        </extensions>
      </trkpt>
      <trkpt lat="32.0605504014673" lon="118.59638220039386">
        <ele>28.6</ele>
        <time>2026-09-24T12:55:42Z</time>
        <extensions>
          <gpxtpx:TrackPointExtension>
            <gpxtpx:hr>172</gpxtpx:hr>
          </gpxtpx:TrackPointExtension>
        </extensions>
      </trkpt>
      <trkpt lat="32.06057740924616" lon="118.59637119904285">
        <ele>28.6</ele>
        <time>2026-09-24T12:55:43Z</time>
        <extensions>
          <gpxtpx:TrackPointExtension>
            <gpxtpx:hr>172</gpxtpx:hr>
          </gpxtpx:TrackPointExtension>
        </extensions>
      </trkpt>
      <trkpt lat="32.06060641729742" lon="118.59636119740797">
        <ele>28.6</ele>
        <time>2026-09-24T12:55:44Z</time>
        <extensions>
          <gpxtpx:TrackPointExtension>
            <gpxtpx:hr>172</gpxtpx:hr>
          </gpxtpx:TrackPointExtension>
        </extensions>
      </trkpt>
      <trkpt lat="32.060634424959474" lon="118.59635219576101">
        <ele>28.6</ele>
        <time>2026-09-24T12:55:45Z</time>
        <extensions>
          <gpxtpx:TrackPointExtension>
            <gpxtpx:hr>172</gpxtpx:hr>
          </gpxtpx:TrackPointExtension>
        </extensions>
      </trkpt>
      <trkpt lat="32.060657431186314" lon="118.59634519436706">
        <ele>28.6</ele>
        <time>2026-09-24T12:55:46Z</time>
        <extensions>
          <gpxtpx:TrackPointExtension>
            <gpxtpx:hr>172</gpxtpx:hr>
          </gpxtpx:TrackPointExtension>
        </extensions>
      </trkpt>
      <trkpt lat="32.060684437968305" lon="118.59634019241756">
        <ele>28.5</ele>
        <time>2026-09-24T12:55:47Z</time>
        <extensions>
          <gpxtpx:TrackPointExtension>
            <gpxtpx:hr>173</gpxtpx:hr>
          </gpxtpx:TrackPointExtension>
        </extensions>
      </trkpt>
      <trkpt lat="32.0607144454118" lon="118.59633519019651">
        <ele>28.5</ele>
        <time>2026-09-24T12:55:48Z</time>
        <extensions>
          <gpxtpx:TrackPointExtension>
            <gpxtpx:hr>173</gpxtpx:hr>
          </gpxtpx:TrackPointExtension>
        </extensions>
      </trkpt>
      <trkpt lat="32.0607434521445" lon="118.5963331877764">
        <ele>28.5</ele>
        <time>2026-09-24T12:55:49Z</time>
        <extensions>
          <gpxtpx:TrackPointExtension>
            <gpxtpx:hr>173</gpxtpx:hr>
          </gpxtpx:TrackPointExtension>
        </extensions>
      </trkpt>
      <trkpt lat="32.060773459097696" lon="118.59633118526597">
        <ele>28.5</ele>
        <time>2026-09-24T12:55:50Z</time>
        <extensions>
          <gpxtpx:TrackPointExtension>
            <gpxtpx:hr>173</gpxtpx:hr>
          </gpxtpx:TrackPointExtension>
        </extensions>
      </trkpt>
      <trkpt lat="32.0608034657249" lon="118.59633118256357">
        <ele>28.5</ele>
        <time>2026-09-24T12:55:51Z</time>
        <extensions>
          <gpxtpx:TrackPointExtension>
            <gpxtpx:hr>173</gpxtpx:hr>
          </gpxtpx:TrackPointExtension>
        </extensions>
      </trkpt>
      <trkpt lat="32.06083247229375" lon="118.59633018004715">
        <ele>28.5</ele>
        <time>2026-09-24T12:55:52Z</time>
        <extensions>
          <gpxtpx:TrackPointExtension>
            <gpxtpx:hr>173</gpxtpx:hr>
          </gpxtpx:TrackPointExtension>
        </extensions>
      </trkpt>
      <trkpt lat="32.060859477932134" lon="118.59633217742312">
        <ele>28.5</ele>
        <time>2026-09-24T12:55:53Z</time>
        <extensions>
          <gpxtpx:TrackPointExtension>
            <gpxtpx:hr>173</gpxtpx:hr>
          </gpxtpx:TrackPointExtension>
        </extensions>
      </trkpt>
      <trkpt lat="32.06089148434853" lon="118.59633617415619">
        <ele>28.5</ele>
        <time>2026-09-24T12:55:54Z</time>
        <extensions>
          <gpxtpx:TrackPointExtension>
            <gpxtpx:hr>173</gpxtpx:hr>
          </gpxtpx:TrackPointExtension>
        </extensions>
      </trkpt>
      <trkpt lat="32.060921490158975" lon="118.59634117097215">
        <ele>28.5</ele>
        <time>2026-09-24T12:55:55Z</time>
        <extensions>
          <gpxtpx:TrackPointExtension>
            <gpxtpx:hr>173</gpxtpx:hr>
          </gpxtpx:TrackPointExtension>
        </extensions>
      </trkpt>
      <trkpt lat="32.06094649453676" lon="118.59634816804372">
        <ele>28.5</ele>
        <time>2026-09-24T12:55:56Z</time>
        <extensions>
          <gpxtpx:TrackPointExtension>
            <gpxtpx:hr>173</gpxtpx:hr>
          </gpxtpx:TrackPointExtension>
        </extensions>
      </trkpt>
      <trkpt lat="32.06097349935394" lon="118.59635516493258">
        <ele>28.0</ele>
        <time>2026-09-24T12:55:57Z</time>
        <extensions>
          <gpxtpx:TrackPointExtension>
            <gpxtpx:hr>174</gpxtpx:hr>
          </gpxtpx:TrackPointExtension>
        </extensions>
      </trkpt>
      <trkpt lat="32.061000503840404" lon="118.59636416162374">
        <ele>28.0</ele>
        <time>2026-09-24T12:55:58Z</time>
        <extensions>
          <gpxtpx:TrackPointExtension>
            <gpxtpx:hr>174</gpxtpx:hr>
          </gpxtpx:TrackPointExtension>
        </extensions>
      </trkpt>
      <trkpt lat="32.06102550788149" lon="118.59637315849086">
        <ele>28.0</ele>
        <time>2026-09-24T12:55:59Z</time>
        <extensions>
          <gpxtpx:TrackPointExtension>
            <gpxtpx:hr>174</gpxtpx:hr>
          </gpxtpx:TrackPointExtension>
        </extensions>
      </trkpt>
      <trkpt lat="32.061048511642234" lon="118.59638115563251">
        <ele>28.0</ele>
        <time>2026-09-24T12:56:00Z</time>
        <extensions>
          <gpxtpx:TrackPointExtension>
            <gpxtpx:hr>174</gpxtpx:hr>
          </gpxtpx:TrackPointExtension>
        </extensions>
      </trkpt>
      <trkpt lat="32.06107451622784" lon="118.59638815259952">
        <ele>28.0</ele>
        <time>2026-09-24T12:56:01Z</time>
        <extensions>
          <gpxtpx:TrackPointExtension>
            <gpxtpx:hr>174</gpxtpx:hr>
          </gpxtpx:TrackPointExtension>
        </extensions>
      </trkpt>
      <trkpt lat="32.06110252125278" lon="118.59639514938381">
        <ele>28.7</ele>
        <time>2026-09-24T12:56:02Z</time>
        <extensions>
          <gpxtpx:TrackPointExtension>
            <gpxtpx:hr>173</gpxtpx:hr>
          </gpxtpx:TrackPointExtension>
        </extensions>
      </trkpt>
      <trkpt lat="32.061129526386246" lon="118.59640014645477">
        <ele>28.7</ele>
        <time>2026-09-24T12:56:03Z</time>
        <extensions>
          <gpxtpx:TrackPointExtension>
            <gpxtpx:hr>173</gpxtpx:hr>
          </gpxtpx:TrackPointExtension>
        </extensions>
      </trkpt>
      <trkpt lat="32.06115953251276" lon="118.5964031434536">
        <ele>28.7</ele>
        <time>2026-09-24T12:56:04Z</time>
        <extensions>
          <gpxtpx:TrackPointExtension>
            <gpxtpx:hr>173</gpxtpx:hr>
          </gpxtpx:TrackPointExtension>
        </extensions>
      </trkpt>
      <trkpt lat="32.06119053902545" lon="118.59640514046167">
        <ele>28.7</ele>
        <time>2026-09-24T12:56:05Z</time>
        <extensions>
          <gpxtpx:TrackPointExtension>
            <gpxtpx:hr>173</gpxtpx:hr>
          </gpxtpx:TrackPointExtension>
        </extensions>
      </trkpt>
      <trkpt lat="32.061218544875345" lon="118.59640713773976">
        <ele>28.7</ele>
        <time>2026-09-24T12:56:06Z</time>
        <extensions>
          <gpxtpx:TrackPointExtension>
            <gpxtpx:hr>173</gpxtpx:hr>
          </gpxtpx:TrackPointExtension>
        </extensions>
      </trkpt>
      <trkpt lat="32.06124154995325" lon="118.59640713566789">
        <ele>28.8</ele>
        <time>2026-09-24T12:56:07Z</time>
        <extensions>
          <gpxtpx:TrackPointExtension>
            <gpxtpx:hr>174</gpxtpx:hr>
          </gpxtpx:TrackPointExtension>
        </extensions>
      </trkpt>
      <trkpt lat="32.061266555306425" lon="118.59640813331595">
        <ele>28.8</ele>
        <time>2026-09-24T12:56:08Z</time>
        <extensions>
          <gpxtpx:TrackPointExtension>
            <gpxtpx:hr>174</gpxtpx:hr>
          </gpxtpx:TrackPointExtension>
        </extensions>
      </trkpt>
      <trkpt lat="32.06129656209546" lon="118.59640713071339">
        <ele>28.8</ele>
        <time>2026-09-24T12:56:09Z</time>
        <extensions>
          <gpxtpx:TrackPointExtension>
            <gpxtpx:hr>174</gpxtpx:hr>
          </gpxtpx:TrackPointExtension>
        </extensions>
      </trkpt>
      <trkpt lat="32.06132356838796" lon="118.5964051284808">
        <ele>28.8</ele>
        <time>2026-09-24T12:56:10Z</time>
        <extensions>
          <gpxtpx:TrackPointExtension>
            <gpxtpx:hr>174</gpxtpx:hr>
          </gpxtpx:TrackPointExtension>
        </extensions>
      </trkpt>
      <trkpt lat="32.06134957462525" lon="118.5964021264377">
        <ele>28.8</ele>
        <time>2026-09-24T12:56:11Z</time>
        <extensions>
          <gpxtpx:TrackPointExtension>
            <gpxtpx:hr>174</gpxtpx:hr>
          </gpxtpx:TrackPointExtension>
        </extensions>
      </trkpt>
      <trkpt lat="32.061376581082676" lon="118.59639912430406">
        <ele>29.1</ele>
        <time>2026-09-24T12:56:12Z</time>
        <extensions>
          <gpxtpx:TrackPointExtension>
            <gpxtpx:hr>173</gpxtpx:hr>
          </gpxtpx:TrackPointExtension>
        </extensions>
      </trkpt>
      <trkpt lat="32.06140258764995" lon="118.59639412245852">
        <ele>29.1</ele>
        <time>2026-09-24T12:56:13Z</time>
        <extensions>
          <gpxtpx:TrackPointExtension>
            <gpxtpx:hr>173</gpxtpx:hr>
          </gpxtpx:TrackPointExtension>
        </extensions>
      </trkpt>
      <trkpt lat="32.06142959443666" lon="118.5963891205216">
        <ele>29.1</ele>
        <time>2026-09-24T12:56:14Z</time>
        <extensions>
          <gpxtpx:TrackPointExtension>
            <gpxtpx:hr>173</gpxtpx:hr>
          </gpxtpx:TrackPointExtension>
        </extensions>
      </trkpt>
      <trkpt lat="32.06145660122209" lon="118.59638411858339">
        <ele>29.1</ele>
        <time>2026-09-24T12:56:15Z</time>
        <extensions>
          <gpxtpx:TrackPointExtension>
            <gpxtpx:hr>173</gpxtpx:hr>
          </gpxtpx:TrackPointExtension>
        </extensions>
      </trkpt>
      <trkpt lat="32.061482607950396" lon="118.59637811683235">
        <ele>29.1</ele>
        <time>2026-09-24T12:56:16Z</time>
        <extensions>
          <gpxtpx:TrackPointExtension>
            <gpxtpx:hr>173</gpxtpx:hr>
          </gpxtpx:TrackPointExtension>
        </extensions>
      </trkpt>
      <trkpt lat="32.061508614841514" lon="118.5963711151775">
        <ele>29.3</ele>
        <time>2026-09-24T12:56:17Z</time>
        <extensions>
          <gpxtpx:TrackPointExtension>
            <gpxtpx:hr>174</gpxtpx:hr>
          </gpxtpx:TrackPointExtension>
        </extensions>
      </trkpt>
      <trkpt lat="32.061534621894566" lon="118.59636311361771">
        <ele>29.3</ele>
        <time>2026-09-24T12:56:18Z</time>
        <extensions>
          <gpxtpx:TrackPointExtension>
            <gpxtpx:hr>174</gpxtpx:hr>
          </gpxtpx:TrackPointExtension>
        </extensions>
      </trkpt>
      <trkpt lat="32.06156062927228" lon="118.59635311224889">
        <ele>29.3</ele>
        <time>2026-09-24T12:56:19Z</time>
        <extensions>
          <gpxtpx:TrackPointExtension>
            <gpxtpx:hr>174</gpxtpx:hr>
          </gpxtpx:TrackPointExtension>
        </extensions>
      </trkpt>
      <trkpt lat="32.06158663664549" lon="118.59634311087488">
        <ele>29.3</ele>
        <time>2026-09-24T12:56:20Z</time>
        <extensions>
          <gpxtpx:TrackPointExtension>
            <gpxtpx:hr>174</gpxtpx:hr>
          </gpxtpx:TrackPointExtension>
        </extensions>
      </trkpt>
      <trkpt lat="32.06161264401418" lon="118.59633310949572">
        <ele>29.3</ele>
        <time>2026-09-24T12:56:21Z</time>
        <extensions>
          <gpxtpx:TrackPointExtension>
            <gpxtpx:hr>174</gpxtpx:hr>
          </gpxtpx:TrackPointExtension>
        </extensions>
      </trkpt>
      <trkpt lat="32.06163865121587" lon="118.59632410801584">
        <ele>29.7</ele>
        <time>2026-09-24T12:56:22Z</time>
        <extensions>
          <gpxtpx:TrackPointExtension>
            <gpxtpx:hr>174</gpxtpx:hr>
          </gpxtpx:TrackPointExtension>
        </extensions>
      </trkpt>
      <trkpt lat="32.06166365835534" lon="118.59631410671695">
        <ele>29.7</ele>
        <time>2026-09-24T12:56:23Z</time>
        <extensions>
          <gpxtpx:TrackPointExtension>
            <gpxtpx:hr>174</gpxtpx:hr>
          </gpxtpx:TrackPointExtension>
        </extensions>
      </trkpt>
      <trkpt lat="32.0616896660342" lon="118.59630210551177">
        <ele>29.7</ele>
        <time>2026-09-24T12:56:24Z</time>
        <extensions>
          <gpxtpx:TrackPointExtension>
            <gpxtpx:hr>174</gpxtpx:hr>
          </gpxtpx:TrackPointExtension>
        </extensions>
      </trkpt>
      <trkpt lat="32.06171467364703" lon="118.59628910448305">
        <ele>29.7</ele>
        <time>2026-09-24T12:56:25Z</time>
        <extensions>
          <gpxtpx:TrackPointExtension>
            <gpxtpx:hr>174</gpxtpx:hr>
          </gpxtpx:TrackPointExtension>
        </extensions>
      </trkpt>
      <trkpt lat="32.06174068147304" lon="118.59627610335552">
        <ele>29.7</ele>
        <time>2026-09-24T12:56:26Z</time>
        <extensions>
          <gpxtpx:TrackPointExtension>
            <gpxtpx:hr>174</gpxtpx:hr>
          </gpxtpx:TrackPointExtension>
        </extensions>
      </trkpt>
      <trkpt lat="32.0617646888503" lon="118.59626310239942">
        <ele>30.2</ele>
        <time>2026-09-24T12:56:27Z</time>
        <extensions>
          <gpxtpx:TrackPointExtension>
            <gpxtpx:hr>175</gpxtpx:hr>
          </gpxtpx:TrackPointExtension>
        </extensions>
      </trkpt>
      <trkpt lat="32.06178869622013" lon="118.59625010143456">
        <ele>30.2</ele>
        <time>2026-09-24T12:56:28Z</time>
        <extensions>
          <gpxtpx:TrackPointExtension>
            <gpxtpx:hr>175</gpxtpx:hr>
          </gpxtpx:TrackPointExtension>
        </extensions>
      </trkpt>
      <trkpt lat="32.06181070330002" lon="118.59623610073223">
        <ele>30.2</ele>
        <time>2026-09-24T12:56:29Z</time>
        <extensions>
          <gpxtpx:TrackPointExtension>
            <gpxtpx:hr>175</gpxtpx:hr>
          </gpxtpx:TrackPointExtension>
        </extensions>
      </trkpt>
      <trkpt lat="32.06183471097062" lon="118.59622109992986">
        <ele>30.2</ele>
        <time>2026-09-24T12:56:30Z</time>
        <extensions>
          <gpxtpx:TrackPointExtension>
            <gpxtpx:hr>175</gpxtpx:hr>
          </gpxtpx:TrackPointExtension>
        </extensions>
      </trkpt>
      <trkpt lat="32.06185971869449" lon="118.5962070989363">
        <ele>30.2</ele>
        <time>2026-09-24T12:56:31Z</time>
        <extensions>
          <gpxtpx:TrackPointExtension>
            <gpxtpx:hr>175</gpxtpx:hr>
          </gpxtpx:TrackPointExtension>
        </extensions>
      </trkpt>
      <trkpt lat="32.061883725718324" lon="118.59619609775602">
        <ele>30.5</ele>
        <time>2026-09-24T12:56:32Z</time>
        <extensions>
          <gpxtpx:TrackPointExtension>
            <gpxtpx:hr>174</gpxtpx:hr>
          </gpxtpx:TrackPointExtension>
        </extensions>
      </trkpt>
      <trkpt lat="32.06190873295734" lon="118.5961850964794">
        <ele>30.5</ele>
        <time>2026-09-24T12:56:33Z</time>
        <extensions>
          <gpxtpx:TrackPointExtension>
            <gpxtpx:hr>174</gpxtpx:hr>
          </gpxtpx:TrackPointExtension>
        </extensions>
      </trkpt>
      <trkpt lat="32.06193774247599" lon="118.59616509562453">
        <ele>30.5</ele>
        <time>2026-09-24T12:56:34Z</time>
        <extensions>
          <gpxtpx:TrackPointExtension>
            <gpxtpx:hr>174</gpxtpx:hr>
          </gpxtpx:TrackPointExtension>
        </extensions>
      </trkpt>
      <trkpt lat="32.06196075096326" lon="118.59614309546204">
        <ele>30.5</ele>
        <time>2026-09-24T12:56:35Z</time>
        <extensions>
          <gpxtpx:TrackPointExtension>
            <gpxtpx:hr>174</gpxtpx:hr>
          </gpxtpx:TrackPointExtension>
        </extensions>
      </trkpt>
      <trkpt lat="32.06197875678687" lon="118.59613109487151">
        <ele>30.5</ele>
        <time>2026-09-24T12:56:36Z</time>
        <extensions>
          <gpxtpx:TrackPointExtension>
            <gpxtpx:hr>174</gpxtpx:hr>
          </gpxtpx:TrackPointExtension>
        </extensions>
      </trkpt>
      <trkpt lat="32.06199876212242" lon="118.59612509358253">
        <ele>30.9</ele>
        <time>2026-09-24T12:56:37Z</time>
        <extensions>
          <gpxtpx:TrackPointExtension>
            <gpxtpx:hr>173</gpxtpx:hr>
          </gpxtpx:TrackPointExtension>
        </extensions>
      </trkpt>
      <trkpt lat="32.062021768271606" lon="118.59611809210638">
        <ele>30.9</ele>
        <time>2026-09-24T12:56:38Z</time>
        <extensions>
          <gpxtpx:TrackPointExtension>
            <gpxtpx:hr>173</gpxtpx:hr>
          </gpxtpx:TrackPointExtension>
        </extensions>
      </trkpt>
      <trkpt lat="32.06204477503152" lon="118.59610709096557">
        <ele>30.9</ele>
        <time>2026-09-24T12:56:39Z</time>
        <extensions>
          <gpxtpx:TrackPointExtension>
            <gpxtpx:hr>173</gpxtpx:hr>
          </gpxtpx:TrackPointExtension>
        </extensions>
      </trkpt>
      <trkpt lat="32.06206778178604" lon="118.59609608981852">
        <ele>30.9</ele>
        <time>2026-09-24T12:56:40Z</time>
        <extensions>
          <gpxtpx:TrackPointExtension>
            <gpxtpx:hr>173</gpxtpx:hr>
          </gpxtpx:TrackPointExtension>
        </extensions>
      </trkpt>
      <trkpt lat="32.06209378950111" lon="118.59608308856129">
        <ele>30.9</ele>
        <time>2026-09-24T12:56:41Z</time>
        <extensions>
          <gpxtpx:TrackPointExtension>
            <gpxtpx:hr>173</gpxtpx:hr>
          </gpxtpx:TrackPointExtension>
        </extensions>
      </trkpt>
      <trkpt lat="32.062122797870245" lon="118.59607008702505">
        <ele>31.1</ele>
        <time>2026-09-24T12:56:42Z</time>
        <extensions>
          <gpxtpx:TrackPointExtension>
            <gpxtpx:hr>174</gpxtpx:hr>
          </gpxtpx:TrackPointExtension>
        </extensions>
      </trkpt>
      <trkpt lat="32.062148805268215" lon="118.59605908558669">
        <ele>31.1</ele>
        <time>2026-09-24T12:56:43Z</time>
        <extensions>
          <gpxtpx:TrackPointExtension>
            <gpxtpx:hr>174</gpxtpx:hr>
          </gpxtpx:TrackPointExtension>
        </extensions>
      </trkpt>
      <trkpt lat="32.062174812510115" lon="118.59604908406072">
        <ele>31.1</ele>
        <time>2026-09-24T12:56:44Z</time>
        <extensions>
          <gpxtpx:TrackPointExtension>
            <gpxtpx:hr>174</gpxtpx:hr>
          </gpxtpx:TrackPointExtension>
        </extensions>
      </trkpt>
      <trkpt lat="32.06220081989771" lon="118.5960380826104">
        <ele>31.1</ele>
        <time>2026-09-24T12:56:45Z</time>
        <extensions>
          <gpxtpx:TrackPointExtension>
            <gpxtpx:hr>174</gpxtpx:hr>
          </gpxtpx:TrackPointExtension>
        </extensions>
      </trkpt>
      <trkpt lat="32.06222582705939" lon="118.5960270812439">
        <ele>31.1</ele>
        <time>2026-09-24T12:56:46Z</time>
        <extensions>
          <gpxtpx:TrackPointExtension>
            <gpxtpx:hr>174</gpxtpx:hr>
          </gpxtpx:TrackPointExtension>
        </extensions>
      </trkpt>
      <trkpt lat="32.06225283495501" lon="118.59601407985018">
        <ele>31.2</ele>
        <time>2026-09-24T12:56:47Z</time>
        <extensions>
          <gpxtpx:TrackPointExtension>
            <gpxtpx:hr>174</gpxtpx:hr>
          </gpxtpx:TrackPointExtension>
        </extensions>
      </trkpt>
      <trkpt lat="32.06227384092559" lon="118.5960050786723">
        <ele>31.2</ele>
        <time>2026-09-24T12:56:48Z</time>
        <extensions>
          <gpxtpx:TrackPointExtension>
            <gpxtpx:hr>174</gpxtpx:hr>
          </gpxtpx:TrackPointExtension>
        </extensions>
      </trkpt>
      <trkpt lat="32.062298848071066" lon="118.59599407728702">
        <ele>31.2</ele>
        <time>2026-09-24T12:56:49Z</time>
        <extensions>
          <gpxtpx:TrackPointExtension>
            <gpxtpx:hr>174</gpxtpx:hr>
          </gpxtpx:TrackPointExtension>
        </extensions>
      </trkpt>
      <trkpt lat="32.062324855283755" lon="118.59598407572742">
        <ele>31.2</ele>
        <time>2026-09-24T12:56:50Z</time>
        <extensions>
          <gpxtpx:TrackPointExtension>
            <gpxtpx:hr>174</gpxtpx:hr>
          </gpxtpx:TrackPointExtension>
        </extensions>
      </trkpt>
      <trkpt lat="32.06234886219843" lon="118.59597307442027">
        <ele>31.2</ele>
        <time>2026-09-24T12:56:51Z</time>
        <extensions>
          <gpxtpx:TrackPointExtension>
            <gpxtpx:hr>174</gpxtpx:hr>
          </gpxtpx:TrackPointExtension>
        </extensions>
      </trkpt>
      <trkpt lat="32.06237787035679" lon="118.59596107273327">
        <ele>31.2</ele>
        <time>2026-09-24T12:56:52Z</time>
        <extensions>
          <gpxtpx:TrackPointExtension>
            <gpxtpx:hr>176</gpxtpx:hr>
          </gpxtpx:TrackPointExtension>
        </extensions>
      </trkpt>
      <trkpt lat="32.062402877480594" lon="118.59595007132295">
        <ele>31.2</ele>
        <time>2026-09-24T12:56:53Z</time>
        <extensions>
          <gpxtpx:TrackPointExtension>
            <gpxtpx:hr>176</gpxtpx:hr>
          </gpxtpx:TrackPointExtension>
        </extensions>
      </trkpt>
      <trkpt lat="32.06242788445305" lon="118.59594006983065">
        <ele>31.2</ele>
        <time>2026-09-24T12:56:54Z</time>
        <extensions>
          <gpxtpx:TrackPointExtension>
            <gpxtpx:hr>176</gpxtpx:hr>
          </gpxtpx:TrackPointExtension>
        </extensions>
      </trkpt>
      <trkpt lat="32.062453891641425" lon="118.59593006824309">
        <ele>31.2</ele>
        <time>2026-09-24T12:56:55Z</time>
        <extensions>
          <gpxtpx:TrackPointExtension>
            <gpxtpx:hr>176</gpxtpx:hr>
          </gpxtpx:TrackPointExtension>
        </extensions>
      </trkpt>
      <trkpt lat="32.06247989868017" lon="118.59592106657566">
        <ele>31.2</ele>
        <time>2026-09-24T12:56:56Z</time>
        <extensions>
          <gpxtpx:TrackPointExtension>
            <gpxtpx:hr>176</gpxtpx:hr>
          </gpxtpx:TrackPointExtension>
        </extensions>
      </trkpt>
      <trkpt lat="32.06250690593562" lon="118.59591206481393">
        <ele>31.0</ele>
        <time>2026-09-24T12:56:57Z</time>
        <extensions>
          <gpxtpx:TrackPointExtension>
            <gpxtpx:hr>175</gpxtpx:hr>
          </gpxtpx:TrackPointExtension>
        </extensions>
      </trkpt>
      <trkpt lat="32.06253291325558" lon="118.59590106328561">
        <ele>31.0</ele>
        <time>2026-09-24T12:56:58Z</time>
        <extensions>
          <gpxtpx:TrackPointExtension>
            <gpxtpx:hr>175</gpxtpx:hr>
          </gpxtpx:TrackPointExtension>
        </extensions>
      </trkpt>
      <trkpt lat="32.0625589204263" lon="118.59589106167786">
        <ele>31.0</ele>
        <time>2026-09-24T12:56:59Z</time>
        <extensions>
          <gpxtpx:TrackPointExtension>
            <gpxtpx:hr>175</gpxtpx:hr>
          </gpxtpx:TrackPointExtension>
        </extensions>
      </trkpt>
      <trkpt lat="32.0625839275155" lon="118.59588006022769">
        <ele>31.0</ele>
        <time>2026-09-24T12:57:00Z</time>
        <extensions>
          <gpxtpx:TrackPointExtension>
            <gpxtpx:hr>175</gpxtpx:hr>
          </gpxtpx:TrackPointExtension>
        </extensions>
      </trkpt>
      <trkpt lat="32.06261493577861" lon="118.59587005815864">
        <ele>31.0</ele>
        <time>2026-09-24T12:57:01Z</time>
        <extensions>
          <gpxtpx:TrackPointExtension>
            <gpxtpx:hr>175</gpxtpx:hr>
          </gpxtpx:TrackPointExtension>
        </extensions>
      </trkpt>
      <trkpt lat="32.062640942650226" lon="118.59586205639157">
        <ele>31.3</ele>
        <time>2026-09-24T12:57:02Z</time>
        <extensions>
          <gpxtpx:TrackPointExtension>
            <gpxtpx:hr>176</gpxtpx:hr>
          </gpxtpx:TrackPointExtension>
        </extensions>
      </trkpt>
      <trkpt lat="32.062662948210544" lon="118.59585705476746">
        <ele>31.3</ele>
        <time>2026-09-24T12:57:03Z</time>
        <extensions>
          <gpxtpx:TrackPointExtension>
            <gpxtpx:hr>176</gpxtpx:hr>
          </gpxtpx:TrackPointExtension>
        </extensions>
      </trkpt>
      <trkpt lat="32.062685954132114" lon="118.59585105312314">
        <ele>31.3</ele>
        <time>2026-09-24T12:57:04Z</time>
        <extensions>
          <gpxtpx:TrackPointExtension>
            <gpxtpx:hr>176</gpxtpx:hr>
          </gpxtpx:TrackPointExtension>
        </extensions>
      </trkpt>
      <trkpt lat="32.062707959831634" lon="118.59584505156703">
        <ele>31.3</ele>
        <time>2026-09-24T12:57:05Z</time>
        <extensions>
          <gpxtpx:TrackPointExtension>
            <gpxtpx:hr>176</gpxtpx:hr>
          </gpxtpx:TrackPointExtension>
        </extensions>
      </trkpt>
      <trkpt lat="32.06273196625322" lon="118.59583704996977">
        <ele>31.3</ele>
        <time>2026-09-24T12:57:06Z</time>
        <extensions>
          <gpxtpx:TrackPointExtension>
            <gpxtpx:hr>176</gpxtpx:hr>
          </gpxtpx:TrackPointExtension>
        </extensions>
      </trkpt>
      <trkpt lat="32.06275597267185" lon="118.59582904836918">
        <ele>31.5</ele>
        <time>2026-09-24T12:57:07Z</time>
        <extensions>
          <gpxtpx:TrackPointExtension>
            <gpxtpx:hr>175</gpxtpx:hr>
          </gpxtpx:TrackPointExtension>
        </extensions>
      </trkpt>
      <trkpt lat="32.06277597806543" lon="118.59582204705606">
        <ele>31.5</ele>
        <time>2026-09-24T12:57:08Z</time>
        <extensions>
          <gpxtpx:TrackPointExtension>
            <gpxtpx:hr>175</gpxtpx:hr>
          </gpxtpx:TrackPointExtension>
        </extensions>
      </trkpt>
      <trkpt lat="32.06279798389741" lon="118.59581504556022">
        <ele>31.5</ele>
        <time>2026-09-24T12:57:09Z</time>
        <extensions>
          <gpxtpx:TrackPointExtension>
            <gpxtpx:hr>175</gpxtpx:hr>
          </gpxtpx:TrackPointExtension>
        </extensions>
      </trkpt>
      <trkpt lat="32.06281998986736" lon="118.5958070441307">
        <ele>31.5</ele>
        <time>2026-09-24T12:57:10Z</time>
        <extensions>
          <gpxtpx:TrackPointExtension>
            <gpxtpx:hr>175</gpxtpx:hr>
          </gpxtpx:TrackPointExtension>
        </extensions>
      </trkpt>
      <trkpt lat="32.06284199611402" lon="118.5957970428346">
        <ele>31.5</ele>
        <time>2026-09-24T12:57:11Z</time>
        <extensions>
          <gpxtpx:TrackPointExtension>
            <gpxtpx:hr>175</gpxtpx:hr>
          </gpxtpx:TrackPointExtension>
        </extensions>
      </trkpt>
      <trkpt lat="32.06286100155595" lon="118.59578804173576">
        <ele>31.7</ele>
        <time>2026-09-24T12:57:12Z</time>
        <extensions>
          <gpxtpx:TrackPointExtension>
            <gpxtpx:hr>174</gpxtpx:hr>
          </gpxtpx:TrackPointExtension>
        </extensions>
      </trkpt>
      <trkpt lat="32.06288300793305" lon="118.59577704049714">
        <ele>31.7</ele>
        <time>2026-09-24T12:57:13Z</time>
        <extensions>
          <gpxtpx:TrackPointExtension>
            <gpxtpx:hr>174</gpxtpx:hr>
          </gpxtpx:TrackPointExtension>
        </extensions>
      </trkpt>
      <trkpt lat="32.06290601466349" lon="118.59576503922885">
        <ele>31.7</ele>
        <time>2026-09-24T12:57:14Z</time>
        <extensions>
          <gpxtpx:TrackPointExtension>
            <gpxtpx:hr>174</gpxtpx:hr>
          </gpxtpx:TrackPointExtension>
        </extensions>
      </trkpt>
      <trkpt lat="32.06293002174565" lon="118.59575203792903">
        <ele>31.7</ele>
        <time>2026-09-24T12:57:15Z</time>
        <extensions>
          <gpxtpx:TrackPointExtension>
            <gpxtpx:hr>174</gpxtpx:hr>
          </gpxtpx:TrackPointExtension>
        </extensions>
      </trkpt>
      <trkpt lat="32.06295302860007" lon="118.59573903671054">
        <ele>31.7</ele>
        <time>2026-09-24T12:57:16Z</time>
        <extensions>
          <gpxtpx:TrackPointExtension>
            <gpxtpx:hr>174</gpxtpx:hr>
          </gpxtpx:TrackPointExtension>
        </extensions>
      </trkpt>
      <trkpt lat="32.062976035036726" lon="118.59572903528914">
        <ele>31.8</ele>
        <time>2026-09-24T12:57:17Z</time>
        <extensions>
          <gpxtpx:TrackPointExtension>
            <gpxtpx:hr>173</gpxtpx:hr>
          </gpxtpx:TrackPointExtension>
        </extensions>
      </trkpt>
      <trkpt lat="32.06300304275893" lon="118.5957160336948">
        <ele>31.8</ele>
        <time>2026-09-24T12:57:18Z</time>
        <extensions>
          <gpxtpx:TrackPointExtension>
            <gpxtpx:hr>173</gpxtpx:hr>
          </gpxtpx:TrackPointExtension>
        </extensions>
      </trkpt>
      <trkpt lat="32.063028049761606" lon="118.59570503214488">
        <ele>31.8</ele>
        <time>2026-09-24T12:57:19Z</time>
        <extensions>
          <gpxtpx:TrackPointExtension>
            <gpxtpx:hr>173</gpxtpx:hr>
          </gpxtpx:TrackPointExtension>
        </extensions>
      </trkpt>
      <trkpt lat="32.06304805538693" lon="118.59569603091306">
        <ele>31.8</ele>
        <time>2026-09-24T12:57:20Z</time>
        <extensions>
          <gpxtpx:TrackPointExtension>
            <gpxtpx:hr>173</gpxtpx:hr>
          </gpxtpx:TrackPointExtension>
        </extensions>
      </trkpt>
      <trkpt lat="32.06307106193928" lon="118.59568502953191">
        <ele>31.8</ele>
        <time>2026-09-24T12:57:21Z</time>
        <extensions>
          <gpxtpx:TrackPointExtension>
            <gpxtpx:hr>173</gpxtpx:hr>
          </gpxtpx:TrackPointExtension>
        </extensions>
      </trkpt>
      <trkpt lat="32.063095068975294" lon="118.5956720281782">
        <ele>32.0</ele>
        <time>2026-09-24T12:57:22Z</time>
        <extensions>
          <gpxtpx:TrackPointExtension>
            <gpxtpx:hr>173</gpxtpx:hr>
          </gpxtpx:TrackPointExtension>
        </extensions>
      </trkpt>
      <trkpt lat="32.0631150749891" lon="118.59566002711486">
        <ele>32.0</ele>
        <time>2026-09-24T12:57:23Z</time>
        <extensions>
          <gpxtpx:TrackPointExtension>
            <gpxtpx:hr>173</gpxtpx:hr>
          </gpxtpx:TrackPointExtension>
        </extensions>
      </trkpt>
      <trkpt lat="32.06313708170356" lon="118.595646025985">
        <ele>32.0</ele>
        <time>2026-09-24T12:57:24Z</time>
        <extensions>
          <gpxtpx:TrackPointExtension>
            <gpxtpx:hr>173</gpxtpx:hr>
          </gpxtpx:TrackPointExtension>
        </extensions>
      </trkpt>
      <trkpt lat="32.06315908867458" lon="118.59563002496441">
        <ele>32.0</ele>
        <time>2026-09-24T12:57:25Z</time>
        <extensions>
          <gpxtpx:TrackPointExtension>
            <gpxtpx:hr>173</gpxtpx:hr>
          </gpxtpx:TrackPointExtension>
        </extensions>
      </trkpt>
      <trkpt lat="32.06317809470996" lon="118.59561602408304">
        <ele>32.0</ele>
        <time>2026-09-24T12:57:26Z</time>
        <extensions>
          <gpxtpx:TrackPointExtension>
            <gpxtpx:hr>173</gpxtpx:hr>
          </gpxtpx:TrackPointExtension>
        </extensions>
      </trkpt>
      <trkpt lat="32.06319810121954" lon="118.59560002321774">
        <ele>32.1</ele>
        <time>2026-09-24T12:57:27Z</time>
        <extensions>
          <gpxtpx:TrackPointExtension>
            <gpxtpx:hr>174</gpxtpx:hr>
          </gpxtpx:TrackPointExtension>
        </extensions>
      </trkpt>
      <trkpt lat="32.063222108990175" lon="118.59558102215043">
        <ele>32.1</ele>
        <time>2026-09-24T12:57:28Z</time>
        <extensions>
          <gpxtpx:TrackPointExtension>
            <gpxtpx:hr>174</gpxtpx:hr>
          </gpxtpx:TrackPointExtension>
        </extensions>
      </trkpt>
      <trkpt lat="32.06324411630464" lon="118.59556202124458">
        <ele>32.1</ele>
        <time>2026-09-24T12:57:29Z</time>
        <extensions>
          <gpxtpx:TrackPointExtension>
            <gpxtpx:hr>174</gpxtpx:hr>
          </gpxtpx:TrackPointExtension>
        </extensions>
      </trkpt>
      <trkpt lat="32.06326212233606" lon="118.59554602051465">
        <ele>32.1</ele>
        <time>2026-09-24T12:57:30Z</time>
        <extensions>
          <gpxtpx:TrackPointExtension>
            <gpxtpx:hr>174</gpxtpx:hr>
          </gpxtpx:TrackPointExtension>
        </extensions>
      </trkpt>
      <trkpt lat="32.06327812804416" lon="118.59552902000608">
        <ele>32.1</ele>
        <time>2026-09-24T12:57:31Z</time>
        <extensions>
          <gpxtpx:TrackPointExtension>
            <gpxtpx:hr>174</gpxtpx:hr>
          </gpxtpx:TrackPointExtension>
        </extensions>
      </trkpt>
      <trkpt lat="32.063297134654974" lon="118.59551001931925">
        <ele>32.2</ele>
        <time>2026-09-24T12:57:32Z</time>
        <extensions>
          <gpxtpx:TrackPointExtension>
            <gpxtpx:hr>174</gpxtpx:hr>
          </gpxtpx:TrackPointExtension>
        </extensions>
      </trkpt>
      <trkpt lat="32.06331714159672" lon="118.59549001857603">
        <ele>32.2</ele>
        <time>2026-09-24T12:57:33Z</time>
        <extensions>
          <gpxtpx:TrackPointExtension>
            <gpxtpx:hr>174</gpxtpx:hr>
          </gpxtpx:TrackPointExtension>
        </extensions>
      </trkpt>
      <trkpt lat="32.06333714839538" lon="118.59547101776067">
        <ele>32.2</ele>
        <time>2026-09-24T12:57:34Z</time>
        <extensions>
          <gpxtpx:TrackPointExtension>
            <gpxtpx:hr>174</gpxtpx:hr>
          </gpxtpx:TrackPointExtension>
        </extensions>
      </trkpt>
      <trkpt lat="32.063356154958136" lon="118.59545201701667">
        <ele>32.2</ele>
        <time>2026-09-24T12:57:35Z</time>
        <extensions>
          <gpxtpx:TrackPointExtension>
            <gpxtpx:hr>174</gpxtpx:hr>
          </gpxtpx:TrackPointExtension>
        </extensions>
      </trkpt>
      <trkpt lat="32.06337416116095" lon="118.59543401629455">
        <ele>32.2</ele>
        <time>2026-09-24T12:57:36Z</time>
        <extensions>
          <gpxtpx:TrackPointExtension>
            <gpxtpx:hr>174</gpxtpx:hr>
          </gpxtpx:TrackPointExtension>
        </extensions>
      </trkpt>
      <trkpt lat="32.063395168748976" lon="118.59541001557582">
        <ele>32.1</ele>
        <time>2026-09-24T12:57:37Z</time>
        <extensions>
          <gpxtpx:TrackPointExtension>
            <gpxtpx:hr>173</gpxtpx:hr>
          </gpxtpx:TrackPointExtension>
        </extensions>
      </trkpt>
      <trkpt lat="32.06341417574964" lon="118.59538701496034">
        <ele>32.1</ele>
        <time>2026-09-24T12:57:38Z</time>
        <extensions>
          <gpxtpx:TrackPointExtension>
            <gpxtpx:hr>173</gpxtpx:hr>
          </gpxtpx:TrackPointExtension>
        </extensions>
      </trkpt>
      <trkpt lat="32.06343018170361" lon="118.5953670144498">
        <ele>32.1</ele>
        <time>2026-09-24T12:57:39Z</time>
        <extensions>
          <gpxtpx:TrackPointExtension>
            <gpxtpx:hr>173</gpxtpx:hr>
          </gpxtpx:TrackPointExtension>
        </extensions>
      </trkpt>
      <trkpt lat="32.06344618776044" lon="118.59534601396348">
        <ele>32.1</ele>
        <time>2026-09-24T12:57:40Z</time>
        <extensions>
          <gpxtpx:TrackPointExtension>
            <gpxtpx:hr>173</gpxtpx:hr>
          </gpxtpx:TrackPointExtension>
        </extensions>
      </trkpt>
      <trkpt lat="32.06346019323848" lon="118.59532601359055">
        <ele>32.1</ele>
        <time>2026-09-24T12:57:41Z</time>
        <extensions>
          <gpxtpx:TrackPointExtension>
            <gpxtpx:hr>173</gpxtpx:hr>
          </gpxtpx:TrackPointExtension>
        </extensions>
      </trkpt>
      <trkpt lat="32.063474198580565" lon="118.59530701315398">
        <ele>32.1</ele>
        <time>2026-09-24T12:57:42Z</time>
        <extensions>
          <gpxtpx:TrackPointExtension>
            <gpxtpx:hr>171</gpxtpx:hr>
          </gpxtpx:TrackPointExtension>
        </extensions>
      </trkpt>
      <trkpt lat="32.063487203215566" lon="118.59529201262065">
        <ele>32.1</ele>
        <time>2026-09-24T12:57:43Z</time>
        <extensions>
          <gpxtpx:TrackPointExtension>
            <gpxtpx:hr>171</gpxtpx:hr>
          </gpxtpx:TrackPointExtension>
        </extensions>
      </trkpt>
      <trkpt lat="32.06350420895562" lon="118.59527501179787">
        <ele>32.1</ele>
        <time>2026-09-24T12:57:44Z</time>
        <extensions>
          <gpxtpx:TrackPointExtension>
            <gpxtpx:hr>171</gpxtpx:hr>
          </gpxtpx:TrackPointExtension>
        </extensions>
      </trkpt>
      <trkpt lat="32.06352621648139" lon="118.5952520107509">
        <ele>32.1</ele>
        <time>2026-09-24T12:57:45Z</time>
        <extensions>
          <gpxtpx:TrackPointExtension>
            <gpxtpx:hr>171</gpxtpx:hr>
          </gpxtpx:TrackPointExtension>
        </extensions>
      </trkpt>
      <trkpt lat="32.06354822363836" lon="118.59523200955962">
        <ele>32.1</ele>
        <time>2026-09-24T12:57:46Z</time>
        <extensions>
          <gpxtpx:TrackPointExtension>
            <gpxtpx:hr>171</gpxtpx:hr>
          </gpxtpx:TrackPointExtension>
        </extensions>
      </trkpt>
      <trkpt lat="32.06356923055773" lon="118.59521200843768">
        <ele>32.1</ele>
        <time>2026-09-24T12:57:47Z</time>
        <extensions>
          <gpxtpx:TrackPointExtension>
            <gpxtpx:hr>172</gpxtpx:hr>
          </gpxtpx:TrackPointExtension>
        </extensions>
      </trkpt>
      <trkpt lat="32.06359023745964" lon="118.59519200729494">
        <ele>32.1</ele>
        <time>2026-09-24T12:57:48Z</time>
        <extensions>
          <gpxtpx:TrackPointExtension>
            <gpxtpx:hr>172</gpxtpx:hr>
          </gpxtpx:TrackPointExtension>
        </extensions>
      </trkpt>
      <trkpt lat="32.06361124423133" lon="118.59517300609551">
        <ele>32.1</ele>
        <time>2026-09-24T12:57:49Z</time>
        <extensions>
          <gpxtpx:TrackPointExtension>
            <gpxtpx:hr>172</gpxtpx:hr>
          </gpxtpx:TrackPointExtension>
        </extensions>
      </trkpt>
      <trkpt lat="32.06363225098724" lon="118.5951540048773">
        <ele>32.1</ele>
        <time>2026-09-24T12:57:50Z</time>
        <extensions>
          <gpxtpx:TrackPointExtension>
            <gpxtpx:hr>172</gpxtpx:hr>
          </gpxtpx:TrackPointExtension>
        </extensions>
      </trkpt>
      <trkpt lat="32.063653257727346" lon="118.59513500364034">
        <ele>32.1</ele>
        <time>2026-09-24T12:57:51Z</time>
        <extensions>
          <gpxtpx:TrackPointExtension>
            <gpxtpx:hr>172</gpxtpx:hr>
          </gpxtpx:TrackPointExtension>
        </extensions>
      </trkpt>
      <trkpt lat="32.063676264891775" lon="118.59511600220443">
        <ele>32.2</ele>
        <time>2026-09-24T12:57:52Z</time>
        <extensions>
          <gpxtpx:TrackPointExtension>
            <gpxtpx:hr>172</gpxtpx:hr>
          </gpxtpx:TrackPointExtension>
        </extensions>
      </trkpt>
      <trkpt lat="32.063699272149805" lon="118.59509600078172">
        <ele>32.2</ele>
        <time>2026-09-24T12:57:53Z</time>
        <extensions>
          <gpxtpx:TrackPointExtension>
            <gpxtpx:hr>172</gpxtpx:hr>
          </gpxtpx:TrackPointExtension>
        </extensions>
      </trkpt>
      <trkpt lat="32.063721279061724" lon="118.59507699939739">
        <ele>32.2</ele>
        <time>2026-09-24T12:57:54Z</time>
        <extensions>
          <gpxtpx:TrackPointExtension>
            <gpxtpx:hr>172</gpxtpx:hr>
          </gpxtpx:TrackPointExtension>
        </extensions>
      </trkpt>
      <trkpt lat="32.063736283662195" lon="118.59506499841383">
        <ele>32.2</ele>
        <time>2026-09-24T12:57:55Z</time>
        <extensions>
          <gpxtpx:TrackPointExtension>
            <gpxtpx:hr>172</gpxtpx:hr>
          </gpxtpx:TrackPointExtension>
        </extensions>
      </trkpt>
      <trkpt lat="32.06374928770872" lon="118.59505399757322">
        <ele>32.2</ele>
        <time>2026-09-24T12:57:56Z</time>
        <extensions>
          <gpxtpx:TrackPointExtension>
            <gpxtpx:hr>172</gpxtpx:hr>
          </gpxtpx:TrackPointExtension>
        </extensions>
      </trkpt>
      <trkpt lat="32.06376329196997" lon="118.59504299663624">
        <ele>31.0</ele>
        <time>2026-09-24T12:57:57Z</time>
        <extensions>
          <gpxtpx:TrackPointExtension>
            <gpxtpx:hr>173</gpxtpx:hr>
          </gpxtpx:TrackPointExtension>
        </extensions>
      </trkpt>
      <trkpt lat="32.06378129763861" lon="118.59502699547504">
        <ele>31.0</ele>
        <time>2026-09-24T12:57:58Z</time>
        <extensions>
          <gpxtpx:TrackPointExtension>
            <gpxtpx:hr>173</gpxtpx:hr>
          </gpxtpx:TrackPointExtension>
        </extensions>
      </trkpt>
      <trkpt lat="32.06380030362176" lon="118.59500999423794">
        <ele>31.0</ele>
        <time>2026-09-24T12:57:59Z</time>
        <extensions>
          <gpxtpx:TrackPointExtension>
            <gpxtpx:hr>173</gpxtpx:hr>
          </gpxtpx:TrackPointExtension>
        </extensions>
      </trkpt>
      <trkpt lat="32.06382131024207" lon="118.59499099285873">
        <ele>31.0</ele>
        <time>2026-09-24T12:58:00Z</time>
        <extensions>
          <gpxtpx:TrackPointExtension>
            <gpxtpx:hr>173</gpxtpx:hr>
          </gpxtpx:TrackPointExtension>
        </extensions>
      </trkpt>
      <trkpt lat="32.06384331717057" lon="118.5949709913961">
        <ele>31.0</ele>
        <time>2026-09-24T12:58:01Z</time>
        <extensions>
          <gpxtpx:TrackPointExtension>
            <gpxtpx:hr>173</gpxtpx:hr>
          </gpxtpx:TrackPointExtension>
        </extensions>
      </trkpt>
      <trkpt lat="32.06385932224545" lon="118.59495599033052">
        <ele>32.3</ele>
        <time>2026-09-24T12:58:02Z</time>
        <extensions>
          <gpxtpx:TrackPointExtension>
            <gpxtpx:hr>172</gpxtpx:hr>
          </gpxtpx:TrackPointExtension>
        </extensions>
      </trkpt>
      <trkpt lat="32.06387632773575" lon="118.59493898921082">
        <ele>32.3</ele>
        <time>2026-09-24T12:58:03Z</time>
        <extensions>
          <gpxtpx:TrackPointExtension>
            <gpxtpx:hr>172</gpxtpx:hr>
          </gpxtpx:TrackPointExtension>
        </extensions>
      </trkpt>
      <trkpt lat="32.063899334940416" lon="118.59491798762673">
        <ele>32.3</ele>
        <time>2026-09-24T12:58:04Z</time>
        <extensions>
          <gpxtpx:TrackPointExtension>
            <gpxtpx:hr>172</gpxtpx:hr>
          </gpxtpx:TrackPointExtension>
        </extensions>
      </trkpt>
      <trkpt lat="32.06391934146582" lon="118.59489698628995">
        <ele>32.3</ele>
        <time>2026-09-24T12:58:05Z</time>
        <extensions>
          <gpxtpx:TrackPointExtension>
            <gpxtpx:hr>172</gpxtpx:hr>
          </gpxtpx:TrackPointExtension>
        </extensions>
      </trkpt>
      <trkpt lat="32.06393934777215" lon="118.59487798488911">
        <ele>32.3</ele>
        <time>2026-09-24T12:58:06Z</time>
        <extensions>
          <gpxtpx:TrackPointExtension>
            <gpxtpx:hr>172</gpxtpx:hr>
          </gpxtpx:TrackPointExtension>
        </extensions>
      </trkpt>
      <trkpt lat="32.063960354480784" lon="118.59485698341852">
        <ele>32.6</ele>
        <time>2026-09-24T12:58:07Z</time>
        <extensions>
          <gpxtpx:TrackPointExtension>
            <gpxtpx:hr>170</gpxtpx:hr>
          </gpxtpx:TrackPointExtension>
        </extensions>
      </trkpt>
      <trkpt lat="32.06398036085203" lon="118.59483698199661">
        <ele>32.6</ele>
        <time>2026-09-24T12:58:08Z</time>
        <extensions>
          <gpxtpx:TrackPointExtension>
            <gpxtpx:hr>170</gpxtpx:hr>
          </gpxtpx:TrackPointExtension>
        </extensions>
      </trkpt>
      <trkpt lat="32.06400036720577" lon="118.5948169805539">
        <ele>32.6</ele>
        <time>2026-09-24T12:58:09Z</time>
        <extensions>
          <gpxtpx:TrackPointExtension>
            <gpxtpx:hr>170</gpxtpx:hr>
          </gpxtpx:TrackPointExtension>
        </extensions>
      </trkpt>
      <trkpt lat="32.06402137385836" lon="118.59479597901662">
        <ele>32.6</ele>
        <time>2026-09-24T12:58:10Z</time>
        <extensions>
          <gpxtpx:TrackPointExtension>
            <gpxtpx:hr>170</gpxtpx:hr>
          </gpxtpx:TrackPointExtension>
        </extensions>
      </trkpt>
      <trkpt lat="32.064039379831804" lon="118.59477497772666">
        <ele>32.6</ele>
        <time>2026-09-24T12:58:11Z</time>
        <extensions>
          <gpxtpx:TrackPointExtension>
            <gpxtpx:hr>170</gpxtpx:hr>
          </gpxtpx:TrackPointExtension>
        </extensions>
      </trkpt>
      <trkpt lat="32.064050384340916" lon="118.59475297705846">
        <ele>32.9</ele>
        <time>2026-09-24T12:58:12Z</time>
        <extensions>
          <gpxtpx:TrackPointExtension>
            <gpxtpx:hr>169</gpxtpx:hr>
          </gpxtpx:TrackPointExtension>
        </extensions>
      </trkpt>
      <trkpt lat="32.06406138901596" lon="118.59472897639088">
        <ele>32.9</ele>
        <time>2026-09-24T12:58:13Z</time>
        <extensions>
          <gpxtpx:TrackPointExtension>
            <gpxtpx:hr>169</gpxtpx:hr>
          </gpxtpx:TrackPointExtension>
        </extensions>
      </trkpt>
      <trkpt lat="32.06407239366593" lon="118.5947049756933">
        <ele>32.9</ele>
        <time>2026-09-24T12:58:14Z</time>
        <extensions>
          <gpxtpx:TrackPointExtension>
            <gpxtpx:hr>169</gpxtpx:hr>
          </gpxtpx:TrackPointExtension>
        </extensions>
      </trkpt>
      <trkpt lat="32.064083398473485" lon="118.5946789749863">
        <ele>32.9</ele>
        <time>2026-09-24T12:58:15Z</time>
        <extensions>
          <gpxtpx:TrackPointExtension>
            <gpxtpx:hr>169</gpxtpx:hr>
          </gpxtpx:TrackPointExtension>
        </extensions>
      </trkpt>
      <trkpt lat="32.06409240281174" lon="118.59465297442426">
        <ele>32.9</ele>
        <time>2026-09-24T12:58:16Z</time>
        <extensions>
          <gpxtpx:TrackPointExtension>
            <gpxtpx:hr>169</gpxtpx:hr>
          </gpxtpx:TrackPointExtension>
        </extensions>
      </trkpt>
      <trkpt lat="32.064100406989645" lon="118.59462597392461">
        <ele>33.1</ele>
        <time>2026-09-24T12:58:17Z</time>
        <extensions>
          <gpxtpx:TrackPointExtension>
            <gpxtpx:hr>170</gpxtpx:hr>
          </gpxtpx:TrackPointExtension>
        </extensions>
      </trkpt>
      <trkpt lat="32.06410541056383" lon="118.59459797366327">
        <ele>33.1</ele>
        <time>2026-09-24T12:58:18Z</time>
        <extensions>
          <gpxtpx:TrackPointExtension>
            <gpxtpx:hr>170</gpxtpx:hr>
          </gpxtpx:TrackPointExtension>
        </extensions>
      </trkpt>
      <trkpt lat="32.06410941405698" lon="118.59456797346017">
        <ele>33.1</ele>
        <time>2026-09-24T12:58:19Z</time>
        <extensions>
          <gpxtpx:TrackPointExtension>
            <gpxtpx:hr>170</gpxtpx:hr>
          </gpxtpx:TrackPointExtension>
        </extensions>
      </trkpt>
      <trkpt lat="32.06411141690071" lon="118.59453997338446">
        <ele>33.1</ele>
        <time>2026-09-24T12:58:20Z</time>
        <extensions>
          <gpxtpx:TrackPointExtension>
            <gpxtpx:hr>170</gpxtpx:hr>
          </gpxtpx:TrackPointExtension>
        </extensions>
      </trkpt>
      <trkpt lat="32.06411141935447" lon="118.59451097344957">
        <ele>33.1</ele>
        <time>2026-09-24T12:58:21Z</time>
        <extensions>
          <gpxtpx:TrackPointExtension>
            <gpxtpx:hr>170</gpxtpx:hr>
          </gpxtpx:TrackPointExtension>
        </extensions>
      </trkpt>
      <trkpt lat="32.064109421414464" lon="118.59448097365096">
        <ele>33.6</ele>
        <time>2026-09-24T12:58:22Z</time>
        <extensions>
          <gpxtpx:TrackPointExtension>
            <gpxtpx:hr>171</gpxtpx:hr>
          </gpxtpx:TrackPointExtension>
        </extensions>
      </trkpt>
      <trkpt lat="32.064107423435274" lon="118.59445097380541">
        <ele>33.6</ele>
        <time>2026-09-24T12:58:23Z</time>
        <extensions>
          <gpxtpx:TrackPointExtension>
            <gpxtpx:hr>171</gpxtpx:hr>
          </gpxtpx:TrackPointExtension>
        </extensions>
      </trkpt>
      <trkpt lat="32.06410242467704" lon="118.59442197418636">
        <ele>33.6</ele>
        <time>2026-09-24T12:58:24Z</time>
        <extensions>
          <gpxtpx:TrackPointExtension>
            <gpxtpx:hr>171</gpxtpx:hr>
          </gpxtpx:TrackPointExtension>
        </extensions>
      </trkpt>
      <trkpt lat="32.0640954255999" lon="118.59439097469419">
        <ele>33.6</ele>
        <time>2026-09-24T12:58:25Z</time>
        <extensions>
          <gpxtpx:TrackPointExtension>
            <gpxtpx:hr>171</gpxtpx:hr>
          </gpxtpx:TrackPointExtension>
        </extensions>
      </trkpt>
      <trkpt lat="32.06409042645554" lon="118.59436597500908">
        <ele>33.6</ele>
        <time>2026-09-24T12:58:26Z</time>
        <extensions>
          <gpxtpx:TrackPointExtension>
            <gpxtpx:hr>171</gpxtpx:hr>
          </gpxtpx:TrackPointExtension>
        </extensions>
      </trkpt>
      <trkpt lat="32.06408542713071" lon="118.594342975306">
        <ele>34.0</ele>
        <time>2026-09-24T12:58:27Z</time>
        <extensions>
          <gpxtpx:TrackPointExtension>
            <gpxtpx:hr>172</gpxtpx:hr>
          </gpxtpx:TrackPointExtension>
        </extensions>
      </trkpt>
      <trkpt lat="32.064079427940655" lon="118.59431497562241">
        <ele>34.0</ele>
        <time>2026-09-24T12:58:28Z</time>
        <extensions>
          <gpxtpx:TrackPointExtension>
            <gpxtpx:hr>172</gpxtpx:hr>
          </gpxtpx:TrackPointExtension>
        </extensions>
      </trkpt>
      <trkpt lat="32.06407342871643" lon="118.5942869758979">
        <ele>34.0</ele>
        <time>2026-09-24T12:58:29Z</time>
        <extensions>
          <gpxtpx:TrackPointExtension>
            <gpxtpx:hr>172</gpxtpx:hr>
          </gpxtpx:TrackPointExtension>
        </extensions>
      </trkpt>
      <trkpt lat="32.06406542894513" lon="118.59425997632425">
        <ele>34.0</ele>
        <time>2026-09-24T12:58:30Z</time>
        <extensions>
          <gpxtpx:TrackPointExtension>
            <gpxtpx:hr>172</gpxtpx:hr>
          </gpxtpx:TrackPointExtension>
        </extensions>
      </trkpt>
      <trkpt lat="32.06405542891758" lon="118.59422997685344">
        <ele>34.0</ele>
        <time>2026-09-24T12:58:31Z</time>
        <extensions>
          <gpxtpx:TrackPointExtension>
            <gpxtpx:hr>172</gpxtpx:hr>
          </gpxtpx:TrackPointExtension>
        </extensions>
      </trkpt>
      <trkpt lat="32.06404442870122" lon="118.59419897741097">
        <ele>34.2</ele>
        <time>2026-09-24T12:58:32Z</time>
        <extensions>
          <gpxtpx:TrackPointExtension>
            <gpxtpx:hr>171</gpxtpx:hr>
          </gpxtpx:TrackPointExtension>
        </extensions>
      </trkpt>
      <trkpt lat="32.06403442845557" lon="118.59417097787723">
        <ele>34.2</ele>
        <time>2026-09-24T12:58:33Z</time>
        <extensions>
          <gpxtpx:TrackPointExtension>
            <gpxtpx:hr>171</gpxtpx:hr>
          </gpxtpx:TrackPointExtension>
        </extensions>
      </trkpt>
      <trkpt lat="32.064025428327696" lon="118.59414397823012">
        <ele>34.2</ele>
        <time>2026-09-24T12:58:34Z</time>
        <extensions>
          <gpxtpx:TrackPointExtension>
            <gpxtpx:hr>171</gpxtpx:hr>
          </gpxtpx:TrackPointExtension>
        </extensions>
      </trkpt>
      <trkpt lat="32.064017428387956" lon="118.59411697845486">
        <ele>34.2</ele>
        <time>2026-09-24T12:58:35Z</time>
        <extensions>
          <gpxtpx:TrackPointExtension>
            <gpxtpx:hr>171</gpxtpx:hr>
          </gpxtpx:TrackPointExtension>
        </extensions>
      </trkpt>
      <trkpt lat="32.06401042883308" lon="118.59408697848974">
        <ele>34.2</ele>
        <time>2026-09-24T12:58:36Z</time>
        <extensions>
          <gpxtpx:TrackPointExtension>
            <gpxtpx:hr>171</gpxtpx:hr>
          </gpxtpx:TrackPointExtension>
        </extensions>
      </trkpt>
      <trkpt lat="32.06400642996298" lon="118.59405597818508">
        <ele>34.6</ele>
        <time>2026-09-24T12:58:37Z</time>
        <extensions>
          <gpxtpx:TrackPointExtension>
            <gpxtpx:hr>171</gpxtpx:hr>
          </gpxtpx:TrackPointExtension>
        </extensions>
      </trkpt>
      <trkpt lat="32.0640064318051" lon="118.59402697751753">
        <ele>34.6</ele>
        <time>2026-09-24T12:58:38Z</time>
        <extensions>
          <gpxtpx:TrackPointExtension>
            <gpxtpx:hr>171</gpxtpx:hr>
          </gpxtpx:TrackPointExtension>
        </extensions>
      </trkpt>
      <trkpt lat="32.06400943427039" lon="118.59399797653576">
        <ele>34.6</ele>
        <time>2026-09-24T12:58:39Z</time>
        <extensions>
          <gpxtpx:TrackPointExtension>
            <gpxtpx:hr>171</gpxtpx:hr>
          </gpxtpx:TrackPointExtension>
        </extensions>
      </trkpt>
      <trkpt lat="32.064015437298465" lon="118.59396997526655">
        <ele>34.6</ele>
        <time>2026-09-24T12:58:40Z</time>
        <extensions>
          <gpxtpx:TrackPointExtension>
            <gpxtpx:hr>171</gpxtpx:hr>
          </gpxtpx:TrackPointExtension>
        </extensions>
      </trkpt>
      <trkpt lat="32.06402244051227" lon="118.59394197386627">
        <ele>34.6</ele>
        <time>2026-09-24T12:58:41Z</time>
        <extensions>
          <gpxtpx:TrackPointExtension>
            <gpxtpx:hr>171</gpxtpx:hr>
          </gpxtpx:TrackPointExtension>
        </extensions>
      </trkpt>
      <trkpt lat="32.06403144418967" lon="118.5939129722151">
        <ele>35.1</ele>
        <time>2026-09-24T12:58:42Z</time>
        <extensions>
          <gpxtpx:TrackPointExtension>
            <gpxtpx:hr>174</gpxtpx:hr>
          </gpxtpx:TrackPointExtension>
        </extensions>
      </trkpt>
      <trkpt lat="32.06404244821357" lon="118.59388497037101">
        <ele>35.1</ele>
        <time>2026-09-24T12:58:43Z</time>
        <extensions>
          <gpxtpx:TrackPointExtension>
            <gpxtpx:hr>174</gpxtpx:hr>
          </gpxtpx:TrackPointExtension>
        </extensions>
      </trkpt>
      <trkpt lat="32.06405645269643" lon="118.59385996831341">
        <ele>35.1</ele>
        <time>2026-09-24T12:58:44Z</time>
        <extensions>
          <gpxtpx:TrackPointExtension>
            <gpxtpx:hr>174</gpxtpx:hr>
          </gpxtpx:TrackPointExtension>
        </extensions>
      </trkpt>
      <trkpt lat="32.06407245748271" lon="118.59383696611049">
        <ele>35.1</ele>
        <time>2026-09-24T12:58:45Z</time>
        <extensions>
          <gpxtpx:TrackPointExtension>
            <gpxtpx:hr>174</gpxtpx:hr>
          </gpxtpx:TrackPointExtension>
        </extensions>
      </trkpt>
      <trkpt lat="32.064091462852005" lon="118.5938149636445">
        <ele>35.1</ele>
        <time>2026-09-24T12:58:46Z</time>
        <extensions>
          <gpxtpx:TrackPointExtension>
            <gpxtpx:hr>174</gpxtpx:hr>
          </gpxtpx:TrackPointExtension>
        </extensions>
      </trkpt>
      <trkpt lat="32.06411146836728" lon="118.5937939610991">
        <ele>35.3</ele>
        <time>2026-09-24T12:58:47Z</time>
        <extensions>
          <gpxtpx:TrackPointExtension>
            <gpxtpx:hr>174</gpxtpx:hr>
          </gpxtpx:TrackPointExtension>
        </extensions>
      </trkpt>
      <trkpt lat="32.0641324739794" lon="118.59377495851454">
        <ele>35.3</ele>
        <time>2026-09-24T12:58:48Z</time>
        <extensions>
          <gpxtpx:TrackPointExtension>
            <gpxtpx:hr>174</gpxtpx:hr>
          </gpxtpx:TrackPointExtension>
        </extensions>
      </trkpt>
      <trkpt lat="32.06415547996437" lon="118.59375695576884">
        <ele>35.3</ele>
        <time>2026-09-24T12:58:49Z</time>
        <extensions>
          <gpxtpx:TrackPointExtension>
            <gpxtpx:hr>174</gpxtpx:hr>
          </gpxtpx:TrackPointExtension>
        </extensions>
      </trkpt>
      <trkpt lat="32.064179486054215" lon="118.59374095299367">
        <ele>35.3</ele>
        <time>2026-09-24T12:58:50Z</time>
        <extensions>
          <gpxtpx:TrackPointExtension>
            <gpxtpx:hr>174</gpxtpx:hr>
          </gpxtpx:TrackPointExtension>
        </extensions>
      </trkpt>
      <trkpt lat="32.06420249181331" lon="118.59372695037423">
        <ele>35.3</ele>
        <time>2026-09-24T12:58:51Z</time>
        <extensions>
          <gpxtpx:TrackPointExtension>
            <gpxtpx:hr>174</gpxtpx:hr>
          </gpxtpx:TrackPointExtension>
        </extensions>
      </trkpt>
      <trkpt lat="32.06422649768514" lon="118.59371494773475">
        <ele>35.8</ele>
        <time>2026-09-24T12:58:52Z</time>
        <extensions>
          <gpxtpx:TrackPointExtension>
            <gpxtpx:hr>175</gpxtpx:hr>
          </gpxtpx:TrackPointExtension>
        </extensions>
      </trkpt>
      <trkpt lat="32.064251503721614" lon="118.59370394503833">
        <ele>35.8</ele>
        <time>2026-09-24T12:58:53Z</time>
        <extensions>
          <gpxtpx:TrackPointExtension>
            <gpxtpx:hr>175</gpxtpx:hr>
          </gpxtpx:TrackPointExtension>
        </extensions>
      </trkpt>
      <trkpt lat="32.064275509581016" lon="118.59369194238438">
        <ele>35.8</ele>
        <time>2026-09-24T12:58:54Z</time>
        <extensions>
          <gpxtpx:TrackPointExtension>
            <gpxtpx:hr>175</gpxtpx:hr>
          </gpxtpx:TrackPointExtension>
        </extensions>
      </trkpt>
      <trkpt lat="32.06429951543396" lon="118.5936799397229">
        <ele>35.8</ele>
        <time>2026-09-24T12:58:55Z</time>
        <extensions>
          <gpxtpx:TrackPointExtension>
            <gpxtpx:hr>175</gpxtpx:hr>
          </gpxtpx:TrackPointExtension>
        </extensions>
      </trkpt>
      <trkpt lat="32.06432352142187" lon="118.59366493692598">
        <ele>35.8</ele>
        <time>2026-09-24T12:58:56Z</time>
        <extensions>
          <gpxtpx:TrackPointExtension>
            <gpxtpx:hr>175</gpxtpx:hr>
          </gpxtpx:TrackPointExtension>
        </extensions>
      </trkpt>
      <trkpt lat="32.064347527399775" lon="118.59364993411728">
        <ele>35.0</ele>
        <time>2026-09-24T12:58:57Z</time>
        <extensions>
          <gpxtpx:TrackPointExtension>
            <gpxtpx:hr>175</gpxtpx:hr>
          </gpxtpx:TrackPointExtension>
        </extensions>
      </trkpt>
      <trkpt lat="32.064367532350765" lon="118.59363793178976">
        <ele>35.0</ele>
        <time>2026-09-24T12:58:58Z</time>
        <extensions>
          <gpxtpx:TrackPointExtension>
            <gpxtpx:hr>175</gpxtpx:hr>
          </gpxtpx:TrackPointExtension>
        </extensions>
      </trkpt>
      <trkpt lat="32.06439053804554" lon="118.59362392909483">
        <ele>35.0</ele>
        <time>2026-09-24T12:58:59Z</time>
        <extensions>
          <gpxtpx:TrackPointExtension>
            <gpxtpx:hr>175</gpxtpx:hr>
          </gpxtpx:TrackPointExtension>
        </extensions>
      </trkpt>
      <trkpt lat="32.0644125435564" lon="118.5936089264341">
        <ele>35.0</ele>
        <time>2026-09-24T12:59:00Z</time>
        <extensions>
          <gpxtpx:TrackPointExtension>
            <gpxtpx:hr>175</gpxtpx:hr>
          </gpxtpx:TrackPointExtension>
        </extensions>
      </trkpt>
      <trkpt lat="32.064433548881404" lon="118.59359292380522">
        <ele>35.0</ele>
        <time>2026-09-24T12:59:01Z</time>
        <extensions>
          <gpxtpx:TrackPointExtension>
            <gpxtpx:hr>175</gpxtpx:hr>
          </gpxtpx:TrackPointExtension>
        </extensions>
      </trkpt>
      <trkpt lat="32.06445755494094" lon="118.59357492079792">
        <ele>36.6</ele>
        <time>2026-09-24T12:59:02Z</time>
        <extensions>
          <gpxtpx:TrackPointExtension>
            <gpxtpx:hr>175</gpxtpx:hr>
          </gpxtpx:TrackPointExtension>
        </extensions>
      </trkpt>
      <trkpt lat="32.06447856028429" lon="118.59355791809226">
        <ele>36.6</ele>
        <time>2026-09-24T12:59:03Z</time>
        <extensions>
          <gpxtpx:TrackPointExtension>
            <gpxtpx:hr>175</gpxtpx:hr>
          </gpxtpx:TrackPointExtension>
        </extensions>
      </trkpt>
      <trkpt lat="32.06449956561489" lon="118.59354091537145">
        <ele>36.6</ele>
        <time>2026-09-24T12:59:04Z</time>
        <extensions>
          <gpxtpx:TrackPointExtension>
            <gpxtpx:hr>175</gpxtpx:hr>
          </gpxtpx:TrackPointExtension>
        </extensions>
      </trkpt>
      <trkpt lat="32.06452057097359" lon="118.59352291258539">
        <ele>36.6</ele>
        <time>2026-09-24T12:59:05Z</time>
        <extensions>
          <gpxtpx:TrackPointExtension>
            <gpxtpx:hr>175</gpxtpx:hr>
          </gpxtpx:TrackPointExtension>
        </extensions>
      </trkpt>
      <trkpt lat="32.0645425765378" lon="118.59350490969227">
        <ele>36.6</ele>
        <time>2026-09-24T12:59:06Z</time>
        <extensions>
          <gpxtpx:TrackPointExtension>
            <gpxtpx:hr>175</gpxtpx:hr>
          </gpxtpx:TrackPointExtension>
        </extensions>
      </trkpt>
      <trkpt lat="32.06456458216619" lon="118.59348490667799">
        <ele>37.0</ele>
        <time>2026-09-24T12:59:07Z</time>
        <extensions>
          <gpxtpx:TrackPointExtension>
            <gpxtpx:hr>176</gpxtpx:hr>
          </gpxtpx:TrackPointExtension>
        </extensions>
      </trkpt>
      <trkpt lat="32.064581586562824" lon="118.59346790425252">
        <ele>37.0</ele>
        <time>2026-09-24T12:59:08Z</time>
        <extensions>
          <gpxtpx:TrackPointExtension>
            <gpxtpx:hr>176</gpxtpx:hr>
          </gpxtpx:TrackPointExtension>
        </extensions>
      </trkpt>
      <trkpt lat="32.064601591681416" lon="118.5934489014337">
        <ele>37.0</ele>
        <time>2026-09-24T12:59:09Z</time>
        <extensions>
          <gpxtpx:TrackPointExtension>
            <gpxtpx:hr>176</gpxtpx:hr>
          </gpxtpx:TrackPointExtension>
        </extensions>
      </trkpt>
      <trkpt lat="32.06462259700387" lon="118.59342989850586">
        <ele>37.0</ele>
        <time>2026-09-24T12:59:10Z</time>
        <extensions>
          <gpxtpx:TrackPointExtension>
            <gpxtpx:hr>176</gpxtpx:hr>
          </gpxtpx:TrackPointExtension>
        </extensions>
      </trkpt>
      <trkpt lat="32.06464260212658" lon="118.59340989559317">
        <ele>37.0</ele>
        <time>2026-09-24T12:59:11Z</time>
        <extensions>
          <gpxtpx:TrackPointExtension>
            <gpxtpx:hr>176</gpxtpx:hr>
          </gpxtpx:TrackPointExtension>
        </extensions>
      </trkpt>
      <trkpt lat="32.06466160704693" lon="118.59338889269243">
        <ele>37.5</ele>
        <time>2026-09-24T12:59:12Z</time>
        <extensions>
          <gpxtpx:TrackPointExtension>
            <gpxtpx:hr>177</gpxtpx:hr>
          </gpxtpx:TrackPointExtension>
        </extensions>
      </trkpt>
      <trkpt lat="32.06468061194788" lon="118.59336788976859">
        <ele>37.5</ele>
        <time>2026-09-24T12:59:13Z</time>
        <extensions>
          <gpxtpx:TrackPointExtension>
            <gpxtpx:hr>177</gpxtpx:hr>
          </gpxtpx:TrackPointExtension>
        </extensions>
      </trkpt>
      <trkpt lat="32.06469861667592" lon="118.59334488679286">
        <ele>37.5</ele>
        <time>2026-09-24T12:59:14Z</time>
        <extensions>
          <gpxtpx:TrackPointExtension>
            <gpxtpx:hr>177</gpxtpx:hr>
          </gpxtpx:TrackPointExtension>
        </extensions>
      </trkpt>
      <trkpt lat="32.064715621160964" lon="118.5933218838795">
        <ele>37.5</ele>
        <time>2026-09-24T12:59:15Z</time>
        <extensions>
          <gpxtpx:TrackPointExtension>
            <gpxtpx:hr>177</gpxtpx:hr>
          </gpxtpx:TrackPointExtension>
        </extensions>
      </trkpt>
      <trkpt lat="32.06473362599732" lon="118.5932938805382">
        <ele>37.5</ele>
        <time>2026-09-24T12:59:16Z</time>
        <extensions>
          <gpxtpx:TrackPointExtension>
            <gpxtpx:hr>177</gpxtpx:hr>
          </gpxtpx:TrackPointExtension>
        </extensions>
      </trkpt>
      <trkpt lat="32.064749630270704" lon="118.5932688775266">
        <ele>37.8</ele>
        <time>2026-09-24T12:59:17Z</time>
        <extensions>
          <gpxtpx:TrackPointExtension>
            <gpxtpx:hr>177</gpxtpx:hr>
          </gpxtpx:TrackPointExtension>
        </extensions>
      </trkpt>
      <trkpt lat="32.06476563451664" lon="118.5932438744822">
        <ele>37.8</ele>
        <time>2026-09-24T12:59:18Z</time>
        <extensions>
          <gpxtpx:TrackPointExtension>
            <gpxtpx:hr>177</gpxtpx:hr>
          </gpxtpx:TrackPointExtension>
        </extensions>
      </trkpt>
      <trkpt lat="32.06478063857046" lon="118.59321687136283">
        <ele>37.8</ele>
        <time>2026-09-24T12:59:19Z</time>
        <extensions>
          <gpxtpx:TrackPointExtension>
            <gpxtpx:hr>177</gpxtpx:hr>
          </gpxtpx:TrackPointExtension>
        </extensions>
      </trkpt>
      <trkpt lat="32.0647936420208" lon="118.59319486872279">
        <ele>37.8</ele>
        <time>2026-09-24T12:59:20Z</time>
        <extensions>
          <gpxtpx:TrackPointExtension>
            <gpxtpx:hr>177</gpxtpx:hr>
          </gpxtpx:TrackPointExtension>
        </extensions>
      </trkpt>
      <trkpt lat="32.064808645940346" lon="118.59317086574006">
        <ele>37.8</ele>
        <time>2026-09-24T12:59:21Z</time>
        <extensions>
          <gpxtpx:TrackPointExtension>
            <gpxtpx:hr>177</gpxtpx:hr>
          </gpxtpx:TrackPointExtension>
        </extensions>
      </trkpt>
      <trkpt lat="32.064823649834594" lon="118.59314686272712">
        <ele>38.5</ele>
        <time>2026-09-24T12:59:22Z</time>
        <extensions>
          <gpxtpx:TrackPointExtension>
            <gpxtpx:hr>178</gpxtpx:hr>
          </gpxtpx:TrackPointExtension>
        </extensions>
      </trkpt>
      <trkpt lat="32.06483765353047" lon="118.5931208596317">
        <ele>38.5</ele>
        <time>2026-09-24T12:59:23Z</time>
        <extensions>
          <gpxtpx:TrackPointExtension>
            <gpxtpx:hr>178</gpxtpx:hr>
          </gpxtpx:TrackPointExtension>
        </extensions>
      </trkpt>
      <trkpt lat="32.06485265743847" lon="118.59309385633809">
        <ele>38.5</ele>
        <time>2026-09-24T12:59:24Z</time>
        <extensions>
          <gpxtpx:TrackPointExtension>
            <gpxtpx:hr>178</gpxtpx:hr>
          </gpxtpx:TrackPointExtension>
        </extensions>
      </trkpt>
      <trkpt lat="32.06486766129354" lon="118.59306785308023">
        <ele>38.5</ele>
        <time>2026-09-24T12:59:25Z</time>
        <extensions>
          <gpxtpx:TrackPointExtension>
            <gpxtpx:hr>178</gpxtpx:hr>
          </gpxtpx:TrackPointExtension>
        </extensions>
      </trkpt>
      <trkpt lat="32.06488066465969" lon="118.59304285004242">
        <ele>38.5</ele>
        <time>2026-09-24T12:59:26Z</time>
        <extensions>
          <gpxtpx:TrackPointExtension>
            <gpxtpx:hr>178</gpxtpx:hr>
          </gpxtpx:TrackPointExtension>
        </extensions>
      </trkpt>
      <trkpt lat="32.0648936679984" lon="118.59301784697182">
        <ele>39.0</ele>
        <time>2026-09-24T12:59:27Z</time>
        <extensions>
          <gpxtpx:TrackPointExtension>
            <gpxtpx:hr>178</gpxtpx:hr>
          </gpxtpx:TrackPointExtension>
        </extensions>
      </trkpt>
      <trkpt lat="32.064906671414846" lon="118.59298684339976">
        <ele>39.0</ele>
        <time>2026-09-24T12:59:28Z</time>
        <extensions>
          <gpxtpx:TrackPointExtension>
            <gpxtpx:hr>178</gpxtpx:hr>
          </gpxtpx:TrackPointExtension>
        </extensions>
      </trkpt>
      <trkpt lat="32.06491867452111" lon="118.59295884010676">
        <ele>39.0</ele>
        <time>2026-09-24T12:59:29Z</time>
        <extensions>
          <gpxtpx:TrackPointExtension>
            <gpxtpx:hr>178</gpxtpx:hr>
          </gpxtpx:TrackPointExtension>
        </extensions>
      </trkpt>
      <trkpt lat="32.064928677153596" lon="118.59293083695276">
        <ele>39.0</ele>
        <time>2026-09-24T12:59:30Z</time>
        <extensions>
          <gpxtpx:TrackPointExtension>
            <gpxtpx:hr>178</gpxtpx:hr>
          </gpxtpx:TrackPointExtension>
        </extensions>
      </trkpt>
      <trkpt lat="32.064939679971346" lon="118.5929028336675">
        <ele>39.0</ele>
        <time>2026-09-24T12:59:31Z</time>
        <extensions>
          <gpxtpx:TrackPointExtension>
            <gpxtpx:hr>178</gpxtpx:hr>
          </gpxtpx:TrackPointExtension>
        </extensions>
      </trkpt>
      <trkpt lat="32.06494768212055" lon="118.59287283044291">
        <ele>39.2</ele>
        <time>2026-09-24T12:59:32Z</time>
        <extensions>
          <gpxtpx:TrackPointExtension>
            <gpxtpx:hr>179</gpxtpx:hr>
          </gpxtpx:TrackPointExtension>
        </extensions>
      </trkpt>
      <trkpt lat="32.06495668449392" lon="118.59283882673724">
        <ele>39.2</ele>
        <time>2026-09-24T12:59:33Z</time>
        <extensions>
          <gpxtpx:TrackPointExtension>
            <gpxtpx:hr>179</gpxtpx:hr>
          </gpxtpx:TrackPointExtension>
        </extensions>
      </trkpt>
      <trkpt lat="32.06496468656843" lon="118.59280782332415">
        <ele>39.2</ele>
        <time>2026-09-24T12:59:34Z</time>
        <extensions>
          <gpxtpx:TrackPointExtension>
            <gpxtpx:hr>179</gpxtpx:hr>
          </gpxtpx:TrackPointExtension>
        </extensions>
      </trkpt>
      <trkpt lat="32.064972688600754" lon="118.59277681986053">
        <ele>39.2</ele>
        <time>2026-09-24T12:59:35Z</time>
        <extensions>
          <gpxtpx:TrackPointExtension>
            <gpxtpx:hr>179</gpxtpx:hr>
          </gpxtpx:TrackPointExtension>
        </extensions>
      </trkpt>
      <trkpt lat="32.064980690584036" lon="118.59274681643733">
        <ele>39.2</ele>
        <time>2026-09-24T12:59:36Z</time>
        <extensions>
          <gpxtpx:TrackPointExtension>
            <gpxtpx:hr>179</gpxtpx:hr>
          </gpxtpx:TrackPointExtension>
        </extensions>
      </trkpt>
      <trkpt lat="32.06498969275848" lon="118.5927148126917">
        <ele>39.6</ele>
        <time>2026-09-24T12:59:37Z</time>
        <extensions>
          <gpxtpx:TrackPointExtension>
            <gpxtpx:hr>179</gpxtpx:hr>
          </gpxtpx:TrackPointExtension>
        </extensions>
      </trkpt>
      <trkpt lat="32.06499869488387" lon="118.59268380898646">
        <ele>39.6</ele>
        <time>2026-09-24T12:59:38Z</time>
        <extensions>
          <gpxtpx:TrackPointExtension>
            <gpxtpx:hr>179</gpxtpx:hr>
          </gpxtpx:TrackPointExtension>
        </extensions>
      </trkpt>
      <trkpt lat="32.065006696752796" lon="118.59265080512904">
        <ele>39.6</ele>
        <time>2026-09-24T12:59:39Z</time>
        <extensions>
          <gpxtpx:TrackPointExtension>
            <gpxtpx:hr>179</gpxtpx:hr>
          </gpxtpx:TrackPointExtension>
        </extensions>
      </trkpt>
      <trkpt lat="32.06501669901768" lon="118.59261380064312">
        <ele>39.6</ele>
        <time>2026-09-24T12:59:40Z</time>
        <extensions>
          <gpxtpx:TrackPointExtension>
            <gpxtpx:hr>179</gpxtpx:hr>
          </gpxtpx:TrackPointExtension>
        </extensions>
      </trkpt>
      <trkpt lat="32.06502470078514" lon="118.59258079666421">
        <ele>39.6</ele>
        <time>2026-09-24T12:59:41Z</time>
        <extensions>
          <gpxtpx:TrackPointExtension>
            <gpxtpx:hr>179</gpxtpx:hr>
          </gpxtpx:TrackPointExtension>
        </extensions>
      </trkpt>
      <trkpt lat="32.06503370272802" lon="118.59254979274048">
        <ele>40.1</ele>
        <time>2026-09-24T12:59:42Z</time>
        <extensions>
          <gpxtpx:TrackPointExtension>
            <gpxtpx:hr>179</gpxtpx:hr>
          </gpxtpx:TrackPointExtension>
        </extensions>
      </trkpt>
      <trkpt lat="32.06504370485451" lon="118.59252078888173">
        <ele>40.1</ele>
        <time>2026-09-24T12:59:43Z</time>
        <extensions>
          <gpxtpx:TrackPointExtension>
            <gpxtpx:hr>179</gpxtpx:hr>
          </gpxtpx:TrackPointExtension>
        </extensions>
      </trkpt>
      <trkpt lat="32.0650557073876" lon="118.5924927849028">
        <ele>40.1</ele>
        <time>2026-09-24T12:59:44Z</time>
        <extensions>
          <gpxtpx:TrackPointExtension>
            <gpxtpx:hr>179</gpxtpx:hr>
          </gpxtpx:TrackPointExtension>
        </extensions>
      </trkpt>
      <trkpt lat="32.06507071052839" lon="118.59246178029498">
        <ele>40.1</ele>
        <time>2026-09-24T12:59:45Z</time>
        <extensions>
          <gpxtpx:TrackPointExtension>
            <gpxtpx:hr>179</gpxtpx:hr>
          </gpxtpx:TrackPointExtension>
        </extensions>
      </trkpt>
      <trkpt lat="32.065084713434906" lon="118.59243477615624">
        <ele>40.1</ele>
        <time>2026-09-24T12:59:46Z</time>
        <extensions>
          <gpxtpx:TrackPointExtension>
            <gpxtpx:hr>179</gpxtpx:hr>
          </gpxtpx:TrackPointExtension>
        </extensions>
      </trkpt>
      <trkpt lat="32.065100716748574" lon="118.59240777179895">
        <ele>40.3</ele>
        <time>2026-09-24T12:59:47Z</time>
        <extensions>
          <gpxtpx:TrackPointExtension>
            <gpxtpx:hr>177</gpxtpx:hr>
          </gpxtpx:TrackPointExtension>
        </extensions>
      </trkpt>
      <trkpt lat="32.06511872047856" lon="118.59238176733317">
        <ele>40.3</ele>
        <time>2026-09-24T12:59:48Z</time>
        <extensions>
          <gpxtpx:TrackPointExtension>
            <gpxtpx:hr>177</gpxtpx:hr>
          </gpxtpx:TrackPointExtension>
        </extensions>
      </trkpt>
      <trkpt lat="32.065136724199235" lon="118.5923577630546">
        <ele>40.3</ele>
        <time>2026-09-24T12:59:49Z</time>
        <extensions>
          <gpxtpx:TrackPointExtension>
            <gpxtpx:hr>177</gpxtpx:hr>
          </gpxtpx:TrackPointExtension>
        </extensions>
      </trkpt>
      <trkpt lat="32.06515672832242" lon="118.59233275845288">
        <ele>40.3</ele>
        <time>2026-09-24T12:59:50Z</time>
        <extensions>
          <gpxtpx:TrackPointExtension>
            <gpxtpx:hr>177</gpxtpx:hr>
          </gpxtpx:TrackPointExtension>
        </extensions>
      </trkpt>
      <trkpt lat="32.06517473204031" lon="118.59231275456763">
        <ele>40.3</ele>
        <time>2026-09-24T12:59:51Z</time>
        <extensions>
          <gpxtpx:TrackPointExtension>
            <gpxtpx:hr>177</gpxtpx:hr>
          </gpxtpx:TrackPointExtension>
        </extensions>
      </trkpt>
      <trkpt lat="32.0651937359601" lon="118.59229275057122">
        <ele>40.8</ele>
        <time>2026-09-24T12:59:52Z</time>
        <extensions>
          <gpxtpx:TrackPointExtension>
            <gpxtpx:hr>177</gpxtpx:hr>
          </gpxtpx:TrackPointExtension>
        </extensions>
      </trkpt>
      <trkpt lat="32.065212739862204" lon="118.59227274655373">
        <ele>40.8</ele>
        <time>2026-09-24T12:59:53Z</time>
        <extensions>
          <gpxtpx:TrackPointExtension>
            <gpxtpx:hr>177</gpxtpx:hr>
          </gpxtpx:TrackPointExtension>
        </extensions>
      </trkpt>
      <trkpt lat="32.065233744170925" lon="118.59225174221811">
        <ele>40.8</ele>
        <time>2026-09-24T12:59:54Z</time>
        <extensions>
          <gpxtpx:TrackPointExtension>
            <gpxtpx:hr>177</gpxtpx:hr>
          </gpxtpx:TrackPointExtension>
        </extensions>
      </trkpt>
      <trkpt lat="32.065254748460106" lon="118.59223073785924">
        <ele>40.8</ele>
        <time>2026-09-24T12:59:55Z</time>
        <extensions>
          <gpxtpx:TrackPointExtension>
            <gpxtpx:hr>177</gpxtpx:hr>
          </gpxtpx:TrackPointExtension>
        </extensions>
      </trkpt>
      <trkpt lat="32.065272752137574" lon="118.59221373422353">
        <ele>40.8</ele>
        <time>2026-09-24T12:59:56Z</time>
        <extensions>
          <gpxtpx:TrackPointExtension>
            <gpxtpx:hr>177</gpxtpx:hr>
          </gpxtpx:TrackPointExtension>
        </extensions>
      </trkpt>
      <trkpt lat="32.06529275622405" lon="118.59219573027256">
        <ele>40.0</ele>
        <time>2026-09-24T12:59:57Z</time>
        <extensions>
          <gpxtpx:TrackPointExtension>
            <gpxtpx:hr>178</gpxtpx:hr>
          </gpxtpx:TrackPointExtension>
        </extensions>
      </trkpt>
      <trkpt lat="32.06531276029616" lon="118.59217772630453">
        <ele>40.0</ele>
        <time>2026-09-24T12:59:58Z</time>
        <extensions>
          <gpxtpx:TrackPointExtension>
            <gpxtpx:hr>178</gpxtpx:hr>
          </gpxtpx:TrackPointExtension>
        </extensions>
      </trkpt>
      <trkpt lat="32.06533576497462" lon="118.59215772180549">
        <ele>40.0</ele>
        <time>2026-09-24T12:59:59Z</time>
        <extensions>
          <gpxtpx:TrackPointExtension>
            <gpxtpx:hr>178</gpxtpx:hr>
          </gpxtpx:TrackPointExtension>
        </extensions>
      </trkpt>
      <trkpt lat="32.06535976983495" lon="118.59213671707234">
        <ele>40.0</ele>
        <time>2026-09-24T13:00:00Z</time>
        <extensions>
          <gpxtpx:TrackPointExtension>
            <gpxtpx:hr>178</gpxtpx:hr>
          </gpxtpx:TrackPointExtension>
        </extensions>
      </trkpt>
      <trkpt lat="32.06538177434036" lon="118.59212071311589">
        <ele>40.0</ele>
        <time>2026-09-24T13:00:01Z</time>
        <extensions>
          <gpxtpx:TrackPointExtension>
            <gpxtpx:hr>178</gpxtpx:hr>
          </gpxtpx:TrackPointExtension>
        </extensions>
      </trkpt>
      <trkpt lat="32.06540277867865" lon="118.59210770960979">
        <ele>41.4</ele>
        <time>2026-09-24T13:00:02Z</time>
        <extensions>
          <gpxtpx:TrackPointExtension>
            <gpxtpx:hr>179</gpxtpx:hr>
          </gpxtpx:TrackPointExtension>
        </extensions>
      </trkpt>
      <trkpt lat="32.06542378303113" lon="118.59209570621996">
        <ele>41.4</ele>
        <time>2026-09-24T13:00:03Z</time>
        <extensions>
          <gpxtpx:TrackPointExtension>
            <gpxtpx:hr>179</gpxtpx:hr>
          </gpxtpx:TrackPointExtension>
        </extensions>
      </trkpt>
      <trkpt lat="32.06544878825521" lon="118.59208370246218">
        <ele>41.4</ele>
        <time>2026-09-24T13:00:04Z</time>
        <extensions>
          <gpxtpx:TrackPointExtension>
            <gpxtpx:hr>179</gpxtpx:hr>
          </gpxtpx:TrackPointExtension>
        </extensions>
      </trkpt>
      <trkpt lat="32.06547079285973" lon="118.59207369921978">
        <ele>41.4</ele>
        <time>2026-09-24T13:00:05Z</time>
        <extensions>
          <gpxtpx:TrackPointExtension>
            <gpxtpx:hr>179</gpxtpx:hr>
          </gpxtpx:TrackPointExtension>
        </extensions>
      </trkpt>
      <trkpt lat="32.065489796801174" lon="118.59206369624239">
        <ele>41.4</ele>
        <time>2026-09-24T13:00:06Z</time>
        <extensions>
          <gpxtpx:TrackPointExtension>
            <gpxtpx:hr>179</gpxtpx:hr>
          </gpxtpx:TrackPointExtension>
        </extensions>
      </trkpt>
      <trkpt lat="32.06551580222735" lon="118.59205169237424">
        <ele>41.7</ele>
        <time>2026-09-24T13:00:07Z</time>
        <extensions>
          <gpxtpx:TrackPointExtension>
            <gpxtpx:hr>179</gpxtpx:hr>
          </gpxtpx:TrackPointExtension>
        </extensions>
      </trkpt>
      <trkpt lat="32.065540807451676" lon="118.59204068871668">
        <ele>41.7</ele>
        <time>2026-09-24T13:00:08Z</time>
        <extensions>
          <gpxtpx:TrackPointExtension>
            <gpxtpx:hr>179</gpxtpx:hr>
          </gpxtpx:TrackPointExtension>
        </extensions>
      </trkpt>
      <trkpt lat="32.065564812500185" lon="118.59203168539996">
        <ele>41.7</ele>
        <time>2026-09-24T13:00:09Z</time>
        <extensions>
          <gpxtpx:TrackPointExtension>
            <gpxtpx:hr>179</gpxtpx:hr>
          </gpxtpx:TrackPointExtension>
        </extensions>
      </trkpt>
      <trkpt lat="32.06558881754496" lon="118.59202268207896">
        <ele>41.7</ele>
        <time>2026-09-24T13:00:10Z</time>
        <extensions>
          <gpxtpx:TrackPointExtension>
            <gpxtpx:hr>179</gpxtpx:hr>
          </gpxtpx:TrackPointExtension>
        </extensions>
      </trkpt>
      <trkpt lat="32.06561282261131" lon="118.59201467888313">
        <ele>41.7</ele>
        <time>2026-09-24T13:00:11Z</time>
        <extensions>
          <gpxtpx:TrackPointExtension>
            <gpxtpx:hr>179</gpxtpx:hr>
          </gpxtpx:TrackPointExtension>
        </extensions>
      </trkpt>
      <trkpt lat="32.0656368277003" lon="118.59200767581373">
        <ele>41.8</ele>
        <time>2026-09-24T13:00:12Z</time>
        <extensions>
          <gpxtpx:TrackPointExtension>
            <gpxtpx:hr>176</gpxtpx:hr>
          </gpxtpx:TrackPointExtension>
        </extensions>
      </trkpt>
      <trkpt lat="32.065662833251764" lon="118.5920016726917">
        <ele>41.8</ele>
        <time>2026-09-24T13:00:13Z</time>
        <extensions>
          <gpxtpx:TrackPointExtension>
            <gpxtpx:hr>176</gpxtpx:hr>
          </gpxtpx:TrackPointExtension>
        </extensions>
      </trkpt>
      <trkpt lat="32.065687838608106" lon="118.59199666978822">
        <ele>41.8</ele>
        <time>2026-09-24T13:00:14Z</time>
        <extensions>
          <gpxtpx:TrackPointExtension>
            <gpxtpx:hr>176</gpxtpx:hr>
          </gpxtpx:TrackPointExtension>
        </extensions>
      </trkpt>
      <trkpt lat="32.06571384418259" lon="118.59199166679333">
        <ele>41.8</ele>
        <time>2026-09-24T13:00:15Z</time>
        <extensions>
          <gpxtpx:TrackPointExtension>
            <gpxtpx:hr>176</gpxtpx:hr>
          </gpxtpx:TrackPointExtension>
        </extensions>
      </trkpt>
      <trkpt lat="32.06573884953634" lon="118.59198666388721">
        <ele>41.8</ele>
        <time>2026-09-24T13:00:16Z</time>
        <extensions>
          <gpxtpx:TrackPointExtension>
            <gpxtpx:hr>176</gpxtpx:hr>
          </gpxtpx:TrackPointExtension>
        </extensions>
      </trkpt>
      <trkpt lat="32.065762854722784" lon="118.59198366133207">
        <ele>41.8</ele>
        <time>2026-09-24T13:00:17Z</time>
        <extensions>
          <gpxtpx:TrackPointExtension>
            <gpxtpx:hr>178</gpxtpx:hr>
          </gpxtpx:TrackPointExtension>
        </extensions>
      </trkpt>
      <trkpt lat="32.06578585971603" lon="118.59198165899772">
        <ele>41.8</ele>
        <time>2026-09-24T13:00:18Z</time>
        <extensions>
          <gpxtpx:TrackPointExtension>
            <gpxtpx:hr>178</gpxtpx:hr>
          </gpxtpx:TrackPointExtension>
        </extensions>
      </trkpt>
      <trkpt lat="32.065810865174576" lon="118.5919806566142">
        <ele>41.8</ele>
        <time>2026-09-24T13:00:19Z</time>
        <extensions>
          <gpxtpx:TrackPointExtension>
            <gpxtpx:hr>178</gpxtpx:hr>
          </gpxtpx:TrackPointExtension>
        </extensions>
      </trkpt>
      <trkpt lat="32.06583587065969" lon="118.59198065436186">
        <ele>41.8</ele>
        <time>2026-09-24T13:00:20Z</time>
        <extensions>
          <gpxtpx:TrackPointExtension>
            <gpxtpx:hr>178</gpxtpx:hr>
          </gpxtpx:TrackPointExtension>
        </extensions>
      </trkpt>
      <trkpt lat="32.0658608761714" lon="118.59198165224069">
        <ele>41.8</ele>
        <time>2026-09-24T13:00:21Z</time>
        <extensions>
          <gpxtpx:TrackPointExtension>
            <gpxtpx:hr>178</gpxtpx:hr>
          </gpxtpx:TrackPointExtension>
        </extensions>
      </trkpt>
      <trkpt lat="32.06588988261375" lon="118.59198465002119">
        <ele>41.7</ele>
        <time>2026-09-24T13:00:22Z</time>
        <extensions>
          <gpxtpx:TrackPointExtension>
            <gpxtpx:hr>178</gpxtpx:hr>
          </gpxtpx:TrackPointExtension>
        </extensions>
      </trkpt>
      <trkpt lat="32.06591488817793" lon="118.59198764816158">
        <ele>41.7</ele>
        <time>2026-09-24T13:00:23Z</time>
        <extensions>
          <gpxtpx:TrackPointExtension>
            <gpxtpx:hr>178</gpxtpx:hr>
          </gpxtpx:TrackPointExtension>
        </extensions>
      </trkpt>
      <trkpt lat="32.0659388935485" lon="118.59199164652223">
        <ele>41.7</ele>
        <time>2026-09-24T13:00:24Z</time>
        <extensions>
          <gpxtpx:TrackPointExtension>
            <gpxtpx:hr>178</gpxtpx:hr>
          </gpxtpx:TrackPointExtension>
        </extensions>
      </trkpt>
      <trkpt lat="32.06596790006717" lon="118.5919976446923">
        <ele>41.7</ele>
        <time>2026-09-24T13:00:25Z</time>
        <extensions>
          <gpxtpx:TrackPointExtension>
            <gpxtpx:hr>178</gpxtpx:hr>
          </gpxtpx:TrackPointExtension>
        </extensions>
      </trkpt>
      <trkpt lat="32.06599390592595" lon="118.59200364313074">
        <ele>41.7</ele>
        <time>2026-09-24T13:00:26Z</time>
        <extensions>
          <gpxtpx:TrackPointExtension>
            <gpxtpx:hr>178</gpxtpx:hr>
          </gpxtpx:TrackPointExtension>
        </extensions>
      </trkpt>
      <trkpt lat="32.06601991178293" lon="118.59200964156729">
        <ele>41.6</ele>
        <time>2026-09-24T13:00:27Z</time>
        <extensions>
          <gpxtpx:TrackPointExtension>
            <gpxtpx:hr>178</gpxtpx:hr>
          </gpxtpx:TrackPointExtension>
        </extensions>
      </trkpt>
      <trkpt lat="32.06604591766335" lon="118.59201664013126">
        <ele>41.6</ele>
        <time>2026-09-24T13:00:28Z</time>
        <extensions>
          <gpxtpx:TrackPointExtension>
            <gpxtpx:hr>178</gpxtpx:hr>
          </gpxtpx:TrackPointExtension>
        </extensions>
      </trkpt>
      <trkpt lat="32.06606792266409" lon="118.59202363905302">
        <ele>41.6</ele>
        <time>2026-09-24T13:00:29Z</time>
        <extensions>
          <gpxtpx:TrackPointExtension>
            <gpxtpx:hr>178</gpxtpx:hr>
          </gpxtpx:TrackPointExtension>
        </extensions>
      </trkpt>
      <trkpt lat="32.066093928564385" lon="118.59203163774038">
        <ele>41.6</ele>
        <time>2026-09-24T13:00:30Z</time>
        <extensions>
          <gpxtpx:TrackPointExtension>
            <gpxtpx:hr>178</gpxtpx:hr>
          </gpxtpx:TrackPointExtension>
        </extensions>
      </trkpt>
      <trkpt lat="32.06611993448583" lon="118.59204063655241">
        <ele>41.6</ele>
        <time>2026-09-24T13:00:31Z</time>
        <extensions>
          <gpxtpx:TrackPointExtension>
            <gpxtpx:hr>178</gpxtpx:hr>
          </gpxtpx:TrackPointExtension>
        </extensions>
      </trkpt>
      <trkpt lat="32.06614494020794" lon="118.5920506355778">
        <ele>41.6</ele>
        <time>2026-09-24T13:00:32Z</time>
        <extensions>
          <gpxtpx:TrackPointExtension>
            <gpxtpx:hr>177</gpxtpx:hr>
          </gpxtpx:TrackPointExtension>
        </extensions>
      </trkpt>
      <trkpt lat="32.06617194638731" lon="118.5920616345447">
        <ele>41.6</ele>
        <time>2026-09-24T13:00:33Z</time>
        <extensions>
          <gpxtpx:TrackPointExtension>
            <gpxtpx:hr>177</gpxtpx:hr>
          </gpxtpx:TrackPointExtension>
        </extensions>
      </trkpt>
      <trkpt lat="32.06619795231905" lon="118.59207163346893">
        <ele>41.6</ele>
        <time>2026-09-24T13:00:34Z</time>
        <extensions>
          <gpxtpx:TrackPointExtension>
            <gpxtpx:hr>177</gpxtpx:hr>
          </gpxtpx:TrackPointExtension>
        </extensions>
      </trkpt>
      <trkpt lat="32.0662249584878" lon="118.59208263242364">
        <ele>41.6</ele>
        <time>2026-09-24T13:00:35Z</time>
        <extensions>
          <gpxtpx:TrackPointExtension>
            <gpxtpx:hr>177</gpxtpx:hr>
          </gpxtpx:TrackPointExtension>
        </extensions>
      </trkpt>
      <trkpt lat="32.066246963510885" lon="118.59209163157185">
        <ele>41.6</ele>
        <time>2026-09-24T13:00:36Z</time>
        <extensions>
          <gpxtpx:TrackPointExtension>
            <gpxtpx:hr>177</gpxtpx:hr>
          </gpxtpx:TrackPointExtension>
        </extensions>
      </trkpt>
      <trkpt lat="32.06627096901175" lon="118.59210263078523">
        <ele>41.4</ele>
        <time>2026-09-24T13:00:37Z</time>
        <extensions>
          <gpxtpx:TrackPointExtension>
            <gpxtpx:hr>178</gpxtpx:hr>
          </gpxtpx:TrackPointExtension>
        </extensions>
      </trkpt>
      <trkpt lat="32.06629597474728" lon="118.59211463002633">
        <ele>41.4</ele>
        <time>2026-09-24T13:00:38Z</time>
        <extensions>
          <gpxtpx:TrackPointExtension>
            <gpxtpx:hr>178</gpxtpx:hr>
          </gpxtpx:TrackPointExtension>
        </extensions>
      </trkpt>
      <trkpt lat="32.06631998027738" lon="118.5921276294734">
        <ele>41.4</ele>
        <time>2026-09-24T13:00:39Z</time>
        <extensions>
          <gpxtpx:TrackPointExtension>
            <gpxtpx:hr>178</gpxtpx:hr>
          </gpxtpx:TrackPointExtension>
        </extensions>
      </trkpt>
      <trkpt lat="32.066344986058525" lon="118.5921426290669">
        <ele>41.4</ele>
        <time>2026-09-24T13:00:40Z</time>
        <extensions>
          <gpxtpx:TrackPointExtension>
            <gpxtpx:hr>178</gpxtpx:hr>
          </gpxtpx:TrackPointExtension>
        </extensions>
      </trkpt>
      <trkpt lat="32.066366991114656" lon="118.59215462855296">
        <ele>41.4</ele>
        <time>2026-09-24T13:00:41Z</time>
        <extensions>
          <gpxtpx:TrackPointExtension>
            <gpxtpx:hr>178</gpxtpx:hr>
          </gpxtpx:TrackPointExtension>
        </extensions>
      </trkpt>
      <trkpt lat="32.06638899618288" lon="118.59216762815281">
        <ele>41.1</ele>
        <time>2026-09-24T13:00:42Z</time>
        <extensions>
          <gpxtpx:TrackPointExtension>
            <gpxtpx:hr>177</gpxtpx:hr>
          </gpxtpx:TrackPointExtension>
        </extensions>
      </trkpt>
      <trkpt lat="32.066416002429065" lon="118.59218562789592">
        <ele>41.1</ele>
        <time>2026-09-24T13:00:43Z</time>
        <extensions>
          <gpxtpx:TrackPointExtension>
            <gpxtpx:hr>177</gpxtpx:hr>
          </gpxtpx:TrackPointExtension>
        </extensions>
      </trkpt>
      <trkpt lat="32.06644000798612" lon="118.59220262777276">
        <ele>41.1</ele>
        <time>2026-09-24T13:00:44Z</time>
        <extensions>
          <gpxtpx:TrackPointExtension>
            <gpxtpx:hr>177</gpxtpx:hr>
          </gpxtpx:TrackPointExtension>
        </extensions>
      </trkpt>
      <trkpt lat="32.066463013359716" lon="118.59222262808007">
        <ele>41.1</ele>
        <time>2026-09-24T13:00:45Z</time>
        <extensions>
          <gpxtpx:TrackPointExtension>
            <gpxtpx:hr>177</gpxtpx:hr>
          </gpxtpx:TrackPointExtension>
        </extensions>
      </trkpt>
      <trkpt lat="32.06648401829241" lon="118.59224362866385">
        <ele>41.1</ele>
        <time>2026-09-24T13:00:46Z</time>
        <extensions>
          <gpxtpx:TrackPointExtension>
            <gpxtpx:hr>177</gpxtpx:hr>
          </gpxtpx:TrackPointExtension>
        </extensions>
      </trkpt>
      <trkpt lat="32.06650302269511" lon="118.59225962882273">
        <ele>40.9</ele>
        <time>2026-09-24T13:00:47Z</time>
        <extensions>
          <gpxtpx:TrackPointExtension>
            <gpxtpx:hr>177</gpxtpx:hr>
          </gpxtpx:TrackPointExtension>
        </extensions>
      </trkpt>
      <trkpt lat="32.066523027319434" lon="118.59227662899369">
        <ele>40.9</ele>
        <time>2026-09-24T13:00:48Z</time>
        <extensions>
          <gpxtpx:TrackPointExtension>
            <gpxtpx:hr>177</gpxtpx:hr>
          </gpxtpx:TrackPointExtension>
        </extensions>
      </trkpt>
      <trkpt lat="32.066547032833604" lon="118.59229562901834">
        <ele>40.9</ele>
        <time>2026-09-24T13:00:49Z</time>
        <extensions>
          <gpxtpx:TrackPointExtension>
            <gpxtpx:hr>177</gpxtpx:hr>
          </gpxtpx:TrackPointExtension>
        </extensions>
      </trkpt>
      <trkpt lat="32.06657203857501" lon="118.59231662916099">
        <ele>40.9</ele>
        <time>2026-09-24T13:00:50Z</time>
        <extensions>
          <gpxtpx:TrackPointExtension>
            <gpxtpx:hr>177</gpxtpx:hr>
          </gpxtpx:TrackPointExtension>
        </extensions>
      </trkpt>
      <trkpt lat="32.06659204317873" lon="118.59233562950598">
        <ele>40.9</ele>
        <time>2026-09-24T13:00:51Z</time>
        <extensions>
          <gpxtpx:TrackPointExtension>
            <gpxtpx:hr>177</gpxtpx:hr>
          </gpxtpx:TrackPointExtension>
        </extensions>
      </trkpt>
      <trkpt lat="32.06661104752652" lon="118.59235262969898">
        <ele>40.5</ele>
        <time>2026-09-24T13:00:52Z</time>
        <extensions>
          <gpxtpx:TrackPointExtension>
            <gpxtpx:hr>177</gpxtpx:hr>
          </gpxtpx:TrackPointExtension>
        </extensions>
      </trkpt>
      <trkpt lat="32.066633052528616" lon="118.59237062971714">
        <ele>40.5</ele>
        <time>2026-09-24T13:00:53Z</time>
        <extensions>
          <gpxtpx:TrackPointExtension>
            <gpxtpx:hr>177</gpxtpx:hr>
          </gpxtpx:TrackPointExtension>
        </extensions>
      </trkpt>
      <trkpt lat="32.06665605770871" lon="118.5923856292988">
        <ele>40.5</ele>
        <time>2026-09-24T13:00:54Z</time>
        <extensions>
          <gpxtpx:TrackPointExtension>
            <gpxtpx:hr>177</gpxtpx:hr>
          </gpxtpx:TrackPointExtension>
        </extensions>
      </trkpt>
      <trkpt lat="32.06668106330869" lon="118.59239962857932">
        <ele>40.5</ele>
        <time>2026-09-24T13:00:55Z</time>
        <extensions>
          <gpxtpx:TrackPointExtension>
            <gpxtpx:hr>177</gpxtpx:hr>
          </gpxtpx:TrackPointExtension>
        </extensions>
      </trkpt>
      <trkpt lat="32.066706068876414" lon="118.5924106275241">
        <ele>40.5</ele>
        <time>2026-09-24T13:00:56Z</time>
        <extensions>
          <gpxtpx:TrackPointExtension>
            <gpxtpx:hr>177</gpxtpx:hr>
          </gpxtpx:TrackPointExtension>
        </extensions>
      </trkpt>
      <trkpt lat="32.06672907400037" lon="118.5924216266427">
        <ele>39.0</ele>
        <time>2026-09-24T13:00:57Z</time>
        <extensions>
          <gpxtpx:TrackPointExtension>
            <gpxtpx:hr>178</gpxtpx:hr>
          </gpxtpx:TrackPointExtension>
        </extensions>
      </trkpt>
      <trkpt lat="32.066757080221315" lon="118.59243362541183">
        <ele>39.0</ele>
        <time>2026-09-24T13:00:58Z</time>
        <extensions>
          <gpxtpx:TrackPointExtension>
            <gpxtpx:hr>178</gpxtpx:hr>
          </gpxtpx:TrackPointExtension>
        </extensions>
      </trkpt>
      <trkpt lat="32.06678708685466" lon="118.59244262367282">
        <ele>39.0</ele>
        <time>2026-09-24T13:00:59Z</time>
        <extensions>
          <gpxtpx:TrackPointExtension>
            <gpxtpx:hr>178</gpxtpx:hr>
          </gpxtpx:TrackPointExtension>
        </extensions>
      </trkpt>
      <trkpt lat="32.066813092576844" lon="118.59244662175733">
        <ele>39.0</ele>
        <time>2026-09-24T13:01:00Z</time>
        <extensions>
          <gpxtpx:TrackPointExtension>
            <gpxtpx:hr>178</gpxtpx:hr>
          </gpxtpx:TrackPointExtension>
        </extensions>
      </trkpt>
      <trkpt lat="32.06683909828576" lon="118.592448619628">
        <ele>39.0</ele>
        <time>2026-09-24T13:01:01Z</time>
        <extensions>
          <gpxtpx:TrackPointExtension>
            <gpxtpx:hr>178</gpxtpx:hr>
          </gpxtpx:TrackPointExtension>
        </extensions>
      </trkpt>
      <trkpt lat="32.06686610419481" lon="118.59244761708881">
        <ele>40.0</ele>
        <time>2026-09-24T13:01:02Z</time>
        <extensions>
          <gpxtpx:TrackPointExtension>
            <gpxtpx:hr>178</gpxtpx:hr>
          </gpxtpx:TrackPointExtension>
        </extensions>
      </trkpt>
      <trkpt lat="32.06689411031633" lon="118.59244561435277">
        <ele>40.0</ele>
        <time>2026-09-24T13:01:03Z</time>
        <extensions>
          <gpxtpx:TrackPointExtension>
            <gpxtpx:hr>178</gpxtpx:hr>
          </gpxtpx:TrackPointExtension>
        </extensions>
      </trkpt>
      <trkpt lat="32.066923116637014" lon="118.59244061120577">
        <ele>40.0</ele>
        <time>2026-09-24T13:01:04Z</time>
        <extensions>
          <gpxtpx:TrackPointExtension>
            <gpxtpx:hr>178</gpxtpx:hr>
          </gpxtpx:TrackPointExtension>
        </extensions>
      </trkpt>
      <trkpt lat="32.06694812205957" lon="118.59243260809589">
        <ele>40.0</ele>
        <time>2026-09-24T13:01:05Z</time>
        <extensions>
          <gpxtpx:TrackPointExtension>
            <gpxtpx:hr>178</gpxtpx:hr>
          </gpxtpx:TrackPointExtension>
        </extensions>
      </trkpt>
      <trkpt lat="32.06697412768354" lon="118.59242260467683">
        <ele>40.0</ele>
        <time>2026-09-24T13:01:06Z</time>
        <extensions>
          <gpxtpx:TrackPointExtension>
            <gpxtpx:hr>178</gpxtpx:hr>
          </gpxtpx:TrackPointExtension>
        </extensions>
      </trkpt>
      <trkpt lat="32.067000133279315" lon="118.59240960092694">
        <ele>39.9</ele>
        <time>2026-09-24T13:01:07Z</time>
        <extensions>
          <gpxtpx:TrackPointExtension>
            <gpxtpx:hr>177</gpxtpx:hr>
          </gpxtpx:TrackPointExtension>
        </extensions>
      </trkpt>
      <trkpt lat="32.06702713907797" lon="118.59239559696876">
        <ele>39.9</ele>
        <time>2026-09-24T13:01:08Z</time>
        <extensions>
          <gpxtpx:TrackPointExtension>
            <gpxtpx:hr>177</gpxtpx:hr>
          </gpxtpx:TrackPointExtension>
        </extensions>
      </trkpt>
      <trkpt lat="32.06705014398251" lon="118.59238059325052">
        <ele>39.9</ele>
        <time>2026-09-24T13:01:09Z</time>
        <extensions>
          <gpxtpx:TrackPointExtension>
            <gpxtpx:hr>177</gpxtpx:hr>
          </gpxtpx:TrackPointExtension>
        </extensions>
      </trkpt>
      <trkpt lat="32.06707314884723" lon="118.59236258918746">
        <ele>39.9</ele>
        <time>2026-09-24T13:01:10Z</time>
        <extensions>
          <gpxtpx:TrackPointExtension>
            <gpxtpx:hr>177</gpxtpx:hr>
          </gpxtpx:TrackPointExtension>
        </extensions>
      </trkpt>
      <trkpt lat="32.06709615368673" lon="118.59234358499528">
        <ele>39.9</ele>
        <time>2026-09-24T13:01:11Z</time>
        <extensions>
          <gpxtpx:TrackPointExtension>
            <gpxtpx:hr>177</gpxtpx:hr>
          </gpxtpx:TrackPointExtension>
        </extensions>
      </trkpt>
      <trkpt lat="32.067116157887966" lon="118.59232758139338">
        <ele>39.9</ele>
        <time>2026-09-24T13:01:12Z</time>
        <extensions>
          <gpxtpx:TrackPointExtension>
            <gpxtpx:hr>177</gpxtpx:hr>
          </gpxtpx:TrackPointExtension>
        </extensions>
      </trkpt>
      <trkpt lat="32.06714016295382" lon="118.59231157741762">
        <ele>39.9</ele>
        <time>2026-09-24T13:01:13Z</time>
        <extensions>
          <gpxtpx:TrackPointExtension>
            <gpxtpx:hr>177</gpxtpx:hr>
          </gpxtpx:TrackPointExtension>
        </extensions>
      </trkpt>
      <trkpt lat="32.067165168253" lon="118.59229757356735">
        <ele>39.9</ele>
        <time>2026-09-24T13:01:14Z</time>
        <extensions>
          <gpxtpx:TrackPointExtension>
            <gpxtpx:hr>177</gpxtpx:hr>
          </gpxtpx:TrackPointExtension>
        </extensions>
      </trkpt>
      <trkpt lat="32.06719117380254" lon="118.59228656996213">
        <ele>39.9</ele>
        <time>2026-09-24T13:01:15Z</time>
        <extensions>
          <gpxtpx:TrackPointExtension>
            <gpxtpx:hr>177</gpxtpx:hr>
          </gpxtpx:TrackPointExtension>
        </extensions>
      </trkpt>
      <trkpt lat="32.067218179647625" lon="118.59228156695342">
        <ele>39.9</ele>
        <time>2026-09-24T13:01:16Z</time>
        <extensions>
          <gpxtpx:TrackPointExtension>
            <gpxtpx:hr>177</gpxtpx:hr>
          </gpxtpx:TrackPointExtension>
        </extensions>
      </trkpt>
      <trkpt lat="32.06724618579219" lon="118.59228256454598">
        <ele>39.8</ele>
        <time>2026-09-24T13:01:17Z</time>
        <extensions>
          <gpxtpx:TrackPointExtension>
            <gpxtpx:hr>176</gpxtpx:hr>
          </gpxtpx:TrackPointExtension>
        </extensions>
      </trkpt>
      <trkpt lat="32.06727419198998" lon="118.592287562599">
        <ele>39.8</ele>
        <time>2026-09-24T13:01:18Z</time>
        <extensions>
          <gpxtpx:TrackPointExtension>
            <gpxtpx:hr>176</gpxtpx:hr>
          </gpxtpx:TrackPointExtension>
        </extensions>
      </trkpt>
      <trkpt lat="32.06730019781333" lon="118.59229756140404">
        <ele>39.8</ele>
        <time>2026-09-24T13:01:19Z</time>
        <extensions>
          <gpxtpx:TrackPointExtension>
            <gpxtpx:hr>176</gpxtpx:hr>
          </gpxtpx:TrackPointExtension>
        </extensions>
      </trkpt>
      <trkpt lat="32.067326203644456" lon="118.59230856031776">
        <ele>39.8</ele>
        <time>2026-09-24T13:01:20Z</time>
        <extensions>
          <gpxtpx:TrackPointExtension>
            <gpxtpx:hr>176</gpxtpx:hr>
          </gpxtpx:TrackPointExtension>
        </extensions>
      </trkpt>
      <trkpt lat="32.06735120926298" lon="118.5923205594285">
        <ele>39.8</ele>
        <time>2026-09-24T13:01:21Z</time>
        <extensions>
          <gpxtpx:TrackPointExtension>
            <gpxtpx:hr>176</gpxtpx:hr>
          </gpxtpx:TrackPointExtension>
        </extensions>
      </trkpt>
      <trkpt lat="32.06737621486364" lon="118.59233155841899">
        <ele>39.8</ele>
        <time>2026-09-24T13:01:22Z</time>
        <extensions>
          <gpxtpx:TrackPointExtension>
            <gpxtpx:hr>177</gpxtpx:hr>
          </gpxtpx:TrackPointExtension>
        </extensions>
      </trkpt>
      <trkpt lat="32.067401220458784" lon="118.59234255740311">
        <ele>39.8</ele>
        <time>2026-09-24T13:01:23Z</time>
        <extensions>
          <gpxtpx:TrackPointExtension>
            <gpxtpx:hr>177</gpxtpx:hr>
          </gpxtpx:TrackPointExtension>
        </extensions>
      </trkpt>
      <trkpt lat="32.067426226048404" lon="118.59235355638084">
        <ele>39.8</ele>
        <time>2026-09-24T13:01:24Z</time>
        <extensions>
          <gpxtpx:TrackPointExtension>
            <gpxtpx:hr>177</gpxtpx:hr>
          </gpxtpx:TrackPointExtension>
        </extensions>
      </trkpt>
      <trkpt lat="32.06745123162259" lon="118.59236355524122">
        <ele>39.8</ele>
        <time>2026-09-24T13:01:25Z</time>
        <extensions>
          <gpxtpx:TrackPointExtension>
            <gpxtpx:hr>177</gpxtpx:hr>
          </gpxtpx:TrackPointExtension>
        </extensions>
      </trkpt>
      <trkpt lat="32.06747823762043" lon="118.59237255380559">
        <ele>39.8</ele>
        <time>2026-09-24T13:01:26Z</time>
        <extensions>
          <gpxtpx:TrackPointExtension>
            <gpxtpx:hr>177</gpxtpx:hr>
          </gpxtpx:TrackPointExtension>
        </extensions>
      </trkpt>
      <trkpt lat="32.06750624385158" lon="118.59238355249565">
        <ele>39.9</ele>
        <time>2026-09-24T13:01:27Z</time>
        <extensions>
          <gpxtpx:TrackPointExtension>
            <gpxtpx:hr>176</gpxtpx:hr>
          </gpxtpx:TrackPointExtension>
        </extensions>
      </trkpt>
      <trkpt lat="32.067534250068555" lon="118.59239355106992">
        <ele>39.9</ele>
        <time>2026-09-24T13:01:28Z</time>
        <extensions>
          <gpxtpx:TrackPointExtension>
            <gpxtpx:hr>176</gpxtpx:hr>
          </gpxtpx:TrackPointExtension>
        </extensions>
      </trkpt>
      <trkpt lat="32.06755825539722" lon="118.59240254989038">
        <ele>39.9</ele>
        <time>2026-09-24T13:01:29Z</time>
        <extensions>
          <gpxtpx:TrackPointExtension>
            <gpxtpx:hr>176</gpxtpx:hr>
          </gpxtpx:TrackPointExtension>
        </extensions>
      </trkpt>
      <trkpt lat="32.06758026029226" lon="118.59241254899524">
        <ele>39.9</ele>
        <time>2026-09-24T13:01:30Z</time>
        <extensions>
          <gpxtpx:TrackPointExtension>
            <gpxtpx:hr>176</gpxtpx:hr>
          </gpxtpx:TrackPointExtension>
        </extensions>
      </trkpt>
      <trkpt lat="32.06760726629161" lon="118.59242454786006">
        <ele>39.9</ele>
        <time>2026-09-24T13:01:31Z</time>
        <extensions>
          <gpxtpx:TrackPointExtension>
            <gpxtpx:hr>176</gpxtpx:hr>
          </gpxtpx:TrackPointExtension>
        </extensions>
      </trkpt>
      <trkpt lat="32.06763427227764" lon="118.59243554661009">
        <ele>39.9</ele>
        <time>2026-09-24T13:01:32Z</time>
        <extensions>
          <gpxtpx:TrackPointExtension>
            <gpxtpx:hr>176</gpxtpx:hr>
          </gpxtpx:TrackPointExtension>
        </extensions>
      </trkpt>
      <trkpt lat="32.06766127826439" lon="118.59244754546039">
        <ele>39.9</ele>
        <time>2026-09-24T13:01:33Z</time>
        <extensions>
          <gpxtpx:TrackPointExtension>
            <gpxtpx:hr>176</gpxtpx:hr>
          </gpxtpx:TrackPointExtension>
        </extensions>
      </trkpt>
      <trkpt lat="32.06768728401422" lon="118.59245754418114">
        <ele>39.9</ele>
        <time>2026-09-24T13:01:34Z</time>
        <extensions>
          <gpxtpx:TrackPointExtension>
            <gpxtpx:hr>176</gpxtpx:hr>
          </gpxtpx:TrackPointExtension>
        </extensions>
      </trkpt>
      <trkpt lat="32.067713289754046" lon="118.59246654279106">
        <ele>39.9</ele>
        <time>2026-09-24T13:01:35Z</time>
        <extensions>
          <gpxtpx:TrackPointExtension>
            <gpxtpx:hr>176</gpxtpx:hr>
          </gpxtpx:TrackPointExtension>
        </extensions>
      </trkpt>
      <trkpt lat="32.067741295907254" lon="118.5924715407956">
        <ele>39.9</ele>
        <time>2026-09-24T13:01:36Z</time>
        <extensions>
          <gpxtpx:TrackPointExtension>
            <gpxtpx:hr>176</gpxtpx:hr>
          </gpxtpx:TrackPointExtension>
        </extensions>
      </trkpt>
      <trkpt lat="32.06776630136148" lon="118.59246853822685">
        <ele>40.0</ele>
        <time>2026-09-24T13:01:37Z</time>
        <extensions>
          <gpxtpx:TrackPointExtension>
            <gpxtpx:hr>176</gpxtpx:hr>
          </gpxtpx:TrackPointExtension>
        </extensions>
      </trkpt>
      <trkpt lat="32.067789306343954" lon="118.59245953520295">
        <ele>40.0</ele>
        <time>2026-09-24T13:01:38Z</time>
        <extensions>
          <gpxtpx:TrackPointExtension>
            <gpxtpx:hr>176</gpxtpx:hr>
          </gpxtpx:TrackPointExtension>
        </extensions>
      </trkpt>
      <trkpt lat="32.067809310615964" lon="118.59244253159189">
        <ele>40.0</ele>
        <time>2026-09-24T13:01:39Z</time>
        <extensions>
          <gpxtpx:TrackPointExtension>
            <gpxtpx:hr>176</gpxtpx:hr>
          </gpxtpx:TrackPointExtension>
        </extensions>
      </trkpt>
      <trkpt lat="32.06782331355524" lon="118.59242452839841">
        <ele>40.0</ele>
        <time>2026-09-24T13:01:40Z</time>
        <extensions>
          <gpxtpx:TrackPointExtension>
            <gpxtpx:hr>176</gpxtpx:hr>
          </gpxtpx:TrackPointExtension>
        </extensions>
      </trkpt>
      <trkpt lat="32.0678353160824" lon="118.59241152591122">
        <ele>40.0</ele>
        <time>2026-09-24T13:01:41Z</time>
        <extensions>
          <gpxtpx:TrackPointExtension>
            <gpxtpx:hr>176</gpxtpx:hr>
          </gpxtpx:TrackPointExtension>
        </extensions>
      </trkpt>
      <trkpt lat="32.06785532033534" lon="118.59239652247587">
        <ele>40.0</ele>
        <time>2026-09-24T13:01:42Z</time>
        <extensions>
          <gpxtpx:TrackPointExtension>
            <gpxtpx:hr>176</gpxtpx:hr>
          </gpxtpx:TrackPointExtension>
        </extensions>
      </trkpt>
      <trkpt lat="32.067878325197576" lon="118.59237751831763">
        <ele>40.0</ele>
        <time>2026-09-24T13:01:43Z</time>
        <extensions>
          <gpxtpx:TrackPointExtension>
            <gpxtpx:hr>176</gpxtpx:hr>
          </gpxtpx:TrackPointExtension>
        </extensions>
      </trkpt>
      <trkpt lat="32.067898329325715" lon="118.59235251374206">
        <ele>40.0</ele>
        <time>2026-09-24T13:01:44Z</time>
        <extensions>
          <gpxtpx:TrackPointExtension>
            <gpxtpx:hr>176</gpxtpx:hr>
          </gpxtpx:TrackPointExtension>
        </extensions>
      </trkpt>
      <trkpt lat="32.06791633298875" lon="118.59232750931375">
        <ele>40.0</ele>
        <time>2026-09-24T13:01:45Z</time>
        <extensions>
          <gpxtpx:TrackPointExtension>
            <gpxtpx:hr>176</gpxtpx:hr>
          </gpxtpx:TrackPointExtension>
        </extensions>
      </trkpt>
      <trkpt lat="32.06793633708688" lon="118.5923045049007">
        <ele>40.0</ele>
        <time>2026-09-24T13:01:46Z</time>
        <extensions>
          <gpxtpx:TrackPointExtension>
            <gpxtpx:hr>176</gpxtpx:hr>
          </gpxtpx:TrackPointExtension>
        </extensions>
      </trkpt>
      <trkpt lat="32.06795634117513" lon="118.59228250057508">
        <ele>39.9</ele>
        <time>2026-09-24T13:01:47Z</time>
        <extensions>
          <gpxtpx:TrackPointExtension>
            <gpxtpx:hr>176</gpxtpx:hr>
          </gpxtpx:TrackPointExtension>
        </extensions>
      </trkpt>
      <trkpt lat="32.06797634528521" lon="118.5922634965731">
        <ele>39.9</ele>
        <time>2026-09-24T13:01:48Z</time>
        <extensions>
          <gpxtpx:TrackPointExtension>
            <gpxtpx:hr>176</gpxtpx:hr>
          </gpxtpx:TrackPointExtension>
        </extensions>
      </trkpt>
      <trkpt lat="32.068000350223734" lon="118.592242491957">
        <ele>39.9</ele>
        <time>2026-09-24T13:01:49Z</time>
        <extensions>
          <gpxtpx:TrackPointExtension>
            <gpxtpx:hr>176</gpxtpx:hr>
          </gpxtpx:TrackPointExtension>
        </extensions>
      </trkpt>
      <trkpt lat="32.06802235476966" lon="118.59222548797143">
        <ele>39.9</ele>
        <time>2026-09-24T13:01:50Z</time>
        <extensions>
          <gpxtpx:TrackPointExtension>
            <gpxtpx:hr>176</gpxtpx:hr>
          </gpxtpx:TrackPointExtension>
        </extensions>
      </trkpt>
      <trkpt lat="32.06804535952143" lon="118.59220848388055">
        <ele>39.9</ele>
        <time>2026-09-24T13:01:51Z</time>
        <extensions>
          <gpxtpx:TrackPointExtension>
            <gpxtpx:hr>176</gpxtpx:hr>
          </gpxtpx:TrackPointExtension>
        </extensions>
      </trkpt>
      <trkpt lat="32.06806736407655" lon="118.59219348010461">
        <ele>40.0</ele>
        <time>2026-09-24T13:01:52Z</time>
        <extensions>
          <gpxtpx:TrackPointExtension>
            <gpxtpx:hr>176</gpxtpx:hr>
          </gpxtpx:TrackPointExtension>
        </extensions>
      </trkpt>
      <trkpt lat="32.06809136907707" lon="118.59217947625733">
        <ele>40.0</ele>
        <time>2026-09-24T13:01:53Z</time>
        <extensions>
          <gpxtpx:TrackPointExtension>
            <gpxtpx:hr>176</gpxtpx:hr>
          </gpxtpx:TrackPointExtension>
        </extensions>
      </trkpt>
      <trkpt lat="32.0681163743061" lon="118.59216647243106">
        <ele>40.0</ele>
        <time>2026-09-24T13:01:54Z</time>
        <extensions>
          <gpxtpx:TrackPointExtension>
            <gpxtpx:hr>176</gpxtpx:hr>
          </gpxtpx:TrackPointExtension>
        </extensions>
      </trkpt>
      <trkpt lat="32.06814137954665" lon="118.59215446871794">
        <ele>40.0</ele>
        <time>2026-09-24T13:01:55Z</time>
        <extensions>
          <gpxtpx:TrackPointExtension>
            <gpxtpx:hr>176</gpxtpx:hr>
          </gpxtpx:TrackPointExtension>
        </extensions>
      </trkpt>
      <trkpt lat="32.068168385257266" lon="118.59214446506223">
        <ele>40.0</ele>
        <time>2026-09-24T13:01:56Z</time>
        <extensions>
          <gpxtpx:TrackPointExtension>
            <gpxtpx:hr>176</gpxtpx:hr>
          </gpxtpx:TrackPointExtension>
        </extensions>
      </trkpt>
      <trkpt lat="32.06819339054592" lon="118.59213546170452">
        <ele>40.0</ele>
        <time>2026-09-24T13:01:57Z</time>
        <extensions>
          <gpxtpx:TrackPointExtension>
            <gpxtpx:hr>176</gpxtpx:hr>
          </gpxtpx:TrackPointExtension>
        </extensions>
      </trkpt>
      <trkpt lat="32.06821939611038" lon="118.59212945862272">
        <ele>40.0</ele>
        <time>2026-09-24T13:01:58Z</time>
        <extensions>
          <gpxtpx:TrackPointExtension>
            <gpxtpx:hr>176</gpxtpx:hr>
          </gpxtpx:TrackPointExtension>
        </extensions>
      </trkpt>
      <trkpt lat="32.06824540169351" lon="118.59212445566266">
        <ele>40.0</ele>
        <time>2026-09-24T13:01:59Z</time>
        <extensions>
          <gpxtpx:TrackPointExtension>
            <gpxtpx:hr>176</gpxtpx:hr>
          </gpxtpx:TrackPointExtension>
        </extensions>
      </trkpt>
      <trkpt lat="32.068272407514634" lon="118.59212045273503">
        <ele>40.0</ele>
        <time>2026-09-24T13:02:00Z</time>
        <extensions>
          <gpxtpx:TrackPointExtension>
            <gpxtpx:hr>176</gpxtpx:hr>
          </gpxtpx:TrackPointExtension>
        </extensions>
      </trkpt>
      <trkpt lat="32.068299413355604" lon="118.59211744993056">
        <ele>40.0</ele>
        <time>2026-09-24T13:02:01Z</time>
        <extensions>
          <gpxtpx:TrackPointExtension>
            <gpxtpx:hr>176</gpxtpx:hr>
          </gpxtpx:TrackPointExtension>
        </extensions>
      </trkpt>
      <trkpt lat="32.068328419695675" lon="118.59211744731759">
        <ele>40.1</ele>
        <time>2026-09-24T13:02:02Z</time>
        <extensions>
          <gpxtpx:TrackPointExtension>
            <gpxtpx:hr>178</gpxtpx:hr>
          </gpxtpx:TrackPointExtension>
        </extensions>
      </trkpt>
      <trkpt lat="32.06835342516105" lon="118.59211744506503">
        <ele>40.1</ele>
        <time>2026-09-24T13:02:03Z</time>
        <extensions>
          <gpxtpx:TrackPointExtension>
            <gpxtpx:hr>178</gpxtpx:hr>
          </gpxtpx:TrackPointExtension>
        </extensions>
      </trkpt>
      <trkpt lat="32.06837943088626" lon="118.59211944297023">
        <ele>40.1</ele>
        <time>2026-09-24T13:02:04Z</time>
        <extensions>
          <gpxtpx:TrackPointExtension>
            <gpxtpx:hr>178</gpxtpx:hr>
          </gpxtpx:TrackPointExtension>
        </extensions>
      </trkpt>
      <trkpt lat="32.06841043774515" lon="118.59212344067213">
        <ele>40.1</ele>
        <time>2026-09-24T13:02:05Z</time>
        <extensions>
          <gpxtpx:TrackPointExtension>
            <gpxtpx:hr>178</gpxtpx:hr>
          </gpxtpx:TrackPointExtension>
        </extensions>
      </trkpt>
      <trkpt lat="32.06844044440474" lon="118.59212843858671">
        <ele>40.1</ele>
        <time>2026-09-24T13:02:06Z</time>
        <extensions>
          <gpxtpx:TrackPointExtension>
            <gpxtpx:hr>178</gpxtpx:hr>
          </gpxtpx:TrackPointExtension>
        </extensions>
      </trkpt>
      <trkpt lat="32.06846945086442" lon="118.59213443671318">
        <ele>40.2</ele>
        <time>2026-09-24T13:02:07Z</time>
        <extensions>
          <gpxtpx:TrackPointExtension>
            <gpxtpx:hr>177</gpxtpx:hr>
          </gpxtpx:TrackPointExtension>
        </extensions>
      </trkpt>
      <trkpt lat="32.06849845734197" lon="118.59214143496051">
        <ele>40.2</ele>
        <time>2026-09-24T13:02:08Z</time>
        <extensions>
          <gpxtpx:TrackPointExtension>
            <gpxtpx:hr>177</gpxtpx:hr>
          </gpxtpx:TrackPointExtension>
        </extensions>
      </trkpt>
      <trkpt lat="32.068524463180815" lon="118.59214943359788">
        <ele>40.2</ele>
        <time>2026-09-24T13:02:09Z</time>
        <extensions>
          <gpxtpx:TrackPointExtension>
            <gpxtpx:hr>177</gpxtpx:hr>
          </gpxtpx:TrackPointExtension>
        </extensions>
      </trkpt>
      <trkpt lat="32.06854746836098" lon="118.59215743250218">
        <ele>40.2</ele>
        <time>2026-09-24T13:02:10Z</time>
        <extensions>
          <gpxtpx:TrackPointExtension>
            <gpxtpx:hr>177</gpxtpx:hr>
          </gpxtpx:TrackPointExtension>
        </extensions>
      </trkpt>
      <trkpt lat="32.06857247403101" lon="118.59216843158703">
        <ele>40.2</ele>
        <time>2026-09-24T13:02:11Z</time>
        <extensions>
          <gpxtpx:TrackPointExtension>
            <gpxtpx:hr>177</gpxtpx:hr>
          </gpxtpx:TrackPointExtension>
        </extensions>
      </trkpt>
      <trkpt lat="32.06859948015059" lon="118.59218043060596">
        <ele>40.3</ele>
        <time>2026-09-24T13:02:12Z</time>
        <extensions>
          <gpxtpx:TrackPointExtension>
            <gpxtpx:hr>178</gpxtpx:hr>
          </gpxtpx:TrackPointExtension>
        </extensions>
      </trkpt>
      <trkpt lat="32.06862248537202" lon="118.59219142985768">
        <ele>40.3</ele>
        <time>2026-09-24T13:02:13Z</time>
        <extensions>
          <gpxtpx:TrackPointExtension>
            <gpxtpx:hr>178</gpxtpx:hr>
          </gpxtpx:TrackPointExtension>
        </extensions>
      </trkpt>
      <trkpt lat="32.06864649080647" lon="118.59220242901291">
        <ele>40.3</ele>
        <time>2026-09-24T13:02:14Z</time>
        <extensions>
          <gpxtpx:TrackPointExtension>
            <gpxtpx:hr>178</gpxtpx:hr>
          </gpxtpx:TrackPointExtension>
        </extensions>
      </trkpt>
      <trkpt lat="32.0686764975959" lon="118.59221642797769">
        <ele>40.3</ele>
        <time>2026-09-24T13:02:15Z</time>
        <extensions>
          <gpxtpx:TrackPointExtension>
            <gpxtpx:hr>178</gpxtpx:hr>
          </gpxtpx:TrackPointExtension>
        </extensions>
      </trkpt>
      <trkpt lat="32.0687035037051" lon="118.59222942708438">
        <ele>40.3</ele>
        <time>2026-09-24T13:02:16Z</time>
        <extensions>
          <gpxtpx:TrackPointExtension>
            <gpxtpx:hr>178</gpxtpx:hr>
          </gpxtpx:TrackPointExtension>
        </extensions>
      </trkpt>
      <trkpt lat="32.06872750912055" lon="118.59224042621757">
        <ele>40.4</ele>
        <time>2026-09-24T13:02:17Z</time>
        <extensions>
          <gpxtpx:TrackPointExtension>
            <gpxtpx:hr>179</gpxtpx:hr>
          </gpxtpx:TrackPointExtension>
        </extensions>
      </trkpt>
      <trkpt lat="32.0687535149823" lon="118.59225242528107">
        <ele>40.4</ele>
        <time>2026-09-24T13:02:18Z</time>
        <extensions>
          <gpxtpx:TrackPointExtension>
            <gpxtpx:hr>179</gpxtpx:hr>
          </gpxtpx:TrackPointExtension>
        </extensions>
      </trkpt>
      <trkpt lat="32.06878052105596" lon="118.59226442424689">
        <ele>40.4</ele>
        <time>2026-09-24T13:02:19Z</time>
        <extensions>
          <gpxtpx:TrackPointExtension>
            <gpxtpx:hr>179</gpxtpx:hr>
          </gpxtpx:TrackPointExtension>
        </extensions>
      </trkpt>
      <trkpt lat="32.06880552668614" lon="118.59227642338534">
        <ele>40.4</ele>
        <time>2026-09-24T13:02:20Z</time>
        <extensions>
          <gpxtpx:TrackPointExtension>
            <gpxtpx:hr>179</gpxtpx:hr>
          </gpxtpx:TrackPointExtension>
        </extensions>
      </trkpt>
      <trkpt lat="32.068832532746704" lon="118.592288422336">
        <ele>40.4</ele>
        <time>2026-09-24T13:02:21Z</time>
        <extensions>
          <gpxtpx:TrackPointExtension>
            <gpxtpx:hr>179</gpxtpx:hr>
          </gpxtpx:TrackPointExtension>
        </extensions>
      </trkpt>
      <trkpt lat="32.068859538800695" lon="118.59230042127905">
        <ele>40.6</ele>
        <time>2026-09-24T13:02:22Z</time>
        <extensions>
          <gpxtpx:TrackPointExtension>
            <gpxtpx:hr>178</gpxtpx:hr>
          </gpxtpx:TrackPointExtension>
        </extensions>
      </trkpt>
      <trkpt lat="32.068887545078724" lon="118.59231342023809">
        <ele>40.6</ele>
        <time>2026-09-24T13:02:23Z</time>
        <extensions>
          <gpxtpx:TrackPointExtension>
            <gpxtpx:hr>178</gpxtpx:hr>
          </gpxtpx:TrackPointExtension>
        </extensions>
      </trkpt>
      <trkpt lat="32.06891655159056" lon="118.59232841932398">
        <ele>40.6</ele>
        <time>2026-09-24T13:02:24Z</time>
        <extensions>
          <gpxtpx:TrackPointExtension>
            <gpxtpx:hr>178</gpxtpx:hr>
          </gpxtpx:TrackPointExtension>
        </extensions>
      </trkpt>
      <trkpt lat="32.06894255743696" lon="118.59234341866829">
        <ele>40.6</ele>
        <time>2026-09-24T13:02:25Z</time>
        <extensions>
          <gpxtpx:TrackPointExtension>
            <gpxtpx:hr>178</gpxtpx:hr>
          </gpxtpx:TrackPointExtension>
        </extensions>
      </trkpt>
      <trkpt lat="32.06896656283644" lon="118.59235841818099">
        <ele>40.6</ele>
        <time>2026-09-24T13:02:26Z</time>
        <extensions>
          <gpxtpx:TrackPointExtension>
            <gpxtpx:hr>178</gpxtpx:hr>
          </gpxtpx:TrackPointExtension>
        </extensions>
      </trkpt>
      <trkpt lat="32.06899256867212" lon="118.5923744176121">
        <ele>40.7</ele>
        <time>2026-09-24T13:02:27Z</time>
        <extensions>
          <gpxtpx:TrackPointExtension>
            <gpxtpx:hr>177</gpxtpx:hr>
          </gpxtpx:TrackPointExtension>
        </extensions>
      </trkpt>
      <trkpt lat="32.06901757427794" lon="118.59239041711983">
        <ele>40.7</ele>
        <time>2026-09-24T13:02:28Z</time>
        <extensions>
          <gpxtpx:TrackPointExtension>
            <gpxtpx:hr>177</gpxtpx:hr>
          </gpxtpx:TrackPointExtension>
        </extensions>
      </trkpt>
      <trkpt lat="32.06904257987231" lon="118.59240641661407">
        <ele>40.7</ele>
        <time>2026-09-24T13:02:29Z</time>
        <extensions>
          <gpxtpx:TrackPointExtension>
            <gpxtpx:hr>177</gpxtpx:hr>
          </gpxtpx:TrackPointExtension>
        </extensions>
      </trkpt>
      <trkpt lat="32.06906558503307" lon="118.59242441649079">
        <ele>40.7</ele>
        <time>2026-09-24T13:02:30Z</time>
        <extensions>
          <gpxtpx:TrackPointExtension>
            <gpxtpx:hr>177</gpxtpx:hr>
          </gpxtpx:TrackPointExtension>
        </extensions>
      </trkpt>
      <trkpt lat="32.0690875899675" lon="118.59244341654737">
        <ele>40.7</ele>
        <time>2026-09-24T13:02:31Z</time>
        <extensions>
          <gpxtpx:TrackPointExtension>
            <gpxtpx:hr>177</gpxtpx:hr>
          </gpxtpx:TrackPointExtension>
        </extensions>
      </trkpt>
      <trkpt lat="32.06910859467864" lon="118.59246441688657">
        <ele>40.8</ele>
        <time>2026-09-24T13:02:32Z</time>
        <extensions>
          <gpxtpx:TrackPointExtension>
            <gpxtpx:hr>177</gpxtpx:hr>
          </gpxtpx:TrackPointExtension>
        </extensions>
      </trkpt>
      <trkpt lat="32.06912859915646" lon="118.59248641739725">
        <ele>40.8</ele>
        <time>2026-09-24T13:02:33Z</time>
        <extensions>
          <gpxtpx:TrackPointExtension>
            <gpxtpx:hr>177</gpxtpx:hr>
          </gpxtpx:TrackPointExtension>
        </extensions>
      </trkpt>
      <trkpt lat="32.06914760339808" lon="118.5925094180759">
        <ele>40.8</ele>
        <time>2026-09-24T13:02:34Z</time>
        <extensions>
          <gpxtpx:TrackPointExtension>
            <gpxtpx:hr>177</gpxtpx:hr>
          </gpxtpx:TrackPointExtension>
        </extensions>
      </trkpt>
      <trkpt lat="32.069165607397984" lon="118.59253241881684">
        <ele>40.8</ele>
        <time>2026-09-24T13:02:35Z</time>
        <extensions>
          <gpxtpx:TrackPointExtension>
            <gpxtpx:hr>177</gpxtpx:hr>
          </gpxtpx:TrackPointExtension>
        </extensions>
      </trkpt>
      <trkpt lat="32.069184611599894" lon="118.59256041994375">
        <ele>40.8</ele>
        <time>2026-09-24T13:02:36Z</time>
        <extensions>
          <gpxtpx:TrackPointExtension>
            <gpxtpx:hr>177</gpxtpx:hr>
          </gpxtpx:TrackPointExtension>
        </extensions>
      </trkpt>
      <trkpt lat="32.069201615330364" lon="118.59258642101116">
        <ele>40.7</ele>
        <time>2026-09-24T13:02:37Z</time>
        <extensions>
          <gpxtpx:TrackPointExtension>
            <gpxtpx:hr>178</gpxtpx:hr>
          </gpxtpx:TrackPointExtension>
        </extensions>
      </trkpt>
      <trkpt lat="32.069215618378834" lon="118.59260942201934">
        <ele>40.7</ele>
        <time>2026-09-24T13:02:38Z</time>
        <extensions>
          <gpxtpx:TrackPointExtension>
            <gpxtpx:hr>178</gpxtpx:hr>
          </gpxtpx:TrackPointExtension>
        </extensions>
      </trkpt>
      <trkpt lat="32.06923262205115" lon="118.5926364231164">
        <ele>40.7</ele>
        <time>2026-09-24T13:02:39Z</time>
        <extensions>
          <gpxtpx:TrackPointExtension>
            <gpxtpx:hr>178</gpxtpx:hr>
          </gpxtpx:TrackPointExtension>
        </extensions>
      </trkpt>
      <trkpt lat="32.06924962568811" lon="118.59266442427034">
        <ele>40.7</ele>
        <time>2026-09-24T13:02:40Z</time>
        <extensions>
          <gpxtpx:TrackPointExtension>
            <gpxtpx:hr>178</gpxtpx:hr>
          </gpxtpx:TrackPointExtension>
        </extensions>
      </trkpt>
      <trkpt lat="32.06926162822095" lon="118.59268742536437">
        <ele>40.7</ele>
        <time>2026-09-24T13:02:41Z</time>
        <extensions>
          <gpxtpx:TrackPointExtension>
            <gpxtpx:hr>178</gpxtpx:hr>
          </gpxtpx:TrackPointExtension>
        </extensions>
      </trkpt>
      <trkpt lat="32.069274630927296" lon="118.59271442671111">
        <ele>40.8</ele>
        <time>2026-09-24T13:02:42Z</time>
        <extensions>
          <gpxtpx:TrackPointExtension>
            <gpxtpx:hr>179</gpxtpx:hr>
          </gpxtpx:TrackPointExtension>
        </extensions>
      </trkpt>
      <trkpt lat="32.0692866333766" lon="118.59274242820074">
        <ele>40.8</ele>
        <time>2026-09-24T13:02:43Z</time>
        <extensions>
          <gpxtpx:TrackPointExtension>
            <gpxtpx:hr>179</gpxtpx:hr>
          </gpxtpx:TrackPointExtension>
        </extensions>
      </trkpt>
      <trkpt lat="32.06929863576745" lon="118.59277342991774">
        <ele>40.8</ele>
        <time>2026-09-24T13:02:44Z</time>
        <extensions>
          <gpxtpx:TrackPointExtension>
            <gpxtpx:hr>179</gpxtpx:hr>
          </gpxtpx:TrackPointExtension>
        </extensions>
      </trkpt>
      <trkpt lat="32.06930863768888" lon="118.59280343167657">
        <ele>40.8</ele>
        <time>2026-09-24T13:02:45Z</time>
        <extensions>
          <gpxtpx:TrackPointExtension>
            <gpxtpx:hr>179</gpxtpx:hr>
          </gpxtpx:TrackPointExtension>
        </extensions>
      </trkpt>
      <trkpt lat="32.06931763935248" lon="118.59283343347822">
        <ele>40.8</ele>
        <time>2026-09-24T13:02:46Z</time>
        <extensions>
          <gpxtpx:TrackPointExtension>
            <gpxtpx:hr>179</gpxtpx:hr>
          </gpxtpx:TrackPointExtension>
        </extensions>
      </trkpt>
      <trkpt lat="32.069325640746236" lon="118.59286443540738">
        <ele>40.9</ele>
        <time>2026-09-24T13:02:47Z</time>
        <extensions>
          <gpxtpx:TrackPointExtension>
            <gpxtpx:hr>179</gpxtpx:hr>
          </gpxtpx:TrackPointExtension>
        </extensions>
      </trkpt>
      <trkpt lat="32.06933264186609" lon="118.59289643745917">
        <ele>40.9</ele>
        <time>2026-09-24T13:02:48Z</time>
        <extensions>
          <gpxtpx:TrackPointExtension>
            <gpxtpx:hr>179</gpxtpx:hr>
          </gpxtpx:TrackPointExtension>
        </extensions>
      </trkpt>
      <trkpt lat="32.06933864272272" lon="118.59292843954725">
        <ele>40.9</ele>
        <time>2026-09-24T13:02:49Z</time>
        <extensions>
          <gpxtpx:TrackPointExtension>
            <gpxtpx:hr>179</gpxtpx:hr>
          </gpxtpx:TrackPointExtension>
        </extensions>
      </trkpt>
      <trkpt lat="32.06934364331614" lon="118.59296044167166">
        <ele>40.9</ele>
        <time>2026-09-24T13:02:50Z</time>
        <extensions>
          <gpxtpx:TrackPointExtension>
            <gpxtpx:hr>179</gpxtpx:hr>
          </gpxtpx:TrackPointExtension>
        </extensions>
      </trkpt>
      <trkpt lat="32.06934864386464" lon="118.59299244374229">
        <ele>40.9</ele>
        <time>2026-09-24T13:02:51Z</time>
        <extensions>
          <gpxtpx:TrackPointExtension>
            <gpxtpx:hr>179</gpxtpx:hr>
          </gpxtpx:TrackPointExtension>
        </extensions>
      </trkpt>
      <trkpt lat="32.069352644149966" lon="118.59302444584924">
        <ele>41.1</ele>
        <time>2026-09-24T13:02:52Z</time>
        <extensions>
          <gpxtpx:TrackPointExtension>
            <gpxtpx:hr>179</gpxtpx:hr>
          </gpxtpx:TrackPointExtension>
        </extensions>
      </trkpt>
      <trkpt lat="32.06935564415161" lon="118.59305744806709">
        <ele>41.1</ele>
        <time>2026-09-24T13:02:53Z</time>
        <extensions>
          <gpxtpx:TrackPointExtension>
            <gpxtpx:hr>179</gpxtpx:hr>
          </gpxtpx:TrackPointExtension>
        </extensions>
      </trkpt>
      <trkpt lat="32.06935764390917" lon="118.59308945024505">
        <ele>41.1</ele>
        <time>2026-09-24T13:02:54Z</time>
        <extensions>
          <gpxtpx:TrackPointExtension>
            <gpxtpx:hr>179</gpxtpx:hr>
          </gpxtpx:TrackPointExtension>
        </extensions>
      </trkpt>
      <trkpt lat="32.069357643185285" lon="118.59312145254948">
        <ele>41.1</ele>
        <time>2026-09-24T13:02:55Z</time>
        <extensions>
          <gpxtpx:TrackPointExtension>
            <gpxtpx:hr>179</gpxtpx:hr>
          </gpxtpx:TrackPointExtension>
        </extensions>
      </trkpt>
      <trkpt lat="32.06935664217349" lon="118.59315445495972">
        <ele>41.1</ele>
        <time>2026-09-24T13:02:56Z</time>
        <extensions>
          <gpxtpx:TrackPointExtension>
            <gpxtpx:hr>179</gpxtpx:hr>
          </gpxtpx:TrackPointExtension>
        </extensions>
      </trkpt>
      <trkpt lat="32.06935464076408" lon="118.59319245774083">
        <ele>41.3</ele>
        <time>2026-09-24T13:02:57Z</time>
        <extensions>
          <gpxtpx:TrackPointExtension>
            <gpxtpx:hr>179</gpxtpx:hr>
          </gpxtpx:TrackPointExtension>
        </extensions>
      </trkpt>
      <trkpt lat="32.06935263937553" lon="118.59322746024957">
        <ele>41.3</ele>
        <time>2026-09-24T13:02:58Z</time>
        <extensions>
          <gpxtpx:TrackPointExtension>
            <gpxtpx:hr>179</gpxtpx:hr>
          </gpxtpx:TrackPointExtension>
        </extensions>
      </trkpt>
      <trkpt lat="32.06934963768551" lon="118.5932634628479">
        <ele>41.3</ele>
        <time>2026-09-24T13:02:59Z</time>
        <extensions>
          <gpxtpx:TrackPointExtension>
            <gpxtpx:hr>179</gpxtpx:hr>
          </gpxtpx:TrackPointExtension>
        </extensions>
      </trkpt>
      <trkpt lat="32.06934363522154" lon="118.59330146577216">
        <ele>41.3</ele>
        <time>2026-09-24T13:03:00Z</time>
        <extensions>
          <gpxtpx:TrackPointExtension>
            <gpxtpx:hr>179</gpxtpx:hr>
          </gpxtpx:TrackPointExtension>
        </extensions>
      </trkpt>
      <trkpt lat="32.069337632890765" lon="118.59333346826129">
        <ele>41.3</ele>
        <time>2026-09-24T13:03:01Z</time>
        <extensions>
          <gpxtpx:TrackPointExtension>
            <gpxtpx:hr>179</gpxtpx:hr>
          </gpxtpx:TrackPointExtension>
        </extensions>
      </trkpt>
      <trkpt lat="32.069330630500126" lon="118.59335947043566">
        <ele>41.4</ele>
        <time>2026-09-24T13:03:02Z</time>
        <extensions>
          <gpxtpx:TrackPointExtension>
            <gpxtpx:hr>177</gpxtpx:hr>
          </gpxtpx:TrackPointExtension>
        </extensions>
      </trkpt>
      <trkpt lat="32.069320627285094" lon="118.59338947307378">
        <ele>41.4</ele>
        <time>2026-09-24T13:03:03Z</time>
        <extensions>
          <gpxtpx:TrackPointExtension>
            <gpxtpx:hr>177</gpxtpx:hr>
          </gpxtpx:TrackPointExtension>
        </extensions>
      </trkpt>
      <trkpt lat="32.069308623411644" lon="118.59342447612201">
        <ele>41.4</ele>
        <time>2026-09-24T13:03:04Z</time>
        <extensions>
          <gpxtpx:TrackPointExtension>
            <gpxtpx:hr>177</gpxtpx:hr>
          </gpxtpx:TrackPointExtension>
        </extensions>
      </trkpt>
      <trkpt lat="32.069298620149105" lon="118.5934534786042">
        <ele>41.4</ele>
        <time>2026-09-24T13:03:05Z</time>
        <extensions>
          <gpxtpx:TrackPointExtension>
            <gpxtpx:hr>177</gpxtpx:hr>
          </gpxtpx:TrackPointExtension>
        </extensions>
      </trkpt>
      <trkpt lat="32.06928661641311" lon="118.59348248122252">
        <ele>41.4</ele>
        <time>2026-09-24T13:03:06Z</time>
        <extensions>
          <gpxtpx:TrackPointExtension>
            <gpxtpx:hr>177</gpxtpx:hr>
          </gpxtpx:TrackPointExtension>
        </extensions>
      </trkpt>
      <trkpt lat="32.069270611564505" lon="118.59351648441016">
        <ele>41.6</ele>
        <time>2026-09-24T13:03:07Z</time>
        <extensions>
          <gpxtpx:TrackPointExtension>
            <gpxtpx:hr>179</gpxtpx:hr>
          </gpxtpx:TrackPointExtension>
        </extensions>
      </trkpt>
      <trkpt lat="32.06925660731186" lon="118.59354548711296">
        <ele>41.6</ele>
        <time>2026-09-24T13:03:08Z</time>
        <extensions>
          <gpxtpx:TrackPointExtension>
            <gpxtpx:hr>179</gpxtpx:hr>
          </gpxtpx:TrackPointExtension>
        </extensions>
      </trkpt>
      <trkpt lat="32.069241602847164" lon="118.59357348981437">
        <ele>41.6</ele>
        <time>2026-09-24T13:03:09Z</time>
        <extensions>
          <gpxtpx:TrackPointExtension>
            <gpxtpx:hr>179</gpxtpx:hr>
          </gpxtpx:TrackPointExtension>
        </extensions>
      </trkpt>
      <trkpt lat="32.06922659834813" lon="118.59360149247472">
        <ele>41.6</ele>
        <time>2026-09-24T13:03:10Z</time>
        <extensions>
          <gpxtpx:TrackPointExtension>
            <gpxtpx:hr>179</gpxtpx:hr>
          </gpxtpx:TrackPointExtension>
        </extensions>
      </trkpt>
      <trkpt lat="32.069211593860274" lon="118.59362849504944">
        <ele>41.6</ele>
        <time>2026-09-24T13:03:11Z</time>
        <extensions>
          <gpxtpx:TrackPointExtension>
            <gpxtpx:hr>179</gpxtpx:hr>
          </gpxtpx:TrackPointExtension>
        </extensions>
      </trkpt>
      <trkpt lat="32.06919658934048" lon="118.59365549758598">
        <ele>41.7</ele>
        <time>2026-09-24T13:03:12Z</time>
        <extensions>
          <gpxtpx:TrackPointExtension>
            <gpxtpx:hr>179</gpxtpx:hr>
          </gpxtpx:TrackPointExtension>
        </extensions>
      </trkpt>
      <trkpt lat="32.06917958444772" lon="118.59368050018094">
        <ele>41.7</ele>
        <time>2026-09-24T13:03:13Z</time>
        <extensions>
          <gpxtpx:TrackPointExtension>
            <gpxtpx:hr>179</gpxtpx:hr>
          </gpxtpx:TrackPointExtension>
        </extensions>
      </trkpt>
      <trkpt lat="32.06915757828897" lon="118.59370850331514">
        <ele>41.7</ele>
        <time>2026-09-24T13:03:14Z</time>
        <extensions>
          <gpxtpx:TrackPointExtension>
            <gpxtpx:hr>179</gpxtpx:hr>
          </gpxtpx:TrackPointExtension>
        </extensions>
      </trkpt>
      <trkpt lat="32.06913657251474" lon="118.59373250616203">
        <ele>41.7</ele>
        <time>2026-09-24T13:03:15Z</time>
        <extensions>
          <gpxtpx:TrackPointExtension>
            <gpxtpx:hr>179</gpxtpx:hr>
          </gpxtpx:TrackPointExtension>
        </extensions>
      </trkpt>
      <trkpt lat="32.06911756735601" lon="118.59375250864657">
        <ele>41.7</ele>
        <time>2026-09-24T13:03:16Z</time>
        <extensions>
          <gpxtpx:TrackPointExtension>
            <gpxtpx:hr>179</gpxtpx:hr>
          </gpxtpx:TrackPointExtension>
        </extensions>
      </trkpt>
      <trkpt lat="32.06909756190949" lon="118.59377351123729">
        <ele>41.8</ele>
        <time>2026-09-24T13:03:17Z</time>
        <extensions>
          <gpxtpx:TrackPointExtension>
            <gpxtpx:hr>178</gpxtpx:hr>
          </gpxtpx:TrackPointExtension>
        </extensions>
      </trkpt>
      <trkpt lat="32.06907655627794" lon="118.59379351385913">
        <ele>41.8</ele>
        <time>2026-09-24T13:03:18Z</time>
        <extensions>
          <gpxtpx:TrackPointExtension>
            <gpxtpx:hr>178</gpxtpx:hr>
          </gpxtpx:TrackPointExtension>
        </extensions>
      </trkpt>
      <trkpt lat="32.06905355013839" lon="118.59381451667512">
        <ele>41.8</ele>
        <time>2026-09-24T13:03:19Z</time>
        <extensions>
          <gpxtpx:TrackPointExtension>
            <gpxtpx:hr>178</gpxtpx:hr>
          </gpxtpx:TrackPointExtension>
        </extensions>
      </trkpt>
      <trkpt lat="32.069029543815546" lon="118.59383451952436">
        <ele>41.8</ele>
        <time>2026-09-24T13:03:20Z</time>
        <extensions>
          <gpxtpx:TrackPointExtension>
            <gpxtpx:hr>178</gpxtpx:hr>
          </gpxtpx:TrackPointExtension>
        </extensions>
      </trkpt>
      <trkpt lat="32.06900653780414" lon="118.59385252219693">
        <ele>41.8</ele>
        <time>2026-09-24T13:03:21Z</time>
        <extensions>
          <gpxtpx:TrackPointExtension>
            <gpxtpx:hr>178</gpxtpx:hr>
          </gpxtpx:TrackPointExtension>
        </extensions>
      </trkpt>
      <trkpt lat="32.068979530792525" lon="118.59387252527674">
        <ele>41.9</ele>
        <time>2026-09-24T13:03:22Z</time>
        <extensions>
          <gpxtpx:TrackPointExtension>
            <gpxtpx:hr>178</gpxtpx:hr>
          </gpxtpx:TrackPointExtension>
        </extensions>
      </trkpt>
      <trkpt lat="32.06895452442788" lon="118.59388852803187">
        <ele>41.9</ele>
        <time>2026-09-24T13:03:23Z</time>
        <extensions>
          <gpxtpx:TrackPointExtension>
            <gpxtpx:hr>178</gpxtpx:hr>
          </gpxtpx:TrackPointExtension>
        </extensions>
      </trkpt>
      <trkpt lat="32.06893051838533" lon="118.59390253062308">
        <ele>41.9</ele>
        <time>2026-09-24T13:03:24Z</time>
        <extensions>
          <gpxtpx:TrackPointExtension>
            <gpxtpx:hr>178</gpxtpx:hr>
          </gpxtpx:TrackPointExtension>
        </extensions>
      </trkpt>
      <trkpt lat="32.068903511678734" lon="118.59391653347438">
        <ele>41.9</ele>
        <time>2026-09-24T13:03:25Z</time>
        <extensions>
          <gpxtpx:TrackPointExtension>
            <gpxtpx:hr>178</gpxtpx:hr>
          </gpxtpx:TrackPointExtension>
        </extensions>
      </trkpt>
      <trkpt lat="32.06888150623147" lon="118.59392753577829">
        <ele>41.9</ele>
        <time>2026-09-24T13:03:26Z</time>
        <extensions>
          <gpxtpx:TrackPointExtension>
            <gpxtpx:hr>178</gpxtpx:hr>
          </gpxtpx:TrackPointExtension>
        </extensions>
      </trkpt>
      <trkpt lat="32.06885750028281" lon="118.59393953828442">
        <ele>41.8</ele>
        <time>2026-09-24T13:03:27Z</time>
        <extensions>
          <gpxtpx:TrackPointExtension>
            <gpxtpx:hr>179</gpxtpx:hr>
          </gpxtpx:TrackPointExtension>
        </extensions>
      </trkpt>
      <trkpt lat="32.06883049361266" lon="118.593952541081">
        <ele>41.8</ele>
        <time>2026-09-24T13:03:28Z</time>
        <extensions>
          <gpxtpx:TrackPointExtension>
            <gpxtpx:hr>179</gpxtpx:hr>
          </gpxtpx:TrackPointExtension>
        </extensions>
      </trkpt>
      <trkpt lat="32.06880448727374" lon="118.59396354372461">
        <ele>41.8</ele>
        <time>2026-09-24T13:03:29Z</time>
        <extensions>
          <gpxtpx:TrackPointExtension>
            <gpxtpx:hr>179</gpxtpx:hr>
          </gpxtpx:TrackPointExtension>
        </extensions>
      </trkpt>
      <trkpt lat="32.06877948102646" lon="118.59397654632467">
        <ele>41.8</ele>
        <time>2026-09-24T13:03:30Z</time>
        <extensions>
          <gpxtpx:TrackPointExtension>
            <gpxtpx:hr>179</gpxtpx:hr>
          </gpxtpx:TrackPointExtension>
        </extensions>
      </trkpt>
      <trkpt lat="32.06875347455313" lon="118.593989549006">
        <ele>41.8</ele>
        <time>2026-09-24T13:03:31Z</time>
        <extensions>
          <gpxtpx:TrackPointExtension>
            <gpxtpx:hr>179</gpxtpx:hr>
          </gpxtpx:TrackPointExtension>
        </extensions>
      </trkpt>
      <trkpt lat="32.06872846810496" lon="118.59400555166323">
        <ele>41.8</ele>
        <time>2026-09-24T13:03:32Z</time>
        <extensions>
          <gpxtpx:TrackPointExtension>
            <gpxtpx:hr>179</gpxtpx:hr>
          </gpxtpx:TrackPointExtension>
        </extensions>
      </trkpt>
      <trkpt lat="32.06870146120843" lon="118.59402155448728">
        <ele>41.8</ele>
        <time>2026-09-24T13:03:33Z</time>
        <extensions>
          <gpxtpx:TrackPointExtension>
            <gpxtpx:hr>179</gpxtpx:hr>
          </gpxtpx:TrackPointExtension>
        </extensions>
      </trkpt>
      <trkpt lat="32.06867545458235" lon="118.59403655718464">
        <ele>41.8</ele>
        <time>2026-09-24T13:03:34Z</time>
        <extensions>
          <gpxtpx:TrackPointExtension>
            <gpxtpx:hr>179</gpxtpx:hr>
          </gpxtpx:TrackPointExtension>
        </extensions>
      </trkpt>
      <trkpt lat="32.06864844759967" lon="118.59405356000515">
        <ele>41.8</ele>
        <time>2026-09-24T13:03:35Z</time>
        <extensions>
          <gpxtpx:TrackPointExtension>
            <gpxtpx:hr>179</gpxtpx:hr>
          </gpxtpx:TrackPointExtension>
        </extensions>
      </trkpt>
      <trkpt lat="32.068622440757835" lon="118.5940715627419">
        <ele>41.8</ele>
        <time>2026-09-24T13:03:36Z</time>
        <extensions>
          <gpxtpx:TrackPointExtension>
            <gpxtpx:hr>179</gpxtpx:hr>
          </gpxtpx:TrackPointExtension>
        </extensions>
      </trkpt>
      <trkpt lat="32.06859743398882" lon="118.5940915654125">
        <ele>41.8</ele>
        <time>2026-09-24T13:03:37Z</time>
        <extensions>
          <gpxtpx:TrackPointExtension>
            <gpxtpx:hr>179</gpxtpx:hr>
          </gpxtpx:TrackPointExtension>
        </extensions>
      </trkpt>
      <trkpt lat="32.06857542785777" lon="118.59411156779186">
        <ele>41.8</ele>
        <time>2026-09-24T13:03:38Z</time>
        <extensions>
          <gpxtpx:TrackPointExtension>
            <gpxtpx:hr>179</gpxtpx:hr>
          </gpxtpx:TrackPointExtension>
        </extensions>
      </trkpt>
      <trkpt lat="32.068553421506515" lon="118.59413457020494">
        <ele>41.8</ele>
        <time>2026-09-24T13:03:39Z</time>
        <extensions>
          <gpxtpx:TrackPointExtension>
            <gpxtpx:hr>179</gpxtpx:hr>
          </gpxtpx:TrackPointExtension>
        </extensions>
      </trkpt>
      <trkpt lat="32.06853141520061" lon="118.59415657257345">
        <ele>41.8</ele>
        <time>2026-09-24T13:03:40Z</time>
        <extensions>
          <gpxtpx:TrackPointExtension>
            <gpxtpx:hr>179</gpxtpx:hr>
          </gpxtpx:TrackPointExtension>
        </extensions>
      </trkpt>
      <trkpt lat="32.06850940873432" lon="118.59418057494824">
        <ele>41.8</ele>
        <time>2026-09-24T13:03:41Z</time>
        <extensions>
          <gpxtpx:TrackPointExtension>
            <gpxtpx:hr>179</gpxtpx:hr>
          </gpxtpx:TrackPointExtension>
        </extensions>
      </trkpt>
      <trkpt lat="32.068488402461334" lon="118.59420457720283">
        <ele>41.7</ele>
        <time>2026-09-24T13:03:42Z</time>
        <extensions>
          <gpxtpx:TrackPointExtension>
            <gpxtpx:hr>179</gpxtpx:hr>
          </gpxtpx:TrackPointExtension>
        </extensions>
      </trkpt>
      <trkpt lat="32.068469396671915" lon="118.59422757923389">
        <ele>41.7</ele>
        <time>2026-09-24T13:03:43Z</time>
        <extensions>
          <gpxtpx:TrackPointExtension>
            <gpxtpx:hr>179</gpxtpx:hr>
          </gpxtpx:TrackPointExtension>
        </extensions>
      </trkpt>
      <trkpt lat="32.068449390204" lon="118.59425658139892">
        <ele>41.7</ele>
        <time>2026-09-24T13:03:44Z</time>
        <extensions>
          <gpxtpx:TrackPointExtension>
            <gpxtpx:hr>179</gpxtpx:hr>
          </gpxtpx:TrackPointExtension>
        </extensions>
      </trkpt>
      <trkpt lat="32.06843138421063" lon="118.59428458332958">
        <ele>41.7</ele>
        <time>2026-09-24T13:03:45Z</time>
        <extensions>
          <gpxtpx:TrackPointExtension>
            <gpxtpx:hr>179</gpxtpx:hr>
          </gpxtpx:TrackPointExtension>
        </extensions>
      </trkpt>
      <trkpt lat="32.06841737928326" lon="118.59430958483215">
        <ele>41.7</ele>
        <time>2026-09-24T13:03:46Z</time>
        <extensions>
          <gpxtpx:TrackPointExtension>
            <gpxtpx:hr>179</gpxtpx:hr>
          </gpxtpx:TrackPointExtension>
        </extensions>
      </trkpt>
      <trkpt lat="32.06840237380436" lon="118.59433858642254">
        <ele>41.6</ele>
        <time>2026-09-24T13:03:47Z</time>
        <extensions>
          <gpxtpx:TrackPointExtension>
            <gpxtpx:hr>179</gpxtpx:hr>
          </gpxtpx:TrackPointExtension>
        </extensions>
      </trkpt>
      <trkpt lat="32.068387368133145" lon="118.59436958798085">
        <ele>41.6</ele>
        <time>2026-09-24T13:03:48Z</time>
        <extensions>
          <gpxtpx:TrackPointExtension>
            <gpxtpx:hr>179</gpxtpx:hr>
          </gpxtpx:TrackPointExtension>
        </extensions>
      </trkpt>
      <trkpt lat="32.06837136212218" lon="118.59440158958334">
        <ele>41.6</ele>
        <time>2026-09-24T13:03:49Z</time>
        <extensions>
          <gpxtpx:TrackPointExtension>
            <gpxtpx:hr>179</gpxtpx:hr>
          </gpxtpx:TrackPointExtension>
        </extensions>
      </trkpt>
      <trkpt lat="32.06835535614715" lon="118.59443259112986">
        <ele>41.6</ele>
        <time>2026-09-24T13:03:50Z</time>
        <extensions>
          <gpxtpx:TrackPointExtension>
            <gpxtpx:hr>179</gpxtpx:hr>
          </gpxtpx:TrackPointExtension>
        </extensions>
      </trkpt>
      <trkpt lat="32.068340350348805" lon="118.59446359253616">
        <ele>41.6</ele>
        <time>2026-09-24T13:03:51Z</time>
        <extensions>
          <gpxtpx:TrackPointExtension>
            <gpxtpx:hr>179</gpxtpx:hr>
          </gpxtpx:TrackPointExtension>
        </extensions>
      </trkpt>
      <trkpt lat="32.0683243443732" lon="118.59449359398306">
        <ele>41.4</ele>
        <time>2026-09-24T13:03:52Z</time>
        <extensions>
          <gpxtpx:TrackPointExtension>
            <gpxtpx:hr>180</gpxtpx:hr>
          </gpxtpx:TrackPointExtension>
        </extensions>
      </trkpt>
      <trkpt lat="32.06831033862639" lon="118.59452559519839">
        <ele>41.4</ele>
        <time>2026-09-24T13:03:53Z</time>
        <extensions>
          <gpxtpx:TrackPointExtension>
            <gpxtpx:hr>180</gpxtpx:hr>
          </gpxtpx:TrackPointExtension>
        </extensions>
      </trkpt>
      <trkpt lat="32.06829533261633" lon="118.59455759645043">
        <ele>41.4</ele>
        <time>2026-09-24T13:03:54Z</time>
        <extensions>
          <gpxtpx:TrackPointExtension>
            <gpxtpx:hr>180</gpxtpx:hr>
          </gpxtpx:TrackPointExtension>
        </extensions>
      </trkpt>
      <trkpt lat="32.06828132686766" lon="118.59458859756455">
        <ele>41.4</ele>
        <time>2026-09-24T13:03:55Z</time>
        <extensions>
          <gpxtpx:TrackPointExtension>
            <gpxtpx:hr>180</gpxtpx:hr>
          </gpxtpx:TrackPointExtension>
        </extensions>
      </trkpt>
      <trkpt lat="32.06826632059211" lon="118.59462259869694">
        <ele>41.4</ele>
        <time>2026-09-24T13:03:56Z</time>
        <extensions>
          <gpxtpx:TrackPointExtension>
            <gpxtpx:hr>180</gpxtpx:hr>
          </gpxtpx:TrackPointExtension>
        </extensions>
      </trkpt>
      <trkpt lat="32.06825431537326" lon="118.59465159954364">
        <ele>41.3</ele>
        <time>2026-09-24T13:03:57Z</time>
        <extensions>
          <gpxtpx:TrackPointExtension>
            <gpxtpx:hr>180</gpxtpx:hr>
          </gpxtpx:TrackPointExtension>
        </extensions>
      </trkpt>
      <trkpt lat="32.06824331061037" lon="118.59467760028726">
        <ele>41.3</ele>
        <time>2026-09-24T13:03:58Z</time>
        <extensions>
          <gpxtpx:TrackPointExtension>
            <gpxtpx:hr>180</gpxtpx:hr>
          </gpxtpx:TrackPointExtension>
        </extensions>
      </trkpt>
      <trkpt lat="32.06822930488477" lon="118.59470660123105">
        <ele>41.3</ele>
        <time>2026-09-24T13:03:59Z</time>
        <extensions>
          <gpxtpx:TrackPointExtension>
            <gpxtpx:hr>180</gpxtpx:hr>
          </gpxtpx:TrackPointExtension>
        </extensions>
      </trkpt>
      <trkpt lat="32.06821629934118" lon="118.59473560204094">
        <ele>41.3</ele>
        <time>2026-09-24T13:04:00Z</time>
        <extensions>
          <gpxtpx:TrackPointExtension>
            <gpxtpx:hr>180</gpxtpx:hr>
          </gpxtpx:TrackPointExtension>
        </extensions>
      </trkpt>
      <trkpt lat="32.06820229354231" lon="118.59476460289713">
        <ele>41.3</ele>
        <time>2026-09-24T13:04:01Z</time>
        <extensions>
          <gpxtpx:TrackPointExtension>
            <gpxtpx:hr>180</gpxtpx:hr>
          </gpxtpx:TrackPointExtension>
        </extensions>
      </trkpt>
      <trkpt lat="32.06818328632445" lon="118.5947966041111">
        <ele>41.2</ele>
        <time>2026-09-24T13:04:02Z</time>
        <extensions>
          <gpxtpx:TrackPointExtension>
            <gpxtpx:hr>181</gpxtpx:hr>
          </gpxtpx:TrackPointExtension>
        </extensions>
      </trkpt>
      <trkpt lat="32.06816427945287" lon="118.59482460534356">
        <ele>41.2</ele>
        <time>2026-09-24T13:04:03Z</time>
        <extensions>
          <gpxtpx:TrackPointExtension>
            <gpxtpx:hr>181</gpxtpx:hr>
          </gpxtpx:TrackPointExtension>
        </extensions>
      </trkpt>
      <trkpt lat="32.06814527323805" lon="118.59484560666913">
        <ele>41.2</ele>
        <time>2026-09-24T13:04:04Z</time>
        <extensions>
          <gpxtpx:TrackPointExtension>
            <gpxtpx:hr>181</gpxtpx:hr>
          </gpxtpx:TrackPointExtension>
        </extensions>
      </trkpt>
      <trkpt lat="32.06812126591055" lon="118.59486660842224">
        <ele>41.2</ele>
        <time>2026-09-24T13:04:05Z</time>
        <extensions>
          <gpxtpx:TrackPointExtension>
            <gpxtpx:hr>181</gpxtpx:hr>
          </gpxtpx:TrackPointExtension>
        </extensions>
      </trkpt>
      <trkpt lat="32.06809625864596" lon="118.59488461030566">
        <ele>41.2</ele>
        <time>2026-09-24T13:04:06Z</time>
        <extensions>
          <gpxtpx:TrackPointExtension>
            <gpxtpx:hr>181</gpxtpx:hr>
          </gpxtpx:TrackPointExtension>
        </extensions>
      </trkpt>
      <trkpt lat="32.06806925103071" lon="118.59490161237431">
        <ele>41.1</ele>
        <time>2026-09-24T13:04:07Z</time>
        <extensions>
          <gpxtpx:TrackPointExtension>
            <gpxtpx:hr>181</gpxtpx:hr>
          </gpxtpx:TrackPointExtension>
        </extensions>
      </trkpt>
      <trkpt lat="32.06804224340266" lon="118.59491861442793">
        <ele>41.1</ele>
        <time>2026-09-24T13:04:08Z</time>
        <extensions>
          <gpxtpx:TrackPointExtension>
            <gpxtpx:hr>181</gpxtpx:hr>
          </gpxtpx:TrackPointExtension>
        </extensions>
      </trkpt>
      <trkpt lat="32.06801523586429" lon="118.59493461649011">
        <ele>41.1</ele>
        <time>2026-09-24T13:04:09Z</time>
        <extensions>
          <gpxtpx:TrackPointExtension>
            <gpxtpx:hr>181</gpxtpx:hr>
          </gpxtpx:TrackPointExtension>
        </extensions>
      </trkpt>
      <trkpt lat="32.067989228430136" lon="118.59495161842443">
        <ele>41.1</ele>
        <time>2026-09-24T13:04:10Z</time>
        <extensions>
          <gpxtpx:TrackPointExtension>
            <gpxtpx:hr>181</gpxtpx:hr>
          </gpxtpx:TrackPointExtension>
        </extensions>
      </trkpt>
      <trkpt lat="32.067971223252016" lon="118.59496361974897">
        <ele>41.1</ele>
        <time>2026-09-24T13:04:11Z</time>
        <extensions>
          <gpxtpx:TrackPointExtension>
            <gpxtpx:hr>181</gpxtpx:hr>
          </gpxtpx:TrackPointExtension>
        </extensions>
      </trkpt>
      <trkpt lat="32.067949216775446" lon="118.59497962132318">
        <ele>41.1</ele>
        <time>2026-09-24T13:04:12Z</time>
        <extensions>
          <gpxtpx:TrackPointExtension>
            <gpxtpx:hr>182</gpxtpx:hr>
          </gpxtpx:TrackPointExtension>
        </extensions>
      </trkpt>
      <trkpt lat="32.06792620996377" lon="118.59499662294738">
        <ele>41.1</ele>
        <time>2026-09-24T13:04:13Z</time>
        <extensions>
          <gpxtpx:TrackPointExtension>
            <gpxtpx:hr>182</gpxtpx:hr>
          </gpxtpx:TrackPointExtension>
        </extensions>
      </trkpt>
      <trkpt lat="32.06790920476924" lon="118.59501062409876">
        <ele>41.1</ele>
        <time>2026-09-24T13:04:14Z</time>
        <extensions>
          <gpxtpx:TrackPointExtension>
            <gpxtpx:hr>182</gpxtpx:hr>
          </gpxtpx:TrackPointExtension>
        </extensions>
      </trkpt>
      <trkpt lat="32.067888198371904" lon="118.59502762551536">
        <ele>41.1</ele>
        <time>2026-09-24T13:04:15Z</time>
        <extensions>
          <gpxtpx:TrackPointExtension>
            <gpxtpx:hr>182</gpxtpx:hr>
          </gpxtpx:TrackPointExtension>
        </extensions>
      </trkpt>
      <trkpt lat="32.0678661916359" lon="118.5950456269777">
        <ele>41.1</ele>
        <time>2026-09-24T13:04:16Z</time>
        <extensions>
          <gpxtpx:TrackPointExtension>
            <gpxtpx:hr>182</gpxtpx:hr>
          </gpxtpx:TrackPointExtension>
        </extensions>
      </trkpt>
      <trkpt lat="32.067842184340094" lon="118.59506462857307">
        <ele>41.1</ele>
        <time>2026-09-24T13:04:17Z</time>
        <extensions>
          <gpxtpx:TrackPointExtension>
            <gpxtpx:hr>182</gpxtpx:hr>
          </gpxtpx:TrackPointExtension>
        </extensions>
      </trkpt>
      <trkpt lat="32.067816176481976" lon="118.59508463029852">
        <ele>41.1</ele>
        <time>2026-09-24T13:04:18Z</time>
        <extensions>
          <gpxtpx:TrackPointExtension>
            <gpxtpx:hr>182</gpxtpx:hr>
          </gpxtpx:TrackPointExtension>
        </extensions>
      </trkpt>
      <trkpt lat="32.0677961702482" lon="118.59510163155959">
        <ele>41.1</ele>
        <time>2026-09-24T13:04:19Z</time>
        <extensions>
          <gpxtpx:TrackPointExtension>
            <gpxtpx:hr>182</gpxtpx:hr>
          </gpxtpx:TrackPointExtension>
        </extensions>
      </trkpt>
      <trkpt lat="32.06777816466007" lon="118.59511663269163">
        <ele>41.1</ele>
        <time>2026-09-24T13:04:20Z</time>
        <extensions>
          <gpxtpx:TrackPointExtension>
            <gpxtpx:hr>182</gpxtpx:hr>
          </gpxtpx:TrackPointExtension>
        </extensions>
      </trkpt>
      <trkpt lat="32.067758158624486" lon="118.59513163399217">
        <ele>41.1</ele>
        <time>2026-09-24T13:04:21Z</time>
        <extensions>
          <gpxtpx:TrackPointExtension>
            <gpxtpx:hr>182</gpxtpx:hr>
          </gpxtpx:TrackPointExtension>
        </extensions>
      </trkpt>
      <trkpt lat="32.06773715224857" lon="118.59514763533647">
        <ele>41.2</ele>
        <time>2026-09-24T13:04:22Z</time>
        <extensions>
          <gpxtpx:TrackPointExtension>
            <gpxtpx:hr>183</gpxtpx:hr>
          </gpxtpx:TrackPointExtension>
        </extensions>
      </trkpt>
      <trkpt lat="32.06771114465496" lon="118.59516463708248">
        <ele>41.2</ele>
        <time>2026-09-24T13:04:23Z</time>
        <extensions>
          <gpxtpx:TrackPointExtension>
            <gpxtpx:hr>183</gpxtpx:hr>
          </gpxtpx:TrackPointExtension>
        </extensions>
      </trkpt>
      <trkpt lat="32.067684136716615" lon="118.59518263886713">
        <ele>41.2</ele>
        <time>2026-09-24T13:04:24Z</time>
        <extensions>
          <gpxtpx:TrackPointExtension>
            <gpxtpx:hr>183</gpxtpx:hr>
          </gpxtpx:TrackPointExtension>
        </extensions>
      </trkpt>
      <trkpt lat="32.067663130646245" lon="118.59519564028072">
        <ele>41.2</ele>
        <time>2026-09-24T13:04:25Z</time>
        <extensions>
          <gpxtpx:TrackPointExtension>
            <gpxtpx:hr>183</gpxtpx:hr>
          </gpxtpx:TrackPointExtension>
        </extensions>
      </trkpt>
      <trkpt lat="32.0676451253392" lon="118.59520764145302">
        <ele>41.2</ele>
        <time>2026-09-24T13:04:26Z</time>
        <extensions>
          <gpxtpx:TrackPointExtension>
            <gpxtpx:hr>183</gpxtpx:hr>
          </gpxtpx:TrackPointExtension>
        </extensions>
      </trkpt>
      <trkpt lat="32.06762311903563" lon="118.59522064293981">
        <ele>41.3</ele>
        <time>2026-09-24T13:04:27Z</time>
        <extensions>
          <gpxtpx:TrackPointExtension>
            <gpxtpx:hr>182</gpxtpx:hr>
          </gpxtpx:TrackPointExtension>
        </extensions>
      </trkpt>
      <trkpt lat="32.067594110846265" lon="118.59523664493094">
        <ele>41.3</ele>
        <time>2026-09-24T13:04:28Z</time>
        <extensions>
          <gpxtpx:TrackPointExtension>
            <gpxtpx:hr>182</gpxtpx:hr>
          </gpxtpx:TrackPointExtension>
        </extensions>
      </trkpt>
      <trkpt lat="32.0675671033156" lon="118.5952506468087">
        <ele>41.3</ele>
        <time>2026-09-24T13:04:29Z</time>
        <extensions>
          <gpxtpx:TrackPointExtension>
            <gpxtpx:hr>182</gpxtpx:hr>
          </gpxtpx:TrackPointExtension>
        </extensions>
      </trkpt>
      <trkpt lat="32.06754009577621" lon="118.59526464867623">
        <ele>41.3</ele>
        <time>2026-09-24T13:04:30Z</time>
        <extensions>
          <gpxtpx:TrackPointExtension>
            <gpxtpx:hr>182</gpxtpx:hr>
          </gpxtpx:TrackPointExtension>
        </extensions>
      </trkpt>
      <trkpt lat="32.067514088564295" lon="118.59527765048496">
        <ele>41.3</ele>
        <time>2026-09-24T13:04:31Z</time>
        <extensions>
          <gpxtpx:TrackPointExtension>
            <gpxtpx:hr>182</gpxtpx:hr>
          </gpxtpx:TrackPointExtension>
        </extensions>
      </trkpt>
      <trkpt lat="32.0674870812438" lon="118.59528965241704">
        <ele>41.3</ele>
        <time>2026-09-24T13:04:32Z</time>
        <extensions>
          <gpxtpx:TrackPointExtension>
            <gpxtpx:hr>181</gpxtpx:hr>
          </gpxtpx:TrackPointExtension>
        </extensions>
      </trkpt>
      <trkpt lat="32.06746007379846" lon="118.59530265429896">
        <ele>41.3</ele>
        <time>2026-09-24T13:04:33Z</time>
        <extensions>
          <gpxtpx:TrackPointExtension>
            <gpxtpx:hr>181</gpxtpx:hr>
          </gpxtpx:TrackPointExtension>
        </extensions>
      </trkpt>
      <trkpt lat="32.0674340666834" lon="118.59531465612537">
        <ele>41.3</ele>
        <time>2026-09-24T13:04:34Z</time>
        <extensions>
          <gpxtpx:TrackPointExtension>
            <gpxtpx:hr>181</gpxtpx:hr>
          </gpxtpx:TrackPointExtension>
        </extensions>
      </trkpt>
      <trkpt lat="32.06740705946239" lon="118.59532565807832">
        <ele>41.3</ele>
        <time>2026-09-24T13:04:35Z</time>
        <extensions>
          <gpxtpx:TrackPointExtension>
            <gpxtpx:hr>181</gpxtpx:hr>
          </gpxtpx:TrackPointExtension>
        </extensions>
      </trkpt>
      <trkpt lat="32.06738105245481" lon="118.59533665993489">
        <ele>41.3</ele>
        <time>2026-09-24T13:04:36Z</time>
        <extensions>
          <gpxtpx:TrackPointExtension>
            <gpxtpx:hr>181</gpxtpx:hr>
          </gpxtpx:TrackPointExtension>
        </extensions>
      </trkpt>
      <trkpt lat="32.067348043548094" lon="118.59535066228052">
        <ele>41.4</ele>
        <time>2026-09-24T13:04:37Z</time>
        <extensions>
          <gpxtpx:TrackPointExtension>
            <gpxtpx:hr>181</gpxtpx:hr>
          </gpxtpx:TrackPointExtension>
        </extensions>
      </trkpt>
      <trkpt lat="32.067318035652384" lon="118.59536166448319">
        <ele>41.4</ele>
        <time>2026-09-24T13:04:38Z</time>
        <extensions>
          <gpxtpx:TrackPointExtension>
            <gpxtpx:hr>181</gpxtpx:hr>
          </gpxtpx:TrackPointExtension>
        </extensions>
      </trkpt>
      <trkpt lat="32.067289027848645" lon="118.59537366654314">
        <ele>41.4</ele>
        <time>2026-09-24T13:04:39Z</time>
        <extensions>
          <gpxtpx:TrackPointExtension>
            <gpxtpx:hr>181</gpxtpx:hr>
          </gpxtpx:TrackPointExtension>
        </extensions>
      </trkpt>
      <trkpt lat="32.067261020501235" lon="118.59538366859942">
        <ele>41.4</ele>
        <time>2026-09-24T13:04:40Z</time>
        <extensions>
          <gpxtpx:TrackPointExtension>
            <gpxtpx:hr>181</gpxtpx:hr>
          </gpxtpx:TrackPointExtension>
        </extensions>
      </trkpt>
      <trkpt lat="32.067238014366374" lon="118.59539267024742">
        <ele>41.4</ele>
        <time>2026-09-24T13:04:41Z</time>
        <extensions>
          <gpxtpx:TrackPointExtension>
            <gpxtpx:hr>181</gpxtpx:hr>
          </gpxtpx:TrackPointExtension>
        </extensions>
      </trkpt>
      <trkpt lat="32.06721700891104" lon="118.5953996718066">
        <ele>41.4</ele>
        <time>2026-09-24T13:04:42Z</time>
        <extensions>
          <gpxtpx:TrackPointExtension>
            <gpxtpx:hr>181</gpxtpx:hr>
          </gpxtpx:TrackPointExtension>
        </extensions>
      </trkpt>
      <trkpt lat="32.067192002454625" lon="118.59540767367551">
        <ele>41.4</ele>
        <time>2026-09-24T13:04:43Z</time>
        <extensions>
          <gpxtpx:TrackPointExtension>
            <gpxtpx:hr>181</gpxtpx:hr>
          </gpxtpx:TrackPointExtension>
        </extensions>
      </trkpt>
      <trkpt lat="32.067158993749885" lon="118.59541967606718">
        <ele>41.4</ele>
        <time>2026-09-24T13:04:44Z</time>
        <extensions>
          <gpxtpx:TrackPointExtension>
            <gpxtpx:hr>181</gpxtpx:hr>
          </gpxtpx:TrackPointExtension>
        </extensions>
      </trkpt>
      <trkpt lat="32.06712898594341" lon="118.5954296782798">
        <ele>41.4</ele>
        <time>2026-09-24T13:04:45Z</time>
        <extensions>
          <gpxtpx:TrackPointExtension>
            <gpxtpx:hr>181</gpxtpx:hr>
          </gpxtpx:TrackPointExtension>
        </extensions>
      </trkpt>
      <trkpt lat="32.06710397947591" lon="118.59543768013623">
        <ele>41.4</ele>
        <time>2026-09-24T13:04:46Z</time>
        <extensions>
          <gpxtpx:TrackPointExtension>
            <gpxtpx:hr>181</gpxtpx:hr>
          </gpxtpx:TrackPointExtension>
        </extensions>
      </trkpt>
      <trkpt lat="32.06707797266183" lon="118.5954466820293">
        <ele>41.4</ele>
        <time>2026-09-24T13:04:47Z</time>
        <extensions>
          <gpxtpx:TrackPointExtension>
            <gpxtpx:hr>182</gpxtpx:hr>
          </gpxtpx:TrackPointExtension>
        </extensions>
      </trkpt>
      <trkpt lat="32.067051965969014" lon="118.59545468396878">
        <ele>41.4</ele>
        <time>2026-09-24T13:04:48Z</time>
        <extensions>
          <gpxtpx:TrackPointExtension>
            <gpxtpx:hr>182</gpxtpx:hr>
          </gpxtpx:TrackPointExtension>
        </extensions>
      </trkpt>
      <trkpt lat="32.067022958365406" lon="118.59546468607311">
        <ele>41.4</ele>
        <time>2026-09-24T13:04:49Z</time>
        <extensions>
          <gpxtpx:TrackPointExtension>
            <gpxtpx:hr>182</gpxtpx:hr>
          </gpxtpx:TrackPointExtension>
        </extensions>
      </trkpt>
      <trkpt lat="32.066992950663995" lon="118.59547368831396">
        <ele>41.4</ele>
        <time>2026-09-24T13:04:50Z</time>
        <extensions>
          <gpxtpx:TrackPointExtension>
            <gpxtpx:hr>182</gpxtpx:hr>
          </gpxtpx:TrackPointExtension>
        </extensions>
      </trkpt>
      <trkpt lat="32.066962942832575" lon="118.59548369049853">
        <ele>41.4</ele>
        <time>2026-09-24T13:04:51Z</time>
        <extensions>
          <gpxtpx:TrackPointExtension>
            <gpxtpx:hr>182</gpxtpx:hr>
          </gpxtpx:TrackPointExtension>
        </extensions>
      </trkpt>
      <trkpt lat="32.06693293499654" lon="118.5954936926779">
        <ele>41.2</ele>
        <time>2026-09-24T13:04:52Z</time>
        <extensions>
          <gpxtpx:TrackPointExtension>
            <gpxtpx:hr>181</gpxtpx:hr>
          </gpxtpx:TrackPointExtension>
        </extensions>
      </trkpt>
      <trkpt lat="32.066902927282975" lon="118.59550269490522">
        <ele>41.2</ele>
        <time>2026-09-24T13:04:53Z</time>
        <extensions>
          <gpxtpx:TrackPointExtension>
            <gpxtpx:hr>181</gpxtpx:hr>
          </gpxtpx:TrackPointExtension>
        </extensions>
      </trkpt>
      <trkpt lat="32.066872919438154" lon="118.59551269707472">
        <ele>41.2</ele>
        <time>2026-09-24T13:04:54Z</time>
        <extensions>
          <gpxtpx:TrackPointExtension>
            <gpxtpx:hr>181</gpxtpx:hr>
          </gpxtpx:TrackPointExtension>
        </extensions>
      </trkpt>
      <trkpt lat="32.066843911935706" lon="118.59552169920305">
        <ele>41.2</ele>
        <time>2026-09-24T13:04:55Z</time>
        <extensions>
          <gpxtpx:TrackPointExtension>
            <gpxtpx:hr>181</gpxtpx:hr>
          </gpxtpx:TrackPointExtension>
        </extensions>
      </trkpt>
      <trkpt lat="32.06681590477682" lon="118.59552970129158">
        <ele>41.2</ele>
        <time>2026-09-24T13:04:56Z</time>
        <extensions>
          <gpxtpx:TrackPointExtension>
            <gpxtpx:hr>181</gpxtpx:hr>
          </gpxtpx:TrackPointExtension>
        </extensions>
      </trkpt>
      <trkpt lat="32.06678589704812" lon="118.59553870350207">
        <ele>41.1</ele>
        <time>2026-09-24T13:04:57Z</time>
        <extensions>
          <gpxtpx:TrackPointExtension>
            <gpxtpx:hr>182</gpxtpx:hr>
          </gpxtpx:TrackPointExtension>
        </extensions>
      </trkpt>
      <trkpt lat="32.0667548889675" lon="118.59554870574301">
        <ele>41.1</ele>
        <time>2026-09-24T13:04:58Z</time>
        <extensions>
          <gpxtpx:TrackPointExtension>
            <gpxtpx:hr>182</gpxtpx:hr>
          </gpxtpx:TrackPointExtension>
        </extensions>
      </trkpt>
      <trkpt lat="32.06672988271455" lon="118.59555470766172">
        <ele>41.1</ele>
        <time>2026-09-24T13:04:59Z</time>
        <extensions>
          <gpxtpx:TrackPointExtension>
            <gpxtpx:hr>182</gpxtpx:hr>
          </gpxtpx:TrackPointExtension>
        </extensions>
      </trkpt>
      <trkpt lat="32.06670387611113" lon="118.59556170961253">
        <ele>41.1</ele>
        <time>2026-09-24T13:05:00Z</time>
        <extensions>
          <gpxtpx:TrackPointExtension>
            <gpxtpx:hr>182</gpxtpx:hr>
          </gpxtpx:TrackPointExtension>
        </extensions>
      </trkpt>
      <trkpt lat="32.066678869724505" lon="118.59556871147069">
        <ele>41.1</ele>
        <time>2026-09-24T13:05:01Z</time>
        <extensions>
          <gpxtpx:TrackPointExtension>
            <gpxtpx:hr>182</gpxtpx:hr>
          </gpxtpx:TrackPointExtension>
        </extensions>
      </trkpt>
      <trkpt lat="32.066656864123196" lon="118.59557471311287">
        <ele>41.0</ele>
        <time>2026-09-24T13:05:02Z</time>
        <extensions>
          <gpxtpx:TrackPointExtension>
            <gpxtpx:hr>182</gpxtpx:hr>
          </gpxtpx:TrackPointExtension>
        </extensions>
      </trkpt>
      <trkpt lat="32.06662985729397" lon="118.59558171514652">
        <ele>41.0</ele>
        <time>2026-09-24T13:05:03Z</time>
        <extensions>
          <gpxtpx:TrackPointExtension>
            <gpxtpx:hr>182</gpxtpx:hr>
          </gpxtpx:TrackPointExtension>
        </extensions>
      </trkpt>
      <trkpt lat="32.06660084989327" lon="118.59558971730024">
        <ele>41.0</ele>
        <time>2026-09-24T13:05:04Z</time>
        <extensions>
          <gpxtpx:TrackPointExtension>
            <gpxtpx:hr>182</gpxtpx:hr>
          </gpxtpx:TrackPointExtension>
        </extensions>
      </trkpt>
      <trkpt lat="32.06657084213919" lon="118.59559871948271">
        <ele>41.0</ele>
        <time>2026-09-24T13:05:05Z</time>
        <extensions>
          <gpxtpx:TrackPointExtension>
            <gpxtpx:hr>182</gpxtpx:hr>
          </gpxtpx:TrackPointExtension>
        </extensions>
      </trkpt>
      <trkpt lat="32.06654183473208" lon="118.59560672162938">
        <ele>41.0</ele>
        <time>2026-09-24T13:05:06Z</time>
        <extensions>
          <gpxtpx:TrackPointExtension>
            <gpxtpx:hr>182</gpxtpx:hr>
          </gpxtpx:TrackPointExtension>
        </extensions>
      </trkpt>
      <trkpt lat="32.06651282732194" lon="118.59561472377271">
        <ele>40.9</ele>
        <time>2026-09-24T13:05:07Z</time>
        <extensions>
          <gpxtpx:TrackPointExtension>
            <gpxtpx:hr>183</gpxtpx:hr>
          </gpxtpx:TrackPointExtension>
        </extensions>
      </trkpt>
      <trkpt lat="32.066483819776494" lon="118.59562372585341">
        <ele>40.9</ele>
        <time>2026-09-24T13:05:08Z</time>
        <extensions>
          <gpxtpx:TrackPointExtension>
            <gpxtpx:hr>183</gpxtpx:hr>
          </gpxtpx:TrackPointExtension>
        </extensions>
      </trkpt>
      <trkpt lat="32.06645581257914" lon="118.5956317278996">
        <ele>40.9</ele>
        <time>2026-09-24T13:05:09Z</time>
        <extensions>
          <gpxtpx:TrackPointExtension>
            <gpxtpx:hr>183</gpxtpx:hr>
          </gpxtpx:TrackPointExtension>
        </extensions>
      </trkpt>
      <trkpt lat="32.06642180379744" lon="118.59564173036259">
        <ele>40.9</ele>
        <time>2026-09-24T13:05:10Z</time>
        <extensions>
          <gpxtpx:TrackPointExtension>
            <gpxtpx:hr>183</gpxtpx:hr>
          </gpxtpx:TrackPointExtension>
        </extensions>
      </trkpt>
      <trkpt lat="32.06639279624065" lon="118.59565073243068">
        <ele>40.9</ele>
        <time>2026-09-24T13:05:11Z</time>
        <extensions>
          <gpxtpx:TrackPointExtension>
            <gpxtpx:hr>183</gpxtpx:hr>
          </gpxtpx:TrackPointExtension>
        </extensions>
      </trkpt>
      <trkpt lat="32.066364789033166" lon="118.59565873446566">
        <ele>40.9</ele>
        <time>2026-09-24T13:05:12Z</time>
        <extensions>
          <gpxtpx:TrackPointExtension>
            <gpxtpx:hr>182</gpxtpx:hr>
          </gpxtpx:TrackPointExtension>
        </extensions>
      </trkpt>
      <trkpt lat="32.06633678168849" lon="118.59566773643573">
        <ele>40.9</ele>
        <time>2026-09-24T13:05:13Z</time>
        <extensions>
          <gpxtpx:TrackPointExtension>
            <gpxtpx:hr>182</gpxtpx:hr>
          </gpxtpx:TrackPointExtension>
        </extensions>
      </trkpt>
      <trkpt lat="32.06630877447463" lon="118.59567573846365">
        <ele>40.9</ele>
        <time>2026-09-24T13:05:14Z</time>
        <extensions>
          <gpxtpx:TrackPointExtension>
            <gpxtpx:hr>182</gpxtpx:hr>
          </gpxtpx:TrackPointExtension>
        </extensions>
      </trkpt>
      <trkpt lat="32.06628076712286" lon="118.59568474042578">
        <ele>40.9</ele>
        <time>2026-09-24T13:05:15Z</time>
        <extensions>
          <gpxtpx:TrackPointExtension>
            <gpxtpx:hr>182</gpxtpx:hr>
          </gpxtpx:TrackPointExtension>
        </extensions>
      </trkpt>
      <trkpt lat="32.066253760257155" lon="118.59569174241948">
        <ele>40.9</ele>
        <time>2026-09-24T13:05:16Z</time>
        <extensions>
          <gpxtpx:TrackPointExtension>
            <gpxtpx:hr>182</gpxtpx:hr>
          </gpxtpx:TrackPointExtension>
        </extensions>
      </trkpt>
      <trkpt lat="32.066225753169824" lon="118.59569874450074">
        <ele>40.9</ele>
        <time>2026-09-24T13:05:17Z</time>
        <extensions>
          <gpxtpx:TrackPointExtension>
            <gpxtpx:hr>184</gpxtpx:hr>
          </gpxtpx:TrackPointExtension>
        </extensions>
      </trkpt>
      <trkpt lat="32.0662027470407" lon="118.59570674606533">
        <ele>40.9</ele>
        <time>2026-09-24T13:05:18Z</time>
        <extensions>
          <gpxtpx:TrackPointExtension>
            <gpxtpx:hr>184</gpxtpx:hr>
          </gpxtpx:TrackPointExtension>
        </extensions>
      </trkpt>
      <trkpt lat="32.06617674025077" lon="118.59571474789689">
        <ele>40.9</ele>
        <time>2026-09-24T13:05:19Z</time>
        <extensions>
          <gpxtpx:TrackPointExtension>
            <gpxtpx:hr>184</gpxtpx:hr>
          </gpxtpx:TrackPointExtension>
        </extensions>
      </trkpt>
      <trkpt lat="32.06615073332125" lon="118.59572374966062">
        <ele>40.9</ele>
        <time>2026-09-24T13:05:20Z</time>
        <extensions>
          <gpxtpx:TrackPointExtension>
            <gpxtpx:hr>184</gpxtpx:hr>
          </gpxtpx:TrackPointExtension>
        </extensions>
      </trkpt>
      <trkpt lat="32.066128727676094" lon="118.59572975125455">
        <ele>40.9</ele>
        <time>2026-09-24T13:05:21Z</time>
        <extensions>
          <gpxtpx:TrackPointExtension>
            <gpxtpx:hr>184</gpxtpx:hr>
          </gpxtpx:TrackPointExtension>
        </extensions>
      </trkpt>
      <trkpt lat="32.06610372137128" lon="118.59573575311693">
        <ele>40.8</ele>
        <time>2026-09-24T13:05:22Z</time>
        <extensions>
          <gpxtpx:TrackPointExtension>
            <gpxtpx:hr>184</gpxtpx:hr>
          </gpxtpx:TrackPointExtension>
        </extensions>
      </trkpt>
      <trkpt lat="32.06607271347389" lon="118.59574375538693">
        <ele>40.8</ele>
        <time>2026-09-24T13:05:23Z</time>
        <extensions>
          <gpxtpx:TrackPointExtension>
            <gpxtpx:hr>184</gpxtpx:hr>
          </gpxtpx:TrackPointExtension>
        </extensions>
      </trkpt>
      <trkpt lat="32.06604570631293" lon="118.59575275722725">
        <ele>40.8</ele>
        <time>2026-09-24T13:05:24Z</time>
        <extensions>
          <gpxtpx:TrackPointExtension>
            <gpxtpx:hr>184</gpxtpx:hr>
          </gpxtpx:TrackPointExtension>
        </extensions>
      </trkpt>
      <trkpt lat="32.06601869900995" lon="118.5957627589968">
        <ele>40.8</ele>
        <time>2026-09-24T13:05:25Z</time>
        <extensions>
          <gpxtpx:TrackPointExtension>
            <gpxtpx:hr>184</gpxtpx:hr>
          </gpxtpx:TrackPointExtension>
        </extensions>
      </trkpt>
      <trkpt lat="32.06599169156367" lon="118.59577376069406">
        <ele>40.8</ele>
        <time>2026-09-24T13:05:26Z</time>
        <extensions>
          <gpxtpx:TrackPointExtension>
            <gpxtpx:hr>184</gpxtpx:hr>
          </gpxtpx:TrackPointExtension>
        </extensions>
      </trkpt>
      <trkpt lat="32.065964683972645" lon="118.59578576231732">
        <ele>40.7</ele>
        <time>2026-09-24T13:05:27Z</time>
        <extensions>
          <gpxtpx:TrackPointExtension>
            <gpxtpx:hr>185</gpxtpx:hr>
          </gpxtpx:TrackPointExtension>
        </extensions>
      </trkpt>
      <trkpt lat="32.06593767651498" lon="118.59579676400148">
        <ele>40.7</ele>
        <time>2026-09-24T13:05:28Z</time>
        <extensions>
          <gpxtpx:TrackPointExtension>
            <gpxtpx:hr>185</gpxtpx:hr>
          </gpxtpx:TrackPointExtension>
        </extensions>
      </trkpt>
      <trkpt lat="32.06590966883247" lon="118.59580776576946">
        <ele>40.7</ele>
        <time>2026-09-24T13:05:29Z</time>
        <extensions>
          <gpxtpx:TrackPointExtension>
            <gpxtpx:hr>185</gpxtpx:hr>
          </gpxtpx:TrackPointExtension>
        </extensions>
      </trkpt>
      <trkpt lat="32.06588166100374" lon="118.59581976746168">
        <ele>40.7</ele>
        <time>2026-09-24T13:05:30Z</time>
        <extensions>
          <gpxtpx:TrackPointExtension>
            <gpxtpx:hr>185</gpxtpx:hr>
          </gpxtpx:TrackPointExtension>
        </extensions>
      </trkpt>
      <trkpt lat="32.06585465338794" lon="118.59583176905635">
        <ele>40.7</ele>
        <time>2026-09-24T13:05:31Z</time>
        <extensions>
          <gpxtpx:TrackPointExtension>
            <gpxtpx:hr>185</gpxtpx:hr>
          </gpxtpx:TrackPointExtension>
        </extensions>
      </trkpt>
      <trkpt lat="32.06582164416558" lon="118.59584577104249">
        <ele>40.7</ele>
        <time>2026-09-24T13:05:32Z</time>
        <extensions>
          <gpxtpx:TrackPointExtension>
            <gpxtpx:hr>182</gpxtpx:hr>
          </gpxtpx:TrackPointExtension>
        </extensions>
      </trkpt>
      <trkpt lat="32.065792635954544" lon="118.59585877272968">
        <ele>40.7</ele>
        <time>2026-09-24T13:05:33Z</time>
        <extensions>
          <gpxtpx:TrackPointExtension>
            <gpxtpx:hr>182</gpxtpx:hr>
          </gpxtpx:TrackPointExtension>
        </extensions>
      </trkpt>
      <trkpt lat="32.06576362787894" lon="118.5958707744803">
        <ele>40.7</ele>
        <time>2026-09-24T13:05:34Z</time>
        <extensions>
          <gpxtpx:TrackPointExtension>
            <gpxtpx:hr>182</gpxtpx:hr>
          </gpxtpx:TrackPointExtension>
        </extensions>
      </trkpt>
      <trkpt lat="32.06573762045513" lon="118.59588277595319">
        <ele>40.7</ele>
        <time>2026-09-24T13:05:35Z</time>
        <extensions>
          <gpxtpx:TrackPointExtension>
            <gpxtpx:hr>182</gpxtpx:hr>
          </gpxtpx:TrackPointExtension>
        </extensions>
      </trkpt>
      <trkpt lat="32.065718614992775" lon="118.59589177700789">
        <ele>40.7</ele>
        <time>2026-09-24T13:05:36Z</time>
        <extensions>
          <gpxtpx:TrackPointExtension>
            <gpxtpx:hr>182</gpxtpx:hr>
          </gpxtpx:TrackPointExtension>
        </extensions>
      </trkpt>
      <trkpt lat="32.06569560836042" lon="118.59590277827128">
        <ele>40.7</ele>
        <time>2026-09-24T13:05:37Z</time>
        <extensions>
          <gpxtpx:TrackPointExtension>
            <gpxtpx:hr>184</gpxtpx:hr>
          </gpxtpx:TrackPointExtension>
        </extensions>
      </trkpt>
      <trkpt lat="32.06567060113892" lon="118.59591477963417">
        <ele>40.7</ele>
        <time>2026-09-24T13:05:38Z</time>
        <extensions>
          <gpxtpx:TrackPointExtension>
            <gpxtpx:hr>184</gpxtpx:hr>
          </gpxtpx:TrackPointExtension>
        </extensions>
      </trkpt>
      <trkpt lat="32.065643593472096" lon="118.5959267811698">
        <ele>40.7</ele>
        <time>2026-09-24T13:05:39Z</time>
        <extensions>
          <gpxtpx:TrackPointExtension>
            <gpxtpx:hr>184</gpxtpx:hr>
          </gpxtpx:TrackPointExtension>
        </extensions>
      </trkpt>
      <trkpt lat="32.06561158411751" lon="118.59594278284533">
        <ele>40.7</ele>
        <time>2026-09-24T13:05:40Z</time>
        <extensions>
          <gpxtpx:TrackPointExtension>
            <gpxtpx:hr>184</gpxtpx:hr>
          </gpxtpx:TrackPointExtension>
        </extensions>
      </trkpt>
      <trkpt lat="32.065582575703445" lon="118.59595678439062">
        <ele>40.7</ele>
        <time>2026-09-24T13:05:41Z</time>
        <extensions>
          <gpxtpx:TrackPointExtension>
            <gpxtpx:hr>184</gpxtpx:hr>
          </gpxtpx:TrackPointExtension>
        </extensions>
      </trkpt>
      <trkpt lat="32.065562569697676" lon="118.5959677853467">
        <ele>40.7</ele>
        <time>2026-09-24T13:05:42Z</time>
        <extensions>
          <gpxtpx:TrackPointExtension>
            <gpxtpx:hr>182</gpxtpx:hr>
          </gpxtpx:TrackPointExtension>
        </extensions>
      </trkpt>
      <trkpt lat="32.06553856280861" lon="118.5959787866569">
        <ele>40.7</ele>
        <time>2026-09-24T13:05:43Z</time>
        <extensions>
          <gpxtpx:TrackPointExtension>
            <gpxtpx:hr>182</gpxtpx:hr>
          </gpxtpx:TrackPointExtension>
        </extensions>
      </trkpt>
      <trkpt lat="32.06551355539833" lon="118.59599178789419">
        <ele>40.7</ele>
        <time>2026-09-24T13:05:44Z</time>
        <extensions>
          <gpxtpx:TrackPointExtension>
            <gpxtpx:hr>182</gpxtpx:hr>
          </gpxtpx:TrackPointExtension>
        </extensions>
      </trkpt>
      <trkpt lat="32.06548654754155" lon="118.59600478930294">
        <ele>40.7</ele>
        <time>2026-09-24T13:05:45Z</time>
        <extensions>
          <gpxtpx:TrackPointExtension>
            <gpxtpx:hr>182</gpxtpx:hr>
          </gpxtpx:TrackPointExtension>
        </extensions>
      </trkpt>
      <trkpt lat="32.065459539826556" lon="118.59601679078267">
        <ele>40.7</ele>
        <time>2026-09-24T13:05:46Z</time>
        <extensions>
          <gpxtpx:TrackPointExtension>
            <gpxtpx:hr>182</gpxtpx:hr>
          </gpxtpx:TrackPointExtension>
        </extensions>
      </trkpt>
      <trkpt lat="32.06543253195529" lon="118.59602979217458">
        <ele>40.7</ele>
        <time>2026-09-24T13:05:47Z</time>
        <extensions>
          <gpxtpx:TrackPointExtension>
            <gpxtpx:hr>183</gpxtpx:hr>
          </gpxtpx:TrackPointExtension>
        </extensions>
      </trkpt>
      <trkpt lat="32.065404524007356" lon="118.59604179372889">
        <ele>40.7</ele>
        <time>2026-09-24T13:05:48Z</time>
        <extensions>
          <gpxtpx:TrackPointExtension>
            <gpxtpx:hr>183</gpxtpx:hr>
          </gpxtpx:TrackPointExtension>
        </extensions>
      </trkpt>
      <trkpt lat="32.06537651590207" lon="118.59605479519409">
        <ele>40.7</ele>
        <time>2026-09-24T13:05:49Z</time>
        <extensions>
          <gpxtpx:TrackPointExtension>
            <gpxtpx:hr>183</gpxtpx:hr>
          </gpxtpx:TrackPointExtension>
        </extensions>
      </trkpt>
      <trkpt lat="32.0653425061689" lon="118.5960697970263">
        <ele>40.7</ele>
        <time>2026-09-24T13:05:50Z</time>
        <extensions>
          <gpxtpx:TrackPointExtension>
            <gpxtpx:hr>183</gpxtpx:hr>
          </gpxtpx:TrackPointExtension>
        </extensions>
      </trkpt>
      <trkpt lat="32.0653114975408" lon="118.59608179882606">
        <ele>40.7</ele>
        <time>2026-09-24T13:05:51Z</time>
        <extensions>
          <gpxtpx:TrackPointExtension>
            <gpxtpx:hr>183</gpxtpx:hr>
          </gpxtpx:TrackPointExtension>
        </extensions>
      </trkpt>
      <trkpt lat="32.06528248934533" lon="118.5960938004382">
        <ele>40.7</ele>
        <time>2026-09-24T13:05:52Z</time>
        <extensions>
          <gpxtpx:TrackPointExtension>
            <gpxtpx:hr>183</gpxtpx:hr>
          </gpxtpx:TrackPointExtension>
        </extensions>
      </trkpt>
      <trkpt lat="32.0652524810769" lon="118.59610480221724">
        <ele>40.7</ele>
        <time>2026-09-24T13:05:53Z</time>
        <extensions>
          <gpxtpx:TrackPointExtension>
            <gpxtpx:hr>183</gpxtpx:hr>
          </gpxtpx:TrackPointExtension>
        </extensions>
      </trkpt>
      <trkpt lat="32.06522847442751" lon="118.59611380361903">
        <ele>40.7</ele>
        <time>2026-09-24T13:05:54Z</time>
        <extensions>
          <gpxtpx:TrackPointExtension>
            <gpxtpx:hr>183</gpxtpx:hr>
          </gpxtpx:TrackPointExtension>
        </extensions>
      </trkpt>
      <trkpt lat="32.065207468894585" lon="118.59611980500172">
        <ele>40.7</ele>
        <time>2026-09-24T13:05:55Z</time>
        <extensions>
          <gpxtpx:TrackPointExtension>
            <gpxtpx:hr>183</gpxtpx:hr>
          </gpxtpx:TrackPointExtension>
        </extensions>
      </trkpt>
      <trkpt lat="32.065188463799174" lon="118.59612580620234">
        <ele>40.7</ele>
        <time>2026-09-24T13:05:56Z</time>
        <extensions>
          <gpxtpx:TrackPointExtension>
            <gpxtpx:hr>183</gpxtpx:hr>
          </gpxtpx:TrackPointExtension>
        </extensions>
      </trkpt>
      <trkpt lat="32.065163457075904" lon="118.59613380777026">
        <ele>40.8</ele>
        <time>2026-09-24T13:05:57Z</time>
        <extensions>
          <gpxtpx:TrackPointExtension>
            <gpxtpx:hr>183</gpxtpx:hr>
          </gpxtpx:TrackPointExtension>
        </extensions>
      </trkpt>
      <trkpt lat="32.06512944790894" lon="118.59614480988694">
        <ele>40.8</ele>
        <time>2026-09-24T13:05:58Z</time>
        <extensions>
          <gpxtpx:TrackPointExtension>
            <gpxtpx:hr>183</gpxtpx:hr>
          </gpxtpx:TrackPointExtension>
        </extensions>
      </trkpt>
      <trkpt lat="32.06509843955053" lon="118.59615481181393">
        <ele>40.8</ele>
        <time>2026-09-24T13:05:59Z</time>
        <extensions>
          <gpxtpx:TrackPointExtension>
            <gpxtpx:hr>183</gpxtpx:hr>
          </gpxtpx:TrackPointExtension>
        </extensions>
      </trkpt>
      <trkpt lat="32.06506843156279" lon="118.59616381373303">
        <ele>40.8</ele>
        <time>2026-09-24T13:06:00Z</time>
        <extensions>
          <gpxtpx:TrackPointExtension>
            <gpxtpx:hr>183</gpxtpx:hr>
          </gpxtpx:TrackPointExtension>
        </extensions>
      </trkpt>
      <trkpt lat="32.06503942379093" lon="118.59617281555784">
        <ele>40.8</ele>
        <time>2026-09-24T13:06:01Z</time>
        <extensions>
          <gpxtpx:TrackPointExtension>
            <gpxtpx:hr>183</gpxtpx:hr>
          </gpxtpx:TrackPointExtension>
        </extensions>
      </trkpt>
      <trkpt lat="32.06501141639134" lon="118.59618081737658">
        <ele>40.8</ele>
        <time>2026-09-24T13:06:02Z</time>
        <extensions>
          <gpxtpx:TrackPointExtension>
            <gpxtpx:hr>183</gpxtpx:hr>
          </gpxtpx:TrackPointExtension>
        </extensions>
      </trkpt>
      <trkpt lat="32.0649824087691" lon="118.59618881928209">
        <ele>40.8</ele>
        <time>2026-09-24T13:06:03Z</time>
        <extensions>
          <gpxtpx:TrackPointExtension>
            <gpxtpx:hr>183</gpxtpx:hr>
          </gpxtpx:TrackPointExtension>
        </extensions>
      </trkpt>
      <trkpt lat="32.06495340114383" lon="118.59619682118432">
        <ele>40.8</ele>
        <time>2026-09-24T13:06:04Z</time>
        <extensions>
          <gpxtpx:TrackPointExtension>
            <gpxtpx:hr>183</gpxtpx:hr>
          </gpxtpx:TrackPointExtension>
        </extensions>
      </trkpt>
      <trkpt lat="32.06492539373523" lon="118.59620482299313">
        <ele>40.8</ele>
        <time>2026-09-24T13:06:05Z</time>
        <extensions>
          <gpxtpx:TrackPointExtension>
            <gpxtpx:hr>183</gpxtpx:hr>
          </gpxtpx:TrackPointExtension>
        </extensions>
      </trkpt>
      <trkpt lat="32.06489738632363" lon="118.59621282479864">
        <ele>40.8</ele>
        <time>2026-09-24T13:06:06Z</time>
        <extensions>
          <gpxtpx:TrackPointExtension>
            <gpxtpx:hr>183</gpxtpx:hr>
          </gpxtpx:TrackPointExtension>
        </extensions>
      </trkpt>
      <trkpt lat="32.06486237689672" lon="118.59622382696047">
        <ele>40.7</ele>
        <time>2026-09-24T13:06:07Z</time>
        <extensions>
          <gpxtpx:TrackPointExtension>
            <gpxtpx:hr>184</gpxtpx:hr>
          </gpxtpx:TrackPointExtension>
        </extensions>
      </trkpt>
      <trkpt lat="32.06483136866032" lon="118.59623282893753">
        <ele>40.7</ele>
        <time>2026-09-24T13:06:08Z</time>
        <extensions>
          <gpxtpx:TrackPointExtension>
            <gpxtpx:hr>184</gpxtpx:hr>
          </gpxtpx:TrackPointExtension>
        </extensions>
      </trkpt>
      <trkpt lat="32.06480136127547" lon="118.5962378311853">
        <ele>40.7</ele>
        <time>2026-09-24T13:06:09Z</time>
        <extensions>
          <gpxtpx:TrackPointExtension>
            <gpxtpx:hr>184</gpxtpx:hr>
          </gpxtpx:TrackPointExtension>
        </extensions>
      </trkpt>
      <trkpt lat="32.064768353706995" lon="118.596239833976">
        <ele>40.7</ele>
        <time>2026-09-24T13:06:10Z</time>
        <extensions>
          <gpxtpx:TrackPointExtension>
            <gpxtpx:hr>184</gpxtpx:hr>
          </gpxtpx:TrackPointExtension>
        </extensions>
      </trkpt>
      <trkpt lat="32.06472934529638" lon="118.59623883758087">
        <ele>40.7</ele>
        <time>2026-09-24T13:06:11Z</time>
        <extensions>
          <gpxtpx:TrackPointExtension>
            <gpxtpx:hr>184</gpxtpx:hr>
          </gpxtpx:TrackPointExtension>
        </extensions>
      </trkpt>
      <trkpt lat="32.064691336787284" lon="118.5962398409132">
        <ele>40.4</ele>
        <time>2026-09-24T13:06:12Z</time>
        <extensions>
          <gpxtpx:TrackPointExtension>
            <gpxtpx:hr>185</gpxtpx:hr>
          </gpxtpx:TrackPointExtension>
        </extensions>
      </trkpt>
      <trkpt lat="32.06466333015731" lon="118.59624284316186">
        <ele>40.4</ele>
        <time>2026-09-24T13:06:13Z</time>
        <extensions>
          <gpxtpx:TrackPointExtension>
            <gpxtpx:hr>185</gpxtpx:hr>
          </gpxtpx:TrackPointExtension>
        </extensions>
      </trkpt>
      <trkpt lat="32.06464132468611" lon="118.59624684477791">
        <ele>40.4</ele>
        <time>2026-09-24T13:06:14Z</time>
        <extensions>
          <gpxtpx:TrackPointExtension>
            <gpxtpx:hr>185</gpxtpx:hr>
          </gpxtpx:TrackPointExtension>
        </extensions>
      </trkpt>
      <trkpt lat="32.06462131981297" lon="118.59624984630473">
        <ele>40.4</ele>
        <time>2026-09-24T13:06:15Z</time>
        <extensions>
          <gpxtpx:TrackPointExtension>
            <gpxtpx:hr>185</gpxtpx:hr>
          </gpxtpx:TrackPointExtension>
        </extensions>
      </trkpt>
      <trkpt lat="32.06459831412051" lon="118.59625384800943">
        <ele>40.4</ele>
        <time>2026-09-24T13:06:16Z</time>
        <extensions>
          <gpxtpx:TrackPointExtension>
            <gpxtpx:hr>185</gpxtpx:hr>
          </gpxtpx:TrackPointExtension>
        </extensions>
      </trkpt>
      <trkpt lat="32.06457630864698" lon="118.5962578496232">
        <ele>40.3</ele>
        <time>2026-09-24T13:06:17Z</time>
        <extensions>
          <gpxtpx:TrackPointExtension>
            <gpxtpx:hr>185</gpxtpx:hr>
          </gpxtpx:TrackPointExtension>
        </extensions>
      </trkpt>
      <trkpt lat="32.064550302133576" lon="118.59626285150411">
        <ele>40.3</ele>
        <time>2026-09-24T13:06:18Z</time>
        <extensions>
          <gpxtpx:TrackPointExtension>
            <gpxtpx:hr>185</gpxtpx:hr>
          </gpxtpx:TrackPointExtension>
        </extensions>
      </trkpt>
      <trkpt lat="32.06452029473969" lon="118.59626785374408">
        <ele>40.3</ele>
        <time>2026-09-24T13:06:19Z</time>
        <extensions>
          <gpxtpx:TrackPointExtension>
            <gpxtpx:hr>185</gpxtpx:hr>
          </gpxtpx:TrackPointExtension>
        </extensions>
      </trkpt>
      <trkpt lat="32.0644902871841" lon="118.5962738558898">
        <ele>40.3</ele>
        <time>2026-09-24T13:06:20Z</time>
        <extensions>
          <gpxtpx:TrackPointExtension>
            <gpxtpx:hr>185</gpxtpx:hr>
          </gpxtpx:TrackPointExtension>
        </extensions>
      </trkpt>
      <trkpt lat="32.06445927956748" lon="118.59627885821703">
        <ele>40.3</ele>
        <time>2026-09-24T13:06:21Z</time>
        <extensions>
          <gpxtpx:TrackPointExtension>
            <gpxtpx:hr>185</gpxtpx:hr>
          </gpxtpx:TrackPointExtension>
        </extensions>
      </trkpt>
      <trkpt lat="32.064429272008496" lon="118.59628486035933">
        <ele>39.9</ele>
        <time>2026-09-24T13:06:22Z</time>
        <extensions>
          <gpxtpx:TrackPointExtension>
            <gpxtpx:hr>184</gpxtpx:hr>
          </gpxtpx:TrackPointExtension>
        </extensions>
      </trkpt>
      <trkpt lat="32.064400264667526" lon="118.59629086240969">
        <ele>39.9</ele>
        <time>2026-09-24T13:06:23Z</time>
        <extensions>
          <gpxtpx:TrackPointExtension>
            <gpxtpx:hr>184</gpxtpx:hr>
          </gpxtpx:TrackPointExtension>
        </extensions>
      </trkpt>
      <trkpt lat="32.0643702571049" lon="118.59629686454828">
        <ele>39.9</ele>
        <time>2026-09-24T13:06:24Z</time>
        <extensions>
          <gpxtpx:TrackPointExtension>
            <gpxtpx:hr>184</gpxtpx:hr>
          </gpxtpx:TrackPointExtension>
        </extensions>
      </trkpt>
      <trkpt lat="32.064335248117835" lon="118.59630486694635">
        <ele>39.9</ele>
        <time>2026-09-24T13:06:25Z</time>
        <extensions>
          <gpxtpx:TrackPointExtension>
            <gpxtpx:hr>184</gpxtpx:hr>
          </gpxtpx:TrackPointExtension>
        </extensions>
      </trkpt>
      <trkpt lat="32.06430424000712" lon="118.59631286898075">
        <ele>39.9</ele>
        <time>2026-09-24T13:06:26Z</time>
        <extensions>
          <gpxtpx:TrackPointExtension>
            <gpxtpx:hr>184</gpxtpx:hr>
          </gpxtpx:TrackPointExtension>
        </extensions>
      </trkpt>
      <trkpt lat="32.064275232495476" lon="118.59631987092708">
        <ele>39.3</ele>
        <time>2026-09-24T13:06:27Z</time>
        <extensions>
          <gpxtpx:TrackPointExtension>
            <gpxtpx:hr>184</gpxtpx:hr>
          </gpxtpx:TrackPointExtension>
        </extensions>
      </trkpt>
      <trkpt lat="32.06424722520135" lon="118.59632687278076">
        <ele>39.3</ele>
        <time>2026-09-24T13:06:28Z</time>
        <extensions>
          <gpxtpx:TrackPointExtension>
            <gpxtpx:hr>184</gpxtpx:hr>
          </gpxtpx:TrackPointExtension>
        </extensions>
      </trkpt>
      <trkpt lat="32.06421921790487" lon="118.59633387463191">
        <ele>39.3</ele>
        <time>2026-09-24T13:06:29Z</time>
        <extensions>
          <gpxtpx:TrackPointExtension>
            <gpxtpx:hr>184</gpxtpx:hr>
          </gpxtpx:TrackPointExtension>
        </extensions>
      </trkpt>
      <trkpt lat="32.06419221066267" lon="118.59634187629396">
        <ele>39.3</ele>
        <time>2026-09-24T13:06:30Z</time>
        <extensions>
          <gpxtpx:TrackPointExtension>
            <gpxtpx:hr>184</gpxtpx:hr>
          </gpxtpx:TrackPointExtension>
        </extensions>
      </trkpt>
      <trkpt lat="32.06416420319757" lon="118.59634987804279">
        <ele>39.3</ele>
        <time>2026-09-24T13:06:31Z</time>
        <extensions>
          <gpxtpx:TrackPointExtension>
            <gpxtpx:hr>184</gpxtpx:hr>
          </gpxtpx:TrackPointExtension>
        </extensions>
      </trkpt>
      <trkpt lat="32.06413019424597" lon="118.5963588802315">
        <ele>39.0</ele>
        <time>2026-09-24T13:06:32Z</time>
        <extensions>
          <gpxtpx:TrackPointExtension>
            <gpxtpx:hr>184</gpxtpx:hr>
          </gpxtpx:TrackPointExtension>
        </extensions>
      </trkpt>
      <trkpt lat="32.06409518474166" lon="118.59636988231033">
        <ele>39.0</ele>
        <time>2026-09-24T13:06:33Z</time>
        <extensions>
          <gpxtpx:TrackPointExtension>
            <gpxtpx:hr>184</gpxtpx:hr>
          </gpxtpx:TrackPointExtension>
        </extensions>
      </trkpt>
      <trkpt lat="32.06406517666134" lon="118.59637888412936">
        <ele>39.0</ele>
        <time>2026-09-24T13:06:34Z</time>
        <extensions>
          <gpxtpx:TrackPointExtension>
            <gpxtpx:hr>184</gpxtpx:hr>
          </gpxtpx:TrackPointExtension>
        </extensions>
      </trkpt>
      <trkpt lat="32.06403616879721" lon="118.59638788585414">
        <ele>39.0</ele>
        <time>2026-09-24T13:06:35Z</time>
        <extensions>
          <gpxtpx:TrackPointExtension>
            <gpxtpx:hr>184</gpxtpx:hr>
          </gpxtpx:TrackPointExtension>
        </extensions>
      </trkpt>
      <trkpt lat="32.06400816114929" lon="118.59639688748463">
        <ele>39.0</ele>
        <time>2026-09-24T13:06:36Z</time>
        <extensions>
          <gpxtpx:TrackPointExtension>
            <gpxtpx:hr>184</gpxtpx:hr>
          </gpxtpx:TrackPointExtension>
        </extensions>
      </trkpt>
      <trkpt lat="32.063981153717606" lon="118.59640588902086">
        <ele>38.3</ele>
        <time>2026-09-24T13:06:37Z</time>
        <extensions>
          <gpxtpx:TrackPointExtension>
            <gpxtpx:hr>185</gpxtpx:hr>
          </gpxtpx:TrackPointExtension>
        </extensions>
      </trkpt>
      <trkpt lat="32.063953146062246" lon="118.59641489064299">
        <ele>38.3</ele>
        <time>2026-09-24T13:06:38Z</time>
        <extensions>
          <gpxtpx:TrackPointExtension>
            <gpxtpx:hr>185</gpxtpx:hr>
          </gpxtpx:TrackPointExtension>
        </extensions>
      </trkpt>
      <trkpt lat="32.06392413818317" lon="118.59642389235101">
        <ele>38.3</ele>
        <time>2026-09-24T13:06:39Z</time>
        <extensions>
          <gpxtpx:TrackPointExtension>
            <gpxtpx:hr>185</gpxtpx:hr>
          </gpxtpx:TrackPointExtension>
        </extensions>
      </trkpt>
      <trkpt lat="32.06388912847856" lon="118.59643589429156">
        <ele>38.3</ele>
        <time>2026-09-24T13:06:40Z</time>
        <extensions>
          <gpxtpx:TrackPointExtension>
            <gpxtpx:hr>185</gpxtpx:hr>
          </gpxtpx:TrackPointExtension>
        </extensions>
      </trkpt>
      <trkpt lat="32.063864121638495" lon="118.59644389573128">
        <ele>38.3</ele>
        <time>2026-09-24T13:06:41Z</time>
        <extensions>
          <gpxtpx:TrackPointExtension>
            <gpxtpx:hr>185</gpxtpx:hr>
          </gpxtpx:TrackPointExtension>
        </extensions>
      </trkpt>
      <trkpt lat="32.06384511628354" lon="118.59645089672931">
        <ele>37.9</ele>
        <time>2026-09-24T13:06:42Z</time>
        <extensions>
          <gpxtpx:TrackPointExtension>
            <gpxtpx:hr>184</gpxtpx:hr>
          </gpxtpx:TrackPointExtension>
        </extensions>
      </trkpt>
      <trkpt lat="32.063823110098014" lon="118.59645889789256">
        <ele>37.9</ele>
        <time>2026-09-24T13:06:43Z</time>
        <extensions>
          <gpxtpx:TrackPointExtension>
            <gpxtpx:hr>184</gpxtpx:hr>
          </gpxtpx:TrackPointExtension>
        </extensions>
      </trkpt>
      <trkpt lat="32.06379610247204" lon="118.59646889929692">
        <ele>37.9</ele>
        <time>2026-09-24T13:06:44Z</time>
        <extensions>
          <gpxtpx:TrackPointExtension>
            <gpxtpx:hr>184</gpxtpx:hr>
          </gpxtpx:TrackPointExtension>
        </extensions>
      </trkpt>
      <trkpt lat="32.06376809445228" lon="118.59647990068262">
        <ele>37.9</ele>
        <time>2026-09-24T13:06:45Z</time>
        <extensions>
          <gpxtpx:TrackPointExtension>
            <gpxtpx:hr>184</gpxtpx:hr>
          </gpxtpx:TrackPointExtension>
        </extensions>
      </trkpt>
      <trkpt lat="32.06374008659677" lon="118.59648990216624">
        <ele>37.9</ele>
        <time>2026-09-24T13:06:46Z</time>
        <extensions>
          <gpxtpx:TrackPointExtension>
            <gpxtpx:hr>184</gpxtpx:hr>
          </gpxtpx:TrackPointExtension>
        </extensions>
      </trkpt>
      <trkpt lat="32.06371307878664" lon="118.59650090344992">
        <ele>37.8</ele>
        <time>2026-09-24T13:06:47Z</time>
        <extensions>
          <gpxtpx:TrackPointExtension>
            <gpxtpx:hr>184</gpxtpx:hr>
          </gpxtpx:TrackPointExtension>
        </extensions>
      </trkpt>
      <trkpt lat="32.06368507075103" lon="118.59651190481745">
        <ele>37.8</ele>
        <time>2026-09-24T13:06:48Z</time>
        <extensions>
          <gpxtpx:TrackPointExtension>
            <gpxtpx:hr>184</gpxtpx:hr>
          </gpxtpx:TrackPointExtension>
        </extensions>
      </trkpt>
      <trkpt lat="32.06365206109618" lon="118.59652590631138">
        <ele>37.8</ele>
        <time>2026-09-24T13:06:49Z</time>
        <extensions>
          <gpxtpx:TrackPointExtension>
            <gpxtpx:hr>184</gpxtpx:hr>
          </gpxtpx:TrackPointExtension>
        </extensions>
      </trkpt>
      <trkpt lat="32.063622052436344" lon="118.5965379077383">
        <ele>37.8</ele>
        <time>2026-09-24T13:06:50Z</time>
        <extensions>
          <gpxtpx:TrackPointExtension>
            <gpxtpx:hr>184</gpxtpx:hr>
          </gpxtpx:TrackPointExtension>
        </extensions>
      </trkpt>
      <trkpt lat="32.06359404438244" lon="118.59654890908482">
        <ele>37.8</ele>
        <time>2026-09-24T13:06:51Z</time>
        <extensions>
          <gpxtpx:TrackPointExtension>
            <gpxtpx:hr>184</gpxtpx:hr>
          </gpxtpx:TrackPointExtension>
        </extensions>
      </trkpt>
      <trkpt lat="32.06356603615038" lon="118.59656091031732">
        <ele>37.6</ele>
        <time>2026-09-24T13:06:52Z</time>
        <extensions>
          <gpxtpx:TrackPointExtension>
            <gpxtpx:hr>184</gpxtpx:hr>
          </gpxtpx:TrackPointExtension>
        </extensions>
      </trkpt>
      <trkpt lat="32.063539028131984" lon="118.5965729114523">
        <ele>37.6</ele>
        <time>2026-09-24T13:06:53Z</time>
        <extensions>
          <gpxtpx:TrackPointExtension>
            <gpxtpx:hr>184</gpxtpx:hr>
          </gpxtpx:TrackPointExtension>
        </extensions>
      </trkpt>
      <trkpt lat="32.063511019887066" lon="118.59658491266994">
        <ele>37.6</ele>
        <time>2026-09-24T13:06:54Z</time>
        <extensions>
          <gpxtpx:TrackPointExtension>
            <gpxtpx:hr>184</gpxtpx:hr>
          </gpxtpx:TrackPointExtension>
        </extensions>
      </trkpt>
      <trkpt lat="32.06348401185582" lon="118.59659691379005">
        <ele>37.6</ele>
        <time>2026-09-24T13:06:55Z</time>
        <extensions>
          <gpxtpx:TrackPointExtension>
            <gpxtpx:hr>184</gpxtpx:hr>
          </gpxtpx:TrackPointExtension>
        </extensions>
      </trkpt>
      <trkpt lat="32.06345600359805" lon="118.59660891499283">
        <ele>37.6</ele>
        <time>2026-09-24T13:06:56Z</time>
        <extensions>
          <gpxtpx:TrackPointExtension>
            <gpxtpx:hr>184</gpxtpx:hr>
          </gpxtpx:TrackPointExtension>
        </extensions>
      </trkpt>
      <trkpt lat="32.06342899537863" lon="118.59662191598717">
        <ele>37.5</ele>
        <time>2026-09-24T13:06:57Z</time>
        <extensions>
          <gpxtpx:TrackPointExtension>
            <gpxtpx:hr>182</gpxtpx:hr>
          </gpxtpx:TrackPointExtension>
        </extensions>
      </trkpt>
      <trkpt lat="32.06340198732762" lon="118.59663391708439">
        <ele>37.5</ele>
        <time>2026-09-24T13:06:58Z</time>
        <extensions>
          <gpxtpx:TrackPointExtension>
            <gpxtpx:hr>182</gpxtpx:hr>
          </gpxtpx:TrackPointExtension>
        </extensions>
      </trkpt>
      <trkpt lat="32.063373978873635" lon="118.59664691815206">
        <ele>37.5</ele>
        <time>2026-09-24T13:06:59Z</time>
        <extensions>
          <gpxtpx:TrackPointExtension>
            <gpxtpx:hr>182</gpxtpx:hr>
          </gpxtpx:TrackPointExtension>
        </extensions>
      </trkpt>
      <trkpt lat="32.06333996873714" lon="118.5966619195256">
        <ele>37.5</ele>
        <time>2026-09-24T13:07:00Z</time>
        <extensions>
          <gpxtpx:TrackPointExtension>
            <gpxtpx:hr>182</gpxtpx:hr>
          </gpxtpx:TrackPointExtension>
        </extensions>
      </trkpt>
      <trkpt lat="32.06330995964898" lon="118.59667592064098">
        <ele>37.5</ele>
        <time>2026-09-24T13:07:01Z</time>
        <extensions>
          <gpxtpx:TrackPointExtension>
            <gpxtpx:hr>182</gpxtpx:hr>
          </gpxtpx:TrackPointExtension>
        </extensions>
      </trkpt>
      <trkpt lat="32.0632809507723" lon="118.59668992165615">
        <ele>37.5</ele>
        <time>2026-09-24T13:07:02Z</time>
        <extensions>
          <gpxtpx:TrackPointExtension>
            <gpxtpx:hr>185</gpxtpx:hr>
          </gpxtpx:TrackPointExtension>
        </extensions>
      </trkpt>
      <trkpt lat="32.06325294210712" lon="118.59670392257112">
        <ele>37.5</ele>
        <time>2026-09-24T13:07:03Z</time>
        <extensions>
          <gpxtpx:TrackPointExtension>
            <gpxtpx:hr>185</gpxtpx:hr>
          </gpxtpx:TrackPointExtension>
        </extensions>
      </trkpt>
      <trkpt lat="32.0632329359124" lon="118.5967139232185">
        <ele>37.5</ele>
        <time>2026-09-24T13:07:04Z</time>
        <extensions>
          <gpxtpx:TrackPointExtension>
            <gpxtpx:hr>185</gpxtpx:hr>
          </gpxtpx:TrackPointExtension>
        </extensions>
      </trkpt>
      <trkpt lat="32.06321893139383" lon="118.59672192355251">
        <ele>37.5</ele>
        <time>2026-09-24T13:07:05Z</time>
        <extensions>
          <gpxtpx:TrackPointExtension>
            <gpxtpx:hr>185</gpxtpx:hr>
          </gpxtpx:TrackPointExtension>
        </extensions>
      </trkpt>
      <trkpt lat="32.063199925411354" lon="118.59673192410051">
        <ele>37.5</ele>
        <time>2026-09-24T13:07:06Z</time>
        <extensions>
          <gpxtpx:TrackPointExtension>
            <gpxtpx:hr>185</gpxtpx:hr>
          </gpxtpx:TrackPointExtension>
        </extensions>
      </trkpt>
      <trkpt lat="32.06316791547791" lon="118.59674792511075">
        <ele>37.5</ele>
        <time>2026-09-24T13:07:07Z</time>
        <extensions>
          <gpxtpx:TrackPointExtension>
            <gpxtpx:hr>184</gpxtpx:hr>
          </gpxtpx:TrackPointExtension>
        </extensions>
      </trkpt>
      <trkpt lat="32.063137905973576" lon="118.59676392592762">
        <ele>37.5</ele>
        <time>2026-09-24T13:07:08Z</time>
        <extensions>
          <gpxtpx:TrackPointExtension>
            <gpxtpx:hr>184</gpxtpx:hr>
          </gpxtpx:TrackPointExtension>
        </extensions>
      </trkpt>
      <trkpt lat="32.063115899130004" lon="118.59677492660543">
        <ele>37.5</ele>
        <time>2026-09-24T13:07:09Z</time>
        <extensions>
          <gpxtpx:TrackPointExtension>
            <gpxtpx:hr>184</gpxtpx:hr>
          </gpxtpx:TrackPointExtension>
        </extensions>
      </trkpt>
      <trkpt lat="32.063088890815024" lon="118.59678792748853">
        <ele>37.5</ele>
        <time>2026-09-24T13:07:10Z</time>
        <extensions>
          <gpxtpx:TrackPointExtension>
            <gpxtpx:hr>184</gpxtpx:hr>
          </gpxtpx:TrackPointExtension>
        </extensions>
      </trkpt>
      <trkpt lat="32.0630598813195" lon="118.59680492806197">
        <ele>37.5</ele>
        <time>2026-09-24T13:07:11Z</time>
        <extensions>
          <gpxtpx:TrackPointExtension>
            <gpxtpx:hr>184</gpxtpx:hr>
          </gpxtpx:TrackPointExtension>
        </extensions>
      </trkpt>
      <trkpt lat="32.063029871223044" lon="118.59682392846798">
        <ele>37.5</ele>
        <time>2026-09-24T13:07:12Z</time>
        <extensions>
          <gpxtpx:TrackPointExtension>
            <gpxtpx:hr>184</gpxtpx:hr>
          </gpxtpx:TrackPointExtension>
        </extensions>
      </trkpt>
      <trkpt lat="32.062998860520736" lon="118.59684492870072">
        <ele>37.5</ele>
        <time>2026-09-24T13:07:13Z</time>
        <extensions>
          <gpxtpx:TrackPointExtension>
            <gpxtpx:hr>184</gpxtpx:hr>
          </gpxtpx:TrackPointExtension>
        </extensions>
      </trkpt>
      <trkpt lat="32.06297085138871" lon="118.59686092925746">
        <ele>37.5</ele>
        <time>2026-09-24T13:07:14Z</time>
        <extensions>
          <gpxtpx:TrackPointExtension>
            <gpxtpx:hr>184</gpxtpx:hr>
          </gpxtpx:TrackPointExtension>
        </extensions>
      </trkpt>
      <trkpt lat="32.062944842686" lon="118.59687692962085">
        <ele>37.5</ele>
        <time>2026-09-24T13:07:15Z</time>
        <extensions>
          <gpxtpx:TrackPointExtension>
            <gpxtpx:hr>184</gpxtpx:hr>
          </gpxtpx:TrackPointExtension>
        </extensions>
      </trkpt>
      <trkpt lat="32.06291883378505" lon="118.5968939298461">
        <ele>37.5</ele>
        <time>2026-09-24T13:07:16Z</time>
        <extensions>
          <gpxtpx:TrackPointExtension>
            <gpxtpx:hr>184</gpxtpx:hr>
          </gpxtpx:TrackPointExtension>
        </extensions>
      </trkpt>
      <trkpt lat="32.062892824495826" lon="118.59691292980469">
        <ele>37.5</ele>
        <time>2026-09-24T13:07:17Z</time>
        <extensions>
          <gpxtpx:TrackPointExtension>
            <gpxtpx:hr>182</gpxtpx:hr>
          </gpxtpx:TrackPointExtension>
        </extensions>
      </trkpt>
      <trkpt lat="32.062866815190894" lon="118.5969319297447">
        <ele>37.5</ele>
        <time>2026-09-24T13:07:18Z</time>
        <extensions>
          <gpxtpx:TrackPointExtension>
            <gpxtpx:hr>182</gpxtpx:hr>
          </gpxtpx:TrackPointExtension>
        </extensions>
      </trkpt>
      <trkpt lat="32.06284080587025" lon="118.59695092966614">
        <ele>37.5</ele>
        <time>2026-09-24T13:07:19Z</time>
        <extensions>
          <gpxtpx:TrackPointExtension>
            <gpxtpx:hr>182</gpxtpx:hr>
          </gpxtpx:TrackPointExtension>
        </extensions>
      </trkpt>
      <trkpt lat="32.062815796754215" lon="118.59696992947889">
        <ele>37.5</ele>
        <time>2026-09-24T13:07:20Z</time>
        <extensions>
          <gpxtpx:TrackPointExtension>
            <gpxtpx:hr>182</gpxtpx:hr>
          </gpxtpx:TrackPointExtension>
        </extensions>
      </trkpt>
      <trkpt lat="32.06279178803392" lon="118.59698792931282">
        <ele>37.5</ele>
        <time>2026-09-24T13:07:21Z</time>
        <extensions>
          <gpxtpx:TrackPointExtension>
            <gpxtpx:hr>182</gpxtpx:hr>
          </gpxtpx:TrackPointExtension>
        </extensions>
      </trkpt>
      <trkpt lat="32.062761777593764" lon="118.59700792940906">
        <ele>37.4</ele>
        <time>2026-09-24T13:07:22Z</time>
        <extensions>
          <gpxtpx:TrackPointExtension>
            <gpxtpx:hr>183</gpxtpx:hr>
          </gpxtpx:TrackPointExtension>
        </extensions>
      </trkpt>
      <trkpt lat="32.06273276774204" lon="118.59702592965823">
        <ele>37.4</ele>
        <time>2026-09-24T13:07:23Z</time>
        <extensions>
          <gpxtpx:TrackPointExtension>
            <gpxtpx:hr>183</gpxtpx:hr>
          </gpxtpx:TrackPointExtension>
        </extensions>
      </trkpt>
      <trkpt lat="32.06270875975152" lon="118.59703992997065">
        <ele>37.4</ele>
        <time>2026-09-24T13:07:24Z</time>
        <extensions>
          <gpxtpx:TrackPointExtension>
            <gpxtpx:hr>183</gpxtpx:hr>
          </gpxtpx:TrackPointExtension>
        </extensions>
      </trkpt>
      <trkpt lat="32.06268175109137" lon="118.59705393054324">
        <ele>37.4</ele>
        <time>2026-09-24T13:07:25Z</time>
        <extensions>
          <gpxtpx:TrackPointExtension>
            <gpxtpx:hr>183</gpxtpx:hr>
          </gpxtpx:TrackPointExtension>
        </extensions>
      </trkpt>
      <trkpt lat="32.06265374220223" lon="118.59706793119585">
        <ele>37.4</ele>
        <time>2026-09-24T13:07:26Z</time>
        <extensions>
          <gpxtpx:TrackPointExtension>
            <gpxtpx:hr>183</gpxtpx:hr>
          </gpxtpx:TrackPointExtension>
        </extensions>
      </trkpt>
      <trkpt lat="32.062625733304436" lon="118.59708193183837">
        <ele>37.2</ele>
        <time>2026-09-24T13:07:27Z</time>
        <extensions>
          <gpxtpx:TrackPointExtension>
            <gpxtpx:hr>184</gpxtpx:hr>
          </gpxtpx:TrackPointExtension>
        </extensions>
      </trkpt>
      <trkpt lat="32.06259772439801" lon="118.59709593247082">
        <ele>37.2</ele>
        <time>2026-09-24T13:07:28Z</time>
        <extensions>
          <gpxtpx:TrackPointExtension>
            <gpxtpx:hr>184</gpxtpx:hr>
          </gpxtpx:TrackPointExtension>
        </extensions>
      </trkpt>
      <trkpt lat="32.06257071570332" lon="118.5971099330031">
        <ele>37.2</ele>
        <time>2026-09-24T13:07:29Z</time>
        <extensions>
          <gpxtpx:TrackPointExtension>
            <gpxtpx:hr>184</gpxtpx:hr>
          </gpxtpx:TrackPointExtension>
        </extensions>
      </trkpt>
      <trkpt lat="32.06254370739378" lon="118.59712193379879">
        <ele>37.2</ele>
        <time>2026-09-24T13:07:30Z</time>
        <extensions>
          <gpxtpx:TrackPointExtension>
            <gpxtpx:hr>184</gpxtpx:hr>
          </gpxtpx:TrackPointExtension>
        </extensions>
      </trkpt>
      <trkpt lat="32.062515699252074" lon="118.5971319349517">
        <ele>37.2</ele>
        <time>2026-09-24T13:07:31Z</time>
        <extensions>
          <gpxtpx:TrackPointExtension>
            <gpxtpx:hr>184</gpxtpx:hr>
          </gpxtpx:TrackPointExtension>
        </extensions>
      </trkpt>
      <trkpt lat="32.06248669088545" lon="118.59714193618956">
        <ele>37.0</ele>
        <time>2026-09-24T13:07:32Z</time>
        <extensions>
          <gpxtpx:TrackPointExtension>
            <gpxtpx:hr>185</gpxtpx:hr>
          </gpxtpx:TrackPointExtension>
        </extensions>
      </trkpt>
      <trkpt lat="32.06245568207344" lon="118.59715193760245">
        <ele>37.0</ele>
        <time>2026-09-24T13:07:33Z</time>
        <extensions>
          <gpxtpx:TrackPointExtension>
            <gpxtpx:hr>185</gpxtpx:hr>
          </gpxtpx:TrackPointExtension>
        </extensions>
      </trkpt>
      <trkpt lat="32.062425673477286" lon="118.5971619389201">
        <ele>37.0</ele>
        <time>2026-09-24T13:07:34Z</time>
        <extensions>
          <gpxtpx:TrackPointExtension>
            <gpxtpx:hr>185</gpxtpx:hr>
          </gpxtpx:TrackPointExtension>
        </extensions>
      </trkpt>
      <trkpt lat="32.06240066617772" lon="118.59717093992143">
        <ele>37.0</ele>
        <time>2026-09-24T13:07:35Z</time>
        <extensions>
          <gpxtpx:TrackPointExtension>
            <gpxtpx:hr>185</gpxtpx:hr>
          </gpxtpx:TrackPointExtension>
        </extensions>
      </trkpt>
      <trkpt lat="32.062370657572934" lon="118.59718094122931">
        <ele>37.0</ele>
        <time>2026-09-24T13:07:36Z</time>
        <extensions>
          <gpxtpx:TrackPointExtension>
            <gpxtpx:hr>185</gpxtpx:hr>
          </gpxtpx:TrackPointExtension>
        </extensions>
      </trkpt>
      <trkpt lat="32.06234164958356" lon="118.59718894272235">
        <ele>36.7</ele>
        <time>2026-09-24T13:07:37Z</time>
        <extensions>
          <gpxtpx:TrackPointExtension>
            <gpxtpx:hr>182</gpxtpx:hr>
          </gpxtpx:TrackPointExtension>
        </extensions>
      </trkpt>
      <trkpt lat="32.062312641591205" lon="118.59719694421213">
        <ele>36.7</ele>
        <time>2026-09-24T13:07:38Z</time>
        <extensions>
          <gpxtpx:TrackPointExtension>
            <gpxtpx:hr>182</gpxtpx:hr>
          </gpxtpx:TrackPointExtension>
        </extensions>
      </trkpt>
      <trkpt lat="32.06227863229307" lon="118.59720594600803">
        <ele>36.7</ele>
        <time>2026-09-24T13:07:39Z</time>
        <extensions>
          <gpxtpx:TrackPointExtension>
            <gpxtpx:hr>182</gpxtpx:hr>
          </gpxtpx:TrackPointExtension>
        </extensions>
      </trkpt>
      <trkpt lat="32.062246623632895" lon="118.59721394776106">
        <ele>36.7</ele>
        <time>2026-09-24T13:07:40Z</time>
        <extensions>
          <gpxtpx:TrackPointExtension>
            <gpxtpx:hr>182</gpxtpx:hr>
          </gpxtpx:TrackPointExtension>
        </extensions>
      </trkpt>
      <trkpt lat="32.06221561519017" lon="118.5972219494207">
        <ele>36.7</ele>
        <time>2026-09-24T13:07:41Z</time>
        <extensions>
          <gpxtpx:TrackPointExtension>
            <gpxtpx:hr>182</gpxtpx:hr>
          </gpxtpx:TrackPointExtension>
        </extensions>
      </trkpt>
      <trkpt lat="32.06218460674441" lon="118.59722995107705">
        <ele>36.3</ele>
        <time>2026-09-24T13:07:42Z</time>
        <extensions>
          <gpxtpx:TrackPointExtension>
            <gpxtpx:hr>184</gpxtpx:hr>
          </gpxtpx:TrackPointExtension>
        </extensions>
      </trkpt>
      <trkpt lat="32.06215359869918" lon="118.59723595301534">
        <ele>36.3</ele>
        <time>2026-09-24T13:07:43Z</time>
        <extensions>
          <gpxtpx:TrackPointExtension>
            <gpxtpx:hr>184</gpxtpx:hr>
          </gpxtpx:TrackPointExtension>
        </extensions>
      </trkpt>
      <trkpt lat="32.062123591276546" lon="118.59723995514732">
        <ele>36.3</ele>
        <time>2026-09-24T13:07:44Z</time>
        <extensions>
          <gpxtpx:TrackPointExtension>
            <gpxtpx:hr>184</gpxtpx:hr>
          </gpxtpx:TrackPointExtension>
        </extensions>
      </trkpt>
      <trkpt lat="32.062095584294006" lon="118.59724395709829">
        <ele>36.3</ele>
        <time>2026-09-24T13:07:45Z</time>
        <extensions>
          <gpxtpx:TrackPointExtension>
            <gpxtpx:hr>184</gpxtpx:hr>
          </gpxtpx:TrackPointExtension>
        </extensions>
      </trkpt>
      <trkpt lat="32.06206757731055" lon="118.59724795904845">
        <ele>36.3</ele>
        <time>2026-09-24T13:07:46Z</time>
        <extensions>
          <gpxtpx:TrackPointExtension>
            <gpxtpx:hr>184</gpxtpx:hr>
          </gpxtpx:TrackPointExtension>
        </extensions>
      </trkpt>
      <trkpt lat="32.06203957012373" lon="118.59725296085435">
        <ele>36.1</ele>
        <time>2026-09-24T13:07:47Z</time>
        <extensions>
          <gpxtpx:TrackPointExtension>
            <gpxtpx:hr>183</gpxtpx:hr>
          </gpxtpx:TrackPointExtension>
        </extensions>
      </trkpt>
      <trkpt lat="32.0620065610218" lon="118.59726196253426">
        <ele>36.1</ele>
        <time>2026-09-24T13:07:48Z</time>
        <extensions>
          <gpxtpx:TrackPointExtension>
            <gpxtpx:hr>183</gpxtpx:hr>
          </gpxtpx:TrackPointExtension>
        </extensions>
      </trkpt>
      <trkpt lat="32.06197655278099" lon="118.59726996408408">
        <ele>36.1</ele>
        <time>2026-09-24T13:07:49Z</time>
        <extensions>
          <gpxtpx:TrackPointExtension>
            <gpxtpx:hr>183</gpxtpx:hr>
          </gpxtpx:TrackPointExtension>
        </extensions>
      </trkpt>
      <trkpt lat="32.061946544129995" lon="118.59727996534107">
        <ele>36.1</ele>
        <time>2026-09-24T13:07:50Z</time>
        <extensions>
          <gpxtpx:TrackPointExtension>
            <gpxtpx:hr>183</gpxtpx:hr>
          </gpxtpx:TrackPointExtension>
        </extensions>
      </trkpt>
      <trkpt lat="32.061916535066274" lon="118.59729196630218">
        <ele>36.1</ele>
        <time>2026-09-24T13:07:51Z</time>
        <extensions>
          <gpxtpx:TrackPointExtension>
            <gpxtpx:hr>183</gpxtpx:hr>
          </gpxtpx:TrackPointExtension>
        </extensions>
      </trkpt>
      <trkpt lat="32.06188952665787" lon="118.59730396698563">
        <ele>35.7</ele>
        <time>2026-09-24T13:07:52Z</time>
        <extensions>
          <gpxtpx:TrackPointExtension>
            <gpxtpx:hr>181</gpxtpx:hr>
          </gpxtpx:TrackPointExtension>
        </extensions>
      </trkpt>
      <trkpt lat="32.061864518479084" lon="118.59731696733482">
        <ele>35.7</ele>
        <time>2026-09-24T13:07:53Z</time>
        <extensions>
          <gpxtpx:TrackPointExtension>
            <gpxtpx:hr>181</gpxtpx:hr>
          </gpxtpx:TrackPointExtension>
        </extensions>
      </trkpt>
      <trkpt lat="32.061835508792974" lon="118.59733296759329">
        <ele>35.7</ele>
        <time>2026-09-24T13:07:54Z</time>
        <extensions>
          <gpxtpx:TrackPointExtension>
            <gpxtpx:hr>181</gpxtpx:hr>
          </gpxtpx:TrackPointExtension>
        </extensions>
      </trkpt>
      <trkpt lat="32.06180649909566" lon="118.59734896783861">
        <ele>35.7</ele>
        <time>2026-09-24T13:07:55Z</time>
        <extensions>
          <gpxtpx:TrackPointExtension>
            <gpxtpx:hr>181</gpxtpx:hr>
          </gpxtpx:TrackPointExtension>
        </extensions>
      </trkpt>
      <trkpt lat="32.061777489387126" lon="118.59736496807079">
        <ele>35.7</ele>
        <time>2026-09-24T13:07:56Z</time>
        <extensions>
          <gpxtpx:TrackPointExtension>
            <gpxtpx:hr>181</gpxtpx:hr>
          </gpxtpx:TrackPointExtension>
        </extensions>
      </trkpt>
      <trkpt lat="32.0617484794594" lon="118.5973819681398">
        <ele>35.3</ele>
        <time>2026-09-24T13:07:57Z</time>
        <extensions>
          <gpxtpx:TrackPointExtension>
            <gpxtpx:hr>178</gpxtpx:hr>
          </gpxtpx:TrackPointExtension>
        </extensions>
      </trkpt>
      <trkpt lat="32.06172447103958" lon="118.5973969680453">
        <ele>35.3</ele>
        <time>2026-09-24T13:07:58Z</time>
        <extensions>
          <gpxtpx:TrackPointExtension>
            <gpxtpx:hr>178</gpxtpx:hr>
          </gpxtpx:TrackPointExtension>
        </extensions>
      </trkpt>
      <trkpt lat="32.061699460923315" lon="118.59741896696693">
        <ele>35.3</ele>
        <time>2026-09-24T13:07:59Z</time>
        <extensions>
          <gpxtpx:TrackPointExtension>
            <gpxtpx:hr>178</gpxtpx:hr>
          </gpxtpx:TrackPointExtension>
        </extensions>
      </trkpt>
      <trkpt lat="32.0616744505756" lon="118.59744196571062">
        <ele>35.3</ele>
        <time>2026-09-24T13:08:00Z</time>
        <extensions>
          <gpxtpx:TrackPointExtension>
            <gpxtpx:hr>178</gpxtpx:hr>
          </gpxtpx:TrackPointExtension>
        </extensions>
      </trkpt>
      <trkpt lat="32.061649440205045" lon="118.59746496442716">
        <ele>35.3</ele>
        <time>2026-09-24T13:08:01Z</time>
        <extensions>
          <gpxtpx:TrackPointExtension>
            <gpxtpx:hr>178</gpxtpx:hr>
          </gpxtpx:TrackPointExtension>
        </extensions>
      </trkpt>
      <trkpt lat="32.06162543003232" lon="118.59748796302647">
        <ele>35.2</ele>
        <time>2026-09-24T13:08:02Z</time>
        <extensions>
          <gpxtpx:TrackPointExtension>
            <gpxtpx:hr>180</gpxtpx:hr>
          </gpxtpx:TrackPointExtension>
        </extensions>
      </trkpt>
      <trkpt lat="32.0616004198296" lon="118.59750996184539">
        <ele>35.2</ele>
        <time>2026-09-24T13:08:03Z</time>
        <extensions>
          <gpxtpx:TrackPointExtension>
            <gpxtpx:hr>180</gpxtpx:hr>
          </gpxtpx:TrackPointExtension>
        </extensions>
      </trkpt>
      <trkpt lat="32.061575409605986" lon="118.59753196063947">
        <ele>35.2</ele>
        <time>2026-09-24T13:08:04Z</time>
        <extensions>
          <gpxtpx:TrackPointExtension>
            <gpxtpx:hr>180</gpxtpx:hr>
          </gpxtpx:TrackPointExtension>
        </extensions>
      </trkpt>
      <trkpt lat="32.061549399356124" lon="118.59755295965768">
        <ele>35.2</ele>
        <time>2026-09-24T13:08:05Z</time>
        <extensions>
          <gpxtpx:TrackPointExtension>
            <gpxtpx:hr>180</gpxtpx:hr>
          </gpxtpx:TrackPointExtension>
        </extensions>
      </trkpt>
      <trkpt lat="32.06152238865026" lon="118.59757495858342">
        <ele>35.2</ele>
        <time>2026-09-24T13:08:06Z</time>
        <extensions>
          <gpxtpx:TrackPointExtension>
            <gpxtpx:hr>180</gpxtpx:hr>
          </gpxtpx:TrackPointExtension>
        </extensions>
      </trkpt>
      <trkpt lat="32.06149937967472" lon="118.59759295776793">
        <ele>35.1</ele>
        <time>2026-09-24T13:08:07Z</time>
        <extensions>
          <gpxtpx:TrackPointExtension>
            <gpxtpx:hr>180</gpxtpx:hr>
          </gpxtpx:TrackPointExtension>
        </extensions>
      </trkpt>
      <trkpt lat="32.06147437024375" lon="118.59761095711599">
        <ele>35.1</ele>
        <time>2026-09-24T13:08:08Z</time>
        <extensions>
          <gpxtpx:TrackPointExtension>
            <gpxtpx:hr>180</gpxtpx:hr>
          </gpxtpx:TrackPointExtension>
        </extensions>
      </trkpt>
      <trkpt lat="32.06144936079873" lon="118.59762895644745">
        <ele>35.1</ele>
        <time>2026-09-24T13:08:09Z</time>
        <extensions>
          <gpxtpx:TrackPointExtension>
            <gpxtpx:hr>180</gpxtpx:hr>
          </gpxtpx:TrackPointExtension>
        </extensions>
      </trkpt>
      <trkpt lat="32.06142435133968" lon="118.5976469557623">
        <ele>35.1</ele>
        <time>2026-09-24T13:08:10Z</time>
        <extensions>
          <gpxtpx:TrackPointExtension>
            <gpxtpx:hr>180</gpxtpx:hr>
          </gpxtpx:TrackPointExtension>
        </extensions>
      </trkpt>
      <trkpt lat="32.061394340762945" lon="118.59766495551098">
        <ele>35.1</ele>
        <time>2026-09-24T13:08:11Z</time>
        <extensions>
          <gpxtpx:TrackPointExtension>
            <gpxtpx:hr>180</gpxtpx:hr>
          </gpxtpx:TrackPointExtension>
        </extensions>
      </trkpt>
      <trkpt lat="32.06136633105523" lon="118.59768095539374">
        <ele>35.4</ele>
        <time>2026-09-24T13:08:12Z</time>
        <extensions>
          <gpxtpx:TrackPointExtension>
            <gpxtpx:hr>177</gpxtpx:hr>
          </gpxtpx:TrackPointExtension>
        </extensions>
      </trkpt>
      <trkpt lat="32.06133832155779" lon="118.59769595542959">
        <ele>35.4</ele>
        <time>2026-09-24T13:08:13Z</time>
        <extensions>
          <gpxtpx:TrackPointExtension>
            <gpxtpx:hr>177</gpxtpx:hr>
          </gpxtpx:TrackPointExtension>
        </extensions>
      </trkpt>
      <trkpt lat="32.06131031205051" lon="118.59771095545389">
        <ele>35.4</ele>
        <time>2026-09-24T13:08:14Z</time>
        <extensions>
          <gpxtpx:TrackPointExtension>
            <gpxtpx:hr>177</gpxtpx:hr>
          </gpxtpx:TrackPointExtension>
        </extensions>
      </trkpt>
      <trkpt lat="32.061281302312615" lon="118.59772595555675">
        <ele>35.4</ele>
        <time>2026-09-24T13:08:15Z</time>
        <extensions>
          <gpxtpx:TrackPointExtension>
            <gpxtpx:hr>177</gpxtpx:hr>
          </gpxtpx:TrackPointExtension>
        </extensions>
      </trkpt>
      <trkpt lat="32.061252292564845" lon="118.59774095564809">
        <ele>35.4</ele>
        <time>2026-09-24T13:08:16Z</time>
        <extensions>
          <gpxtpx:TrackPointExtension>
            <gpxtpx:hr>177</gpxtpx:hr>
          </gpxtpx:TrackPointExtension>
        </extensions>
      </trkpt>
      <trkpt lat="32.06122328258321" lon="118.59775695555867">
        <ele>35.6</ele>
        <time>2026-09-24T13:08:17Z</time>
        <extensions>
          <gpxtpx:TrackPointExtension>
            <gpxtpx:hr>177</gpxtpx:hr>
          </gpxtpx:TrackPointExtension>
        </extensions>
      </trkpt>
      <trkpt lat="32.061193272594295" lon="118.59777195571628">
        <ele>35.6</ele>
        <time>2026-09-24T13:08:18Z</time>
        <extensions>
          <gpxtpx:TrackPointExtension>
            <gpxtpx:hr>177</gpxtpx:hr>
          </gpxtpx:TrackPointExtension>
        </extensions>
      </trkpt>
      <trkpt lat="32.06116326327128" lon="118.59778395637457">
        <ele>35.6</ele>
        <time>2026-09-24T13:08:19Z</time>
        <extensions>
          <gpxtpx:TrackPointExtension>
            <gpxtpx:hr>177</gpxtpx:hr>
          </gpxtpx:TrackPointExtension>
        </extensions>
      </trkpt>
      <trkpt lat="32.06113225417237" lon="118.59779395745804">
        <ele>35.6</ele>
        <time>2026-09-24T13:08:20Z</time>
        <extensions>
          <gpxtpx:TrackPointExtension>
            <gpxtpx:hr>177</gpxtpx:hr>
          </gpxtpx:TrackPointExtension>
        </extensions>
      </trkpt>
      <trkpt lat="32.06110224574173" lon="118.59780195878955">
        <ele>35.6</ele>
        <time>2026-09-24T13:08:21Z</time>
        <extensions>
          <gpxtpx:TrackPointExtension>
            <gpxtpx:hr>177</gpxtpx:hr>
          </gpxtpx:TrackPointExtension>
        </extensions>
      </trkpt>
      <trkpt lat="32.0610712375398" lon="118.59780796055176">
        <ele>35.8</ele>
        <time>2026-09-24T13:08:22Z</time>
        <extensions>
          <gpxtpx:TrackPointExtension>
            <gpxtpx:hr>177</gpxtpx:hr>
          </gpxtpx:TrackPointExtension>
        </extensions>
      </trkpt>
      <trkpt lat="32.06104423067224" lon="118.59781196229608">
        <ele>35.8</ele>
        <time>2026-09-24T13:08:23Z</time>
        <extensions>
          <gpxtpx:TrackPointExtension>
            <gpxtpx:hr>177</gpxtpx:hr>
          </gpxtpx:TrackPointExtension>
        </extensions>
      </trkpt>
      <trkpt lat="32.06101822402463" lon="118.59781596394947">
        <ele>35.8</ele>
        <time>2026-09-24T13:08:24Z</time>
        <extensions>
          <gpxtpx:TrackPointExtension>
            <gpxtpx:hr>177</gpxtpx:hr>
          </gpxtpx:TrackPointExtension>
        </extensions>
      </trkpt>
      <trkpt lat="32.06098821671945" lon="118.5978189661349">
        <ele>35.8</ele>
        <time>2026-09-24T13:08:25Z</time>
        <extensions>
          <gpxtpx:TrackPointExtension>
            <gpxtpx:hr>177</gpxtpx:hr>
          </gpxtpx:TrackPointExtension>
        </extensions>
      </trkpt>
      <trkpt lat="32.060959209861295" lon="118.59782096840232">
        <ele>35.8</ele>
        <time>2026-09-24T13:08:26Z</time>
        <extensions>
          <gpxtpx:TrackPointExtension>
            <gpxtpx:hr>177</gpxtpx:hr>
          </gpxtpx:TrackPointExtension>
        </extensions>
      </trkpt>
      <trkpt lat="32.06092920278186" lon="118.59782297075965">
        <ele>35.6</ele>
        <time>2026-09-24T13:08:27Z</time>
        <extensions>
          <gpxtpx:TrackPointExtension>
            <gpxtpx:hr>175</gpxtpx:hr>
          </gpxtpx:TrackPointExtension>
        </extensions>
      </trkpt>
      <trkpt lat="32.06089819570803" lon="118.59782397337958">
        <ele>35.6</ele>
        <time>2026-09-24T13:08:28Z</time>
        <extensions>
          <gpxtpx:TrackPointExtension>
            <gpxtpx:hr>175</gpxtpx:hr>
          </gpxtpx:TrackPointExtension>
        </extensions>
      </trkpt>
      <trkpt lat="32.06086918884868" lon="118.59782597564649">
        <ele>35.6</ele>
        <time>2026-09-24T13:08:29Z</time>
        <extensions>
          <gpxtpx:TrackPointExtension>
            <gpxtpx:hr>175</gpxtpx:hr>
          </gpxtpx:TrackPointExtension>
        </extensions>
      </trkpt>
      <trkpt lat="32.06083618042394" lon="118.59783097775457">
        <ele>35.6</ele>
        <time>2026-09-24T13:08:30Z</time>
        <extensions>
          <gpxtpx:TrackPointExtension>
            <gpxtpx:hr>175</gpxtpx:hr>
          </gpxtpx:TrackPointExtension>
        </extensions>
      </trkpt>
      <trkpt lat="32.06080717288142" lon="118.59783597950103">
        <ele>35.6</ele>
        <time>2026-09-24T13:08:31Z</time>
        <extensions>
          <gpxtpx:TrackPointExtension>
            <gpxtpx:hr>175</gpxtpx:hr>
          </gpxtpx:TrackPointExtension>
        </extensions>
      </trkpt>
      <trkpt lat="32.060777164661346" lon="118.59784298098903">
        <ele>35.3</ele>
        <time>2026-09-24T13:08:32Z</time>
        <extensions>
          <gpxtpx:TrackPointExtension>
            <gpxtpx:hr>175</gpxtpx:hr>
          </gpxtpx:TrackPointExtension>
        </extensions>
      </trkpt>
      <trkpt lat="32.06074615598996" lon="118.59785098239054">
        <ele>35.3</ele>
        <time>2026-09-24T13:08:33Z</time>
        <extensions>
          <gpxtpx:TrackPointExtension>
            <gpxtpx:hr>175</gpxtpx:hr>
          </gpxtpx:TrackPointExtension>
        </extensions>
      </trkpt>
      <trkpt lat="32.06071814774992" lon="118.597859983344">
        <ele>35.3</ele>
        <time>2026-09-24T13:08:34Z</time>
        <extensions>
          <gpxtpx:TrackPointExtension>
            <gpxtpx:hr>175</gpxtpx:hr>
          </gpxtpx:TrackPointExtension>
        </extensions>
      </trkpt>
      <trkpt lat="32.06068613793578" lon="118.59787198412837">
        <ele>35.3</ele>
        <time>2026-09-24T13:08:35Z</time>
        <extensions>
          <gpxtpx:TrackPointExtension>
            <gpxtpx:hr>175</gpxtpx:hr>
          </gpxtpx:TrackPointExtension>
        </extensions>
      </trkpt>
      <trkpt lat="32.060656128327615" lon="118.59788498454941">
        <ele>35.3</ele>
        <time>2026-09-24T13:08:36Z</time>
        <extensions>
          <gpxtpx:TrackPointExtension>
            <gpxtpx:hr>175</gpxtpx:hr>
          </gpxtpx:TrackPointExtension>
        </extensions>
      </trkpt>
      <trkpt lat="32.0606301198258" lon="118.59789698477793">
        <ele>34.7</ele>
        <time>2026-09-24T13:08:37Z</time>
        <extensions>
          <gpxtpx:TrackPointExtension>
            <gpxtpx:hr>176</gpxtpx:hr>
          </gpxtpx:TrackPointExtension>
        </extensions>
      </trkpt>
      <trkpt lat="32.06060411062587" lon="118.5979119844677">
        <ele>34.7</ele>
        <time>2026-09-24T13:08:38Z</time>
        <extensions>
          <gpxtpx:TrackPointExtension>
            <gpxtpx:hr>176</gpxtpx:hr>
          </gpxtpx:TrackPointExtension>
        </extensions>
      </trkpt>
      <trkpt lat="32.060575100059125" lon="118.59792998388201">
        <ele>34.7</ele>
        <time>2026-09-24T13:08:39Z</time>
        <extensions>
          <gpxtpx:TrackPointExtension>
            <gpxtpx:hr>176</gpxtpx:hr>
          </gpxtpx:TrackPointExtension>
        </extensions>
      </trkpt>
      <trkpt lat="32.06054408857188" lon="118.59794998310171">
        <ele>34.7</ele>
        <time>2026-09-24T13:08:40Z</time>
        <extensions>
          <gpxtpx:TrackPointExtension>
            <gpxtpx:hr>176</gpxtpx:hr>
          </gpxtpx:TrackPointExtension>
        </extensions>
      </trkpt>
      <trkpt lat="32.06051507774236" lon="118.59796898230094">
        <ele>34.7</ele>
        <time>2026-09-24T13:08:41Z</time>
        <extensions>
          <gpxtpx:TrackPointExtension>
            <gpxtpx:hr>176</gpxtpx:hr>
          </gpxtpx:TrackPointExtension>
        </extensions>
      </trkpt>
      <trkpt lat="32.06048606713107" lon="118.59798698166279">
        <ele>34.2</ele>
        <time>2026-09-24T13:08:42Z</time>
        <extensions>
          <gpxtpx:TrackPointExtension>
            <gpxtpx:hr>176</gpxtpx:hr>
          </gpxtpx:TrackPointExtension>
        </extensions>
      </trkpt>
      <trkpt lat="32.060458057195895" lon="118.5980029812818">
        <ele>34.2</ele>
        <time>2026-09-24T13:08:43Z</time>
        <extensions>
          <gpxtpx:TrackPointExtension>
            <gpxtpx:hr>176</gpxtpx:hr>
          </gpxtpx:TrackPointExtension>
        </extensions>
      </trkpt>
      <trkpt lat="32.06043004748478" lon="118.59801798107037">
        <ele>34.2</ele>
        <time>2026-09-24T13:08:44Z</time>
        <extensions>
          <gpxtpx:TrackPointExtension>
            <gpxtpx:hr>176</gpxtpx:hr>
          </gpxtpx:TrackPointExtension>
        </extensions>
      </trkpt>
      <trkpt lat="32.06040303751311" lon="118.59803498039047">
        <ele>34.2</ele>
        <time>2026-09-24T13:08:45Z</time>
        <extensions>
          <gpxtpx:TrackPointExtension>
            <gpxtpx:hr>176</gpxtpx:hr>
          </gpxtpx:TrackPointExtension>
        </extensions>
      </trkpt>
      <trkpt lat="32.06037602729224" lon="118.59805297951141">
        <ele>34.2</ele>
        <time>2026-09-24T13:08:46Z</time>
        <extensions>
          <gpxtpx:TrackPointExtension>
            <gpxtpx:hr>176</gpxtpx:hr>
          </gpxtpx:TrackPointExtension>
        </extensions>
      </trkpt>
      <trkpt lat="32.06034901681987" lon="118.5980719784304">
        <ele>33.9</ele>
        <time>2026-09-24T13:08:47Z</time>
        <extensions>
          <gpxtpx:TrackPointExtension>
            <gpxtpx:hr>176</gpxtpx:hr>
          </gpxtpx:TrackPointExtension>
        </extensions>
      </trkpt>
      <trkpt lat="32.06032300631461" lon="118.59809197705447">
        <ele>33.9</ele>
        <time>2026-09-24T13:08:48Z</time>
        <extensions>
          <gpxtpx:TrackPointExtension>
            <gpxtpx:hr>176</gpxtpx:hr>
          </gpxtpx:TrackPointExtension>
        </extensions>
      </trkpt>
      <trkpt lat="32.0602969957921" lon="118.59811197565809">
        <ele>33.9</ele>
        <time>2026-09-24T13:08:49Z</time>
        <extensions>
          <gpxtpx:TrackPointExtension>
            <gpxtpx:hr>176</gpxtpx:hr>
          </gpxtpx:TrackPointExtension>
        </extensions>
      </trkpt>
      <trkpt lat="32.060272986174446" lon="118.59812997443792">
        <ele>33.9</ele>
        <time>2026-09-24T13:08:50Z</time>
      </trkpt>
      <trkpt lat="32.06026298204282" lon="118.59813797383026">
        <ele>33.9</ele>
        <time>2026-09-24T13:08:51Z</time>
      </trkpt>
    </trkseg>
  </trk>
</gpx>