<?xml version="1.0" encoding="UTF-8"?>
<gpx xmlns="http://www.topografix.com/GPX/1/1" xmlns:gpxtpx="http://www.garmin.com/xmlschemas/TrackPointExtension/v1" xmlns:xsi="http://www.w3.org/2001/XMLSchema-instance" xsi:schemaLocation="http://www.topografix.com/GPX/1/1 http://www.topografix.com/GPX/1/1/gpx.xsd" version="1.1" creator="gpx.py -- https://github.com/tkrajina/gpxpy">
  <trk>
    <name>gpx from keep</name>
    <type>Run</type>
    <trkseg>
      <trkpt lat="32.06807936320248" lon="118.59202745838112">
        <ele>40.9</ele>
        <time>2026-08-21T23:26:29Z</time>
        <extensions>
          <gpxtpx:TrackPointExtension>
            <gpxtpx:hr>131</gpxtpx:hr>
          </gpxtpx:TrackPointExtension>
        </extensions>
      </trkpt>
      <trkpt lat="32.068048357074304" lon="118.59205446463068">
        <ele>40.9</ele>
        <time>2026-08-21T23:26:30Z</time>
        <extensions>
          <gpxtpx:TrackPointExtension>
            <gpxtpx:hr>131</gpxtpx:hr>
          </gpxtpx:TrackPointExtension>
        </extensions>
      </trkpt>
      <trkpt lat="32.068023352315095" lon="118.59208547080426">
        <ele>40.9</ele>
        <time>2026-08-21T23:26:31Z</time>
        <extensions>
          <gpxtpx:TrackPointExtension>
            <gpxtpx:hr>131</gpxtpx:hr>
          </gpxtpx:TrackPointExtension>
        </extensions>
      </trkpt>
      <trkpt lat="32.06800234869549" lon="118.59213147842138">
        <ele>40.9</ele>
        <time>2026-08-21T23:26:32Z</time>
        <extensions>
          <gpxtpx:TrackPointExtension>
            <gpxtpx:hr>131</gpxtpx:hr>
          </gpxtpx:TrackPointExtension>
        </extensions>
      </trkpt>
      <trkpt lat="32.067979345035475" lon="118.59220548946945">
        <ele>40.9</ele>
        <time>2026-08-21T23:26:33Z</time>
        <extensions>
          <gpxtpx:TrackPointExtension>
            <gpxtpx:hr>131</gpxtpx:hr>
          </gpxtpx:TrackPointExtension>
        </extensions>
      </trkpt>
      <trkpt lat="32.067957341434195" lon="118.59228550083061">
        <ele>40.8</ele>
        <time>2026-08-21T23:26:34Z</time>
        <extensions>
          <gpxtpx:TrackPointExtension>
            <gpxtpx:hr>137</gpxtpx:hr>
          </gpxtpx:TrackPointExtension>
        </extensions>
      </trkpt>
      <trkpt lat="32.06793833796917" lon="118.59234250901937">
        <ele>40.8</ele>
        <time>2026-08-21T23:26:35Z</time>
        <extensions>
          <gpxtpx:TrackPointExtension>
            <gpxtpx:hr>137</gpxtpx:hr>
          </gpxtpx:TrackPointExtension>
        </extensions>
      </trkpt>
      <trkpt lat="32.06791933410013" lon="118.59237051385023">
        <ele>40.8</ele>
        <time>2026-08-21T23:26:36Z</time>
        <extensions>
          <gpxtpx:TrackPointExtension>
            <gpxtpx:hr>137</gpxtpx:hr>
          </gpxtpx:TrackPointExtension>
        </extensions>
      </trkpt>
      <trkpt lat="32.0679013302842" lon="118.59238351690608">
        <ele>40.8</ele>
        <time>2026-08-21T23:26:37Z</time>
        <extensions>
          <gpxtpx:TrackPointExtension>
            <gpxtpx:hr>137</gpxtpx:hr>
          </gpxtpx:TrackPointExtension>
        </extensions>
      </trkpt>
      <trkpt lat="32.067880325812936" lon="118.59239752033261">
        <ele>40.8</ele>
        <time>2026-08-21T23:26:38Z</time>
        <extensions>
          <gpxtpx:TrackPointExtension>
            <gpxtpx:hr>137</gpxtpx:hr>
          </gpxtpx:TrackPointExtension>
        </extensions>
      </trkpt>
      <trkpt lat="32.06785432031524" lon="118.59242152528162">
        <ele>40.7</ele>
        <time>2026-08-21T23:26:39Z</time>
        <extensions>
          <gpxtpx:TrackPointExtension>
            <gpxtpx:hr>138</gpxtpx:hr>
          </gpxtpx:TrackPointExtension>
        </extensions>
      </trkpt>
      <trkpt lat="32.067830315242176" lon="118.59244753023343">
        <ele>40.7</ele>
        <time>2026-08-21T23:26:40Z</time>
        <extensions>
          <gpxtpx:TrackPointExtension>
            <gpxtpx:hr>138</gpxtpx:hr>
          </gpxtpx:TrackPointExtension>
        </extensions>
      </trkpt>
      <trkpt lat="32.06780831055598" lon="118.5924695345481">
        <ele>40.7</ele>
        <time>2026-08-21T23:26:41Z</time>
        <extensions>
          <gpxtpx:TrackPointExtension>
            <gpxtpx:hr>138</gpxtpx:hr>
          </gpxtpx:TrackPointExtension>
        </extensions>
      </trkpt>
      <trkpt lat="32.06778530560742" lon="118.59248653840531">
        <ele>40.7</ele>
        <time>2026-08-21T23:26:42Z</time>
        <extensions>
          <gpxtpx:TrackPointExtension>
            <gpxtpx:hr>138</gpxtpx:hr>
          </gpxtpx:TrackPointExtension>
        </extensions>
      </trkpt>
      <trkpt lat="32.06775729953249" lon="118.59249854217889">
        <ele>40.7</ele>
        <time>2026-08-21T23:26:43Z</time>
        <extensions>
          <gpxtpx:TrackPointExtension>
            <gpxtpx:hr>138</gpxtpx:hr>
          </gpxtpx:TrackPointExtension>
        </extensions>
      </trkpt>
      <trkpt lat="32.06772929341781" lon="118.5925015450132">
        <ele>40.6</ele>
        <time>2026-08-21T23:26:44Z</time>
        <extensions>
          <gpxtpx:TrackPointExtension>
            <gpxtpx:hr>139</gpxtpx:hr>
          </gpxtpx:TrackPointExtension>
        </extensions>
      </trkpt>
      <trkpt lat="32.06770028705227" lon="118.59249654710666">
        <ele>40.6</ele>
        <time>2026-08-21T23:26:45Z</time>
        <extensions>
          <gpxtpx:TrackPointExtension>
            <gpxtpx:hr>139</gpxtpx:hr>
          </gpxtpx:TrackPointExtension>
        </extensions>
      </trkpt>
      <trkpt lat="32.06767328110086" lon="118.59248654849654">
        <ele>40.6</ele>
        <time>2026-08-21T23:26:46Z</time>
        <extensions>
          <gpxtpx:TrackPointExtension>
            <gpxtpx:hr>139</gpxtpx:hr>
          </gpxtpx:TrackPointExtension>
        </extensions>
      </trkpt>
      <trkpt lat="32.06764727534851" lon="118.59247354947557">
        <ele>40.6</ele>
        <time>2026-08-21T23:26:47Z</time>
        <extensions>
          <gpxtpx:TrackPointExtension>
            <gpxtpx:hr>139</gpxtpx:hr>
          </gpxtpx:TrackPointExtension>
        </extensions>
      </trkpt>
      <trkpt lat="32.06762226980167" lon="118.59245955024969">
        <ele>40.6</ele>
        <time>2026-08-21T23:26:48Z</time>
        <extensions>
          <gpxtpx:TrackPointExtension>
            <gpxtpx:hr>139</gpxtpx:hr>
          </gpxtpx:TrackPointExtension>
        </extensions>
      </trkpt>
      <trkpt lat="32.0675962640208" lon="118.59244455099683">
        <ele>40.5</ele>
        <time>2026-08-21T23:26:49Z</time>
        <extensions>
          <gpxtpx:TrackPointExtension>
            <gpxtpx:hr>141</gpxtpx:hr>
          </gpxtpx:TrackPointExtension>
        </extensions>
      </trkpt>
      <trkpt lat="32.06757025822983" lon="118.59242955173215">
        <ele>40.5</ele>
        <time>2026-08-21T23:26:50Z</time>
        <extensions>
          <gpxtpx:TrackPointExtension>
            <gpxtpx:hr>141</gpxtpx:hr>
          </gpxtpx:TrackPointExtension>
        </extensions>
      </trkpt>
      <trkpt lat="32.067546252881804" lon="118.59241655249197">
        <ele>40.5</ele>
        <time>2026-08-21T23:26:51Z</time>
        <extensions>
          <gpxtpx:TrackPointExtension>
            <gpxtpx:hr>141</gpxtpx:hr>
          </gpxtpx:TrackPointExtension>
        </extensions>
      </trkpt>
      <trkpt lat="32.06751724642359" lon="118.59240255358446">
        <ele>40.5</ele>
        <time>2026-08-21T23:26:52Z</time>
        <extensions>
          <gpxtpx:TrackPointExtension>
            <gpxtpx:hr>141</gpxtpx:hr>
          </gpxtpx:TrackPointExtension>
        </extensions>
      </trkpt>
      <trkpt lat="32.06749024041187" lon="118.59239055470574">
        <ele>40.5</ele>
        <time>2026-08-21T23:26:53Z</time>
        <extensions>
          <gpxtpx:TrackPointExtension>
            <gpxtpx:hr>141</gpxtpx:hr>
          </gpxtpx:TrackPointExtension>
        </extensions>
      </trkpt>
      <trkpt lat="32.067466235059534" lon="118.59237955565933">
        <ele>40.4</ele>
        <time>2026-08-21T23:26:54Z</time>
        <extensions>
          <gpxtpx:TrackPointExtension>
            <gpxtpx:hr>142</gpxtpx:hr>
          </gpxtpx:TrackPointExtension>
        </extensions>
      </trkpt>
      <trkpt lat="32.067436228368756" lon="118.59236655692553">
        <ele>40.4</ele>
        <time>2026-08-21T23:26:55Z</time>
        <extensions>
          <gpxtpx:TrackPointExtension>
            <gpxtpx:hr>142</gpxtpx:hr>
          </gpxtpx:TrackPointExtension>
        </extensions>
      </trkpt>
      <trkpt lat="32.067409222337346" lon="118.59235455802406">
        <ele>40.4</ele>
        <time>2026-08-21T23:26:56Z</time>
        <extensions>
          <gpxtpx:TrackPointExtension>
            <gpxtpx:hr>142</gpxtpx:hr>
          </gpxtpx:TrackPointExtension>
        </extensions>
      </trkpt>
      <trkpt lat="32.06738521696699" lon="118.5923435589568">
        <ele>40.4</ele>
        <time>2026-08-21T23:26:57Z</time>
        <extensions>
          <gpxtpx:TrackPointExtension>
            <gpxtpx:hr>142</gpxtpx:hr>
          </gpxtpx:TrackPointExtension>
        </extensions>
      </trkpt>
      <trkpt lat="32.06735921115328" lon="118.59233256006335">
        <ele>40.4</ele>
        <time>2026-08-21T23:26:58Z</time>
        <extensions>
          <gpxtpx:TrackPointExtension>
            <gpxtpx:hr>142</gpxtpx:hr>
          </gpxtpx:TrackPointExtension>
        </extensions>
      </trkpt>
      <trkpt lat="32.0673322051151" lon="118.59232156125364">
        <ele>40.4</ele>
        <time>2026-08-21T23:26:59Z</time>
        <extensions>
          <gpxtpx:TrackPointExtension>
            <gpxtpx:hr>144</gpxtpx:hr>
          </gpxtpx:TrackPointExtension>
        </extensions>
      </trkpt>
      <trkpt lat="32.06730519907137" lon="118.59231056243756">
        <ele>40.4</ele>
        <time>2026-08-21T23:27:00Z</time>
        <extensions>
          <gpxtpx:TrackPointExtension>
            <gpxtpx:hr>144</gpxtpx:hr>
          </gpxtpx:TrackPointExtension>
        </extensions>
      </trkpt>
      <trkpt lat="32.067277192841225" lon="118.59230256404814">
        <ele>40.4</ele>
        <time>2026-08-21T23:27:01Z</time>
        <extensions>
          <gpxtpx:TrackPointExtension>
            <gpxtpx:hr>144</gpxtpx:hr>
          </gpxtpx:TrackPointExtension>
        </extensions>
      </trkpt>
      <trkpt lat="32.06725018686573" lon="118.59229756590898">
        <ele>40.4</ele>
        <time>2026-08-21T23:27:02Z</time>
        <extensions>
          <gpxtpx:TrackPointExtension>
            <gpxtpx:hr>144</gpxtpx:hr>
          </gpxtpx:TrackPointExtension>
        </extensions>
      </trkpt>
      <trkpt lat="32.06722518139163" lon="118.59229756816144">
        <ele>40.4</ele>
        <time>2026-08-21T23:27:03Z</time>
        <extensions>
          <gpxtpx:TrackPointExtension>
            <gpxtpx:hr>144</gpxtpx:hr>
          </gpxtpx:TrackPointExtension>
        </extensions>
      </trkpt>
      <trkpt lat="32.06719717529876" lon="118.59230057102745">
        <ele>40.4</ele>
        <time>2026-08-21T23:27:04Z</time>
        <extensions>
          <gpxtpx:TrackPointExtension>
            <gpxtpx:hr>145</gpxtpx:hr>
          </gpxtpx:TrackPointExtension>
        </extensions>
      </trkpt>
      <trkpt lat="32.067169169230326" lon="118.59230557412126">
        <ele>40.4</ele>
        <time>2026-08-21T23:27:05Z</time>
        <extensions>
          <gpxtpx:TrackPointExtension>
            <gpxtpx:hr>145</gpxtpx:hr>
          </gpxtpx:TrackPointExtension>
        </extensions>
      </trkpt>
      <trkpt lat="32.06714516407317" lon="118.59231357719453">
        <ele>40.4</ele>
        <time>2026-08-21T23:27:06Z</time>
        <extensions>
          <gpxtpx:TrackPointExtension>
            <gpxtpx:hr>145</gpxtpx:hr>
          </gpxtpx:TrackPointExtension>
        </extensions>
      </trkpt>
      <trkpt lat="32.067117158083825" lon="118.59232558107735">
        <ele>40.4</ele>
        <time>2026-08-21T23:27:07Z</time>
        <extensions>
          <gpxtpx:TrackPointExtension>
            <gpxtpx:hr>145</gpxtpx:hr>
          </gpxtpx:TrackPointExtension>
        </extensions>
      </trkpt>
      <trkpt lat="32.067092152756004" lon="118.59233858479463">
        <ele>40.4</ele>
        <time>2026-08-21T23:27:08Z</time>
        <extensions>
          <gpxtpx:TrackPointExtension>
            <gpxtpx:hr>145</gpxtpx:hr>
          </gpxtpx:TrackPointExtension>
        </extensions>
      </trkpt>
      <trkpt lat="32.06706914787946" lon="118.59235358854605">
        <ele>40.3</ele>
        <time>2026-08-21T23:27:09Z</time>
        <extensions>
          <gpxtpx:TrackPointExtension>
            <gpxtpx:hr>145</gpxtpx:hr>
          </gpxtpx:TrackPointExtension>
        </extensions>
      </trkpt>
      <trkpt lat="32.06704414256451" lon="118.59236959257653">
        <ele>40.3</ele>
        <time>2026-08-21T23:27:10Z</time>
        <extensions>
          <gpxtpx:TrackPointExtension>
            <gpxtpx:hr>145</gpxtpx:hr>
          </gpxtpx:TrackPointExtension>
        </extensions>
      </trkpt>
      <trkpt lat="32.067019137220065" lon="118.5923835963737">
        <ele>40.3</ele>
        <time>2026-08-21T23:27:11Z</time>
        <extensions>
          <gpxtpx:TrackPointExtension>
            <gpxtpx:hr>145</gpxtpx:hr>
          </gpxtpx:TrackPointExtension>
        </extensions>
      </trkpt>
      <trkpt lat="32.06699213142873" lon="118.59239760034075">
        <ele>40.3</ele>
        <time>2026-08-21T23:27:12Z</time>
        <extensions>
          <gpxtpx:TrackPointExtension>
            <gpxtpx:hr>145</gpxtpx:hr>
          </gpxtpx:TrackPointExtension>
        </extensions>
      </trkpt>
      <trkpt lat="32.06696412539373" lon="118.59240960417046">
        <ele>40.3</ele>
        <time>2026-08-21T23:27:13Z</time>
        <extensions>
          <gpxtpx:TrackPointExtension>
            <gpxtpx:hr>145</gpxtpx:hr>
          </gpxtpx:TrackPointExtension>
        </extensions>
      </trkpt>
      <trkpt lat="32.06693611933728" lon="118.59241960777656">
        <ele>40.2</ele>
        <time>2026-08-21T23:27:14Z</time>
        <extensions>
          <gpxtpx:TrackPointExtension>
            <gpxtpx:hr>147</gpxtpx:hr>
          </gpxtpx:TrackPointExtension>
        </extensions>
      </trkpt>
      <trkpt lat="32.06691211411667" lon="118.59242461047862">
        <ele>40.2</ele>
        <time>2026-08-21T23:27:15Z</time>
        <extensions>
          <gpxtpx:TrackPointExtension>
            <gpxtpx:hr>147</gpxtpx:hr>
          </gpxtpx:TrackPointExtension>
        </extensions>
      </trkpt>
      <trkpt lat="32.06688110734708" lon="118.59242761359482">
        <ele>40.2</ele>
        <time>2026-08-21T23:27:16Z</time>
        <extensions>
          <gpxtpx:TrackPointExtension>
            <gpxtpx:hr>147</gpxtpx:hr>
          </gpxtpx:TrackPointExtension>
        </extensions>
      </trkpt>
      <trkpt lat="32.06685110077467" lon="118.59242761629774">
        <ele>40.2</ele>
        <time>2026-08-21T23:27:17Z</time>
        <extensions>
          <gpxtpx:TrackPointExtension>
            <gpxtpx:hr>147</gpxtpx:hr>
          </gpxtpx:TrackPointExtension>
        </extensions>
      </trkpt>
      <trkpt lat="32.06682109418037" lon="118.59242461867747">
        <ele>40.2</ele>
        <time>2026-08-21T23:27:18Z</time>
        <extensions>
          <gpxtpx:TrackPointExtension>
            <gpxtpx:hr>147</gpxtpx:hr>
          </gpxtpx:TrackPointExtension>
        </extensions>
      </trkpt>
      <trkpt lat="32.066790087343904" lon="118.59241862082267">
        <ele>40.0</ele>
        <time>2026-08-21T23:27:19Z</time>
        <extensions>
          <gpxtpx:TrackPointExtension>
            <gpxtpx:hr>148</gpxtpx:hr>
          </gpxtpx:TrackPointExtension>
        </extensions>
      </trkpt>
      <trkpt lat="32.06676008069314" lon="118.59240862244168">
        <ele>40.0</ele>
        <time>2026-08-21T23:27:20Z</time>
        <extensions>
          <gpxtpx:TrackPointExtension>
            <gpxtpx:hr>148</gpxtpx:hr>
          </gpxtpx:TrackPointExtension>
        </extensions>
      </trkpt>
      <trkpt lat="32.06673107424839" lon="118.59239762385612">
        <ele>40.0</ele>
        <time>2026-08-21T23:27:21Z</time>
        <extensions>
          <gpxtpx:TrackPointExtension>
            <gpxtpx:hr>148</gpxtpx:hr>
          </gpxtpx:TrackPointExtension>
        </extensions>
      </trkpt>
      <trkpt lat="32.06670206776196" lon="118.59238262482452">
        <ele>40.0</ele>
        <time>2026-08-21T23:27:22Z</time>
        <extensions>
          <gpxtpx:TrackPointExtension>
            <gpxtpx:hr>148</gpxtpx:hr>
          </gpxtpx:TrackPointExtension>
        </extensions>
      </trkpt>
      <trkpt lat="32.06667706215168" lon="118.59236862553149">
        <ele>40.0</ele>
        <time>2026-08-21T23:27:23Z</time>
        <extensions>
          <gpxtpx:TrackPointExtension>
            <gpxtpx:hr>148</gpxtpx:hr>
          </gpxtpx:TrackPointExtension>
        </extensions>
      </trkpt>
      <trkpt lat="32.066655057179666" lon="118.59235362584631">
        <ele>40.0</ele>
        <time>2026-08-21T23:27:24Z</time>
        <extensions>
          <gpxtpx:TrackPointExtension>
            <gpxtpx:hr>150</gpxtpx:hr>
          </gpxtpx:TrackPointExtension>
        </extensions>
      </trkpt>
      <trkpt lat="32.066630051517976" lon="118.5923366261948">
        <ele>40.0</ele>
        <time>2026-08-21T23:27:25Z</time>
        <extensions>
          <gpxtpx:TrackPointExtension>
            <gpxtpx:hr>150</gpxtpx:hr>
          </gpxtpx:TrackPointExtension>
        </extensions>
      </trkpt>
      <trkpt lat="32.06660604603868" lon="118.59231762621118">
        <ele>40.0</ele>
        <time>2026-08-21T23:27:26Z</time>
        <extensions>
          <gpxtpx:TrackPointExtension>
            <gpxtpx:hr>150</gpxtpx:hr>
          </gpxtpx:TrackPointExtension>
        </extensions>
      </trkpt>
      <trkpt lat="32.06658204047875" lon="118.59229362563566">
        <ele>40.0</ele>
        <time>2026-08-21T23:27:27Z</time>
        <extensions>
          <gpxtpx:TrackPointExtension>
            <gpxtpx:hr>150</gpxtpx:hr>
          </gpxtpx:TrackPointExtension>
        </extensions>
      </trkpt>
      <trkpt lat="32.06655903511249" lon="118.59226962493972">
        <ele>40.0</ele>
        <time>2026-08-21T23:27:28Z</time>
        <extensions>
          <gpxtpx:TrackPointExtension>
            <gpxtpx:hr>150</gpxtpx:hr>
          </gpxtpx:TrackPointExtension>
        </extensions>
      </trkpt>
      <trkpt lat="32.0665370299701" lon="118.5922476243577">
        <ele>40.1</ele>
        <time>2026-08-21T23:27:29Z</time>
        <extensions>
          <gpxtpx:TrackPointExtension>
            <gpxtpx:hr>150</gpxtpx:hr>
          </gpxtpx:TrackPointExtension>
        </extensions>
      </trkpt>
      <trkpt lat="32.06651502479024" lon="118.59222462363185">
        <ele>40.1</ele>
        <time>2026-08-21T23:27:30Z</time>
        <extensions>
          <gpxtpx:TrackPointExtension>
            <gpxtpx:hr>150</gpxtpx:hr>
          </gpxtpx:TrackPointExtension>
        </extensions>
      </trkpt>
      <trkpt lat="32.0664940198402" lon="118.59220362302706">
        <ele>40.1</ele>
        <time>2026-08-21T23:27:31Z</time>
        <extensions>
          <gpxtpx:TrackPointExtension>
            <gpxtpx:hr>150</gpxtpx:hr>
          </gpxtpx:TrackPointExtension>
        </extensions>
      </trkpt>
      <trkpt lat="32.06647201468715" lon="118.59218462273013">
        <ele>40.1</ele>
        <time>2026-08-21T23:27:32Z</time>
        <extensions>
          <gpxtpx:TrackPointExtension>
            <gpxtpx:hr>150</gpxtpx:hr>
          </gpxtpx:TrackPointExtension>
        </extensions>
      </trkpt>
      <trkpt lat="32.06645000951808" lon="118.59216562241417">
        <ele>40.1</ele>
        <time>2026-08-21T23:27:33Z</time>
        <extensions>
          <gpxtpx:TrackPointExtension>
            <gpxtpx:hr>150</gpxtpx:hr>
          </gpxtpx:TrackPointExtension>
        </extensions>
      </trkpt>
      <trkpt lat="32.06642500369478" lon="118.5921476224719">
        <ele>40.3</ele>
        <time>2026-08-21T23:27:34Z</time>
        <extensions>
          <gpxtpx:TrackPointExtension>
            <gpxtpx:hr>152</gpxtpx:hr>
          </gpxtpx:TrackPointExtension>
        </extensions>
      </trkpt>
      <trkpt lat="32.06639899767819" lon="118.59213162284925">
        <ele>40.3</ele>
        <time>2026-08-21T23:27:35Z</time>
        <extensions>
          <gpxtpx:TrackPointExtension>
            <gpxtpx:hr>152</gpxtpx:hr>
          </gpxtpx:TrackPointExtension>
        </extensions>
      </trkpt>
      <trkpt lat="32.06637199145173" lon="118.59211662342724">
        <ele>40.3</ele>
        <time>2026-08-21T23:27:36Z</time>
        <extensions>
          <gpxtpx:TrackPointExtension>
            <gpxtpx:hr>152</gpxtpx:hr>
          </gpxtpx:TrackPointExtension>
        </extensions>
      </trkpt>
      <trkpt lat="32.066344985258" lon="118.59210362424294">
        <ele>40.3</ele>
        <time>2026-08-21T23:27:37Z</time>
        <extensions>
          <gpxtpx:TrackPointExtension>
            <gpxtpx:hr>152</gpxtpx:hr>
          </gpxtpx:TrackPointExtension>
        </extensions>
      </trkpt>
      <trkpt lat="32.066316978859284" lon="118.59209162526518">
        <ele>40.3</ele>
        <time>2026-08-21T23:27:38Z</time>
        <extensions>
          <gpxtpx:TrackPointExtension>
            <gpxtpx:hr>152</gpxtpx:hr>
          </gpxtpx:TrackPointExtension>
        </extensions>
      </trkpt>
      <trkpt lat="32.06628897245399" lon="118.59207962627983">
        <ele>40.4</ele>
        <time>2026-08-21T23:27:39Z</time>
        <extensions>
          <gpxtpx:TrackPointExtension>
            <gpxtpx:hr>153</gpxtpx:hr>
          </gpxtpx:TrackPointExtension>
        </extensions>
      </trkpt>
      <trkpt lat="32.06626196626138" lon="118.5920676271968">
        <ele>40.4</ele>
        <time>2026-08-21T23:27:40Z</time>
        <extensions>
          <gpxtpx:TrackPointExtension>
            <gpxtpx:hr>153</gpxtpx:hr>
          </gpxtpx:TrackPointExtension>
        </extensions>
      </trkpt>
      <trkpt lat="32.06623496008568" lon="118.5920566282334">
        <ele>40.4</ele>
        <time>2026-08-21T23:27:41Z</time>
        <extensions>
          <gpxtpx:TrackPointExtension>
            <gpxtpx:hr>153</gpxtpx:hr>
          </gpxtpx:TrackPointExtension>
        </extensions>
      </trkpt>
      <trkpt lat="32.06620795390443" lon="118.5920456292636">
        <ele>40.4</ele>
        <time>2026-08-21T23:27:42Z</time>
        <extensions>
          <gpxtpx:TrackPointExtension>
            <gpxtpx:hr>153</gpxtpx:hr>
          </gpxtpx:TrackPointExtension>
        </extensions>
      </trkpt>
      <trkpt lat="32.06618094776638" lon="118.59203663054404">
        <ele>40.4</ele>
        <time>2026-08-21T23:27:43Z</time>
        <extensions>
          <gpxtpx:TrackPointExtension>
            <gpxtpx:hr>153</gpxtpx:hr>
          </gpxtpx:TrackPointExtension>
        </extensions>
      </trkpt>
      <trkpt lat="32.06615394162453" lon="118.5920276318202">
        <ele>40.6</ele>
        <time>2026-08-21T23:27:44Z</time>
        <extensions>
          <gpxtpx:TrackPointExtension>
            <gpxtpx:hr>155</gpxtpx:hr>
          </gpxtpx:TrackPointExtension>
        </extensions>
      </trkpt>
      <trkpt lat="32.0661269354789" lon="118.59201863309211">
        <ele>40.6</ele>
        <time>2026-08-21T23:27:45Z</time>
        <extensions>
          <gpxtpx:TrackPointExtension>
            <gpxtpx:hr>155</gpxtpx:hr>
          </gpxtpx:TrackPointExtension>
        </extensions>
      </trkpt>
      <trkpt lat="32.06609992932947" lon="118.59200963435973">
        <ele>40.6</ele>
        <time>2026-08-21T23:27:46Z</time>
        <extensions>
          <gpxtpx:TrackPointExtension>
            <gpxtpx:hr>155</gpxtpx:hr>
          </gpxtpx:TrackPointExtension>
        </extensions>
      </trkpt>
      <trkpt lat="32.06607292317625" lon="118.59200063562307">
        <ele>40.6</ele>
        <time>2026-08-21T23:27:47Z</time>
        <extensions>
          <gpxtpx:TrackPointExtension>
            <gpxtpx:hr>155</gpxtpx:hr>
          </gpxtpx:TrackPointExtension>
        </extensions>
      </trkpt>
      <trkpt lat="32.066046917238566" lon="118.59199163679205">
        <ele>40.6</ele>
        <time>2026-08-21T23:27:48Z</time>
        <extensions>
          <gpxtpx:TrackPointExtension>
            <gpxtpx:hr>155</gpxtpx:hr>
          </gpxtpx:TrackPointExtension>
        </extensions>
      </trkpt>
      <trkpt lat="32.066022911762495" lon="118.59198363790763">
        <ele>40.9</ele>
        <time>2026-08-21T23:27:49Z</time>
        <extensions>
          <gpxtpx:TrackPointExtension>
            <gpxtpx:hr>156</gpxtpx:hr>
          </gpxtpx:TrackPointExtension>
        </extensions>
      </trkpt>
      <trkpt lat="32.06599490537897" lon="118.59197463924873">
        <ele>40.9</ele>
        <time>2026-08-21T23:27:50Z</time>
        <extensions>
          <gpxtpx:TrackPointExtension>
            <gpxtpx:hr>156</gpxtpx:hr>
          </gpxtpx:TrackPointExtension>
        </extensions>
      </trkpt>
      <trkpt lat="32.06596689901908" lon="118.59196664071752">
        <ele>40.9</ele>
        <time>2026-08-21T23:27:51Z</time>
        <extensions>
          <gpxtpx:TrackPointExtension>
            <gpxtpx:hr>156</gpxtpx:hr>
          </gpxtpx:TrackPointExtension>
        </extensions>
      </trkpt>
      <trkpt lat="32.06593889271157" lon="118.59196064244755">
        <ele>40.9</ele>
        <time>2026-08-21T23:27:52Z</time>
        <extensions>
          <gpxtpx:TrackPointExtension>
            <gpxtpx:hr>156</gpxtpx:hr>
          </gpxtpx:TrackPointExtension>
        </extensions>
      </trkpt>
      <trkpt lat="32.06591088645804" lon="118.59195664444073">
        <ele>40.9</ele>
        <time>2026-08-21T23:27:53Z</time>
        <extensions>
          <gpxtpx:TrackPointExtension>
            <gpxtpx:hr>156</gpxtpx:hr>
          </gpxtpx:TrackPointExtension>
        </extensions>
      </trkpt>
      <trkpt lat="32.06588288020356" lon="118.59195264643306">
        <ele>41.2</ele>
        <time>2026-08-21T23:27:54Z</time>
        <extensions>
          <gpxtpx:TrackPointExtension>
            <gpxtpx:hr>156</gpxtpx:hr>
          </gpxtpx:TrackPointExtension>
        </extensions>
      </trkpt>
      <trkpt lat="32.065853873785066" lon="118.59195064878031">
        <ele>41.2</ele>
        <time>2026-08-21T23:27:55Z</time>
        <extensions>
          <gpxtpx:TrackPointExtension>
            <gpxtpx:hr>156</gpxtpx:hr>
          </gpxtpx:TrackPointExtension>
        </extensions>
      </trkpt>
      <trkpt lat="32.065825867613725" lon="118.59194965117013">
        <ele>41.2</ele>
        <time>2026-08-21T23:27:56Z</time>
        <extensions>
          <gpxtpx:TrackPointExtension>
            <gpxtpx:hr>156</gpxtpx:hr>
          </gpxtpx:TrackPointExtension>
        </extensions>
      </trkpt>
      <trkpt lat="32.06579686130711" lon="118.59195165404843">
        <ele>41.2</ele>
        <time>2026-08-21T23:27:57Z</time>
        <extensions>
          <gpxtpx:TrackPointExtension>
            <gpxtpx:hr>156</gpxtpx:hr>
          </gpxtpx:TrackPointExtension>
        </extensions>
      </trkpt>
      <trkpt lat="32.06576785505595" lon="118.59195565719163">
        <ele>41.2</ele>
        <time>2026-08-21T23:27:58Z</time>
        <extensions>
          <gpxtpx:TrackPointExtension>
            <gpxtpx:hr>156</gpxtpx:hr>
          </gpxtpx:TrackPointExtension>
        </extensions>
      </trkpt>
      <trkpt lat="32.06573784861211" lon="118.5919606605564">
        <ele>41.4</ele>
        <time>2026-08-21T23:27:59Z</time>
        <extensions>
          <gpxtpx:TrackPointExtension>
            <gpxtpx:hr>155</gpxtpx:hr>
          </gpxtpx:TrackPointExtension>
        </extensions>
      </trkpt>
      <trkpt lat="32.06570684194744" lon="118.59196566400993">
        <ele>41.4</ele>
        <time>2026-08-21T23:28:00Z</time>
        <extensions>
          <gpxtpx:TrackPointExtension>
            <gpxtpx:hr>155</gpxtpx:hr>
          </gpxtpx:TrackPointExtension>
        </extensions>
      </trkpt>
      <trkpt lat="32.06567483508913" lon="118.59197166768394">
        <ele>41.4</ele>
        <time>2026-08-21T23:28:01Z</time>
        <extensions>
          <gpxtpx:TrackPointExtension>
            <gpxtpx:hr>155</gpxtpx:hr>
          </gpxtpx:TrackPointExtension>
        </extensions>
      </trkpt>
      <trkpt lat="32.06564582891422" lon="118.59197867121709">
        <ele>41.4</ele>
        <time>2026-08-21T23:28:02Z</time>
        <extensions>
          <gpxtpx:TrackPointExtension>
            <gpxtpx:hr>155</gpxtpx:hr>
          </gpxtpx:TrackPointExtension>
        </extensions>
      </trkpt>
      <trkpt lat="32.06561682278997" lon="118.59198767500945">
        <ele>41.4</ele>
        <time>2026-08-21T23:28:03Z</time>
        <extensions>
          <gpxtpx:TrackPointExtension>
            <gpxtpx:hr>155</gpxtpx:hr>
          </gpxtpx:TrackPointExtension>
        </extensions>
      </trkpt>
      <trkpt lat="32.06558881693347" lon="118.59199867896804">
        <ele>41.7</ele>
        <time>2026-08-21T23:28:04Z</time>
        <extensions>
          <gpxtpx:TrackPointExtension>
            <gpxtpx:hr>155</gpxtpx:hr>
          </gpxtpx:TrackPointExtension>
        </extensions>
      </trkpt>
      <trkpt lat="32.0655608110969" lon="118.59201068304989">
        <ele>41.7</ele>
        <time>2026-08-21T23:28:05Z</time>
        <extensions>
          <gpxtpx:TrackPointExtension>
            <gpxtpx:hr>155</gpxtpx:hr>
          </gpxtpx:TrackPointExtension>
        </extensions>
      </trkpt>
      <trkpt lat="32.065533805473244" lon="118.59202268703406">
        <ele>41.7</ele>
        <time>2026-08-21T23:28:06Z</time>
        <extensions>
          <gpxtpx:TrackPointExtension>
            <gpxtpx:hr>155</gpxtpx:hr>
          </gpxtpx:TrackPointExtension>
        </extensions>
      </trkpt>
      <trkpt lat="32.06550579967227" lon="118.59203669135735">
        <ele>41.7</ele>
        <time>2026-08-21T23:28:07Z</time>
        <extensions>
          <gpxtpx:TrackPointExtension>
            <gpxtpx:hr>155</gpxtpx:hr>
          </gpxtpx:TrackPointExtension>
        </extensions>
      </trkpt>
      <trkpt lat="32.06547879408196" lon="118.59205069558018">
        <ele>41.7</ele>
        <time>2026-08-21T23:28:08Z</time>
        <extensions>
          <gpxtpx:TrackPointExtension>
            <gpxtpx:hr>155</gpxtpx:hr>
          </gpxtpx:TrackPointExtension>
        </extensions>
      </trkpt>
      <trkpt lat="32.06545178845966" lon="118.5920636996659">
        <ele>41.8</ele>
        <time>2026-08-21T23:28:09Z</time>
        <extensions>
          <gpxtpx:TrackPointExtension>
            <gpxtpx:hr>155</gpxtpx:hr>
          </gpxtpx:TrackPointExtension>
        </extensions>
      </trkpt>
      <trkpt lat="32.06542178221617" lon="118.59207870426515">
        <ele>41.8</ele>
        <time>2026-08-21T23:28:10Z</time>
        <extensions>
          <gpxtpx:TrackPointExtension>
            <gpxtpx:hr>155</gpxtpx:hr>
          </gpxtpx:TrackPointExtension>
        </extensions>
      </trkpt>
      <trkpt lat="32.065397777235994" lon="118.59209170806139">
        <ele>41.8</ele>
        <time>2026-08-21T23:28:11Z</time>
        <extensions>
          <gpxtpx:TrackPointExtension>
            <gpxtpx:hr>155</gpxtpx:hr>
          </gpxtpx:TrackPointExtension>
        </extensions>
      </trkpt>
      <trkpt lat="32.06537677288546" lon="118.59210371145375">
        <ele>41.8</ele>
        <time>2026-08-21T23:28:12Z</time>
        <extensions>
          <gpxtpx:TrackPointExtension>
            <gpxtpx:hr>155</gpxtpx:hr>
          </gpxtpx:TrackPointExtension>
        </extensions>
      </trkpt>
      <trkpt lat="32.065355768549296" lon="118.59211671496257">
        <ele>41.8</ele>
        <time>2026-08-21T23:28:13Z</time>
        <extensions>
          <gpxtpx:TrackPointExtension>
            <gpxtpx:hr>155</gpxtpx:hr>
          </gpxtpx:TrackPointExtension>
        </extensions>
      </trkpt>
      <trkpt lat="32.06533176360741" lon="118.59213271910258">
        <ele>41.8</ele>
        <time>2026-08-21T23:28:14Z</time>
        <extensions>
          <gpxtpx:TrackPointExtension>
            <gpxtpx:hr>155</gpxtpx:hr>
          </gpxtpx:TrackPointExtension>
        </extensions>
      </trkpt>
      <trkpt lat="32.06530775867348" lon="118.5921497233514">
        <ele>41.8</ele>
        <time>2026-08-21T23:28:15Z</time>
        <extensions>
          <gpxtpx:TrackPointExtension>
            <gpxtpx:hr>155</gpxtpx:hr>
          </gpxtpx:TrackPointExtension>
        </extensions>
      </trkpt>
      <trkpt lat="32.06528475400186" lon="118.59216972785885">
        <ele>41.8</ele>
        <time>2026-08-21T23:28:16Z</time>
        <extensions>
          <gpxtpx:TrackPointExtension>
            <gpxtpx:hr>155</gpxtpx:hr>
          </gpxtpx:TrackPointExtension>
        </extensions>
      </trkpt>
      <trkpt lat="32.06526274953206" lon="118.59218973225515">
        <ele>41.8</ele>
        <time>2026-08-21T23:28:17Z</time>
        <extensions>
          <gpxtpx:TrackPointExtension>
            <gpxtpx:hr>155</gpxtpx:hr>
          </gpxtpx:TrackPointExtension>
        </extensions>
      </trkpt>
      <trkpt lat="32.06524274548368" lon="118.59220973645016">
        <ele>41.8</ele>
        <time>2026-08-21T23:28:18Z</time>
        <extensions>
          <gpxtpx:TrackPointExtension>
            <gpxtpx:hr>155</gpxtpx:hr>
          </gpxtpx:TrackPointExtension>
        </extensions>
      </trkpt>
      <trkpt lat="32.0652227414334" lon="118.59223074074217">
        <ele>41.7</ele>
        <time>2026-08-21T23:28:19Z</time>
        <extensions>
          <gpxtpx:TrackPointExtension>
            <gpxtpx:hr>155</gpxtpx:hr>
          </gpxtpx:TrackPointExtension>
        </extensions>
      </trkpt>
      <trkpt lat="32.06520273739326" lon="118.59225374524468">
        <ele>41.7</ele>
        <time>2026-08-21T23:28:20Z</time>
        <extensions>
          <gpxtpx:TrackPointExtension>
            <gpxtpx:hr>155</gpxtpx:hr>
          </gpxtpx:TrackPointExtension>
        </extensions>
      </trkpt>
      <trkpt lat="32.06518473376894" lon="118.59227674953912">
        <ele>41.7</ele>
        <time>2026-08-21T23:28:21Z</time>
        <extensions>
          <gpxtpx:TrackPointExtension>
            <gpxtpx:hr>155</gpxtpx:hr>
          </gpxtpx:TrackPointExtension>
        </extensions>
      </trkpt>
      <trkpt lat="32.06516572992709" lon="118.59230175412449">
        <ele>41.7</ele>
        <time>2026-08-21T23:28:22Z</time>
        <extensions>
          <gpxtpx:TrackPointExtension>
            <gpxtpx:hr>155</gpxtpx:hr>
          </gpxtpx:TrackPointExtension>
        </extensions>
      </trkpt>
      <trkpt lat="32.06514672608071" lon="118.59232875890277">
        <ele>41.7</ele>
        <time>2026-08-21T23:28:23Z</time>
        <extensions>
          <gpxtpx:TrackPointExtension>
            <gpxtpx:hr>155</gpxtpx:hr>
          </gpxtpx:TrackPointExtension>
        </extensions>
      </trkpt>
      <trkpt lat="32.065128722442296" lon="118.59235776377533">
        <ele>41.6</ele>
        <time>2026-08-21T23:28:24Z</time>
        <extensions>
          <gpxtpx:TrackPointExtension>
            <gpxtpx:hr>155</gpxtpx:hr>
          </gpxtpx:TrackPointExtension>
        </extensions>
      </trkpt>
      <trkpt lat="32.065110718775735" lon="118.5923877687134">
        <ele>41.6</ele>
        <time>2026-08-21T23:28:25Z</time>
        <extensions>
          <gpxtpx:TrackPointExtension>
            <gpxtpx:hr>155</gpxtpx:hr>
          </gpxtpx:TrackPointExtension>
        </extensions>
      </trkpt>
      <trkpt lat="32.065096715925094" lon="118.59241477291894">
        <ele>41.6</ele>
        <time>2026-08-21T23:28:26Z</time>
        <extensions>
          <gpxtpx:TrackPointExtension>
            <gpxtpx:hr>155</gpxtpx:hr>
          </gpxtpx:TrackPointExtension>
        </extensions>
      </trkpt>
      <trkpt lat="32.065079712409194" lon="118.59244577778362">
        <ele>41.6</ele>
        <time>2026-08-21T23:28:27Z</time>
        <extensions>
          <gpxtpx:TrackPointExtension>
            <gpxtpx:hr>155</gpxtpx:hr>
          </gpxtpx:TrackPointExtension>
        </extensions>
      </trkpt>
      <trkpt lat="32.06506270886086" lon="118.59247878280777">
        <ele>41.6</ele>
        <time>2026-08-21T23:28:28Z</time>
        <extensions>
          <gpxtpx:TrackPointExtension>
            <gpxtpx:hr>155</gpxtpx:hr>
          </gpxtpx:TrackPointExtension>
        </extensions>
      </trkpt>
      <trkpt lat="32.06504770570039" lon="118.59251078749116">
        <ele>41.6</ele>
        <time>2026-08-21T23:28:29Z</time>
        <extensions>
          <gpxtpx:TrackPointExtension>
            <gpxtpx:hr>154</gpxtpx:hr>
          </gpxtpx:TrackPointExtension>
        </extensions>
      </trkpt>
      <trkpt lat="32.06503570315381" lon="118.59254279185039">
        <ele>41.6</ele>
        <time>2026-08-21T23:28:30Z</time>
        <extensions>
          <gpxtpx:TrackPointExtension>
            <gpxtpx:hr>154</gpxtpx:hr>
          </gpxtpx:TrackPointExtension>
        </extensions>
      </trkpt>
      <trkpt lat="32.06502470078313" lon="118.59257679626539">
        <ele>41.6</ele>
        <time>2026-08-21T23:28:31Z</time>
        <extensions>
          <gpxtpx:TrackPointExtension>
            <gpxtpx:hr>154</gpxtpx:hr>
          </gpxtpx:TrackPointExtension>
        </extensions>
      </trkpt>
      <trkpt lat="32.06501569880094" lon="118.59261080043939">
        <ele>41.6</ele>
        <time>2026-08-21T23:28:32Z</time>
        <extensions>
          <gpxtpx:TrackPointExtension>
            <gpxtpx:hr>154</gpxtpx:hr>
          </gpxtpx:TrackPointExtension>
        </extensions>
      </trkpt>
      <trkpt lat="32.06500869721651" lon="118.59264080398704">
        <ele>41.6</ele>
        <time>2026-08-21T23:28:33Z</time>
        <extensions>
          <gpxtpx:TrackPointExtension>
            <gpxtpx:hr>154</gpxtpx:hr>
          </gpxtpx:TrackPointExtension>
        </extensions>
      </trkpt>
      <trkpt lat="32.06500069535465" lon="118.59267580805111">
        <ele>41.3</ele>
        <time>2026-08-21T23:28:34Z</time>
        <extensions>
          <gpxtpx:TrackPointExtension>
            <gpxtpx:hr>155</gpxtpx:hr>
          </gpxtpx:TrackPointExtension>
        </extensions>
      </trkpt>
      <trkpt lat="32.06499269343899" lon="118.5927108120508">
        <ele>41.3</ele>
        <time>2026-08-21T23:28:35Z</time>
        <extensions>
          <gpxtpx:TrackPointExtension>
            <gpxtpx:hr>155</gpxtpx:hr>
          </gpxtpx:TrackPointExtension>
        </extensions>
      </trkpt>
      <trkpt lat="32.06498369124302" lon="118.59274681616705">
        <ele>41.3</ele>
        <time>2026-08-21T23:28:36Z</time>
        <extensions>
          <gpxtpx:TrackPointExtension>
            <gpxtpx:hr>155</gpxtpx:hr>
          </gpxtpx:TrackPointExtension>
        </extensions>
      </trkpt>
      <trkpt lat="32.06497468899015" lon="118.59278282021518">
        <ele>41.3</ele>
        <time>2026-08-21T23:28:37Z</time>
        <extensions>
          <gpxtpx:TrackPointExtension>
            <gpxtpx:hr>155</gpxtpx:hr>
          </gpxtpx:TrackPointExtension>
        </extensions>
      </trkpt>
      <trkpt lat="32.06496368625106" lon="118.59281782428826">
        <ele>41.3</ele>
        <time>2026-08-21T23:28:38Z</time>
        <extensions>
          <gpxtpx:TrackPointExtension>
            <gpxtpx:hr>155</gpxtpx:hr>
          </gpxtpx:TrackPointExtension>
        </extensions>
      </trkpt>
      <trkpt lat="32.06495268346969" lon="118.59285182821164">
        <ele>40.9</ele>
        <time>2026-08-21T23:28:39Z</time>
        <extensions>
          <gpxtpx:TrackPointExtension>
            <gpxtpx:hr>155</gpxtpx:hr>
          </gpxtpx:TrackPointExtension>
        </extensions>
      </trkpt>
      <trkpt lat="32.064940680404895" lon="118.5928868322479">
        <ele>40.9</ele>
        <time>2026-08-21T23:28:40Z</time>
        <extensions>
          <gpxtpx:TrackPointExtension>
            <gpxtpx:hr>155</gpxtpx:hr>
          </gpxtpx:TrackPointExtension>
        </extensions>
      </trkpt>
      <trkpt lat="32.06492667684697" lon="118.59292183639998">
        <ele>40.9</ele>
        <time>2026-08-21T23:28:41Z</time>
        <extensions>
          <gpxtpx:TrackPointExtension>
            <gpxtpx:hr>155</gpxtpx:hr>
          </gpxtpx:TrackPointExtension>
        </extensions>
      </trkpt>
      <trkpt lat="32.06491167303165" lon="118.59295584049795">
        <ele>40.9</ele>
        <time>2026-08-21T23:28:42Z</time>
        <extensions>
          <gpxtpx:TrackPointExtension>
            <gpxtpx:hr>155</gpxtpx:hr>
          </gpxtpx:TrackPointExtension>
        </extensions>
      </trkpt>
      <trkpt lat="32.064896669183085" lon="118.59298884445708">
        <ele>40.9</ele>
        <time>2026-08-21T23:28:43Z</time>
        <extensions>
          <gpxtpx:TrackPointExtension>
            <gpxtpx:hr>155</gpxtpx:hr>
          </gpxtpx:TrackPointExtension>
        </extensions>
      </trkpt>
      <trkpt lat="32.06488266554418" lon="118.59301984811596">
        <ele>40.7</ele>
        <time>2026-08-21T23:28:44Z</time>
        <extensions>
          <gpxtpx:TrackPointExtension>
            <gpxtpx:hr>155</gpxtpx:hr>
          </gpxtpx:TrackPointExtension>
        </extensions>
      </trkpt>
      <trkpt lat="32.06486866188328" lon="118.59304985164948">
        <ele>40.7</ele>
        <time>2026-08-21T23:28:45Z</time>
        <extensions>
          <gpxtpx:TrackPointExtension>
            <gpxtpx:hr>155</gpxtpx:hr>
          </gpxtpx:TrackPointExtension>
        </extensions>
      </trkpt>
      <trkpt lat="32.064854658161366" lon="118.59308085520908">
        <ele>40.7</ele>
        <time>2026-08-21T23:28:46Z</time>
        <extensions>
          <gpxtpx:TrackPointExtension>
            <gpxtpx:hr>155</gpxtpx:hr>
          </gpxtpx:TrackPointExtension>
        </extensions>
      </trkpt>
      <trkpt lat="32.06483765366933" lon="118.59311485920338">
        <ele>40.7</ele>
        <time>2026-08-21T23:28:47Z</time>
        <extensions>
          <gpxtpx:TrackPointExtension>
            <gpxtpx:hr>155</gpxtpx:hr>
          </gpxtpx:TrackPointExtension>
        </extensions>
      </trkpt>
      <trkpt lat="32.064821649419564" lon="118.59314586283742">
        <ele>40.7</ele>
        <time>2026-08-21T23:28:48Z</time>
        <extensions>
          <gpxtpx:TrackPointExtension>
            <gpxtpx:hr>155</gpxtpx:hr>
          </gpxtpx:TrackPointExtension>
        </extensions>
      </trkpt>
      <trkpt lat="32.06480464493361" lon="118.59317586644279">
        <ele>40.1</ele>
        <time>2026-08-21T23:28:49Z</time>
        <extensions>
          <gpxtpx:TrackPointExtension>
            <gpxtpx:hr>155</gpxtpx:hr>
          </gpxtpx:TrackPointExtension>
        </extensions>
      </trkpt>
      <trkpt lat="32.06478563994168" lon="118.59320687024787">
        <ele>40.1</ele>
        <time>2026-08-21T23:28:50Z</time>
        <extensions>
          <gpxtpx:TrackPointExtension>
            <gpxtpx:hr>155</gpxtpx:hr>
          </gpxtpx:TrackPointExtension>
        </extensions>
      </trkpt>
      <trkpt lat="32.0647656347162" lon="118.5932368740275">
        <ele>40.1</ele>
        <time>2026-08-21T23:28:51Z</time>
        <extensions>
          <gpxtpx:TrackPointExtension>
            <gpxtpx:hr>155</gpxtpx:hr>
          </gpxtpx:TrackPointExtension>
        </extensions>
      </trkpt>
      <trkpt lat="32.064745629451195" lon="118.59326687775992">
        <ele>40.1</ele>
        <time>2026-08-21T23:28:52Z</time>
        <extensions>
          <gpxtpx:TrackPointExtension>
            <gpxtpx:hr>155</gpxtpx:hr>
          </gpxtpx:TrackPointExtension>
        </extensions>
      </trkpt>
      <trkpt lat="32.064723623738125" lon="118.5932958815633">
        <ele>40.1</ele>
        <time>2026-08-21T23:28:53Z</time>
        <extensions>
          <gpxtpx:TrackPointExtension>
            <gpxtpx:hr>155</gpxtpx:hr>
          </gpxtpx:TrackPointExtension>
        </extensions>
      </trkpt>
      <trkpt lat="32.0647016179881" lon="118.59332488532257">
        <ele>39.5</ele>
        <time>2026-08-21T23:28:54Z</time>
        <extensions>
          <gpxtpx:TrackPointExtension>
            <gpxtpx:hr>156</gpxtpx:hr>
          </gpxtpx:TrackPointExtension>
        </extensions>
      </trkpt>
      <trkpt lat="32.06467861198135" lon="118.59335388912784">
        <ele>39.5</ele>
        <time>2026-08-21T23:28:55Z</time>
        <extensions>
          <gpxtpx:TrackPointExtension>
            <gpxtpx:hr>156</gpxtpx:hr>
          </gpxtpx:TrackPointExtension>
        </extensions>
      </trkpt>
      <trkpt lat="32.06465560590287" lon="118.59338389294646">
        <ele>39.5</ele>
        <time>2026-08-21T23:28:56Z</time>
        <extensions>
          <gpxtpx:TrackPointExtension>
            <gpxtpx:hr>156</gpxtpx:hr>
          </gpxtpx:TrackPointExtension>
        </extensions>
      </trkpt>
      <trkpt lat="32.064631599637195" lon="118.59341189669618">
        <ele>39.5</ele>
        <time>2026-08-21T23:28:57Z</time>
        <extensions>
          <gpxtpx:TrackPointExtension>
            <gpxtpx:hr>156</gpxtpx:hr>
          </gpxtpx:TrackPointExtension>
        </extensions>
      </trkpt>
      <trkpt lat="32.0646085935568" lon="118.59343990031472">
        <ele>39.5</ele>
        <time>2026-08-21T23:28:58Z</time>
        <extensions>
          <gpxtpx:TrackPointExtension>
            <gpxtpx:hr>156</gpxtpx:hr>
          </gpxtpx:TrackPointExtension>
        </extensions>
      </trkpt>
      <trkpt lat="32.06458658781526" lon="118.59346390358954">
        <ele>39.2</ele>
        <time>2026-08-21T23:28:59Z</time>
        <extensions>
          <gpxtpx:TrackPointExtension>
            <gpxtpx:hr>156</gpxtpx:hr>
          </gpxtpx:TrackPointExtension>
        </extensions>
      </trkpt>
      <trkpt lat="32.064561581349636" lon="118.5934889071564">
        <ele>39.2</ele>
        <time>2026-08-21T23:29:00Z</time>
        <extensions>
          <gpxtpx:TrackPointExtension>
            <gpxtpx:hr>156</gpxtpx:hr>
          </gpxtpx:TrackPointExtension>
        </extensions>
      </trkpt>
      <trkpt lat="32.06454057589723" lon="118.59350991012724">
        <ele>39.2</ele>
        <time>2026-08-21T23:29:01Z</time>
        <extensions>
          <gpxtpx:TrackPointExtension>
            <gpxtpx:hr>156</gpxtpx:hr>
          </gpxtpx:TrackPointExtension>
        </extensions>
      </trkpt>
      <trkpt lat="32.06451656984836" lon="118.59352891324569">
        <ele>39.2</ele>
        <time>2026-08-21T23:29:02Z</time>
        <extensions>
          <gpxtpx:TrackPointExtension>
            <gpxtpx:hr>156</gpxtpx:hr>
          </gpxtpx:TrackPointExtension>
        </extensions>
      </trkpt>
      <trkpt lat="32.06448956299799" lon="118.59355091676179">
        <ele>39.2</ele>
        <time>2026-08-21T23:29:03Z</time>
        <extensions>
          <gpxtpx:TrackPointExtension>
            <gpxtpx:hr>156</gpxtpx:hr>
          </gpxtpx:TrackPointExtension>
        </extensions>
      </trkpt>
      <trkpt lat="32.06446255616928" lon="118.59357192020495">
        <ele>38.6</ele>
        <time>2026-08-21T23:29:04Z</time>
        <extensions>
          <gpxtpx:TrackPointExtension>
            <gpxtpx:hr>156</gpxtpx:hr>
          </gpxtpx:TrackPointExtension>
        </extensions>
      </trkpt>
      <trkpt lat="32.06443554927711" lon="118.59359392367149">
        <ele>38.6</ele>
        <time>2026-08-21T23:29:05Z</time>
        <extensions>
          <gpxtpx:TrackPointExtension>
            <gpxtpx:hr>156</gpxtpx:hr>
          </gpxtpx:TrackPointExtension>
        </extensions>
      </trkpt>
      <trkpt lat="32.06440854245334" lon="118.59361392702202">
        <ele>38.6</ele>
        <time>2026-08-21T23:29:06Z</time>
        <extensions>
          <gpxtpx:TrackPointExtension>
            <gpxtpx:hr>156</gpxtpx:hr>
          </gpxtpx:TrackPointExtension>
        </extensions>
      </trkpt>
      <trkpt lat="32.06438153565758" lon="118.59363293030724">
        <ele>38.6</ele>
        <time>2026-08-21T23:29:07Z</time>
        <extensions>
          <gpxtpx:TrackPointExtension>
            <gpxtpx:hr>156</gpxtpx:hr>
          </gpxtpx:TrackPointExtension>
        </extensions>
      </trkpt>
      <trkpt lat="32.06435552920501" lon="118.59364893335304">
        <ele>38.6</ele>
        <time>2026-08-21T23:29:08Z</time>
        <extensions>
          <gpxtpx:TrackPointExtension>
            <gpxtpx:hr>156</gpxtpx:hr>
          </gpxtpx:TrackPointExtension>
        </extensions>
      </trkpt>
      <trkpt lat="32.06432852252118" lon="118.59366493647553">
        <ele>37.9</ele>
        <time>2026-08-21T23:29:09Z</time>
        <extensions>
          <gpxtpx:TrackPointExtension>
            <gpxtpx:hr>157</gpxtpx:hr>
          </gpxtpx:TrackPointExtension>
        </extensions>
      </trkpt>
      <trkpt lat="32.06430151577813" lon="118.59368193962648">
        <ele>37.9</ele>
        <time>2026-08-21T23:29:10Z</time>
        <extensions>
          <gpxtpx:TrackPointExtension>
            <gpxtpx:hr>157</gpxtpx:hr>
          </gpxtpx:TrackPointExtension>
        </extensions>
      </trkpt>
      <trkpt lat="32.064275509193536" lon="118.5936999427131">
        <ele>37.9</ele>
        <time>2026-08-21T23:29:11Z</time>
        <extensions>
          <gpxtpx:TrackPointExtension>
            <gpxtpx:hr>157</gpxtpx:hr>
          </gpxtpx:TrackPointExtension>
        </extensions>
      </trkpt>
      <trkpt lat="32.06424950259457" lon="118.59371794578276">
        <ele>37.9</ele>
        <time>2026-08-21T23:29:12Z</time>
        <extensions>
          <gpxtpx:TrackPointExtension>
            <gpxtpx:hr>157</gpxtpx:hr>
          </gpxtpx:TrackPointExtension>
        </extensions>
      </trkpt>
      <trkpt lat="32.06421949500122" lon="118.5937379492737">
        <ele>37.9</ele>
        <time>2026-08-21T23:29:13Z</time>
        <extensions>
          <gpxtpx:TrackPointExtension>
            <gpxtpx:hr>157</gpxtpx:hr>
          </gpxtpx:TrackPointExtension>
        </extensions>
      </trkpt>
      <trkpt lat="32.064188487119054" lon="118.59375895287162">
        <ele>37.5</ele>
        <time>2026-08-21T23:29:14Z</time>
        <extensions>
          <gpxtpx:TrackPointExtension>
            <gpxtpx:hr>158</gpxtpx:hr>
          </gpxtpx:TrackPointExtension>
        </extensions>
      </trkpt>
      <trkpt lat="32.06416248036897" lon="118.5937789559593">
        <ele>37.5</ele>
        <time>2026-08-21T23:29:15Z</time>
        <extensions>
          <gpxtpx:TrackPointExtension>
            <gpxtpx:hr>158</gpxtpx:hr>
          </gpxtpx:TrackPointExtension>
        </extensions>
      </trkpt>
      <trkpt lat="32.06414147475371" lon="118.59379795853988">
        <ele>37.5</ele>
        <time>2026-08-21T23:29:16Z</time>
        <extensions>
          <gpxtpx:TrackPointExtension>
            <gpxtpx:hr>158</gpxtpx:hr>
          </gpxtpx:TrackPointExtension>
        </extensions>
      </trkpt>
      <trkpt lat="32.064120468907326" lon="118.59382096124018">
        <ele>37.5</ele>
        <time>2026-08-21T23:29:17Z</time>
        <extensions>
          <gpxtpx:TrackPointExtension>
            <gpxtpx:hr>158</gpxtpx:hr>
          </gpxtpx:TrackPointExtension>
        </extensions>
      </trkpt>
      <trkpt lat="32.06409946270751" lon="118.59384996411194">
        <ele>37.5</ele>
        <time>2026-08-21T23:29:18Z</time>
        <extensions>
          <gpxtpx:TrackPointExtension>
            <gpxtpx:hr>158</gpxtpx:hr>
          </gpxtpx:TrackPointExtension>
        </extensions>
      </trkpt>
      <trkpt lat="32.06407945663432" lon="118.59387996688109">
        <ele>36.7</ele>
        <time>2026-08-21T23:29:19Z</time>
        <extensions>
          <gpxtpx:TrackPointExtension>
            <gpxtpx:hr>158</gpxtpx:hr>
          </gpxtpx:TrackPointExtension>
        </extensions>
      </trkpt>
      <trkpt lat="32.06406345134368" lon="118.59391096927271">
        <ele>36.7</ele>
        <time>2026-08-21T23:29:20Z</time>
        <extensions>
          <gpxtpx:TrackPointExtension>
            <gpxtpx:hr>158</gpxtpx:hr>
          </gpxtpx:TrackPointExtension>
        </extensions>
      </trkpt>
      <trkpt lat="32.06404844599388" lon="118.59394597163644">
        <ele>36.7</ele>
        <time>2026-08-21T23:29:21Z</time>
        <extensions>
          <gpxtpx:TrackPointExtension>
            <gpxtpx:hr>158</gpxtpx:hr>
          </gpxtpx:TrackPointExtension>
        </extensions>
      </trkpt>
      <trkpt lat="32.064038441751165" lon="118.59397997345948">
        <ele>36.7</ele>
        <time>2026-08-21T23:29:22Z</time>
        <extensions>
          <gpxtpx:TrackPointExtension>
            <gpxtpx:hr>158</gpxtpx:hr>
          </gpxtpx:TrackPointExtension>
        </extensions>
      </trkpt>
      <trkpt lat="32.06403243808813" lon="118.59401797495914">
        <ele>36.7</ele>
        <time>2026-08-21T23:29:23Z</time>
        <extensions>
          <gpxtpx:TrackPointExtension>
            <gpxtpx:hr>158</gpxtpx:hr>
          </gpxtpx:TrackPointExtension>
        </extensions>
      </trkpt>
      <trkpt lat="32.06402743432506" lon="118.59405997638187">
        <ele>36.0</ele>
        <time>2026-08-21T23:29:24Z</time>
        <extensions>
          <gpxtpx:TrackPointExtension>
            <gpxtpx:hr>159</gpxtpx:hr>
          </gpxtpx:TrackPointExtension>
        </extensions>
      </trkpt>
      <trkpt lat="32.06402643189274" lon="118.59409397719155">
        <ele>36.0</ele>
        <time>2026-08-21T23:29:25Z</time>
        <extensions>
          <gpxtpx:TrackPointExtension>
            <gpxtpx:hr>159</gpxtpx:hr>
          </gpxtpx:TrackPointExtension>
        </extensions>
      </trkpt>
      <trkpt lat="32.06402743018582" lon="118.59412297766748">
        <ele>36.0</ele>
        <time>2026-08-21T23:29:26Z</time>
        <extensions>
          <gpxtpx:TrackPointExtension>
            <gpxtpx:hr>159</gpxtpx:hr>
          </gpxtpx:TrackPointExtension>
        </extensions>
      </trkpt>
      <trkpt lat="32.06403242884257" lon="118.5941589778586">
        <ele>36.0</ele>
        <time>2026-08-21T23:29:27Z</time>
        <extensions>
          <gpxtpx:TrackPointExtension>
            <gpxtpx:hr>159</gpxtpx:hr>
          </gpxtpx:TrackPointExtension>
        </extensions>
      </trkpt>
      <trkpt lat="32.064038427732946" lon="118.59419397787688">
        <ele>36.0</ele>
        <time>2026-08-21T23:29:28Z</time>
        <extensions>
          <gpxtpx:TrackPointExtension>
            <gpxtpx:hr>159</gpxtpx:hr>
          </gpxtpx:TrackPointExtension>
        </extensions>
      </trkpt>
      <trkpt lat="32.064048427449684" lon="118.59422897747086">
        <ele>35.7</ele>
        <time>2026-08-21T23:29:29Z</time>
        <extensions>
          <gpxtpx:TrackPointExtension>
            <gpxtpx:hr>159</gpxtpx:hr>
          </gpxtpx:TrackPointExtension>
        </extensions>
      </trkpt>
      <trkpt lat="32.064058427039754" lon="118.59426497701224">
        <ele>35.7</ele>
        <time>2026-08-21T23:29:30Z</time>
        <extensions>
          <gpxtpx:TrackPointExtension>
            <gpxtpx:hr>159</gpxtpx:hr>
          </gpxtpx:TrackPointExtension>
        </extensions>
      </trkpt>
      <trkpt lat="32.064069426868066" lon="118.5942999763864">
        <ele>35.7</ele>
        <time>2026-08-21T23:29:31Z</time>
        <extensions>
          <gpxtpx:TrackPointExtension>
            <gpxtpx:hr>159</gpxtpx:hr>
          </gpxtpx:TrackPointExtension>
        </extensions>
      </trkpt>
      <trkpt lat="32.06407942642303" lon="118.59433497578668">
        <ele>35.7</ele>
        <time>2026-08-21T23:29:32Z</time>
        <extensions>
          <gpxtpx:TrackPointExtension>
            <gpxtpx:hr>159</gpxtpx:hr>
          </gpxtpx:TrackPointExtension>
        </extensions>
      </trkpt>
      <trkpt lat="32.06408942592459" lon="118.59436997512304">
        <ele>35.7</ele>
        <time>2026-08-21T23:29:33Z</time>
        <extensions>
          <gpxtpx:TrackPointExtension>
            <gpxtpx:hr>159</gpxtpx:hr>
          </gpxtpx:TrackPointExtension>
        </extensions>
      </trkpt>
      <trkpt lat="32.064098425073446" lon="118.5944059744896">
        <ele>35.0</ele>
        <time>2026-08-21T23:29:34Z</time>
        <extensions>
          <gpxtpx:TrackPointExtension>
            <gpxtpx:hr>160</gpxtpx:hr>
          </gpxtpx:TrackPointExtension>
        </extensions>
      </trkpt>
      <trkpt lat="32.06410642402687" lon="118.59444097387649">
        <ele>35.0</ele>
        <time>2026-08-21T23:29:35Z</time>
        <extensions>
          <gpxtpx:TrackPointExtension>
            <gpxtpx:hr>160</gpxtpx:hr>
          </gpxtpx:TrackPointExtension>
        </extensions>
      </trkpt>
      <trkpt lat="32.06411242248707" lon="118.59447597337966">
        <ele>35.0</ele>
        <time>2026-08-21T23:29:36Z</time>
        <extensions>
          <gpxtpx:TrackPointExtension>
            <gpxtpx:hr>160</gpxtpx:hr>
          </gpxtpx:TrackPointExtension>
        </extensions>
      </trkpt>
      <trkpt lat="32.06411542023417" lon="118.59451097308921">
        <ele>35.0</ele>
        <time>2026-08-21T23:29:37Z</time>
        <extensions>
          <gpxtpx:TrackPointExtension>
            <gpxtpx:hr>160</gpxtpx:hr>
          </gpxtpx:TrackPointExtension>
        </extensions>
      </trkpt>
      <trkpt lat="32.06411541726816" lon="118.59454597300518">
        <ele>35.0</ele>
        <time>2026-08-21T23:29:38Z</time>
        <extensions>
          <gpxtpx:TrackPointExtension>
            <gpxtpx:hr>160</gpxtpx:hr>
          </gpxtpx:TrackPointExtension>
        </extensions>
      </trkpt>
      <trkpt lat="32.06411241358907" lon="118.59458097312753">
        <ele>34.3</ele>
        <time>2026-08-21T23:29:39Z</time>
        <extensions>
          <gpxtpx:TrackPointExtension>
            <gpxtpx:hr>160</gpxtpx:hr>
          </gpxtpx:TrackPointExtension>
        </extensions>
      </trkpt>
      <trkpt lat="32.06410740932825" lon="118.59461697335921">
        <ele>34.3</ele>
        <time>2026-08-21T23:29:40Z</time>
        <extensions>
          <gpxtpx:TrackPointExtension>
            <gpxtpx:hr>160</gpxtpx:hr>
          </gpxtpx:TrackPointExtension>
        </extensions>
      </trkpt>
      <trkpt lat="32.06409740400154" lon="118.59465197398268">
        <ele>34.3</ele>
        <time>2026-08-21T23:29:41Z</time>
        <extensions>
          <gpxtpx:TrackPointExtension>
            <gpxtpx:hr>160</gpxtpx:hr>
          </gpxtpx:TrackPointExtension>
        </extensions>
      </trkpt>
      <trkpt lat="32.06408539808998" lon="118.5946879747118">
        <ele>34.3</ele>
        <time>2026-08-21T23:29:42Z</time>
        <extensions>
          <gpxtpx:TrackPointExtension>
            <gpxtpx:hr>160</gpxtpx:hr>
          </gpxtpx:TrackPointExtension>
        </extensions>
      </trkpt>
      <trkpt lat="32.064069391428674" lon="118.59472197575884">
        <ele>34.3</ele>
        <time>2026-08-21T23:29:43Z</time>
        <extensions>
          <gpxtpx:TrackPointExtension>
            <gpxtpx:hr>160</gpxtpx:hr>
          </gpxtpx:TrackPointExtension>
        </extensions>
      </trkpt>
      <trkpt lat="32.06405138437176" lon="118.59475497694008">
        <ele>34.0</ele>
        <time>2026-08-21T23:29:44Z</time>
        <extensions>
          <gpxtpx:TrackPointExtension>
            <gpxtpx:hr>160</gpxtpx:hr>
          </gpxtpx:TrackPointExtension>
        </extensions>
      </trkpt>
      <trkpt lat="32.06402937677137" lon="118.59478397848822">
        <ele>34.0</ele>
        <time>2026-08-21T23:29:45Z</time>
        <extensions>
          <gpxtpx:TrackPointExtension>
            <gpxtpx:hr>160</gpxtpx:hr>
          </gpxtpx:TrackPointExtension>
        </extensions>
      </trkpt>
      <trkpt lat="32.064006369205494" lon="118.5948099801341">
        <ele>34.0</ele>
        <time>2026-08-21T23:29:46Z</time>
        <extensions>
          <gpxtpx:TrackPointExtension>
            <gpxtpx:hr>160</gpxtpx:hr>
          </gpxtpx:TrackPointExtension>
        </extensions>
      </trkpt>
      <trkpt lat="32.06398536254002" lon="118.59483098165607">
        <ele>34.0</ele>
        <time>2026-08-21T23:29:47Z</time>
        <extensions>
          <gpxtpx:TrackPointExtension>
            <gpxtpx:hr>160</gpxtpx:hr>
          </gpxtpx:TrackPointExtension>
        </extensions>
      </trkpt>
      <trkpt lat="32.06396135489873" lon="118.59485498336734">
        <ele>34.0</ele>
        <time>2026-08-21T23:29:48Z</time>
        <extensions>
          <gpxtpx:TrackPointExtension>
            <gpxtpx:hr>160</gpxtpx:hr>
          </gpxtpx:TrackPointExtension>
        </extensions>
      </trkpt>
      <trkpt lat="32.06393734723223" lon="118.59487898504865">
        <ele>33.4</ele>
        <time>2026-08-21T23:29:49Z</time>
        <extensions>
          <gpxtpx:TrackPointExtension>
            <gpxtpx:hr>162</gpxtpx:hr>
          </gpxtpx:TrackPointExtension>
        </extensions>
      </trkpt>
      <trkpt lat="32.06391433976052" lon="118.59490298660988">
        <ele>33.4</ele>
        <time>2026-08-21T23:29:50Z</time>
        <extensions>
          <gpxtpx:TrackPointExtension>
            <gpxtpx:hr>162</gpxtpx:hr>
          </gpxtpx:TrackPointExtension>
        </extensions>
      </trkpt>
      <trkpt lat="32.06389133236568" lon="118.59492598816426">
        <ele>33.4</ele>
        <time>2026-08-21T23:29:51Z</time>
        <extensions>
          <gpxtpx:TrackPointExtension>
            <gpxtpx:hr>162</gpxtpx:hr>
          </gpxtpx:TrackPointExtension>
        </extensions>
      </trkpt>
      <trkpt lat="32.063867324727696" lon="118.5949489897812">
        <ele>33.4</ele>
        <time>2026-08-21T23:29:52Z</time>
        <extensions>
          <gpxtpx:TrackPointExtension>
            <gpxtpx:hr>162</gpxtpx:hr>
          </gpxtpx:TrackPointExtension>
        </extensions>
      </trkpt>
      <trkpt lat="32.06384231684656" lon="118.59497199146071">
        <ele>33.4</ele>
        <time>2026-08-21T23:29:53Z</time>
        <extensions>
          <gpxtpx:TrackPointExtension>
            <gpxtpx:hr>162</gpxtpx:hr>
          </gpxtpx:TrackPointExtension>
        </extensions>
      </trkpt>
      <trkpt lat="32.06381630872225" lon="118.5949949932028">
        <ele>32.9</ele>
        <time>2026-08-21T23:29:54Z</time>
        <extensions>
          <gpxtpx:TrackPointExtension>
            <gpxtpx:hr>161</gpxtpx:hr>
          </gpxtpx:TrackPointExtension>
        </extensions>
      </trkpt>
      <trkpt lat="32.0637913007948" lon="118.59501799482727">
        <ele>32.9</ele>
        <time>2026-08-21T23:29:55Z</time>
        <extensions>
          <gpxtpx:TrackPointExtension>
            <gpxtpx:hr>161</gpxtpx:hr>
          </gpxtpx:TrackPointExtension>
        </extensions>
      </trkpt>
      <trkpt lat="32.063765292731155" lon="118.59503999654339">
        <ele>32.9</ele>
        <time>2026-08-21T23:29:56Z</time>
        <extensions>
          <gpxtpx:TrackPointExtension>
            <gpxtpx:hr>161</gpxtpx:hr>
          </gpxtpx:TrackPointExtension>
        </extensions>
      </trkpt>
      <trkpt lat="32.0637392846463" lon="118.59506199823433">
        <ele>32.9</ele>
        <time>2026-08-21T23:29:57Z</time>
        <extensions>
          <gpxtpx:TrackPointExtension>
            <gpxtpx:hr>161</gpxtpx:hr>
          </gpxtpx:TrackPointExtension>
        </extensions>
      </trkpt>
      <trkpt lat="32.06371327654023" lon="118.59508399990011">
        <ele>32.9</ele>
        <time>2026-08-21T23:29:58Z</time>
        <extensions>
          <gpxtpx:TrackPointExtension>
            <gpxtpx:hr>161</gpxtpx:hr>
          </gpxtpx:TrackPointExtension>
        </extensions>
      </trkpt>
      <trkpt lat="32.063687268412956" lon="118.59510600154071">
        <ele>32.6</ele>
        <time>2026-08-21T23:29:59Z</time>
        <extensions>
          <gpxtpx:TrackPointExtension>
            <gpxtpx:hr>162</gpxtpx:hr>
          </gpxtpx:TrackPointExtension>
        </extensions>
      </trkpt>
      <trkpt lat="32.06366226037372" lon="118.59512900303244">
        <ele>32.6</ele>
        <time>2026-08-21T23:30:00Z</time>
        <extensions>
          <gpxtpx:TrackPointExtension>
            <gpxtpx:hr>162</gpxtpx:hr>
          </gpxtpx:TrackPointExtension>
        </extensions>
      </trkpt>
      <trkpt lat="32.06363425165114" lon="118.59515200476694">
        <ele>32.6</ele>
        <time>2026-08-21T23:30:01Z</time>
        <extensions>
          <gpxtpx:TrackPointExtension>
            <gpxtpx:hr>162</gpxtpx:hr>
          </gpxtpx:TrackPointExtension>
        </extensions>
      </trkpt>
      <trkpt lat="32.06361024401126" lon="118.59517300618559">
        <ele>32.6</ele>
        <time>2026-08-21T23:30:02Z</time>
        <extensions>
          <gpxtpx:TrackPointExtension>
            <gpxtpx:hr>162</gpxtpx:hr>
          </gpxtpx:TrackPointExtension>
        </extensions>
      </trkpt>
      <trkpt lat="32.06358623623839" lon="118.59519500754426">
        <ele>32.6</ele>
        <time>2026-08-21T23:30:03Z</time>
        <extensions>
          <gpxtpx:TrackPointExtension>
            <gpxtpx:hr>162</gpxtpx:hr>
          </gpxtpx:TrackPointExtension>
        </extensions>
      </trkpt>
      <trkpt lat="32.063563228664464" lon="118.59521700878769">
        <ele>32.0</ele>
        <time>2026-08-21T23:30:04Z</time>
        <extensions>
          <gpxtpx:TrackPointExtension>
            <gpxtpx:hr>162</gpxtpx:hr>
          </gpxtpx:TrackPointExtension>
        </extensions>
      </trkpt>
      <trkpt lat="32.06354122117384" lon="118.59524000987648">
        <ele>32.0</ele>
        <time>2026-08-21T23:30:05Z</time>
        <extensions>
          <gpxtpx:TrackPointExtension>
            <gpxtpx:hr>162</gpxtpx:hr>
          </gpxtpx:TrackPointExtension>
        </extensions>
      </trkpt>
      <trkpt lat="32.06352021388024" lon="118.5952630108477">
        <ele>32.0</ele>
        <time>2026-08-21T23:30:06Z</time>
        <extensions>
          <gpxtpx:TrackPointExtension>
            <gpxtpx:hr>162</gpxtpx:hr>
          </gpxtpx:TrackPointExtension>
        </extensions>
      </trkpt>
      <trkpt lat="32.0635002065483" lon="118.59528801161761">
        <ele>32.0</ele>
        <time>2026-08-21T23:30:07Z</time>
        <extensions>
          <gpxtpx:TrackPointExtension>
            <gpxtpx:hr>162</gpxtpx:hr>
          </gpxtpx:TrackPointExtension>
        </extensions>
      </trkpt>
      <trkpt lat="32.06348019918914" lon="118.59531301235506">
        <ele>32.0</ele>
        <time>2026-08-21T23:30:08Z</time>
        <extensions>
          <gpxtpx:TrackPointExtension>
            <gpxtpx:hr>162</gpxtpx:hr>
          </gpxtpx:TrackPointExtension>
        </extensions>
      </trkpt>
      <trkpt lat="32.06346019192265" lon="118.59533701310455">
        <ele>31.5</ele>
        <time>2026-08-21T23:30:09Z</time>
        <extensions>
          <gpxtpx:TrackPointExtension>
            <gpxtpx:hr>161</gpxtpx:hr>
          </gpxtpx:TrackPointExtension>
        </extensions>
      </trkpt>
      <trkpt lat="32.06344018475195" lon="118.59536001386984">
        <ele>31.5</ele>
        <time>2026-08-21T23:30:10Z</time>
        <extensions>
          <gpxtpx:TrackPointExtension>
            <gpxtpx:hr>161</gpxtpx:hr>
          </gpxtpx:TrackPointExtension>
        </extensions>
      </trkpt>
      <trkpt lat="32.06342017731441" lon="118.59538501451384">
        <ele>31.5</ele>
        <time>2026-08-21T23:30:11Z</time>
        <extensions>
          <gpxtpx:TrackPointExtension>
            <gpxtpx:hr>161</gpxtpx:hr>
          </gpxtpx:TrackPointExtension>
        </extensions>
      </trkpt>
      <trkpt lat="32.063397168696824" lon="118.59541401520221">
        <ele>31.5</ele>
        <time>2026-08-21T23:30:12Z</time>
        <extensions>
          <gpxtpx:TrackPointExtension>
            <gpxtpx:hr>161</gpxtpx:hr>
          </gpxtpx:TrackPointExtension>
        </extensions>
      </trkpt>
      <trkpt lat="32.06337716107624" lon="118.59544001572633">
        <ele>31.5</ele>
        <time>2026-08-21T23:30:13Z</time>
        <extensions>
          <gpxtpx:TrackPointExtension>
            <gpxtpx:hr>161</gpxtpx:hr>
          </gpxtpx:TrackPointExtension>
        </extensions>
      </trkpt>
      <trkpt lat="32.06335515298595" lon="118.59546601639556">
        <ele>31.4</ele>
        <time>2026-08-21T23:30:14Z</time>
        <extensions>
          <gpxtpx:TrackPointExtension>
            <gpxtpx:hr>160</gpxtpx:hr>
          </gpxtpx:TrackPointExtension>
        </extensions>
      </trkpt>
      <trkpt lat="32.06333014458529" lon="118.59548901745728">
        <ele>31.4</ele>
        <time>2026-08-21T23:30:15Z</time>
        <extensions>
          <gpxtpx:TrackPointExtension>
            <gpxtpx:hr>160</gpxtpx:hr>
          </gpxtpx:TrackPointExtension>
        </extensions>
      </trkpt>
      <trkpt lat="32.06330513730673" lon="118.5955030189714">
        <ele>31.4</ele>
        <time>2026-08-21T23:30:16Z</time>
        <extensions>
          <gpxtpx:TrackPointExtension>
            <gpxtpx:hr>160</gpxtpx:hr>
          </gpxtpx:TrackPointExtension>
        </extensions>
      </trkpt>
      <trkpt lat="32.0632851313756" lon="118.59551502013242">
        <ele>31.4</ele>
        <time>2026-08-21T23:30:17Z</time>
        <extensions>
          <gpxtpx:TrackPointExtension>
            <gpxtpx:hr>160</gpxtpx:hr>
          </gpxtpx:TrackPointExtension>
        </extensions>
      </trkpt>
      <trkpt lat="32.06327312565935" lon="118.59553901990961">
        <ele>31.4</ele>
        <time>2026-08-21T23:30:18Z</time>
        <extensions>
          <gpxtpx:TrackPointExtension>
            <gpxtpx:hr>160</gpxtpx:hr>
          </gpxtpx:TrackPointExtension>
        </extensions>
      </trkpt>
      <trkpt lat="32.06325311789728" lon="118.59556502026514">
        <ele>31.3</ele>
        <time>2026-08-21T23:30:19Z</time>
        <extensions>
          <gpxtpx:TrackPointExtension>
            <gpxtpx:hr>160</gpxtpx:hr>
          </gpxtpx:TrackPointExtension>
        </extensions>
      </trkpt>
      <trkpt lat="32.063225109128695" lon="118.59558502165125">
        <ele>31.3</ele>
        <time>2026-08-21T23:30:20Z</time>
        <extensions>
          <gpxtpx:TrackPointExtension>
            <gpxtpx:hr>160</gpxtpx:hr>
          </gpxtpx:TrackPointExtension>
        </extensions>
      </trkpt>
      <trkpt lat="32.063198100825595" lon="118.59560302304315">
        <ele>31.3</ele>
        <time>2026-08-21T23:30:21Z</time>
        <extensions>
          <gpxtpx:TrackPointExtension>
            <gpxtpx:hr>160</gpxtpx:hr>
          </gpxtpx:TrackPointExtension>
        </extensions>
      </trkpt>
      <trkpt lat="32.0631720929927" lon="118.59561902444649">
        <ele>31.3</ele>
        <time>2026-08-21T23:30:22Z</time>
        <extensions>
          <gpxtpx:TrackPointExtension>
            <gpxtpx:hr>160</gpxtpx:hr>
          </gpxtpx:TrackPointExtension>
        </extensions>
      </trkpt>
      <trkpt lat="32.06314708536875" lon="118.59563502574646">
        <ele>31.3</ele>
        <time>2026-08-21T23:30:23Z</time>
        <extensions>
          <gpxtpx:TrackPointExtension>
            <gpxtpx:hr>160</gpxtpx:hr>
          </gpxtpx:TrackPointExtension>
        </extensions>
      </trkpt>
      <trkpt lat="32.063121077780124" lon="118.59564902724465">
        <ele>31.3</ele>
        <time>2026-08-21T23:30:24Z</time>
        <extensions>
          <gpxtpx:TrackPointExtension>
            <gpxtpx:hr>160</gpxtpx:hr>
          </gpxtpx:TrackPointExtension>
        </extensions>
      </trkpt>
      <trkpt lat="32.06309607053701" lon="118.59566202870397">
        <ele>31.3</ele>
        <time>2026-08-21T23:30:25Z</time>
        <extensions>
          <gpxtpx:TrackPointExtension>
            <gpxtpx:hr>160</gpxtpx:hr>
          </gpxtpx:TrackPointExtension>
        </extensions>
      </trkpt>
      <trkpt lat="32.063071063286394" lon="118.5956750301545">
        <ele>31.3</ele>
        <time>2026-08-21T23:30:26Z</time>
        <extensions>
          <gpxtpx:TrackPointExtension>
            <gpxtpx:hr>160</gpxtpx:hr>
          </gpxtpx:TrackPointExtension>
        </extensions>
      </trkpt>
      <trkpt lat="32.06304405545272" lon="118.59568903171376">
        <ele>31.3</ele>
        <time>2026-08-21T23:30:27Z</time>
        <extensions>
          <gpxtpx:TrackPointExtension>
            <gpxtpx:hr>160</gpxtpx:hr>
          </gpxtpx:TrackPointExtension>
        </extensions>
      </trkpt>
      <trkpt lat="32.06301804783059" lon="118.59570303317275">
        <ele>31.3</ele>
        <time>2026-08-21T23:30:28Z</time>
        <extensions>
          <gpxtpx:TrackPointExtension>
            <gpxtpx:hr>160</gpxtpx:hr>
          </gpxtpx:TrackPointExtension>
        </extensions>
      </trkpt>
      <trkpt lat="32.06299204019979" lon="118.59571703462161">
        <ele>31.3</ele>
        <time>2026-08-21T23:30:29Z</time>
        <extensions>
          <gpxtpx:TrackPointExtension>
            <gpxtpx:hr>160</gpxtpx:hr>
          </gpxtpx:TrackPointExtension>
        </extensions>
      </trkpt>
      <trkpt lat="32.06296503261379" lon="118.59572903628009">
        <ele>31.3</ele>
        <time>2026-08-21T23:30:30Z</time>
        <extensions>
          <gpxtpx:TrackPointExtension>
            <gpxtpx:hr>160</gpxtpx:hr>
          </gpxtpx:TrackPointExtension>
        </extensions>
      </trkpt>
      <trkpt lat="32.0629370246637" lon="118.59574203795574">
        <ele>31.3</ele>
        <time>2026-08-21T23:30:31Z</time>
        <extensions>
          <gpxtpx:TrackPointExtension>
            <gpxtpx:hr>160</gpxtpx:hr>
          </gpxtpx:TrackPointExtension>
        </extensions>
      </trkpt>
      <trkpt lat="32.062909016843996" lon="118.59575403968876">
        <ele>31.3</ele>
        <time>2026-08-21T23:30:32Z</time>
        <extensions>
          <gpxtpx:TrackPointExtension>
            <gpxtpx:hr>160</gpxtpx:hr>
          </gpxtpx:TrackPointExtension>
        </extensions>
      </trkpt>
      <trkpt lat="32.06288100887938" lon="118.59576704134757">
        <ele>31.3</ele>
        <time>2026-08-21T23:30:33Z</time>
        <extensions>
          <gpxtpx:TrackPointExtension>
            <gpxtpx:hr>160</gpxtpx:hr>
          </gpxtpx:TrackPointExtension>
        </extensions>
      </trkpt>
      <trkpt lat="32.062853001046236" lon="118.59577904306505">
        <ele>31.3</ele>
        <time>2026-08-21T23:30:34Z</time>
        <extensions>
          <gpxtpx:TrackPointExtension>
            <gpxtpx:hr>160</gpxtpx:hr>
          </gpxtpx:TrackPointExtension>
        </extensions>
      </trkpt>
      <trkpt lat="32.06282399298633" lon="118.59579104486515">
        <ele>31.3</ele>
        <time>2026-08-21T23:30:35Z</time>
        <extensions>
          <gpxtpx:TrackPointExtension>
            <gpxtpx:hr>160</gpxtpx:hr>
          </gpxtpx:TrackPointExtension>
        </extensions>
      </trkpt>
      <trkpt lat="32.062793984699624" lon="118.59580304674787">
        <ele>31.3</ele>
        <time>2026-08-21T23:30:36Z</time>
        <extensions>
          <gpxtpx:TrackPointExtension>
            <gpxtpx:hr>160</gpxtpx:hr>
          </gpxtpx:TrackPointExtension>
        </extensions>
      </trkpt>
      <trkpt lat="32.062762976467106" lon="118.59581304885162">
        <ele>31.3</ele>
        <time>2026-08-21T23:30:37Z</time>
        <extensions>
          <gpxtpx:TrackPointExtension>
            <gpxtpx:hr>160</gpxtpx:hr>
          </gpxtpx:TrackPointExtension>
        </extensions>
      </trkpt>
      <trkpt lat="32.062736969613375" lon="118.59582105063899">
        <ele>31.3</ele>
        <time>2026-08-21T23:30:38Z</time>
        <extensions>
          <gpxtpx:TrackPointExtension>
            <gpxtpx:hr>160</gpxtpx:hr>
          </gpxtpx:TrackPointExtension>
        </extensions>
      </trkpt>
      <trkpt lat="32.06270996253633" lon="118.59582905251314">
        <ele>31.2</ele>
        <time>2026-08-21T23:30:39Z</time>
        <extensions>
          <gpxtpx:TrackPointExtension>
            <gpxtpx:hr>160</gpxtpx:hr>
          </gpxtpx:TrackPointExtension>
        </extensions>
      </trkpt>
      <trkpt lat="32.06267895429181" lon="118.59583905460342">
        <ele>31.2</ele>
        <time>2026-08-21T23:30:40Z</time>
        <extensions>
          <gpxtpx:TrackPointExtension>
            <gpxtpx:hr>160</gpxtpx:hr>
          </gpxtpx:TrackPointExtension>
        </extensions>
      </trkpt>
      <trkpt lat="32.06264694568028" lon="118.59585005670756">
        <ele>31.2</ele>
        <time>2026-08-21T23:30:41Z</time>
        <extensions>
          <gpxtpx:TrackPointExtension>
            <gpxtpx:hr>160</gpxtpx:hr>
          </gpxtpx:TrackPointExtension>
        </extensions>
      </trkpt>
      <trkpt lat="32.06261493677804" lon="118.59586305866208">
        <ele>31.2</ele>
        <time>2026-08-21T23:30:42Z</time>
        <extensions>
          <gpxtpx:TrackPointExtension>
            <gpxtpx:hr>160</gpxtpx:hr>
          </gpxtpx:TrackPointExtension>
        </extensions>
      </trkpt>
      <trkpt lat="32.062583928088586" lon="118.59587606051774">
        <ele>31.2</ele>
        <time>2026-08-21T23:30:43Z</time>
        <extensions>
          <gpxtpx:TrackPointExtension>
            <gpxtpx:hr>160</gpxtpx:hr>
          </gpxtpx:TrackPointExtension>
        </extensions>
      </trkpt>
      <trkpt lat="32.062554920406974" lon="118.59588506247641">
        <ele>31.1</ele>
        <time>2026-08-21T23:30:44Z</time>
        <extensions>
          <gpxtpx:TrackPointExtension>
            <gpxtpx:hr>160</gpxtpx:hr>
          </gpxtpx:TrackPointExtension>
        </extensions>
      </trkpt>
      <trkpt lat="32.06252591286555" lon="118.59589306450421">
        <ele>31.1</ele>
        <time>2026-08-21T23:30:45Z</time>
        <extensions>
          <gpxtpx:TrackPointExtension>
            <gpxtpx:hr>160</gpxtpx:hr>
          </gpxtpx:TrackPointExtension>
        </extensions>
      </trkpt>
      <trkpt lat="32.062493904371266" lon="118.59590306665143">
        <ele>31.1</ele>
        <time>2026-08-21T23:30:46Z</time>
        <extensions>
          <gpxtpx:TrackPointExtension>
            <gpxtpx:hr>160</gpxtpx:hr>
          </gpxtpx:TrackPointExtension>
        </extensions>
      </trkpt>
      <trkpt lat="32.06246289609278" lon="118.59591306870337">
        <ele>31.1</ele>
        <time>2026-08-21T23:30:47Z</time>
        <extensions>
          <gpxtpx:TrackPointExtension>
            <gpxtpx:hr>160</gpxtpx:hr>
          </gpxtpx:TrackPointExtension>
        </extensions>
      </trkpt>
      <trkpt lat="32.0624328877396" lon="118.59592507051028">
        <ele>31.1</ele>
        <time>2026-08-21T23:30:48Z</time>
        <extensions>
          <gpxtpx:TrackPointExtension>
            <gpxtpx:hr>160</gpxtpx:hr>
          </gpxtpx:TrackPointExtension>
        </extensions>
      </trkpt>
      <trkpt lat="32.062404880112354" lon="118.59593507228058">
        <ele>30.9</ele>
        <time>2026-08-21T23:30:49Z</time>
        <extensions>
          <gpxtpx:TrackPointExtension>
            <gpxtpx:hr>161</gpxtpx:hr>
          </gpxtpx:TrackPointExtension>
        </extensions>
      </trkpt>
      <trkpt lat="32.062377872847144" lon="118.59594407403158">
        <ele>30.9</ele>
        <time>2026-08-21T23:30:50Z</time>
        <extensions>
          <gpxtpx:TrackPointExtension>
            <gpxtpx:hr>161</gpxtpx:hr>
          </gpxtpx:TrackPointExtension>
        </extensions>
      </trkpt>
      <trkpt lat="32.06234986521124" lon="118.59595407579205">
        <ele>30.9</ele>
        <time>2026-08-21T23:30:51Z</time>
        <extensions>
          <gpxtpx:TrackPointExtension>
            <gpxtpx:hr>161</gpxtpx:hr>
          </gpxtpx:TrackPointExtension>
        </extensions>
      </trkpt>
      <trkpt lat="32.06232185757078" lon="118.59596407754734">
        <ele>30.9</ele>
        <time>2026-08-21T23:30:52Z</time>
        <extensions>
          <gpxtpx:TrackPointExtension>
            <gpxtpx:hr>161</gpxtpx:hr>
          </gpxtpx:TrackPointExtension>
        </extensions>
      </trkpt>
      <trkpt lat="32.06229384948331" lon="118.59597707906478">
        <ele>30.9</ele>
        <time>2026-08-21T23:30:53Z</time>
        <extensions>
          <gpxtpx:TrackPointExtension>
            <gpxtpx:hr>161</gpxtpx:hr>
          </gpxtpx:TrackPointExtension>
        </extensions>
      </trkpt>
      <trkpt lat="32.062265840943795" lon="118.5959930803383">
        <ele>30.7</ele>
        <time>2026-08-21T23:30:54Z</time>
        <extensions>
          <gpxtpx:TrackPointExtension>
            <gpxtpx:hr>162</gpxtpx:hr>
          </gpxtpx:TrackPointExtension>
        </extensions>
      </trkpt>
      <trkpt lat="32.06223883291125" lon="118.59600708166697">
        <ele>30.7</ele>
        <time>2026-08-21T23:30:55Z</time>
        <extensions>
          <gpxtpx:TrackPointExtension>
            <gpxtpx:hr>162</gpxtpx:hr>
          </gpxtpx:TrackPointExtension>
        </extensions>
      </trkpt>
      <trkpt lat="32.06221482568092" lon="118.59602008279514">
        <ele>30.7</ele>
        <time>2026-08-21T23:30:56Z</time>
        <extensions>
          <gpxtpx:TrackPointExtension>
            <gpxtpx:hr>162</gpxtpx:hr>
          </gpxtpx:TrackPointExtension>
        </extensions>
      </trkpt>
      <trkpt lat="32.062186817411146" lon="118.59603408419434">
        <ele>30.7</ele>
        <time>2026-08-21T23:30:57Z</time>
        <extensions>
          <gpxtpx:TrackPointExtension>
            <gpxtpx:hr>162</gpxtpx:hr>
          </gpxtpx:TrackPointExtension>
        </extensions>
      </trkpt>
      <trkpt lat="32.062158809433825" lon="118.59604608574593">
        <ele>30.7</ele>
        <time>2026-08-21T23:30:58Z</time>
        <extensions>
          <gpxtpx:TrackPointExtension>
            <gpxtpx:hr>162</gpxtpx:hr>
          </gpxtpx:TrackPointExtension>
        </extensions>
      </trkpt>
      <trkpt lat="32.062130801298984" lon="118.59605908720819">
        <ele>30.6</ele>
        <time>2026-08-21T23:30:59Z</time>
        <extensions>
          <gpxtpx:TrackPointExtension>
            <gpxtpx:hr>163</gpxtpx:hr>
          </gpxtpx:TrackPointExtension>
        </extensions>
      </trkpt>
      <trkpt lat="32.06209979219165" lon="118.59607408876678">
        <ele>30.6</ele>
        <time>2026-08-21T23:31:00Z</time>
        <extensions>
          <gpxtpx:TrackPointExtension>
            <gpxtpx:hr>163</gpxtpx:hr>
          </gpxtpx:TrackPointExtension>
        </extensions>
      </trkpt>
      <trkpt lat="32.06207378448168" lon="118.59608709003005">
        <ele>30.6</ele>
        <time>2026-08-21T23:31:01Z</time>
        <extensions>
          <gpxtpx:TrackPointExtension>
            <gpxtpx:hr>163</gpxtpx:hr>
          </gpxtpx:TrackPointExtension>
        </extensions>
      </trkpt>
      <trkpt lat="32.06205177810475" lon="118.59609709117603">
        <ele>30.6</ele>
        <time>2026-08-21T23:31:02Z</time>
        <extensions>
          <gpxtpx:TrackPointExtension>
            <gpxtpx:hr>163</gpxtpx:hr>
          </gpxtpx:TrackPointExtension>
        </extensions>
      </trkpt>
      <trkpt lat="32.06202477000765" lon="118.5961110924294">
        <ele>30.6</ele>
        <time>2026-08-21T23:31:03Z</time>
        <extensions>
          <gpxtpx:TrackPointExtension>
            <gpxtpx:hr>163</gpxtpx:hr>
          </gpxtpx:TrackPointExtension>
        </extensions>
      </trkpt>
      <trkpt lat="32.061996761681314" lon="118.5961250937627">
        <ele>30.3</ele>
        <time>2026-08-21T23:31:04Z</time>
        <extensions>
          <gpxtpx:TrackPointExtension>
            <gpxtpx:hr>161</gpxtpx:hr>
          </gpxtpx:TrackPointExtension>
        </extensions>
      </trkpt>
      <trkpt lat="32.06197075363285" lon="118.59614009481966">
        <ele>30.3</ele>
        <time>2026-08-21T23:31:05Z</time>
        <extensions>
          <gpxtpx:TrackPointExtension>
            <gpxtpx:hr>161</gpxtpx:hr>
          </gpxtpx:TrackPointExtension>
        </extensions>
      </trkpt>
      <trkpt lat="32.06194474557448" lon="118.59615509586497">
        <ele>30.3</ele>
        <time>2026-08-21T23:31:06Z</time>
        <extensions>
          <gpxtpx:TrackPointExtension>
            <gpxtpx:hr>161</gpxtpx:hr>
          </gpxtpx:TrackPointExtension>
        </extensions>
      </trkpt>
      <trkpt lat="32.0619187373503" lon="118.59617109681102">
        <ele>30.3</ele>
        <time>2026-08-21T23:31:07Z</time>
        <extensions>
          <gpxtpx:TrackPointExtension>
            <gpxtpx:hr>161</gpxtpx:hr>
          </gpxtpx:TrackPointExtension>
        </extensions>
      </trkpt>
      <trkpt lat="32.06189172905088" lon="118.5961860979224">
        <ele>30.3</ele>
        <time>2026-08-21T23:31:08Z</time>
        <extensions>
          <gpxtpx:TrackPointExtension>
            <gpxtpx:hr>161</gpxtpx:hr>
          </gpxtpx:TrackPointExtension>
        </extensions>
      </trkpt>
      <trkpt lat="32.0618657208049" lon="118.59620209884281">
        <ele>30.2</ele>
        <time>2026-08-21T23:31:09Z</time>
        <extensions>
          <gpxtpx:TrackPointExtension>
            <gpxtpx:hr>161</gpxtpx:hr>
          </gpxtpx:TrackPointExtension>
        </extensions>
      </trkpt>
      <trkpt lat="32.061838712169106" lon="118.59621909974994">
        <ele>30.2</ele>
        <time>2026-08-21T23:31:10Z</time>
        <extensions>
          <gpxtpx:TrackPointExtension>
            <gpxtpx:hr>161</gpxtpx:hr>
          </gpxtpx:TrackPointExtension>
        </extensions>
      </trkpt>
      <trkpt lat="32.06181270389994" lon="118.59623510064307">
        <ele>30.2</ele>
        <time>2026-08-21T23:31:11Z</time>
        <extensions>
          <gpxtpx:TrackPointExtension>
            <gpxtpx:hr>161</gpxtpx:hr>
          </gpxtpx:TrackPointExtension>
        </extensions>
      </trkpt>
      <trkpt lat="32.06178569523953" lon="118.59625210152122">
        <ele>30.2</ele>
        <time>2026-08-21T23:31:12Z</time>
        <extensions>
          <gpxtpx:TrackPointExtension>
            <gpxtpx:hr>161</gpxtpx:hr>
          </gpxtpx:TrackPointExtension>
        </extensions>
      </trkpt>
      <trkpt lat="32.06176168786857" lon="118.59626510248471">
        <ele>30.2</ele>
        <time>2026-08-21T23:31:13Z</time>
        <extensions>
          <gpxtpx:TrackPointExtension>
            <gpxtpx:hr>161</gpxtpx:hr>
          </gpxtpx:TrackPointExtension>
        </extensions>
      </trkpt>
      <trkpt lat="32.061732679387" lon="118.59627810388987">
        <ele>30.2</ele>
        <time>2026-08-21T23:31:14Z</time>
        <extensions>
          <gpxtpx:TrackPointExtension>
            <gpxtpx:hr>161</gpxtpx:hr>
          </gpxtpx:TrackPointExtension>
        </extensions>
      </trkpt>
      <trkpt lat="32.061704671118534" lon="118.59629110519624">
        <ele>30.2</ele>
        <time>2026-08-21T23:31:15Z</time>
        <extensions>
          <gpxtpx:TrackPointExtension>
            <gpxtpx:hr>161</gpxtpx:hr>
          </gpxtpx:TrackPointExtension>
        </extensions>
      </trkpt>
      <trkpt lat="32.06168066388678" lon="118.59630310622806">
        <ele>30.2</ele>
        <time>2026-08-21T23:31:16Z</time>
        <extensions>
          <gpxtpx:TrackPointExtension>
            <gpxtpx:hr>161</gpxtpx:hr>
          </gpxtpx:TrackPointExtension>
        </extensions>
      </trkpt>
      <trkpt lat="32.06165565659011" lon="118.5963141074376">
        <ele>30.2</ele>
        <time>2026-08-21T23:31:17Z</time>
        <extensions>
          <gpxtpx:TrackPointExtension>
            <gpxtpx:hr>161</gpxtpx:hr>
          </gpxtpx:TrackPointExtension>
        </extensions>
      </trkpt>
      <trkpt lat="32.06162864900927" lon="118.59632410891666">
        <ele>30.2</ele>
        <time>2026-08-21T23:31:18Z</time>
        <extensions>
          <gpxtpx:TrackPointExtension>
            <gpxtpx:hr>161</gpxtpx:hr>
          </gpxtpx:TrackPointExtension>
        </extensions>
      </trkpt>
      <trkpt lat="32.061598640761886" lon="118.5963341106608">
        <ele>30.2</ele>
        <time>2026-08-21T23:31:19Z</time>
        <extensions>
          <gpxtpx:TrackPointExtension>
            <gpxtpx:hr>162</gpxtpx:hr>
          </gpxtpx:TrackPointExtension>
        </extensions>
      </trkpt>
      <trkpt lat="32.061569633057296" lon="118.59634211250282">
        <ele>30.2</ele>
        <time>2026-08-21T23:31:20Z</time>
        <extensions>
          <gpxtpx:TrackPointExtension>
            <gpxtpx:hr>162</gpxtpx:hr>
          </gpxtpx:TrackPointExtension>
        </extensions>
      </trkpt>
      <trkpt lat="32.061539625292625" lon="118.5963491145285">
        <ele>30.2</ele>
        <time>2026-08-21T23:31:21Z</time>
        <extensions>
          <gpxtpx:TrackPointExtension>
            <gpxtpx:hr>162</gpxtpx:hr>
          </gpxtpx:TrackPointExtension>
        </extensions>
      </trkpt>
      <trkpt lat="32.061510617582364" lon="118.5963571163643">
        <ele>30.2</ele>
        <time>2026-08-21T23:31:22Z</time>
        <extensions>
          <gpxtpx:TrackPointExtension>
            <gpxtpx:hr>162</gpxtpx:hr>
          </gpxtpx:TrackPointExtension>
        </extensions>
      </trkpt>
      <trkpt lat="32.0614816098691" lon="118.59636511819681">
        <ele>30.2</ele>
        <time>2026-08-21T23:31:23Z</time>
        <extensions>
          <gpxtpx:TrackPointExtension>
            <gpxtpx:hr>162</gpxtpx:hr>
          </gpxtpx:TrackPointExtension>
        </extensions>
      </trkpt>
      <trkpt lat="32.061451601932106" lon="118.59637312011608">
        <ele>30.0</ele>
        <time>2026-08-21T23:31:24Z</time>
        <extensions>
          <gpxtpx:TrackPointExtension>
            <gpxtpx:hr>163</gpxtpx:hr>
          </gpxtpx:TrackPointExtension>
        </extensions>
      </trkpt>
      <trkpt lat="32.061421594486845" lon="118.59637812232738">
        <ele>30.0</ele>
        <time>2026-08-21T23:31:25Z</time>
        <extensions>
          <gpxtpx:TrackPointExtension>
            <gpxtpx:hr>163</gpxtpx:hr>
          </gpxtpx:TrackPointExtension>
        </extensions>
      </trkpt>
      <trkpt lat="32.061391587205286" lon="118.59638212463598">
        <ele>30.0</ele>
        <time>2026-08-21T23:31:26Z</time>
        <extensions>
          <gpxtpx:TrackPointExtension>
            <gpxtpx:hr>163</gpxtpx:hr>
          </gpxtpx:TrackPointExtension>
        </extensions>
      </trkpt>
      <trkpt lat="32.061360580032336" lon="118.59638412723127">
        <ele>30.0</ele>
        <time>2026-08-21T23:31:27Z</time>
        <extensions>
          <gpxtpx:TrackPointExtension>
            <gpxtpx:hr>163</gpxtpx:hr>
          </gpxtpx:TrackPointExtension>
        </extensions>
      </trkpt>
      <trkpt lat="32.061328572803355" lon="118.59638513001521">
        <ele>30.0</ele>
        <time>2026-08-21T23:31:28Z</time>
        <extensions>
          <gpxtpx:TrackPointExtension>
            <gpxtpx:hr>163</gpxtpx:hr>
          </gpxtpx:TrackPointExtension>
        </extensions>
      </trkpt>
      <trkpt lat="32.06129456579295" lon="118.59638213337394">
        <ele>29.8</ele>
        <time>2026-08-21T23:31:29Z</time>
        <extensions>
          <gpxtpx:TrackPointExtension>
            <gpxtpx:hr>163</gpxtpx:hr>
          </gpxtpx:TrackPointExtension>
        </extensions>
      </trkpt>
      <trkpt lat="32.06126055911152" lon="118.59637713692892">
        <ele>29.8</ele>
        <time>2026-08-21T23:31:30Z</time>
        <extensions>
          <gpxtpx:TrackPointExtension>
            <gpxtpx:hr>163</gpxtpx:hr>
          </gpxtpx:TrackPointExtension>
        </extensions>
      </trkpt>
      <trkpt lat="32.06122755232018" lon="118.59637414019632">
        <ele>29.8</ele>
        <time>2026-08-21T23:31:31Z</time>
        <extensions>
          <gpxtpx:TrackPointExtension>
            <gpxtpx:hr>163</gpxtpx:hr>
          </gpxtpx:TrackPointExtension>
        </extensions>
      </trkpt>
      <trkpt lat="32.06119854575277" lon="118.5963751427105">
        <ele>29.8</ele>
        <time>2026-08-21T23:31:32Z</time>
        <extensions>
          <gpxtpx:TrackPointExtension>
            <gpxtpx:hr>163</gpxtpx:hr>
          </gpxtpx:TrackPointExtension>
        </extensions>
      </trkpt>
      <trkpt lat="32.061168539293696" lon="118.59637414551112">
        <ele>29.8</ele>
        <time>2026-08-21T23:31:33Z</time>
        <extensions>
          <gpxtpx:TrackPointExtension>
            <gpxtpx:hr>163</gpxtpx:hr>
          </gpxtpx:TrackPointExtension>
        </extensions>
      </trkpt>
      <trkpt lat="32.06113753244887" lon="118.59637414830364">
        <ele>29.3</ele>
        <time>2026-08-21T23:31:34Z</time>
        <extensions>
          <gpxtpx:TrackPointExtension>
            <gpxtpx:hr>164</gpxtpx:hr>
          </gpxtpx:TrackPointExtension>
        </extensions>
      </trkpt>
      <trkpt lat="32.06110652576841" lon="118.5963731511943">
        <ele>29.3</ele>
        <time>2026-08-21T23:31:35Z</time>
        <extensions>
          <gpxtpx:TrackPointExtension>
            <gpxtpx:hr>164</gpxtpx:hr>
          </gpxtpx:TrackPointExtension>
        </extensions>
      </trkpt>
      <trkpt lat="32.06107551908763" lon="118.59637215408489">
        <ele>29.3</ele>
        <time>2026-08-21T23:31:36Z</time>
        <extensions>
          <gpxtpx:TrackPointExtension>
            <gpxtpx:hr>164</gpxtpx:hr>
          </gpxtpx:TrackPointExtension>
        </extensions>
      </trkpt>
      <trkpt lat="32.06104451240653" lon="118.59637115697544">
        <ele>29.3</ele>
        <time>2026-08-21T23:31:37Z</time>
        <extensions>
          <gpxtpx:TrackPointExtension>
            <gpxtpx:hr>164</gpxtpx:hr>
          </gpxtpx:TrackPointExtension>
        </extensions>
      </trkpt>
      <trkpt lat="32.0610155061668" lon="118.59637015968576">
        <ele>29.3</ele>
        <time>2026-08-21T23:31:38Z</time>
        <extensions>
          <gpxtpx:TrackPointExtension>
            <gpxtpx:hr>164</gpxtpx:hr>
          </gpxtpx:TrackPointExtension>
        </extensions>
      </trkpt>
      <trkpt lat="32.06099050081016" lon="118.59636916203569">
        <ele>28.7</ele>
        <time>2026-08-21T23:31:39Z</time>
        <extensions>
          <gpxtpx:TrackPointExtension>
            <gpxtpx:hr>164</gpxtpx:hr>
          </gpxtpx:TrackPointExtension>
        </extensions>
      </trkpt>
      <trkpt lat="32.06096249479074" lon="118.59636816465583">
        <ele>28.7</ele>
        <time>2026-08-21T23:31:40Z</time>
        <extensions>
          <gpxtpx:TrackPointExtension>
            <gpxtpx:hr>164</gpxtpx:hr>
          </gpxtpx:TrackPointExtension>
        </extensions>
      </trkpt>
      <trkpt lat="32.06093548882752" lon="118.596368167088">
        <ele>28.7</ele>
        <time>2026-08-21T23:31:41Z</time>
        <extensions>
          <gpxtpx:TrackPointExtension>
            <gpxtpx:hr>164</gpxtpx:hr>
          </gpxtpx:TrackPointExtension>
        </extensions>
      </trkpt>
      <trkpt lat="32.06090448198059" lon="118.59636816988049">
        <ele>28.7</ele>
        <time>2026-08-21T23:31:42Z</time>
        <extensions>
          <gpxtpx:TrackPointExtension>
            <gpxtpx:hr>164</gpxtpx:hr>
          </gpxtpx:TrackPointExtension>
        </extensions>
      </trkpt>
      <trkpt lat="32.0608724749125" lon="118.59636817276306">
        <ele>28.7</ele>
        <time>2026-08-21T23:31:43Z</time>
        <extensions>
          <gpxtpx:TrackPointExtension>
            <gpxtpx:hr>164</gpxtpx:hr>
          </gpxtpx:TrackPointExtension>
        </extensions>
      </trkpt>
      <trkpt lat="32.060841467900566" lon="118.59636917545768">
        <ele>28.4</ele>
        <time>2026-08-21T23:31:44Z</time>
        <extensions>
          <gpxtpx:TrackPointExtension>
            <gpxtpx:hr>165</gpxtpx:hr>
          </gpxtpx:TrackPointExtension>
        </extensions>
      </trkpt>
      <trkpt lat="32.06081046088831" lon="118.59637017815226">
        <ele>28.4</ele>
        <time>2026-08-21T23:31:45Z</time>
        <extensions>
          <gpxtpx:TrackPointExtension>
            <gpxtpx:hr>165</gpxtpx:hr>
          </gpxtpx:TrackPointExtension>
        </extensions>
      </trkpt>
      <trkpt lat="32.06077945371116" lon="118.59637218074873">
        <ele>28.4</ele>
        <time>2026-08-21T23:31:46Z</time>
        <extensions>
          <gpxtpx:TrackPointExtension>
            <gpxtpx:hr>165</gpxtpx:hr>
          </gpxtpx:TrackPointExtension>
        </extensions>
      </trkpt>
      <trkpt lat="32.060749446589796" lon="118.59637518315672">
        <ele>28.4</ele>
        <time>2026-08-21T23:31:47Z</time>
        <extensions>
          <gpxtpx:TrackPointExtension>
            <gpxtpx:hr>165</gpxtpx:hr>
          </gpxtpx:TrackPointExtension>
        </extensions>
      </trkpt>
      <trkpt lat="32.06071943913798" lon="118.59638018536745">
        <ele>28.4</ele>
        <time>2026-08-21T23:31:48Z</time>
        <extensions>
          <gpxtpx:TrackPointExtension>
            <gpxtpx:hr>165</gpxtpx:hr>
          </gpxtpx:TrackPointExtension>
        </extensions>
      </trkpt>
      <trkpt lat="32.060689431684835" lon="118.59638518757687">
        <ele>28.0</ele>
        <time>2026-08-21T23:31:49Z</time>
        <extensions>
          <gpxtpx:TrackPointExtension>
            <gpxtpx:hr>165</gpxtpx:hr>
          </gpxtpx:TrackPointExtension>
        </extensions>
      </trkpt>
      <trkpt lat="32.060659423899544" lon="118.59639218958692">
        <ele>28.0</ele>
        <time>2026-08-21T23:31:50Z</time>
        <extensions>
          <gpxtpx:TrackPointExtension>
            <gpxtpx:hr>165</gpxtpx:hr>
          </gpxtpx:TrackPointExtension>
        </extensions>
      </trkpt>
      <trkpt lat="32.060629416111865" lon="118.59639919159446">
        <ele>28.0</ele>
        <time>2026-08-21T23:31:51Z</time>
        <extensions>
          <gpxtpx:TrackPointExtension>
            <gpxtpx:hr>165</gpxtpx:hr>
          </gpxtpx:TrackPointExtension>
        </extensions>
      </trkpt>
      <trkpt lat="32.06059940798963" lon="118.59640819339974">
        <ele>28.0</ele>
        <time>2026-08-21T23:31:52Z</time>
        <extensions>
          <gpxtpx:TrackPointExtension>
            <gpxtpx:hr>165</gpxtpx:hr>
          </gpxtpx:TrackPointExtension>
        </extensions>
      </trkpt>
      <trkpt lat="32.060564398592234" lon="118.59641819555083">
        <ele>28.0</ele>
        <time>2026-08-21T23:31:53Z</time>
        <extensions>
          <gpxtpx:TrackPointExtension>
            <gpxtpx:hr>165</gpxtpx:hr>
          </gpxtpx:TrackPointExtension>
        </extensions>
      </trkpt>
      <trkpt lat="32.06053539068305" lon="118.5964271972572">
        <ele>27.8</ele>
        <time>2026-08-21T23:31:54Z</time>
        <extensions>
          <gpxtpx:TrackPointExtension>
            <gpxtpx:hr>165</gpxtpx:hr>
          </gpxtpx:TrackPointExtension>
        </extensions>
      </trkpt>
      <trkpt lat="32.060507382823744" lon="118.59643719876792">
        <ele>27.8</ele>
        <time>2026-08-21T23:31:55Z</time>
        <extensions>
          <gpxtpx:TrackPointExtension>
            <gpxtpx:hr>165</gpxtpx:hr>
          </gpxtpx:TrackPointExtension>
        </extensions>
      </trkpt>
      <trkpt lat="32.0604803751809" lon="118.59644720018339">
        <ele>27.8</ele>
        <time>2026-08-21T23:31:56Z</time>
        <extensions>
          <gpxtpx:TrackPointExtension>
            <gpxtpx:hr>165</gpxtpx:hr>
          </gpxtpx:TrackPointExtension>
        </extensions>
      </trkpt>
      <trkpt lat="32.06045236731254" lon="118.5964572016838">
        <ele>27.8</ele>
        <time>2026-08-21T23:31:57Z</time>
        <extensions>
          <gpxtpx:TrackPointExtension>
            <gpxtpx:hr>165</gpxtpx:hr>
          </gpxtpx:TrackPointExtension>
        </extensions>
      </trkpt>
      <trkpt lat="32.060424359439644" lon="118.59646720317905">
        <ele>27.8</ele>
        <time>2026-08-21T23:31:58Z</time>
        <extensions>
          <gpxtpx:TrackPointExtension>
            <gpxtpx:hr>165</gpxtpx:hr>
          </gpxtpx:TrackPointExtension>
        </extensions>
      </trkpt>
      <trkpt lat="32.0603973512757" lon="118.59648020426839">
        <ele>27.8</ele>
        <time>2026-08-21T23:31:59Z</time>
        <extensions>
          <gpxtpx:TrackPointExtension>
            <gpxtpx:hr>165</gpxtpx:hr>
          </gpxtpx:TrackPointExtension>
        </extensions>
      </trkpt>
      <trkpt lat="32.06037234184614" lon="118.59650320412331">
        <ele>27.8</ele>
        <time>2026-08-21T23:32:00Z</time>
        <extensions>
          <gpxtpx:TrackPointExtension>
            <gpxtpx:hr>165</gpxtpx:hr>
          </gpxtpx:TrackPointExtension>
        </extensions>
      </trkpt>
      <trkpt lat="32.06035033168554" lon="118.59653420283105">
        <ele>27.8</ele>
        <time>2026-08-21T23:32:01Z</time>
        <extensions>
          <gpxtpx:TrackPointExtension>
            <gpxtpx:hr>165</gpxtpx:hr>
          </gpxtpx:TrackPointExtension>
        </extensions>
      </trkpt>
      <trkpt lat="32.06032632121423" lon="118.59656420177737">
        <ele>27.8</ele>
        <time>2026-08-21T23:32:02Z</time>
        <extensions>
          <gpxtpx:TrackPointExtension>
            <gpxtpx:hr>165</gpxtpx:hr>
          </gpxtpx:TrackPointExtension>
        </extensions>
      </trkpt>
      <trkpt lat="32.060306312458415" lon="118.59658920086383">
        <ele>27.8</ele>
        <time>2026-08-21T23:32:03Z</time>
        <extensions>
          <gpxtpx:TrackPointExtension>
            <gpxtpx:hr>165</gpxtpx:hr>
          </gpxtpx:TrackPointExtension>
        </extensions>
      </trkpt>
      <trkpt lat="32.0602883048174" lon="118.59661020017965">
        <ele>27.7</ele>
        <time>2026-08-21T23:32:04Z</time>
        <extensions>
          <gpxtpx:TrackPointExtension>
            <gpxtpx:hr>165</gpxtpx:hr>
          </gpxtpx:TrackPointExtension>
        </extensions>
      </trkpt>
      <trkpt lat="32.060267296142555" lon="118.59663319952006">
        <ele>27.7</ele>
        <time>2026-08-21T23:32:05Z</time>
        <extensions>
          <gpxtpx:TrackPointExtension>
            <gpxtpx:hr>165</gpxtpx:hr>
          </gpxtpx:TrackPointExtension>
        </extensions>
      </trkpt>
      <trkpt lat="32.06024828753323" lon="118.5966581984275">
        <ele>27.7</ele>
        <time>2026-08-21T23:32:06Z</time>
        <extensions>
          <gpxtpx:TrackPointExtension>
            <gpxtpx:hr>165</gpxtpx:hr>
          </gpxtpx:TrackPointExtension>
        </extensions>
      </trkpt>
      <trkpt lat="32.06023027876192" lon="118.59668519698438">
        <ele>27.7</ele>
        <time>2026-08-21T23:32:07Z</time>
        <extensions>
          <gpxtpx:TrackPointExtension>
            <gpxtpx:hr>165</gpxtpx:hr>
          </gpxtpx:TrackPointExtension>
        </extensions>
      </trkpt>
      <trkpt lat="32.06021226977991" lon="118.59671319538806">
        <ele>27.7</ele>
        <time>2026-08-21T23:32:08Z</time>
        <extensions>
          <gpxtpx:TrackPointExtension>
            <gpxtpx:hr>165</gpxtpx:hr>
          </gpxtpx:TrackPointExtension>
        </extensions>
      </trkpt>
      <trkpt lat="32.060196261025744" lon="118.59674219345408">
        <ele>27.6</ele>
        <time>2026-08-21T23:32:09Z</time>
        <extensions>
          <gpxtpx:TrackPointExtension>
            <gpxtpx:hr>165</gpxtpx:hr>
          </gpxtpx:TrackPointExtension>
        </extensions>
      </trkpt>
      <trkpt lat="32.06018025205354" lon="118.5967721913581">
        <ele>27.6</ele>
        <time>2026-08-21T23:32:10Z</time>
        <extensions>
          <gpxtpx:TrackPointExtension>
            <gpxtpx:hr>165</gpxtpx:hr>
          </gpxtpx:TrackPointExtension>
        </extensions>
      </trkpt>
      <trkpt lat="32.06016424322566" lon="118.59680118933596">
        <ele>27.6</ele>
        <time>2026-08-21T23:32:11Z</time>
        <extensions>
          <gpxtpx:TrackPointExtension>
            <gpxtpx:hr>165</gpxtpx:hr>
          </gpxtpx:TrackPointExtension>
        </extensions>
      </trkpt>
      <trkpt lat="32.0601492343983" lon="118.59683118705874">
        <ele>27.6</ele>
        <time>2026-08-21T23:32:12Z</time>
        <extensions>
          <gpxtpx:TrackPointExtension>
            <gpxtpx:hr>165</gpxtpx:hr>
          </gpxtpx:TrackPointExtension>
        </extensions>
      </trkpt>
      <trkpt lat="32.06013422553221" lon="118.59686118473518">
        <ele>27.6</ele>
        <time>2026-08-21T23:32:13Z</time>
        <extensions>
          <gpxtpx:TrackPointExtension>
            <gpxtpx:hr>165</gpxtpx:hr>
          </gpxtpx:TrackPointExtension>
        </extensions>
      </trkpt>
      <trkpt lat="32.060121216882614" lon="118.59689218206027">
        <ele>27.6</ele>
        <time>2026-08-21T23:32:14Z</time>
        <extensions>
          <gpxtpx:TrackPointExtension>
            <gpxtpx:hr>166</gpxtpx:hr>
          </gpxtpx:TrackPointExtension>
        </extensions>
      </trkpt>
      <trkpt lat="32.06011020844557" lon="118.59692417902929">
        <ele>27.6</ele>
        <time>2026-08-21T23:32:15Z</time>
        <extensions>
          <gpxtpx:TrackPointExtension>
            <gpxtpx:hr>166</gpxtpx:hr>
          </gpxtpx:TrackPointExtension>
        </extensions>
      </trkpt>
      <trkpt lat="32.060102200438074" lon="118.59695717554716">
        <ele>27.6</ele>
        <time>2026-08-21T23:32:16Z</time>
        <extensions>
          <gpxtpx:TrackPointExtension>
            <gpxtpx:hr>166</gpxtpx:hr>
          </gpxtpx:TrackPointExtension>
        </extensions>
      </trkpt>
      <trkpt lat="32.06009519298715" lon="118.59698817217861">
        <ele>27.6</ele>
        <time>2026-08-21T23:32:17Z</time>
        <extensions>
          <gpxtpx:TrackPointExtension>
            <gpxtpx:hr>166</gpxtpx:hr>
          </gpxtpx:TrackPointExtension>
        </extensions>
      </trkpt>
      <trkpt lat="32.060089185523616" lon="118.59702016853915">
        <ele>27.6</ele>
        <time>2026-08-21T23:32:18Z</time>
        <extensions>
          <gpxtpx:TrackPointExtension>
            <gpxtpx:hr>166</gpxtpx:hr>
          </gpxtpx:TrackPointExtension>
        </extensions>
      </trkpt>
      <trkpt lat="32.060085178652145" lon="118.59705116479991">
        <ele>27.7</ele>
        <time>2026-08-21T23:32:19Z</time>
        <extensions>
          <gpxtpx:TrackPointExtension>
            <gpxtpx:hr>167</gpxtpx:hr>
          </gpxtpx:TrackPointExtension>
        </extensions>
      </trkpt>
      <trkpt lat="32.060081171544255" lon="118.59708316087656">
        <ele>27.7</ele>
        <time>2026-08-21T23:32:20Z</time>
        <extensions>
          <gpxtpx:TrackPointExtension>
            <gpxtpx:hr>167</gpxtpx:hr>
          </gpxtpx:TrackPointExtension>
        </extensions>
      </trkpt>
      <trkpt lat="32.06007916463808" lon="118.59711615658408">
        <ele>27.7</ele>
        <time>2026-08-21T23:32:21Z</time>
        <extensions>
          <gpxtpx:TrackPointExtension>
            <gpxtpx:hr>167</gpxtpx:hr>
          </gpxtpx:TrackPointExtension>
        </extensions>
      </trkpt>
      <trkpt lat="32.06008015854648" lon="118.5971481521034">
        <ele>27.7</ele>
        <time>2026-08-21T23:32:22Z</time>
        <extensions>
          <gpxtpx:TrackPointExtension>
            <gpxtpx:hr>167</gpxtpx:hr>
          </gpxtpx:TrackPointExtension>
        </extensions>
      </trkpt>
      <trkpt lat="32.060082152632056" lon="118.59718014748002">
        <ele>27.7</ele>
        <time>2026-08-21T23:32:23Z</time>
        <extensions>
          <gpxtpx:TrackPointExtension>
            <gpxtpx:hr>167</gpxtpx:hr>
          </gpxtpx:TrackPointExtension>
        </extensions>
      </trkpt>
      <trkpt lat="32.0600841466737" lon="118.59721214280401">
        <ele>27.9</ele>
        <time>2026-08-21T23:32:24Z</time>
        <extensions>
          <gpxtpx:TrackPointExtension>
            <gpxtpx:hr>166</gpxtpx:hr>
          </gpxtpx:TrackPointExtension>
        </extensions>
      </trkpt>
      <trkpt lat="32.06008714089254" lon="118.5972441379853">
        <ele>27.9</ele>
        <time>2026-08-21T23:32:25Z</time>
        <extensions>
          <gpxtpx:TrackPointExtension>
            <gpxtpx:hr>166</gpxtpx:hr>
          </gpxtpx:TrackPointExtension>
        </extensions>
      </trkpt>
      <trkpt lat="32.0600901352709" lon="118.59727513325856">
        <ele>27.9</ele>
        <time>2026-08-21T23:32:26Z</time>
        <extensions>
          <gpxtpx:TrackPointExtension>
            <gpxtpx:hr>166</gpxtpx:hr>
          </gpxtpx:TrackPointExtension>
        </extensions>
      </trkpt>
      <trkpt lat="32.06009413023855" lon="118.5973041286846">
        <ele>27.9</ele>
        <time>2026-08-21T23:32:27Z</time>
        <extensions>
          <gpxtpx:TrackPointExtension>
            <gpxtpx:hr>166</gpxtpx:hr>
          </gpxtpx:TrackPointExtension>
        </extensions>
      </trkpt>
      <trkpt lat="32.060101126039314" lon="118.59733212394467">
        <ele>27.9</ele>
        <time>2026-08-21T23:32:28Z</time>
        <extensions>
          <gpxtpx:TrackPointExtension>
            <gpxtpx:hr>166</gpxtpx:hr>
          </gpxtpx:TrackPointExtension>
        </extensions>
      </trkpt>
      <trkpt lat="32.06010812242743" lon="118.59735711961105">
        <ele>28.1</ele>
        <time>2026-08-21T23:32:29Z</time>
        <extensions>
          <gpxtpx:TrackPointExtension>
            <gpxtpx:hr>167</gpxtpx:hr>
          </gpxtpx:TrackPointExtension>
        </extensions>
      </trkpt>
      <trkpt lat="32.06011611859378" lon="118.59738411485505">
        <ele>28.1</ele>
        <time>2026-08-21T23:32:30Z</time>
        <extensions>
          <gpxtpx:TrackPointExtension>
            <gpxtpx:hr>167</gpxtpx:hr>
          </gpxtpx:TrackPointExtension>
        </extensions>
      </trkpt>
      <trkpt lat="32.06012811540401" lon="118.59741210954974">
        <ele>28.1</ele>
        <time>2026-08-21T23:32:31Z</time>
        <extensions>
          <gpxtpx:TrackPointExtension>
            <gpxtpx:hr>167</gpxtpx:hr>
          </gpxtpx:TrackPointExtension>
        </extensions>
      </trkpt>
      <trkpt lat="32.060141112401716" lon="118.59744010411411">
        <ele>28.1</ele>
        <time>2026-08-21T23:32:32Z</time>
        <extensions>
          <gpxtpx:TrackPointExtension>
            <gpxtpx:hr>167</gpxtpx:hr>
          </gpxtpx:TrackPointExtension>
        </extensions>
      </trkpt>
      <trkpt lat="32.060155110010136" lon="118.59746609885698">
        <ele>28.1</ele>
        <time>2026-08-21T23:32:33Z</time>
        <extensions>
          <gpxtpx:TrackPointExtension>
            <gpxtpx:hr>167</gpxtpx:hr>
          </gpxtpx:TrackPointExtension>
        </extensions>
      </trkpt>
      <trkpt lat="32.06017010823596" lon="118.59749009378639">
        <ele>28.9</ele>
        <time>2026-08-21T23:32:34Z</time>
        <extensions>
          <gpxtpx:TrackPointExtension>
            <gpxtpx:hr>168</gpxtpx:hr>
          </gpxtpx:TrackPointExtension>
        </extensions>
      </trkpt>
      <trkpt lat="32.06018710751995" lon="118.5975110889763">
        <ele>28.9</ele>
        <time>2026-08-21T23:32:35Z</time>
        <extensions>
          <gpxtpx:TrackPointExtension>
            <gpxtpx:hr>168</gpxtpx:hr>
          </gpxtpx:TrackPointExtension>
        </extensions>
      </trkpt>
      <trkpt lat="32.060205107006055" lon="118.59753208405353">
        <ele>28.9</ele>
        <time>2026-08-21T23:32:36Z</time>
        <extensions>
          <gpxtpx:TrackPointExtension>
            <gpxtpx:hr>168</gpxtpx:hr>
          </gpxtpx:TrackPointExtension>
        </extensions>
      </trkpt>
      <trkpt lat="32.06022310668848" lon="118.59755207926693">
        <ele>28.9</ele>
        <time>2026-08-21T23:32:37Z</time>
        <extensions>
          <gpxtpx:TrackPointExtension>
            <gpxtpx:hr>168</gpxtpx:hr>
          </gpxtpx:TrackPointExtension>
        </extensions>
      </trkpt>
      <trkpt lat="32.06024210679086" lon="118.59757107452948">
        <ele>28.9</ele>
        <time>2026-08-21T23:32:38Z</time>
        <extensions>
          <gpxtpx:TrackPointExtension>
            <gpxtpx:hr>168</gpxtpx:hr>
          </gpxtpx:TrackPointExtension>
        </extensions>
      </trkpt>
      <trkpt lat="32.06026410775774" lon="118.597589069664">
        <ele>29.9</ele>
        <time>2026-08-21T23:32:39Z</time>
        <extensions>
          <gpxtpx:TrackPointExtension>
            <gpxtpx:hr>168</gpxtpx:hr>
          </gpxtpx:TrackPointExtension>
        </extensions>
      </trkpt>
      <trkpt lat="32.060287109149264" lon="118.59760606485337">
        <ele>29.9</ele>
        <time>2026-08-21T23:32:40Z</time>
        <extensions>
          <gpxtpx:TrackPointExtension>
            <gpxtpx:hr>168</gpxtpx:hr>
          </gpxtpx:TrackPointExtension>
        </extensions>
      </trkpt>
      <trkpt lat="32.060311111404054" lon="118.59762006042484">
        <ele>29.9</ele>
        <time>2026-08-21T23:32:41Z</time>
        <extensions>
          <gpxtpx:TrackPointExtension>
            <gpxtpx:hr>168</gpxtpx:hr>
          </gpxtpx:TrackPointExtension>
        </extensions>
      </trkpt>
      <trkpt lat="32.06033511365028" lon="118.59763405598626">
        <ele>29.9</ele>
        <time>2026-08-21T23:32:42Z</time>
        <extensions>
          <gpxtpx:TrackPointExtension>
            <gpxtpx:hr>168</gpxtpx:hr>
          </gpxtpx:TrackPointExtension>
        </extensions>
      </trkpt>
      <trkpt lat="32.0603581158863" lon="118.59764705179138">
        <ele>29.9</ele>
        <time>2026-08-21T23:32:43Z</time>
        <extensions>
          <gpxtpx:TrackPointExtension>
            <gpxtpx:hr>168</gpxtpx:hr>
          </gpxtpx:TrackPointExtension>
        </extensions>
      </trkpt>
      <trkpt lat="32.06038111811493" lon="118.59766004758785">
        <ele>30.4</ele>
        <time>2026-08-21T23:32:44Z</time>
        <extensions>
          <gpxtpx:TrackPointExtension>
            <gpxtpx:hr>169</gpxtpx:hr>
          </gpxtpx:TrackPointExtension>
        </extensions>
      </trkpt>
      <trkpt lat="32.06040412011571" lon="118.59767404321065">
        <ele>30.4</ele>
        <time>2026-08-21T23:32:45Z</time>
        <extensions>
          <gpxtpx:TrackPointExtension>
            <gpxtpx:hr>169</gpxtpx:hr>
          </gpxtpx:TrackPointExtension>
        </extensions>
      </trkpt>
      <trkpt lat="32.06042712166569" lon="118.5976900384918">
        <ele>30.4</ele>
        <time>2026-08-21T23:32:46Z</time>
        <extensions>
          <gpxtpx:TrackPointExtension>
            <gpxtpx:hr>169</gpxtpx:hr>
          </gpxtpx:TrackPointExtension>
        </extensions>
      </trkpt>
      <trkpt lat="32.0604501225388" lon="118.59770903325962">
        <ele>30.4</ele>
        <time>2026-08-21T23:32:47Z</time>
        <extensions>
          <gpxtpx:TrackPointExtension>
            <gpxtpx:hr>169</gpxtpx:hr>
          </gpxtpx:TrackPointExtension>
        </extensions>
      </trkpt>
      <trkpt lat="32.06047112250865" lon="118.59773002785343">
        <ele>30.4</ele>
        <time>2026-08-21T23:32:48Z</time>
        <extensions>
          <gpxtpx:TrackPointExtension>
            <gpxtpx:hr>169</gpxtpx:hr>
          </gpxtpx:TrackPointExtension>
        </extensions>
      </trkpt>
      <trkpt lat="32.060491121790875" lon="118.59775302217668">
        <ele>31.4</ele>
        <time>2026-08-21T23:32:49Z</time>
        <extensions>
          <gpxtpx:TrackPointExtension>
            <gpxtpx:hr>169</gpxtpx:hr>
          </gpxtpx:TrackPointExtension>
        </extensions>
      </trkpt>
      <trkpt lat="32.060510120379604" lon="118.59777801622232">
        <ele>31.4</ele>
        <time>2026-08-21T23:32:50Z</time>
        <extensions>
          <gpxtpx:TrackPointExtension>
            <gpxtpx:hr>169</gpxtpx:hr>
          </gpxtpx:TrackPointExtension>
        </extensions>
      </trkpt>
      <trkpt lat="32.06052711872553" lon="118.59780201058771">
        <ele>31.4</ele>
        <time>2026-08-21T23:32:51Z</time>
        <extensions>
          <gpxtpx:TrackPointExtension>
            <gpxtpx:hr>169</gpxtpx:hr>
          </gpxtpx:TrackPointExtension>
        </extensions>
      </trkpt>
      <trkpt lat="32.0605461179426" lon="118.59782400508897">
        <ele>31.4</ele>
        <time>2026-08-21T23:32:52Z</time>
        <extensions>
          <gpxtpx:TrackPointExtension>
            <gpxtpx:hr>169</gpxtpx:hr>
          </gpxtpx:TrackPointExtension>
        </extensions>
      </trkpt>
      <trkpt lat="32.06056911984414" lon="118.59783800059412">
        <ele>31.4</ele>
        <time>2026-08-21T23:32:53Z</time>
        <extensions>
          <gpxtpx:TrackPointExtension>
            <gpxtpx:hr>169</gpxtpx:hr>
          </gpxtpx:TrackPointExtension>
        </extensions>
      </trkpt>
      <trkpt lat="32.06059512445119" lon="118.5978429973842">
        <ele>32.4</ele>
        <time>2026-08-21T23:32:54Z</time>
        <extensions>
          <gpxtpx:TrackPointExtension>
            <gpxtpx:hr>168</gpxtpx:hr>
          </gpxtpx:TrackPointExtension>
        </extensions>
      </trkpt>
      <trkpt lat="32.06062413176946" lon="118.59783899546612">
        <ele>32.4</ele>
        <time>2026-08-21T23:32:55Z</time>
        <extensions>
          <gpxtpx:TrackPointExtension>
            <gpxtpx:hr>168</gpxtpx:hr>
          </gpxtpx:TrackPointExtension>
        </extensions>
      </trkpt>
      <trkpt lat="32.060653140223124" lon="118.5978299944129">
        <ele>32.4</ele>
        <time>2026-08-21T23:32:56Z</time>
        <extensions>
          <gpxtpx:TrackPointExtension>
            <gpxtpx:hr>168</gpxtpx:hr>
          </gpxtpx:TrackPointExtension>
        </extensions>
      </trkpt>
      <trkpt lat="32.060682148673095" lon="118.59782099335554">
        <ele>32.4</ele>
        <time>2026-08-21T23:32:57Z</time>
        <extensions>
          <gpxtpx:TrackPointExtension>
            <gpxtpx:hr>168</gpxtpx:hr>
          </gpxtpx:TrackPointExtension>
        </extensions>
      </trkpt>
      <trkpt lat="32.06071015689843" lon="118.59781199238414">
        <ele>32.4</ele>
        <time>2026-08-21T23:32:58Z</time>
        <extensions>
          <gpxtpx:TrackPointExtension>
            <gpxtpx:hr>168</gpxtpx:hr>
          </gpxtpx:TrackPointExtension>
        </extensions>
      </trkpt>
      <trkpt lat="32.060740165335886" lon="118.59780399105674">
        <ele>32.8</ele>
        <time>2026-08-21T23:32:59Z</time>
        <extensions>
          <gpxtpx:TrackPointExtension>
            <gpxtpx:hr>168</gpxtpx:hr>
          </gpxtpx:TrackPointExtension>
        </extensions>
      </trkpt>
      <trkpt lat="32.06076917309795" lon="118.59779798947349">
        <ele>32.8</ele>
        <time>2026-08-21T23:33:00Z</time>
        <extensions>
          <gpxtpx:TrackPointExtension>
            <gpxtpx:hr>168</gpxtpx:hr>
          </gpxtpx:TrackPointExtension>
        </extensions>
      </trkpt>
      <trkpt lat="32.060799180853564" lon="118.59779298762723">
        <ele>32.8</ele>
        <time>2026-08-21T23:33:01Z</time>
        <extensions>
          <gpxtpx:TrackPointExtension>
            <gpxtpx:hr>168</gpxtpx:hr>
          </gpxtpx:TrackPointExtension>
        </extensions>
      </trkpt>
      <trkpt lat="32.06082918838248" lon="118.5977889856088">
        <ele>32.8</ele>
        <time>2026-08-21T23:33:02Z</time>
        <extensions>
          <gpxtpx:TrackPointExtension>
            <gpxtpx:hr>168</gpxtpx:hr>
          </gpxtpx:TrackPointExtension>
        </extensions>
      </trkpt>
      <trkpt lat="32.060860195906066" lon="118.59778598332872">
        <ele>32.8</ele>
        <time>2026-08-21T23:33:03Z</time>
        <extensions>
          <gpxtpx:TrackPointExtension>
            <gpxtpx:hr>168</gpxtpx:hr>
          </gpxtpx:TrackPointExtension>
        </extensions>
      </trkpt>
      <trkpt lat="32.06088920298724" lon="118.59778298122835">
        <ele>33.7</ele>
        <time>2026-08-21T23:33:04Z</time>
        <extensions>
          <gpxtpx:TrackPointExtension>
            <gpxtpx:hr>169</gpxtpx:hr>
          </gpxtpx:TrackPointExtension>
        </extensions>
      </trkpt>
      <trkpt lat="32.06091120874671" lon="118.59777897992852">
        <ele>33.7</ele>
        <time>2026-08-21T23:33:05Z</time>
        <extensions>
          <gpxtpx:TrackPointExtension>
            <gpxtpx:hr>169</gpxtpx:hr>
          </gpxtpx:TrackPointExtension>
        </extensions>
      </trkpt>
      <trkpt lat="32.060936215392736" lon="118.5977739785278">
        <ele>33.7</ele>
        <time>2026-08-21T23:33:06Z</time>
        <extensions>
          <gpxtpx:TrackPointExtension>
            <gpxtpx:hr>169</gpxtpx:hr>
          </gpxtpx:TrackPointExtension>
        </extensions>
      </trkpt>
      <trkpt lat="32.06096822380802" lon="118.59776797666508">
        <ele>33.7</ele>
        <time>2026-08-21T23:33:07Z</time>
        <extensions>
          <gpxtpx:TrackPointExtension>
            <gpxtpx:hr>169</gpxtpx:hr>
          </gpxtpx:TrackPointExtension>
        </extensions>
      </trkpt>
      <trkpt lat="32.06099523089296" lon="118.59776297508137">
        <ele>33.7</ele>
        <time>2026-08-21T23:33:08Z</time>
        <extensions>
          <gpxtpx:TrackPointExtension>
            <gpxtpx:hr>169</gpxtpx:hr>
          </gpxtpx:TrackPointExtension>
        </extensions>
      </trkpt>
      <trkpt lat="32.06102423774587" lon="118.597760972808">
        <ele>34.4</ele>
        <time>2026-08-21T23:33:09Z</time>
        <extensions>
          <gpxtpx:TrackPointExtension>
            <gpxtpx:hr>168</gpxtpx:hr>
          </gpxtpx:TrackPointExtension>
        </extensions>
      </trkpt>
      <trkpt lat="32.06105224460163" lon="118.59775797079385">
        <ele>34.4</ele>
        <time>2026-08-21T23:33:10Z</time>
        <extensions>
          <gpxtpx:TrackPointExtension>
            <gpxtpx:hr>168</gpxtpx:hr>
          </gpxtpx:TrackPointExtension>
        </extensions>
      </trkpt>
      <trkpt lat="32.06108025190461" lon="118.5977529691175">
        <ele>34.4</ele>
        <time>2026-08-21T23:33:11Z</time>
        <extensions>
          <gpxtpx:TrackPointExtension>
            <gpxtpx:hr>168</gpxtpx:hr>
          </gpxtpx:TrackPointExtension>
        </extensions>
      </trkpt>
      <trkpt lat="32.061106258988296" lon="118.59774696778881">
        <ele>34.4</ele>
        <time>2026-08-21T23:33:12Z</time>
        <extensions>
          <gpxtpx:TrackPointExtension>
            <gpxtpx:hr>168</gpxtpx:hr>
          </gpxtpx:TrackPointExtension>
        </extensions>
      </trkpt>
      <trkpt lat="32.061129265184455" lon="118.59774196656005">
        <ele>34.4</ele>
        <time>2026-08-21T23:33:13Z</time>
        <extensions>
          <gpxtpx:TrackPointExtension>
            <gpxtpx:hr>168</gpxtpx:hr>
          </gpxtpx:TrackPointExtension>
        </extensions>
      </trkpt>
      <trkpt lat="32.061156272485746" lon="118.5977359651379">
        <ele>34.7</ele>
        <time>2026-08-21T23:33:14Z</time>
        <extensions>
          <gpxtpx:TrackPointExtension>
            <gpxtpx:hr>168</gpxtpx:hr>
          </gpxtpx:TrackPointExtension>
        </extensions>
      </trkpt>
      <trkpt lat="32.06118428045177" lon="118.59772796395953">
        <ele>34.7</ele>
        <time>2026-08-21T23:33:15Z</time>
        <extensions>
          <gpxtpx:TrackPointExtension>
            <gpxtpx:hr>168</gpxtpx:hr>
          </gpxtpx:TrackPointExtension>
        </extensions>
      </trkpt>
      <trkpt lat="32.06121228863726" lon="118.59771896294521">
        <ele>34.7</ele>
        <time>2026-08-21T23:33:16Z</time>
        <extensions>
          <gpxtpx:TrackPointExtension>
            <gpxtpx:hr>168</gpxtpx:hr>
          </gpxtpx:TrackPointExtension>
        </extensions>
      </trkpt>
      <trkpt lat="32.06124029726304" lon="118.59770796226039">
        <ele>34.7</ele>
        <time>2026-08-21T23:33:17Z</time>
        <extensions>
          <gpxtpx:TrackPointExtension>
            <gpxtpx:hr>168</gpxtpx:hr>
          </gpxtpx:TrackPointExtension>
        </extensions>
      </trkpt>
      <trkpt lat="32.0612673058841" lon="118.59769596182562">
        <ele>34.7</ele>
        <time>2026-08-21T23:33:18Z</time>
        <extensions>
          <gpxtpx:TrackPointExtension>
            <gpxtpx:hr>168</gpxtpx:hr>
          </gpxtpx:TrackPointExtension>
        </extensions>
      </trkpt>
      <trkpt lat="32.06129431471969" lon="118.59768296154901">
        <ele>35.1</ele>
        <time>2026-08-21T23:33:19Z</time>
        <extensions>
          <gpxtpx:TrackPointExtension>
            <gpxtpx:hr>169</gpxtpx:hr>
          </gpxtpx:TrackPointExtension>
        </extensions>
      </trkpt>
      <trkpt lat="32.06132132376814" lon="118.59766896142852">
        <ele>35.1</ele>
        <time>2026-08-21T23:33:20Z</time>
        <extensions>
          <gpxtpx:TrackPointExtension>
            <gpxtpx:hr>169</gpxtpx:hr>
          </gpxtpx:TrackPointExtension>
        </extensions>
      </trkpt>
      <trkpt lat="32.06134833302765" lon="118.59765396146203">
        <ele>35.1</ele>
        <time>2026-08-21T23:33:21Z</time>
        <extensions>
          <gpxtpx:TrackPointExtension>
            <gpxtpx:hr>169</gpxtpx:hr>
          </gpxtpx:TrackPointExtension>
        </extensions>
      </trkpt>
      <trkpt lat="32.061369339857414" lon="118.5976439612077">
        <ele>35.1</ele>
        <time>2026-08-21T23:33:22Z</time>
        <extensions>
          <gpxtpx:TrackPointExtension>
            <gpxtpx:hr>169</gpxtpx:hr>
          </gpxtpx:TrackPointExtension>
        </extensions>
      </trkpt>
      <trkpt lat="32.06139434822183" lon="118.5976309610766">
        <ele>35.1</ele>
        <time>2026-08-21T23:33:23Z</time>
        <extensions>
          <gpxtpx:TrackPointExtension>
            <gpxtpx:hr>169</gpxtpx:hr>
          </gpxtpx:TrackPointExtension>
        </extensions>
      </trkpt>
      <trkpt lat="32.061420357453656" lon="118.59761496133301">
        <ele>35.6</ele>
        <time>2026-08-21T23:33:24Z</time>
        <extensions>
          <gpxtpx:TrackPointExtension>
            <gpxtpx:hr>169</gpxtpx:hr>
          </gpxtpx:TrackPointExtension>
        </extensions>
      </trkpt>
      <trkpt lat="32.06144436623291" lon="118.59759896175645">
        <ele>35.6</ele>
        <time>2026-08-21T23:33:25Z</time>
        <extensions>
          <gpxtpx:TrackPointExtension>
            <gpxtpx:hr>169</gpxtpx:hr>
          </gpxtpx:TrackPointExtension>
        </extensions>
      </trkpt>
      <trkpt lat="32.06146937565485" lon="118.59758096239732">
        <ele>35.6</ele>
        <time>2026-08-21T23:33:26Z</time>
        <extensions>
          <gpxtpx:TrackPointExtension>
            <gpxtpx:hr>169</gpxtpx:hr>
          </gpxtpx:TrackPointExtension>
        </extensions>
      </trkpt>
      <trkpt lat="32.06149338505777" lon="118.59756196327096">
        <ele>35.6</ele>
        <time>2026-08-21T23:33:27Z</time>
        <extensions>
          <gpxtpx:TrackPointExtension>
            <gpxtpx:hr>169</gpxtpx:hr>
          </gpxtpx:TrackPointExtension>
        </extensions>
      </trkpt>
      <trkpt lat="32.06151739465994" lon="118.59754196428439">
        <ele>35.6</ele>
        <time>2026-08-21T23:33:28Z</time>
        <extensions>
          <gpxtpx:TrackPointExtension>
            <gpxtpx:hr>169</gpxtpx:hr>
          </gpxtpx:TrackPointExtension>
        </extensions>
      </trkpt>
      <trkpt lat="32.06154140445879" lon="118.59752096543451">
        <ele>35.9</ele>
        <time>2026-08-21T23:33:29Z</time>
        <extensions>
          <gpxtpx:TrackPointExtension>
            <gpxtpx:hr>169</gpxtpx:hr>
          </gpxtpx:TrackPointExtension>
        </extensions>
      </trkpt>
      <trkpt lat="32.061564414230936" lon="118.59749896680819">
        <ele>35.9</ele>
        <time>2026-08-21T23:33:30Z</time>
        <extensions>
          <gpxtpx:TrackPointExtension>
            <gpxtpx:hr>169</gpxtpx:hr>
          </gpxtpx:TrackPointExtension>
        </extensions>
      </trkpt>
      <trkpt lat="32.061586423337324" lon="118.59747896793716">
        <ele>35.9</ele>
        <time>2026-08-21T23:33:31Z</time>
        <extensions>
          <gpxtpx:TrackPointExtension>
            <gpxtpx:hr>169</gpxtpx:hr>
          </gpxtpx:TrackPointExtension>
        </extensions>
      </trkpt>
      <trkpt lat="32.06160943306961" lon="118.59745696926343">
        <ele>35.9</ele>
        <time>2026-08-21T23:33:32Z</time>
        <extensions>
          <gpxtpx:TrackPointExtension>
            <gpxtpx:hr>169</gpxtpx:hr>
          </gpxtpx:TrackPointExtension>
        </extensions>
      </trkpt>
      <trkpt lat="32.06163244278101" lon="118.59743497056488">
        <ele>35.9</ele>
        <time>2026-08-21T23:33:33Z</time>
        <extensions>
          <gpxtpx:TrackPointExtension>
            <gpxtpx:hr>169</gpxtpx:hr>
          </gpxtpx:TrackPointExtension>
        </extensions>
      </trkpt>
      <trkpt lat="32.06165545268083" lon="118.59741197199311">
        <ele>36.2</ele>
        <time>2026-08-21T23:33:34Z</time>
        <extensions>
          <gpxtpx:TrackPointExtension>
            <gpxtpx:hr>170</gpxtpx:hr>
          </gpxtpx:TrackPointExtension>
        </extensions>
      </trkpt>
      <trkpt lat="32.061678462141174" lon="118.59739097309325">
        <ele>36.2</ele>
        <time>2026-08-21T23:33:35Z</time>
        <extensions>
          <gpxtpx:TrackPointExtension>
            <gpxtpx:hr>170</gpxtpx:hr>
          </gpxtpx:TrackPointExtension>
        </extensions>
      </trkpt>
      <trkpt lat="32.061703471816244" lon="118.59737097384112">
        <ele>36.2</ele>
        <time>2026-08-21T23:33:36Z</time>
        <extensions>
          <gpxtpx:TrackPointExtension>
            <gpxtpx:hr>170</gpxtpx:hr>
          </gpxtpx:TrackPointExtension>
        </extensions>
      </trkpt>
      <trkpt lat="32.06172948128121" lon="118.59735297418138">
        <ele>36.2</ele>
        <time>2026-08-21T23:33:37Z</time>
        <extensions>
          <gpxtpx:TrackPointExtension>
            <gpxtpx:hr>170</gpxtpx:hr>
          </gpxtpx:TrackPointExtension>
        </extensions>
      </trkpt>
      <trkpt lat="32.06175749055522" lon="118.59733797388166">
        <ele>36.2</ele>
        <time>2026-08-21T23:33:38Z</time>
        <extensions>
          <gpxtpx:TrackPointExtension>
            <gpxtpx:hr>170</gpxtpx:hr>
          </gpxtpx:TrackPointExtension>
        </extensions>
      </trkpt>
      <trkpt lat="32.06178650024541" lon="118.5973219736273">
        <ele>36.2</ele>
        <time>2026-08-21T23:33:39Z</time>
        <extensions>
          <gpxtpx:TrackPointExtension>
            <gpxtpx:hr>170</gpxtpx:hr>
          </gpxtpx:TrackPointExtension>
        </extensions>
      </trkpt>
      <trkpt lat="32.06181750995604" lon="118.59730797288721">
        <ele>36.2</ele>
        <time>2026-08-21T23:33:40Z</time>
        <extensions>
          <gpxtpx:TrackPointExtension>
            <gpxtpx:hr>170</gpxtpx:hr>
          </gpxtpx:TrackPointExtension>
        </extensions>
      </trkpt>
      <trkpt lat="32.061850519894946" lon="118.59729497181134">
        <ele>36.2</ele>
        <time>2026-08-21T23:33:41Z</time>
        <extensions>
          <gpxtpx:TrackPointExtension>
            <gpxtpx:hr>170</gpxtpx:hr>
          </gpxtpx:TrackPointExtension>
        </extensions>
      </trkpt>
      <trkpt lat="32.0618805285532" lon="118.59728497056204">
        <ele>36.2</ele>
        <time>2026-08-21T23:33:42Z</time>
        <extensions>
          <gpxtpx:TrackPointExtension>
            <gpxtpx:hr>170</gpxtpx:hr>
          </gpxtpx:TrackPointExtension>
        </extensions>
      </trkpt>
      <trkpt lat="32.061906535714186" lon="118.59727796923406">
        <ele>36.2</ele>
        <time>2026-08-21T23:33:43Z</time>
        <extensions>
          <gpxtpx:TrackPointExtension>
            <gpxtpx:hr>170</gpxtpx:hr>
          </gpxtpx:TrackPointExtension>
        </extensions>
      </trkpt>
      <trkpt lat="32.061925540922296" lon="118.59727296824535">
        <ele>36.0</ele>
        <time>2026-08-21T23:33:44Z</time>
        <extensions>
          <gpxtpx:TrackPointExtension>
            <gpxtpx:hr>170</gpxtpx:hr>
          </gpxtpx:TrackPointExtension>
        </extensions>
      </trkpt>
      <trkpt lat="32.06194754699402" lon="118.59726696712926">
        <ele>36.0</ele>
        <time>2026-08-21T23:33:45Z</time>
        <extensions>
          <gpxtpx:TrackPointExtension>
            <gpxtpx:hr>170</gpxtpx:hr>
          </gpxtpx:TrackPointExtension>
        </extensions>
      </trkpt>
      <trkpt lat="32.061976555013516" lon="118.5972589656683">
        <ele>36.0</ele>
        <time>2026-08-21T23:33:46Z</time>
        <extensions>
          <gpxtpx:TrackPointExtension>
            <gpxtpx:hr>170</gpxtpx:hr>
          </gpxtpx:TrackPointExtension>
        </extensions>
      </trkpt>
      <trkpt lat="32.06200656304816" lon="118.5972519639706">
        <ele>36.0</ele>
        <time>2026-08-21T23:33:47Z</time>
        <extensions>
          <gpxtpx:TrackPointExtension>
            <gpxtpx:hr>170</gpxtpx:hr>
          </gpxtpx:TrackPointExtension>
        </extensions>
      </trkpt>
      <trkpt lat="32.062036570878305" lon="118.59724596212736">
        <ele>36.0</ele>
        <time>2026-08-21T23:33:48Z</time>
        <extensions>
          <gpxtpx:TrackPointExtension>
            <gpxtpx:hr>170</gpxtpx:hr>
          </gpxtpx:TrackPointExtension>
        </extensions>
      </trkpt>
      <trkpt lat="32.062065578486106" lon="118.59723996037233">
        <ele>35.6</ele>
        <time>2026-08-21T23:33:49Z</time>
        <extensions>
          <gpxtpx:TrackPointExtension>
            <gpxtpx:hr>170</gpxtpx:hr>
          </gpxtpx:TrackPointExtension>
        </extensions>
      </trkpt>
      <trkpt lat="32.062095586312644" lon="118.59723395852538">
        <ele>35.6</ele>
        <time>2026-08-21T23:33:50Z</time>
        <extensions>
          <gpxtpx:TrackPointExtension>
            <gpxtpx:hr>170</gpxtpx:hr>
          </gpxtpx:TrackPointExtension>
        </extensions>
      </trkpt>
      <trkpt lat="32.06212459391685" lon="118.59722795676667">
        <ele>35.6</ele>
        <time>2026-08-21T23:33:51Z</time>
        <extensions>
          <gpxtpx:TrackPointExtension>
            <gpxtpx:hr>170</gpxtpx:hr>
          </gpxtpx:TrackPointExtension>
        </extensions>
      </trkpt>
      <trkpt lat="32.062153601318116" lon="118.59722295486424">
        <ele>35.6</ele>
        <time>2026-08-21T23:33:52Z</time>
        <extensions>
          <gpxtpx:TrackPointExtension>
            <gpxtpx:hr>170</gpxtpx:hr>
          </gpxtpx:TrackPointExtension>
        </extensions>
      </trkpt>
      <trkpt lat="32.06218360893856" lon="118.59721795287042">
        <ele>35.6</ele>
        <time>2026-08-21T23:33:53Z</time>
        <extensions>
          <gpxtpx:TrackPointExtension>
            <gpxtpx:hr>170</gpxtpx:hr>
          </gpxtpx:TrackPointExtension>
        </extensions>
      </trkpt>
      <trkpt lat="32.06221361675839" lon="118.59721195101667">
        <ele>35.6</ele>
        <time>2026-08-21T23:33:54Z</time>
        <extensions>
          <gpxtpx:TrackPointExtension>
            <gpxtpx:hr>171</gpxtpx:hr>
          </gpxtpx:TrackPointExtension>
        </extensions>
      </trkpt>
      <trkpt lat="32.06224262435594" lon="118.59720594925116">
        <ele>35.6</ele>
        <time>2026-08-21T23:33:55Z</time>
        <extensions>
          <gpxtpx:TrackPointExtension>
            <gpxtpx:hr>171</gpxtpx:hr>
          </gpxtpx:TrackPointExtension>
        </extensions>
      </trkpt>
      <trkpt lat="32.06227263197195" lon="118.59720094725299">
        <ele>35.6</ele>
        <time>2026-08-21T23:33:56Z</time>
        <extensions>
          <gpxtpx:TrackPointExtension>
            <gpxtpx:hr>171</gpxtpx:hr>
          </gpxtpx:TrackPointExtension>
        </extensions>
      </trkpt>
      <trkpt lat="32.06230063954565" lon="118.5971939457146">
        <ele>35.6</ele>
        <time>2026-08-21T23:33:57Z</time>
        <extensions>
          <gpxtpx:TrackPointExtension>
            <gpxtpx:hr>171</gpxtpx:hr>
          </gpxtpx:TrackPointExtension>
        </extensions>
      </trkpt>
      <trkpt lat="32.06233064755792" lon="118.5971869439935">
        <ele>35.6</ele>
        <time>2026-08-21T23:33:58Z</time>
        <extensions>
          <gpxtpx:TrackPointExtension>
            <gpxtpx:hr>171</gpxtpx:hr>
          </gpxtpx:TrackPointExtension>
        </extensions>
      </trkpt>
      <trkpt lat="32.06236365662775" lon="118.59717794227889">
        <ele>35.7</ele>
        <time>2026-08-21T23:33:59Z</time>
        <extensions>
          <gpxtpx:TrackPointExtension>
            <gpxtpx:hr>171</gpxtpx:hr>
          </gpxtpx:TrackPointExtension>
        </extensions>
      </trkpt>
      <trkpt lat="32.06239066417229" lon="118.59716994096149">
        <ele>35.7</ele>
        <time>2026-08-21T23:34:00Z</time>
        <extensions>
          <gpxtpx:TrackPointExtension>
            <gpxtpx:hr>171</gpxtpx:hr>
          </gpxtpx:TrackPointExtension>
        </extensions>
      </trkpt>
      <trkpt lat="32.0624176719124" lon="118.59716093977953">
        <ele>35.7</ele>
        <time>2026-08-21T23:34:01Z</time>
        <extensions>
          <gpxtpx:TrackPointExtension>
            <gpxtpx:hr>171</gpxtpx:hr>
          </gpxtpx:TrackPointExtension>
        </extensions>
      </trkpt>
      <trkpt lat="32.06244367942839" lon="118.5971519386835">
        <ele>35.7</ele>
        <time>2026-08-21T23:34:02Z</time>
        <extensions>
          <gpxtpx:TrackPointExtension>
            <gpxtpx:hr>171</gpxtpx:hr>
          </gpxtpx:TrackPointExtension>
        </extensions>
      </trkpt>
      <trkpt lat="32.06247068735886" lon="118.59714193763097">
        <ele>35.7</ele>
        <time>2026-08-21T23:34:03Z</time>
        <extensions>
          <gpxtpx:TrackPointExtension>
            <gpxtpx:hr>171</gpxtpx:hr>
          </gpxtpx:TrackPointExtension>
        </extensions>
      </trkpt>
      <trkpt lat="32.06249769528482" lon="118.59713193657328">
        <ele>36.1</ele>
        <time>2026-08-21T23:34:04Z</time>
        <extensions>
          <gpxtpx:TrackPointExtension>
            <gpxtpx:hr>172</gpxtpx:hr>
          </gpxtpx:TrackPointExtension>
        </extensions>
      </trkpt>
      <trkpt lat="32.06252470340309" lon="118.59712093564713">
        <ele>36.1</ele>
        <time>2026-08-21T23:34:05Z</time>
        <extensions>
          <gpxtpx:TrackPointExtension>
            <gpxtpx:hr>172</gpxtpx:hr>
          </gpxtpx:TrackPointExtension>
        </extensions>
      </trkpt>
      <trkpt lat="32.06255071129557" lon="118.59710993480485">
        <ele>36.1</ele>
        <time>2026-08-21T23:34:06Z</time>
        <extensions>
          <gpxtpx:TrackPointExtension>
            <gpxtpx:hr>172</gpxtpx:hr>
          </gpxtpx:TrackPointExtension>
        </extensions>
      </trkpt>
      <trkpt lat="32.0625767193785" lon="118.59709793409183">
        <ele>36.1</ele>
        <time>2026-08-21T23:34:07Z</time>
        <extensions>
          <gpxtpx:TrackPointExtension>
            <gpxtpx:hr>172</gpxtpx:hr>
          </gpxtpx:TrackPointExtension>
        </extensions>
      </trkpt>
      <trkpt lat="32.06260272745504" lon="118.59708593337142">
        <ele>36.1</ele>
        <time>2026-08-21T23:34:08Z</time>
        <extensions>
          <gpxtpx:TrackPointExtension>
            <gpxtpx:hr>172</gpxtpx:hr>
          </gpxtpx:TrackPointExtension>
        </extensions>
      </trkpt>
      <trkpt lat="32.062628735525195" lon="118.5970739326436">
        <ele>36.4</ele>
        <time>2026-08-21T23:34:09Z</time>
        <extensions>
          <gpxtpx:TrackPointExtension>
            <gpxtpx:hr>172</gpxtpx:hr>
          </gpxtpx:TrackPointExtension>
        </extensions>
      </trkpt>
      <trkpt lat="32.06265374356287" lon="118.59706093213204">
        <ele>36.4</ele>
        <time>2026-08-21T23:34:10Z</time>
        <extensions>
          <gpxtpx:TrackPointExtension>
            <gpxtpx:hr>172</gpxtpx:hr>
          </gpxtpx:TrackPointExtension>
        </extensions>
      </trkpt>
      <trkpt lat="32.0626797520071" lon="118.59704693165457">
        <ele>36.4</ele>
        <time>2026-08-21T23:34:11Z</time>
        <extensions>
          <gpxtpx:TrackPointExtension>
            <gpxtpx:hr>172</gpxtpx:hr>
          </gpxtpx:TrackPointExtension>
        </extensions>
      </trkpt>
      <trkpt lat="32.06270576063573" lon="118.59703193129911">
        <ele>36.4</ele>
        <time>2026-08-21T23:34:12Z</time>
        <extensions>
          <gpxtpx:TrackPointExtension>
            <gpxtpx:hr>172</gpxtpx:hr>
          </gpxtpx:TrackPointExtension>
        </extensions>
      </trkpt>
      <trkpt lat="32.06273176906213" lon="118.59701793080077">
        <ele>36.4</ele>
        <time>2026-08-21T23:34:13Z</time>
        <extensions>
          <gpxtpx:TrackPointExtension>
            <gpxtpx:hr>172</gpxtpx:hr>
          </gpxtpx:TrackPointExtension>
        </extensions>
      </trkpt>
      <trkpt lat="32.06275677764307" lon="118.59700193064359">
        <ele>36.5</ele>
        <time>2026-08-21T23:34:14Z</time>
        <extensions>
          <gpxtpx:TrackPointExtension>
            <gpxtpx:hr>172</gpxtpx:hr>
          </gpxtpx:TrackPointExtension>
        </extensions>
      </trkpt>
      <trkpt lat="32.062783786462425" lon="118.59698693016331">
        <ele>36.5</ele>
        <time>2026-08-21T23:34:15Z</time>
        <extensions>
          <gpxtpx:TrackPointExtension>
            <gpxtpx:hr>172</gpxtpx:hr>
          </gpxtpx:TrackPointExtension>
        </extensions>
      </trkpt>
      <trkpt lat="32.062809795241996" lon="118.59697092989052">
        <ele>36.5</ele>
        <time>2026-08-21T23:34:16Z</time>
        <extensions>
          <gpxtpx:TrackPointExtension>
            <gpxtpx:hr>172</gpxtpx:hr>
          </gpxtpx:TrackPointExtension>
        </extensions>
      </trkpt>
      <trkpt lat="32.062834803790054" lon="118.59695492969465">
        <ele>36.5</ele>
        <time>2026-08-21T23:34:17Z</time>
        <extensions>
          <gpxtpx:TrackPointExtension>
            <gpxtpx:hr>172</gpxtpx:hr>
          </gpxtpx:TrackPointExtension>
        </extensions>
      </trkpt>
      <trkpt lat="32.062860812358224" lon="118.59693992926819">
        <ele>36.5</ele>
        <time>2026-08-21T23:34:18Z</time>
        <extensions>
          <gpxtpx:TrackPointExtension>
            <gpxtpx:hr>172</gpxtpx:hr>
          </gpxtpx:TrackPointExtension>
        </extensions>
      </trkpt>
      <trkpt lat="32.0628858208846" lon="118.59692392904678">
        <ele>36.8</ele>
        <time>2026-08-21T23:34:19Z</time>
        <extensions>
          <gpxtpx:TrackPointExtension>
            <gpxtpx:hr>173</gpxtpx:hr>
          </gpxtpx:TrackPointExtension>
        </extensions>
      </trkpt>
      <trkpt lat="32.062909828804116" lon="118.5969099286508">
        <ele>36.8</ele>
        <time>2026-08-21T23:34:20Z</time>
        <extensions>
          <gpxtpx:TrackPointExtension>
            <gpxtpx:hr>173</gpxtpx:hr>
          </gpxtpx:TrackPointExtension>
        </extensions>
      </trkpt>
      <trkpt lat="32.06292983564676" lon="118.59689692847998">
        <ele>36.8</ele>
        <time>2026-08-21T23:34:21Z</time>
        <extensions>
          <gpxtpx:TrackPointExtension>
            <gpxtpx:hr>173</gpxtpx:hr>
          </gpxtpx:TrackPointExtension>
        </extensions>
      </trkpt>
      <trkpt lat="32.06295784461736" lon="118.59688192782858">
        <ele>36.8</ele>
        <time>2026-08-21T23:34:22Z</time>
        <extensions>
          <gpxtpx:TrackPointExtension>
            <gpxtpx:hr>173</gpxtpx:hr>
          </gpxtpx:TrackPointExtension>
        </extensions>
      </trkpt>
      <trkpt lat="32.06298885498208" lon="118.59686292738921">
        <ele>36.8</ele>
        <time>2026-08-21T23:34:23Z</time>
        <extensions>
          <gpxtpx:TrackPointExtension>
            <gpxtpx:hr>173</gpxtpx:hr>
          </gpxtpx:TrackPointExtension>
        </extensions>
      </trkpt>
      <trkpt lat="32.063013864379215" lon="118.59684192771648">
        <ele>37.1</ele>
        <time>2026-08-21T23:34:24Z</time>
        <extensions>
          <gpxtpx:TrackPointExtension>
            <gpxtpx:hr>173</gpxtpx:hr>
          </gpxtpx:TrackPointExtension>
        </extensions>
      </trkpt>
      <trkpt lat="32.06303887430877" lon="118.59681792838445">
        <ele>37.1</ele>
        <time>2026-08-21T23:34:25Z</time>
        <extensions>
          <gpxtpx:TrackPointExtension>
            <gpxtpx:hr>173</gpxtpx:hr>
          </gpxtpx:TrackPointExtension>
        </extensions>
      </trkpt>
      <trkpt lat="32.06306488388516" lon="118.59679692857297">
        <ele>37.1</ele>
        <time>2026-08-21T23:34:26Z</time>
        <extensions>
          <gpxtpx:TrackPointExtension>
            <gpxtpx:hr>173</gpxtpx:hr>
          </gpxtpx:TrackPointExtension>
        </extensions>
      </trkpt>
      <trkpt lat="32.063093893921064" lon="118.5967769283496">
        <ele>37.1</ele>
        <time>2026-08-21T23:34:27Z</time>
        <extensions>
          <gpxtpx:TrackPointExtension>
            <gpxtpx:hr>173</gpxtpx:hr>
          </gpxtpx:TrackPointExtension>
        </extensions>
      </trkpt>
      <trkpt lat="32.06312390397856" lon="118.59675792789758">
        <ele>37.1</ele>
        <time>2026-08-21T23:34:28Z</time>
        <extensions>
          <gpxtpx:TrackPointExtension>
            <gpxtpx:hr>173</gpxtpx:hr>
          </gpxtpx:TrackPointExtension>
        </extensions>
      </trkpt>
      <trkpt lat="32.06315591428026" lon="118.59673992712978">
        <ele>37.3</ele>
        <time>2026-08-21T23:34:29Z</time>
        <extensions>
          <gpxtpx:TrackPointExtension>
            <gpxtpx:hr>172</gpxtpx:hr>
          </gpxtpx:TrackPointExtension>
        </extensions>
      </trkpt>
      <trkpt lat="32.063186924347534" lon="118.59672192643536">
        <ele>37.3</ele>
        <time>2026-08-21T23:34:30Z</time>
        <extensions>
          <gpxtpx:TrackPointExtension>
            <gpxtpx:hr>172</gpxtpx:hr>
          </gpxtpx:TrackPointExtension>
        </extensions>
      </trkpt>
      <trkpt lat="32.06321293258372" lon="118.59670792571356">
        <ele>37.3</ele>
        <time>2026-08-21T23:34:31Z</time>
        <extensions>
          <gpxtpx:TrackPointExtension>
            <gpxtpx:hr>172</gpxtpx:hr>
          </gpxtpx:TrackPointExtension>
        </extensions>
      </trkpt>
      <trkpt lat="32.06324294204884" lon="118.59669192485052">
        <ele>37.3</ele>
        <time>2026-08-21T23:34:32Z</time>
        <extensions>
          <gpxtpx:TrackPointExtension>
            <gpxtpx:hr>172</gpxtpx:hr>
          </gpxtpx:TrackPointExtension>
        </extensions>
      </trkpt>
      <trkpt lat="32.06327195128251" lon="118.59667592406439">
        <ele>37.3</ele>
        <time>2026-08-21T23:34:33Z</time>
        <extensions>
          <gpxtpx:TrackPointExtension>
            <gpxtpx:hr>172</gpxtpx:hr>
          </gpxtpx:TrackPointExtension>
        </extensions>
      </trkpt>
      <trkpt lat="32.06329795913609" lon="118.59666392308324">
        <ele>37.5</ele>
        <time>2026-08-21T23:34:34Z</time>
        <extensions>
          <gpxtpx:TrackPointExtension>
            <gpxtpx:hr>172</gpxtpx:hr>
          </gpxtpx:TrackPointExtension>
        </extensions>
      </trkpt>
      <trkpt lat="32.06332596795335" lon="118.59664892225176">
        <ele>37.5</ele>
        <time>2026-08-21T23:34:35Z</time>
        <extensions>
          <gpxtpx:TrackPointExtension>
            <gpxtpx:hr>172</gpxtpx:hr>
          </gpxtpx:TrackPointExtension>
        </extensions>
      </trkpt>
      <trkpt lat="32.063356977772806" lon="118.59663192136148">
        <ele>37.5</ele>
        <time>2026-08-21T23:34:36Z</time>
        <extensions>
          <gpxtpx:TrackPointExtension>
            <gpxtpx:hr>172</gpxtpx:hr>
          </gpxtpx:TrackPointExtension>
        </extensions>
      </trkpt>
      <trkpt lat="32.06338698753444" lon="118.59661392065695">
        <ele>37.5</ele>
        <time>2026-08-21T23:34:37Z</time>
        <extensions>
          <gpxtpx:TrackPointExtension>
            <gpxtpx:hr>172</gpxtpx:hr>
          </gpxtpx:TrackPointExtension>
        </extensions>
      </trkpt>
      <trkpt lat="32.063415996887464" lon="118.59659691991617">
        <ele>37.5</ele>
        <time>2026-08-21T23:34:38Z</time>
        <extensions>
          <gpxtpx:TrackPointExtension>
            <gpxtpx:hr>172</gpxtpx:hr>
          </gpxtpx:TrackPointExtension>
        </extensions>
      </trkpt>
      <trkpt lat="32.06344700684158" lon="118.59657891908905">
        <ele>37.7</ele>
        <time>2026-08-21T23:34:39Z</time>
        <extensions>
          <gpxtpx:TrackPointExtension>
            <gpxtpx:hr>172</gpxtpx:hr>
          </gpxtpx:TrackPointExtension>
        </extensions>
      </trkpt>
      <trkpt lat="32.063476015995676" lon="118.59656291820968">
        <ele>37.7</ele>
        <time>2026-08-21T23:34:40Z</time>
        <extensions>
          <gpxtpx:TrackPointExtension>
            <gpxtpx:hr>172</gpxtpx:hr>
          </gpxtpx:TrackPointExtension>
        </extensions>
      </trkpt>
      <trkpt lat="32.063504024574044" lon="118.59654891719292">
        <ele>37.7</ele>
        <time>2026-08-21T23:34:41Z</time>
        <extensions>
          <gpxtpx:TrackPointExtension>
            <gpxtpx:hr>172</gpxtpx:hr>
          </gpxtpx:TrackPointExtension>
        </extensions>
      </trkpt>
      <trkpt lat="32.063528031920036" lon="118.59653691631337">
        <ele>37.7</ele>
        <time>2026-08-21T23:34:42Z</time>
        <extensions>
          <gpxtpx:TrackPointExtension>
            <gpxtpx:hr>172</gpxtpx:hr>
          </gpxtpx:TrackPointExtension>
        </extensions>
      </trkpt>
      <trkpt lat="32.063557040531265" lon="118.59652391508186">
        <ele>37.7</ele>
        <time>2026-08-21T23:34:43Z</time>
        <extensions>
          <gpxtpx:TrackPointExtension>
            <gpxtpx:hr>172</gpxtpx:hr>
          </gpxtpx:TrackPointExtension>
        </extensions>
      </trkpt>
      <trkpt lat="32.06358504874429" lon="118.59651191382648">
        <ele>37.7</ele>
        <time>2026-08-21T23:34:44Z</time>
        <extensions>
          <gpxtpx:TrackPointExtension>
            <gpxtpx:hr>173</gpxtpx:hr>
          </gpxtpx:TrackPointExtension>
        </extensions>
      </trkpt>
      <trkpt lat="32.06361305678074" lon="118.59650091245895">
        <ele>37.7</ele>
        <time>2026-08-21T23:34:45Z</time>
        <extensions>
          <gpxtpx:TrackPointExtension>
            <gpxtpx:hr>173</gpxtpx:hr>
          </gpxtpx:TrackPointExtension>
        </extensions>
      </trkpt>
      <trkpt lat="32.06364306525188" lon="118.596489910905">
        <ele>37.7</ele>
        <time>2026-08-21T23:34:46Z</time>
        <extensions>
          <gpxtpx:TrackPointExtension>
            <gpxtpx:hr>173</gpxtpx:hr>
          </gpxtpx:TrackPointExtension>
        </extensions>
      </trkpt>
      <trkpt lat="32.06367307371753" lon="118.59647890934482">
        <ele>37.7</ele>
        <time>2026-08-21T23:34:47Z</time>
        <extensions>
          <gpxtpx:TrackPointExtension>
            <gpxtpx:hr>173</gpxtpx:hr>
          </gpxtpx:TrackPointExtension>
        </extensions>
      </trkpt>
      <trkpt lat="32.063704082397756" lon="118.59646790768831">
        <ele>37.7</ele>
        <time>2026-08-21T23:34:48Z</time>
        <extensions>
          <gpxtpx:TrackPointExtension>
            <gpxtpx:hr>173</gpxtpx:hr>
          </gpxtpx:TrackPointExtension>
        </extensions>
      </trkpt>
      <trkpt lat="32.06373509073588" lon="118.59645890582053">
        <ele>37.7</ele>
        <time>2026-08-21T23:34:49Z</time>
        <extensions>
          <gpxtpx:TrackPointExtension>
            <gpxtpx:hr>173</gpxtpx:hr>
          </gpxtpx:TrackPointExtension>
        </extensions>
      </trkpt>
      <trkpt lat="32.063766099238165" lon="118.59644890405066">
        <ele>37.7</ele>
        <time>2026-08-21T23:34:50Z</time>
        <extensions>
          <gpxtpx:TrackPointExtension>
            <gpxtpx:hr>173</gpxtpx:hr>
          </gpxtpx:TrackPointExtension>
        </extensions>
      </trkpt>
      <trkpt lat="32.06379510746327" lon="118.59643790255728">
        <ele>37.7</ele>
        <time>2026-08-21T23:34:51Z</time>
        <extensions>
          <gpxtpx:TrackPointExtension>
            <gpxtpx:hr>173</gpxtpx:hr>
          </gpxtpx:TrackPointExtension>
        </extensions>
      </trkpt>
      <trkpt lat="32.063824115849854" lon="118.59642590115853">
        <ele>37.7</ele>
        <time>2026-08-21T23:34:52Z</time>
        <extensions>
          <gpxtpx:TrackPointExtension>
            <gpxtpx:hr>173</gpxtpx:hr>
          </gpxtpx:TrackPointExtension>
        </extensions>
      </trkpt>
      <trkpt lat="32.06385312456269" lon="118.59641189995268">
        <ele>37.7</ele>
        <time>2026-08-21T23:34:53Z</time>
        <extensions>
          <gpxtpx:TrackPointExtension>
            <gpxtpx:hr>173</gpxtpx:hr>
          </gpxtpx:TrackPointExtension>
        </extensions>
      </trkpt>
      <trkpt lat="32.06388313365253" lon="118.59639689874601">
        <ele>37.8</ele>
        <time>2026-08-21T23:34:54Z</time>
        <extensions>
          <gpxtpx:TrackPointExtension>
            <gpxtpx:hr>174</gpxtpx:hr>
          </gpxtpx:TrackPointExtension>
        </extensions>
      </trkpt>
      <trkpt lat="32.063908141137205" lon="118.59638489768223">
        <ele>37.8</ele>
        <time>2026-08-21T23:34:55Z</time>
        <extensions>
          <gpxtpx:TrackPointExtension>
            <gpxtpx:hr>174</gpxtpx:hr>
          </gpxtpx:TrackPointExtension>
        </extensions>
      </trkpt>
      <trkpt lat="32.06393915009996" lon="118.59637189616855">
        <ele>37.8</ele>
        <time>2026-08-21T23:34:56Z</time>
        <extensions>
          <gpxtpx:TrackPointExtension>
            <gpxtpx:hr>174</gpxtpx:hr>
          </gpxtpx:TrackPointExtension>
        </extensions>
      </trkpt>
      <trkpt lat="32.06396915883518" lon="118.59635889473623">
        <ele>37.8</ele>
        <time>2026-08-21T23:34:57Z</time>
        <extensions>
          <gpxtpx:TrackPointExtension>
            <gpxtpx:hr>174</gpxtpx:hr>
          </gpxtpx:TrackPointExtension>
        </extensions>
      </trkpt>
      <trkpt lat="32.06399916756285" lon="118.59634589329517">
        <ele>37.8</ele>
        <time>2026-08-21T23:34:58Z</time>
        <extensions>
          <gpxtpx:TrackPointExtension>
            <gpxtpx:hr>174</gpxtpx:hr>
          </gpxtpx:TrackPointExtension>
        </extensions>
      </trkpt>
      <trkpt lat="32.06402917628296" lon="118.59633289184539">
        <ele>37.8</ele>
        <time>2026-08-21T23:34:59Z</time>
        <extensions>
          <gpxtpx:TrackPointExtension>
            <gpxtpx:hr>172</gpxtpx:hr>
          </gpxtpx:TrackPointExtension>
        </extensions>
      </trkpt>
      <trkpt lat="32.064059184833134" lon="118.59632089029148">
        <ele>37.8</ele>
        <time>2026-08-21T23:35:00Z</time>
        <extensions>
          <gpxtpx:TrackPointExtension>
            <gpxtpx:hr>172</gpxtpx:hr>
          </gpxtpx:TrackPointExtension>
        </extensions>
      </trkpt>
      <trkpt lat="32.06408819267108" lon="118.59631188853557">
        <ele>37.8</ele>
        <time>2026-08-21T23:35:01Z</time>
        <extensions>
          <gpxtpx:TrackPointExtension>
            <gpxtpx:hr>172</gpxtpx:hr>
          </gpxtpx:TrackPointExtension>
        </extensions>
      </trkpt>
      <trkpt lat="32.06411119870068" lon="118.5963058870323">
        <ele>37.8</ele>
        <time>2026-08-21T23:35:02Z</time>
        <extensions>
          <gpxtpx:TrackPointExtension>
            <gpxtpx:hr>172</gpxtpx:hr>
          </gpxtpx:TrackPointExtension>
        </extensions>
      </trkpt>
      <trkpt lat="32.064139205828155" lon="118.59629988507672">
        <ele>37.8</ele>
        <time>2026-08-21T23:35:03Z</time>
        <extensions>
          <gpxtpx:TrackPointExtension>
            <gpxtpx:hr>172</gpxtpx:hr>
          </gpxtpx:TrackPointExtension>
        </extensions>
      </trkpt>
      <trkpt lat="32.06416921355486" lon="118.5962928830331">
        <ele>37.9</ele>
        <time>2026-08-21T23:35:04Z</time>
        <extensions>
          <gpxtpx:TrackPointExtension>
            <gpxtpx:hr>172</gpxtpx:hr>
          </gpxtpx:TrackPointExtension>
        </extensions>
      </trkpt>
      <trkpt lat="32.06419722083939" lon="118.59628588116713">
        <ele>37.9</ele>
        <time>2026-08-21T23:35:05Z</time>
        <extensions>
          <gpxtpx:TrackPointExtension>
            <gpxtpx:hr>172</gpxtpx:hr>
          </gpxtpx:TrackPointExtension>
        </extensions>
      </trkpt>
      <trkpt lat="32.06422522796097" lon="118.59627987920534">
        <ele>37.9</ele>
        <time>2026-08-21T23:35:06Z</time>
        <extensions>
          <gpxtpx:TrackPointExtension>
            <gpxtpx:hr>172</gpxtpx:hr>
          </gpxtpx:TrackPointExtension>
        </extensions>
      </trkpt>
      <trkpt lat="32.064252234860874" lon="118.59627387733178">
        <ele>37.9</ele>
        <time>2026-08-21T23:35:07Z</time>
        <extensions>
          <gpxtpx:TrackPointExtension>
            <gpxtpx:hr>172</gpxtpx:hr>
          </gpxtpx:TrackPointExtension>
        </extensions>
      </trkpt>
      <trkpt lat="32.06428024197888" lon="118.59626787536627">
        <ele>37.9</ele>
        <time>2026-08-21T23:35:08Z</time>
        <extensions>
          <gpxtpx:TrackPointExtension>
            <gpxtpx:hr>172</gpxtpx:hr>
          </gpxtpx:TrackPointExtension>
        </extensions>
      </trkpt>
      <trkpt lat="32.064307248875224" lon="118.59626187348898">
        <ele>38.0</ele>
        <time>2026-08-21T23:35:09Z</time>
        <extensions>
          <gpxtpx:TrackPointExtension>
            <gpxtpx:hr>173</gpxtpx:hr>
          </gpxtpx:TrackPointExtension>
        </extensions>
      </trkpt>
      <trkpt lat="32.06433525583004" lon="118.59625687142766">
        <ele>38.0</ele>
        <time>2026-08-21T23:35:10Z</time>
        <extensions>
          <gpxtpx:TrackPointExtension>
            <gpxtpx:hr>173</gpxtpx:hr>
          </gpxtpx:TrackPointExtension>
        </extensions>
      </trkpt>
      <trkpt lat="32.06436226240425" lon="118.59625286936323">
        <ele>38.0</ele>
        <time>2026-08-21T23:35:11Z</time>
        <extensions>
          <gpxtpx:TrackPointExtension>
            <gpxtpx:hr>173</gpxtpx:hr>
          </gpxtpx:TrackPointExtension>
        </extensions>
      </trkpt>
      <trkpt lat="32.06438926929606" lon="118.5962468674813">
        <ele>38.0</ele>
        <time>2026-08-21T23:35:12Z</time>
        <extensions>
          <gpxtpx:TrackPointExtension>
            <gpxtpx:hr>173</gpxtpx:hr>
          </gpxtpx:TrackPointExtension>
        </extensions>
      </trkpt>
      <trkpt lat="32.06441727624694" lon="118.59624186541608">
        <ele>38.0</ele>
        <time>2026-08-21T23:35:13Z</time>
        <extensions>
          <gpxtpx:TrackPointExtension>
            <gpxtpx:hr>173</gpxtpx:hr>
          </gpxtpx:TrackPointExtension>
        </extensions>
      </trkpt>
      <trkpt lat="32.06444628341634" lon="118.59623686325948">
        <ele>38.1</ele>
        <time>2026-08-21T23:35:14Z</time>
        <extensions>
          <gpxtpx:TrackPointExtension>
            <gpxtpx:hr>173</gpxtpx:hr>
          </gpxtpx:TrackPointExtension>
        </extensions>
      </trkpt>
      <trkpt lat="32.06447729086545" lon="118.59623286083054">
        <ele>38.1</ele>
        <time>2026-08-21T23:35:15Z</time>
        <extensions>
          <gpxtpx:TrackPointExtension>
            <gpxtpx:hr>173</gpxtpx:hr>
          </gpxtpx:TrackPointExtension>
        </extensions>
      </trkpt>
      <trkpt lat="32.06450729809377" lon="118.59622885849089">
        <ele>38.1</ele>
        <time>2026-08-21T23:35:16Z</time>
        <extensions>
          <gpxtpx:TrackPointExtension>
            <gpxtpx:hr>173</gpxtpx:hr>
          </gpxtpx:TrackPointExtension>
        </extensions>
      </trkpt>
      <trkpt lat="32.06453530440657" lon="118.59622785605892">
        <ele>38.1</ele>
        <time>2026-08-21T23:35:17Z</time>
        <extensions>
          <gpxtpx:TrackPointExtension>
            <gpxtpx:hr>173</gpxtpx:hr>
          </gpxtpx:TrackPointExtension>
        </extensions>
      </trkpt>
      <trkpt lat="32.06456331087742" lon="118.59622585371747">
        <ele>38.1</ele>
        <time>2026-08-21T23:35:18Z</time>
        <extensions>
          <gpxtpx:TrackPointExtension>
            <gpxtpx:hr>173</gpxtpx:hr>
          </gpxtpx:TrackPointExtension>
        </extensions>
      </trkpt>
      <trkpt lat="32.06459331794561" lon="118.596222851286">
        <ele>38.4</ele>
        <time>2026-08-21T23:35:19Z</time>
        <extensions>
          <gpxtpx:TrackPointExtension>
            <gpxtpx:hr>173</gpxtpx:hr>
          </gpxtpx:TrackPointExtension>
        </extensions>
      </trkpt>
      <trkpt lat="32.0646243252329" lon="118.59621984876398">
        <ele>38.4</ele>
        <time>2026-08-21T23:35:20Z</time>
        <extensions>
          <gpxtpx:TrackPointExtension>
            <gpxtpx:hr>173</gpxtpx:hr>
          </gpxtpx:TrackPointExtension>
        </extensions>
      </trkpt>
      <trkpt lat="32.06465533251951" lon="118.59621684624149">
        <ele>38.4</ele>
        <time>2026-08-21T23:35:21Z</time>
        <extensions>
          <gpxtpx:TrackPointExtension>
            <gpxtpx:hr>173</gpxtpx:hr>
          </gpxtpx:TrackPointExtension>
        </extensions>
      </trkpt>
      <trkpt lat="32.06468734034066" lon="118.59621184380813">
        <ele>38.4</ele>
        <time>2026-08-21T23:35:22Z</time>
        <extensions>
          <gpxtpx:TrackPointExtension>
            <gpxtpx:hr>173</gpxtpx:hr>
          </gpxtpx:TrackPointExtension>
        </extensions>
      </trkpt>
      <trkpt lat="32.06472034853763" lon="118.59620584137289">
        <ele>38.4</ele>
        <time>2026-08-21T23:35:23Z</time>
        <extensions>
          <gpxtpx:TrackPointExtension>
            <gpxtpx:hr>173</gpxtpx:hr>
          </gpxtpx:TrackPointExtension>
        </extensions>
      </trkpt>
      <trkpt lat="32.06475335673271" lon="118.59619983893579">
        <ele>38.9</ele>
        <time>2026-08-21T23:35:24Z</time>
        <extensions>
          <gpxtpx:TrackPointExtension>
            <gpxtpx:hr>172</gpxtpx:hr>
          </gpxtpx:TrackPointExtension>
        </extensions>
      </trkpt>
      <trkpt lat="32.06478636492591" lon="118.59619383649682">
        <ele>38.9</ele>
        <time>2026-08-21T23:35:25Z</time>
        <extensions>
          <gpxtpx:TrackPointExtension>
            <gpxtpx:hr>172</gpxtpx:hr>
          </gpxtpx:TrackPointExtension>
        </extensions>
      </trkpt>
      <trkpt lat="32.06481937311721" lon="118.59618783405601">
        <ele>38.9</ele>
        <time>2026-08-21T23:35:26Z</time>
        <extensions>
          <gpxtpx:TrackPointExtension>
            <gpxtpx:hr>172</gpxtpx:hr>
          </gpxtpx:TrackPointExtension>
        </extensions>
      </trkpt>
      <trkpt lat="32.06484737989525" lon="118.5961838318872">
        <ele>38.9</ele>
        <time>2026-08-21T23:35:27Z</time>
        <extensions>
          <gpxtpx:TrackPointExtension>
            <gpxtpx:hr>172</gpxtpx:hr>
          </gpxtpx:TrackPointExtension>
        </extensions>
      </trkpt>
      <trkpt lat="32.064878387487724" lon="118.59617882953539">
        <ele>38.9</ele>
        <time>2026-08-21T23:35:28Z</time>
        <extensions>
          <gpxtpx:TrackPointExtension>
            <gpxtpx:hr>172</gpxtpx:hr>
          </gpxtpx:TrackPointExtension>
        </extensions>
      </trkpt>
      <trkpt lat="32.06490939492275" lon="118.59617482709442">
        <ele>39.2</ele>
        <time>2026-08-21T23:35:29Z</time>
        <extensions>
          <gpxtpx:TrackPointExtension>
            <gpxtpx:hr>172</gpxtpx:hr>
          </gpxtpx:TrackPointExtension>
        </extensions>
      </trkpt>
      <trkpt lat="32.06493940244889" lon="118.59616882491797">
        <ele>39.2</ele>
        <time>2026-08-21T23:35:30Z</time>
        <extensions>
          <gpxtpx:TrackPointExtension>
            <gpxtpx:hr>172</gpxtpx:hr>
          </gpxtpx:TrackPointExtension>
        </extensions>
      </trkpt>
      <trkpt lat="32.06496840975354" lon="118.59616282282975">
        <ele>39.2</ele>
        <time>2026-08-21T23:35:31Z</time>
        <extensions>
          <gpxtpx:TrackPointExtension>
            <gpxtpx:hr>172</gpxtpx:hr>
          </gpxtpx:TrackPointExtension>
        </extensions>
      </trkpt>
      <trkpt lat="32.06499841743133" lon="118.59615582073651">
        <ele>39.2</ele>
        <time>2026-08-21T23:35:32Z</time>
        <extensions>
          <gpxtpx:TrackPointExtension>
            <gpxtpx:hr>172</gpxtpx:hr>
          </gpxtpx:TrackPointExtension>
        </extensions>
      </trkpt>
      <trkpt lat="32.06502942532638" lon="118.59614881855063">
        <ele>39.2</ele>
        <time>2026-08-21T23:35:33Z</time>
        <extensions>
          <gpxtpx:TrackPointExtension>
            <gpxtpx:hr>172</gpxtpx:hr>
          </gpxtpx:TrackPointExtension>
        </extensions>
      </trkpt>
      <trkpt lat="32.065060433219024" lon="118.59614181636222">
        <ele>39.7</ele>
        <time>2026-08-21T23:35:34Z</time>
        <extensions>
          <gpxtpx:TrackPointExtension>
            <gpxtpx:hr>173</gpxtpx:hr>
          </gpxtpx:TrackPointExtension>
        </extensions>
      </trkpt>
      <trkpt lat="32.06509244163754" lon="118.5961328142527">
        <ele>39.7</ele>
        <time>2026-08-21T23:35:35Z</time>
        <extensions>
          <gpxtpx:TrackPointExtension>
            <gpxtpx:hr>173</gpxtpx:hr>
          </gpxtpx:TrackPointExtension>
        </extensions>
      </trkpt>
      <trkpt lat="32.065122449459096" lon="118.59612481223392">
        <ele>39.7</ele>
        <time>2026-08-21T23:35:36Z</time>
        <extensions>
          <gpxtpx:TrackPointExtension>
            <gpxtpx:hr>173</gpxtpx:hr>
          </gpxtpx:TrackPointExtension>
        </extensions>
      </trkpt>
      <trkpt lat="32.065155458243545" lon="118.5961148101112">
        <ele>39.7</ele>
        <time>2026-08-21T23:35:37Z</time>
        <extensions>
          <gpxtpx:TrackPointExtension>
            <gpxtpx:hr>173</gpxtpx:hr>
          </gpxtpx:TrackPointExtension>
        </extensions>
      </trkpt>
      <trkpt lat="32.06518746665065" lon="118.59610580798913">
        <ele>39.7</ele>
        <time>2026-08-21T23:35:38Z</time>
        <extensions>
          <gpxtpx:TrackPointExtension>
            <gpxtpx:hr>173</gpxtpx:hr>
          </gpxtpx:TrackPointExtension>
        </extensions>
      </trkpt>
      <trkpt lat="32.065216474700556" lon="118.59609480630074">
        <ele>40.1</ele>
        <time>2026-08-21T23:35:39Z</time>
        <extensions>
          <gpxtpx:TrackPointExtension>
            <gpxtpx:hr>175</gpxtpx:hr>
          </gpxtpx:TrackPointExtension>
        </extensions>
      </trkpt>
      <trkpt lat="32.0652454825928" lon="118.59608480452289">
        <ele>40.1</ele>
        <time>2026-08-21T23:35:40Z</time>
        <extensions>
          <gpxtpx:TrackPointExtension>
            <gpxtpx:hr>175</gpxtpx:hr>
          </gpxtpx:TrackPointExtension>
        </extensions>
      </trkpt>
      <trkpt lat="32.06527449048046" lon="118.59607480273985">
        <ele>40.1</ele>
        <time>2026-08-21T23:35:41Z</time>
        <extensions>
          <gpxtpx:TrackPointExtension>
            <gpxtpx:hr>175</gpxtpx:hr>
          </gpxtpx:TrackPointExtension>
        </extensions>
      </trkpt>
      <trkpt lat="32.06530549880267" lon="118.59606480077146">
        <ele>40.1</ele>
        <time>2026-08-21T23:35:42Z</time>
        <extensions>
          <gpxtpx:TrackPointExtension>
            <gpxtpx:hr>175</gpxtpx:hr>
          </gpxtpx:TrackPointExtension>
        </extensions>
      </trkpt>
      <trkpt lat="32.065332506091124" lon="118.59605579907658">
        <ele>40.1</ele>
        <time>2026-08-21T23:35:43Z</time>
        <extensions>
          <gpxtpx:TrackPointExtension>
            <gpxtpx:hr>175</gpxtpx:hr>
          </gpxtpx:TrackPointExtension>
        </extensions>
      </trkpt>
      <trkpt lat="32.065358513306855" lon="118.59604579754883">
        <ele>40.3</ele>
        <time>2026-08-21T23:35:44Z</time>
        <extensions>
          <gpxtpx:TrackPointExtension>
            <gpxtpx:hr>174</gpxtpx:hr>
          </gpxtpx:TrackPointExtension>
        </extensions>
      </trkpt>
      <trkpt lat="32.06538552088769" lon="118.59603479600649">
        <ele>40.3</ele>
        <time>2026-08-21T23:35:45Z</time>
        <extensions>
          <gpxtpx:TrackPointExtension>
            <gpxtpx:hr>174</gpxtpx:hr>
          </gpxtpx:TrackPointExtension>
        </extensions>
      </trkpt>
      <trkpt lat="32.065412528612626" lon="118.59602279453793">
        <ele>40.3</ele>
        <time>2026-08-21T23:35:46Z</time>
        <extensions>
          <gpxtpx:TrackPointExtension>
            <gpxtpx:hr>174</gpxtpx:hr>
          </gpxtpx:TrackPointExtension>
        </extensions>
      </trkpt>
      <trkpt lat="32.065440536550646" lon="118.59601079297184">
        <ele>40.3</ele>
        <time>2026-08-21T23:35:47Z</time>
        <extensions>
          <gpxtpx:TrackPointExtension>
            <gpxtpx:hr>174</gpxtpx:hr>
          </gpxtpx:TrackPointExtension>
        </extensions>
      </trkpt>
      <trkpt lat="32.06546654389466" lon="118.59599979149966">
        <ele>40.3</ele>
        <time>2026-08-21T23:35:48Z</time>
        <extensions>
          <gpxtpx:TrackPointExtension>
            <gpxtpx:hr>174</gpxtpx:hr>
          </gpxtpx:TrackPointExtension>
        </extensions>
      </trkpt>
      <trkpt lat="32.06549255108515" lon="118.59598978994295">
        <ele>40.5</ele>
        <time>2026-08-21T23:35:49Z</time>
        <extensions>
          <gpxtpx:TrackPointExtension>
            <gpxtpx:hr>175</gpxtpx:hr>
          </gpxtpx:TrackPointExtension>
        </extensions>
      </trkpt>
      <trkpt lat="32.06551655812739" lon="118.59597778871674">
        <ele>40.5</ele>
        <time>2026-08-21T23:35:50Z</time>
        <extensions>
          <gpxtpx:TrackPointExtension>
            <gpxtpx:hr>175</gpxtpx:hr>
          </gpxtpx:TrackPointExtension>
        </extensions>
      </trkpt>
      <trkpt lat="32.06554056545732" lon="118.59596378763712">
        <ele>40.5</ele>
        <time>2026-08-21T23:35:51Z</time>
        <extensions>
          <gpxtpx:TrackPointExtension>
            <gpxtpx:hr>175</gpxtpx:hr>
          </gpxtpx:TrackPointExtension>
        </extensions>
      </trkpt>
      <trkpt lat="32.06556357255911" lon="118.59594978663746">
        <ele>40.5</ele>
        <time>2026-08-21T23:35:52Z</time>
        <extensions>
          <gpxtpx:TrackPointExtension>
            <gpxtpx:hr>175</gpxtpx:hr>
          </gpxtpx:TrackPointExtension>
        </extensions>
      </trkpt>
      <trkpt lat="32.065587579871746" lon="118.59593578553755">
        <ele>40.5</ele>
        <time>2026-08-21T23:35:53Z</time>
        <extensions>
          <gpxtpx:TrackPointExtension>
            <gpxtpx:hr>175</gpxtpx:hr>
          </gpxtpx:TrackPointExtension>
        </extensions>
      </trkpt>
      <trkpt lat="32.065610586956275" lon="118.5959217845176">
        <ele>40.7</ele>
        <time>2026-08-21T23:35:54Z</time>
        <extensions>
          <gpxtpx:TrackPointExtension>
            <gpxtpx:hr>175</gpxtpx:hr>
          </gpxtpx:TrackPointExtension>
        </extensions>
      </trkpt>
      <trkpt lat="32.06563459410704" lon="118.59590878332331">
        <ele>40.7</ele>
        <time>2026-08-21T23:35:55Z</time>
        <extensions>
          <gpxtpx:TrackPointExtension>
            <gpxtpx:hr>175</gpxtpx:hr>
          </gpxtpx:TrackPointExtension>
        </extensions>
      </trkpt>
      <trkpt lat="32.06565860125033" lon="118.59589578212027">
        <ele>40.7</ele>
        <time>2026-08-21T23:35:56Z</time>
        <extensions>
          <gpxtpx:TrackPointExtension>
            <gpxtpx:hr>175</gpxtpx:hr>
          </gpxtpx:TrackPointExtension>
        </extensions>
      </trkpt>
      <trkpt lat="32.06568260824262" lon="118.59588378083566">
        <ele>40.7</ele>
        <time>2026-08-21T23:35:57Z</time>
        <extensions>
          <gpxtpx:TrackPointExtension>
            <gpxtpx:hr>175</gpxtpx:hr>
          </gpxtpx:TrackPointExtension>
        </extensions>
      </trkpt>
      <trkpt lat="32.06570761530491" lon="118.59587277938128">
        <ele>40.7</ele>
        <time>2026-08-21T23:35:58Z</time>
        <extensions>
          <gpxtpx:TrackPointExtension>
            <gpxtpx:hr>175</gpxtpx:hr>
          </gpxtpx:TrackPointExtension>
        </extensions>
      </trkpt>
      <trkpt lat="32.065731622142344" lon="118.59586177801071">
        <ele>40.7</ele>
        <time>2026-08-21T23:35:59Z</time>
        <extensions>
          <gpxtpx:TrackPointExtension>
            <gpxtpx:hr>174</gpxtpx:hr>
          </gpxtpx:TrackPointExtension>
        </extensions>
      </trkpt>
      <trkpt lat="32.065758629774734" lon="118.5958497764347">
        <ele>40.7</ele>
        <time>2026-08-21T23:36:00Z</time>
        <extensions>
          <gpxtpx:TrackPointExtension>
            <gpxtpx:hr>174</gpxtpx:hr>
          </gpxtpx:TrackPointExtension>
        </extensions>
      </trkpt>
      <trkpt lat="32.065786637620086" lon="118.59583777476114">
        <ele>40.7</ele>
        <time>2026-08-21T23:36:01Z</time>
        <extensions>
          <gpxtpx:TrackPointExtension>
            <gpxtpx:hr>174</gpxtpx:hr>
          </gpxtpx:TrackPointExtension>
        </extensions>
      </trkpt>
      <trkpt lat="32.06581564596034" lon="118.59582377312957">
        <ele>40.7</ele>
        <time>2026-08-21T23:36:02Z</time>
        <extensions>
          <gpxtpx:TrackPointExtension>
            <gpxtpx:hr>174</gpxtpx:hr>
          </gpxtpx:TrackPointExtension>
        </extensions>
      </trkpt>
      <trkpt lat="32.065838652413795" lon="118.595813771752">
        <ele>40.7</ele>
        <time>2026-08-21T23:36:03Z</time>
        <extensions>
          <gpxtpx:TrackPointExtension>
            <gpxtpx:hr>174</gpxtpx:hr>
          </gpxtpx:TrackPointExtension>
        </extensions>
      </trkpt>
      <trkpt lat="32.06586065850328" lon="118.59580477039064">
        <ele>40.7</ele>
        <time>2026-08-21T23:36:04Z</time>
        <extensions>
          <gpxtpx:TrackPointExtension>
            <gpxtpx:hr>174</gpxtpx:hr>
          </gpxtpx:TrackPointExtension>
        </extensions>
      </trkpt>
      <trkpt lat="32.065886665606364" lon="118.59579476873296">
        <ele>40.7</ele>
        <time>2026-08-21T23:36:05Z</time>
        <extensions>
          <gpxtpx:TrackPointExtension>
            <gpxtpx:hr>174</gpxtpx:hr>
          </gpxtpx:TrackPointExtension>
        </extensions>
      </trkpt>
      <trkpt lat="32.06591567350225" lon="118.59578376686747">
        <ele>40.7</ele>
        <time>2026-08-21T23:36:06Z</time>
        <extensions>
          <gpxtpx:TrackPointExtension>
            <gpxtpx:hr>174</gpxtpx:hr>
          </gpxtpx:TrackPointExtension>
        </extensions>
      </trkpt>
      <trkpt lat="32.065941680595806" lon="118.59577376519891">
        <ele>40.7</ele>
        <time>2026-08-21T23:36:07Z</time>
        <extensions>
          <gpxtpx:TrackPointExtension>
            <gpxtpx:hr>174</gpxtpx:hr>
          </gpxtpx:TrackPointExtension>
        </extensions>
      </trkpt>
      <trkpt lat="32.065969687985174" lon="118.59576476327831">
        <ele>40.7</ele>
        <time>2026-08-21T23:36:08Z</time>
        <extensions>
          <gpxtpx:TrackPointExtension>
            <gpxtpx:hr>174</gpxtpx:hr>
          </gpxtpx:TrackPointExtension>
        </extensions>
      </trkpt>
      <trkpt lat="32.06599669515145" lon="118.59575576144361">
        <ele>40.7</ele>
        <time>2026-08-21T23:36:09Z</time>
        <extensions>
          <gpxtpx:TrackPointExtension>
            <gpxtpx:hr>174</gpxtpx:hr>
          </gpxtpx:TrackPointExtension>
        </extensions>
      </trkpt>
      <trkpt lat="32.06602370203867" lon="118.59574875947315">
        <ele>40.7</ele>
        <time>2026-08-21T23:36:10Z</time>
        <extensions>
          <gpxtpx:TrackPointExtension>
            <gpxtpx:hr>174</gpxtpx:hr>
          </gpxtpx:TrackPointExtension>
        </extensions>
      </trkpt>
      <trkpt lat="32.066051709280266" lon="118.5957407574755">
        <ele>40.7</ele>
        <time>2026-08-21T23:36:11Z</time>
        <extensions>
          <gpxtpx:TrackPointExtension>
            <gpxtpx:hr>174</gpxtpx:hr>
          </gpxtpx:TrackPointExtension>
        </extensions>
      </trkpt>
      <trkpt lat="32.06608071701209" lon="118.59573075551435">
        <ele>40.7</ele>
        <time>2026-08-21T23:36:12Z</time>
        <extensions>
          <gpxtpx:TrackPointExtension>
            <gpxtpx:hr>174</gpxtpx:hr>
          </gpxtpx:TrackPointExtension>
        </extensions>
      </trkpt>
      <trkpt lat="32.06611172531443" lon="118.59571975343218">
        <ele>40.7</ele>
        <time>2026-08-21T23:36:13Z</time>
        <extensions>
          <gpxtpx:TrackPointExtension>
            <gpxtpx:hr>174</gpxtpx:hr>
          </gpxtpx:TrackPointExtension>
        </extensions>
      </trkpt>
      <trkpt lat="32.0661377322427" lon="118.59571075166659">
        <ele>40.7</ele>
        <time>2026-08-21T23:36:14Z</time>
        <extensions>
          <gpxtpx:TrackPointExtension>
            <gpxtpx:hr>175</gpxtpx:hr>
          </gpxtpx:TrackPointExtension>
        </extensions>
      </trkpt>
      <trkpt lat="32.06616273894796" lon="118.5957017499869">
        <ele>40.7</ele>
        <time>2026-08-21T23:36:15Z</time>
        <extensions>
          <gpxtpx:TrackPointExtension>
            <gpxtpx:hr>175</gpxtpx:hr>
          </gpxtpx:TrackPointExtension>
        </extensions>
      </trkpt>
      <trkpt lat="32.06619374723571" lon="118.5956907478882">
        <ele>40.7</ele>
        <time>2026-08-21T23:36:16Z</time>
        <extensions>
          <gpxtpx:TrackPointExtension>
            <gpxtpx:hr>175</gpxtpx:hr>
          </gpxtpx:TrackPointExtension>
        </extensions>
      </trkpt>
      <trkpt lat="32.0662257558719" lon="118.59567874575538">
        <ele>40.7</ele>
        <time>2026-08-21T23:36:17Z</time>
        <extensions>
          <gpxtpx:TrackPointExtension>
            <gpxtpx:hr>175</gpxtpx:hr>
          </gpxtpx:TrackPointExtension>
        </extensions>
      </trkpt>
      <trkpt lat="32.06625676428227" lon="118.59566674370518">
        <ele>40.7</ele>
        <time>2026-08-21T23:36:18Z</time>
        <extensions>
          <gpxtpx:TrackPointExtension>
            <gpxtpx:hr>175</gpxtpx:hr>
          </gpxtpx:TrackPointExtension>
        </extensions>
      </trkpt>
      <trkpt lat="32.06628677219951" lon="118.59565674161556">
        <ele>40.7</ele>
        <time>2026-08-21T23:36:19Z</time>
        <extensions>
          <gpxtpx:TrackPointExtension>
            <gpxtpx:hr>175</gpxtpx:hr>
          </gpxtpx:TrackPointExtension>
        </extensions>
      </trkpt>
      <trkpt lat="32.06631377945439" lon="118.59564673979105">
        <ele>40.7</ele>
        <time>2026-08-21T23:36:20Z</time>
        <extensions>
          <gpxtpx:TrackPointExtension>
            <gpxtpx:hr>175</gpxtpx:hr>
          </gpxtpx:TrackPointExtension>
        </extensions>
      </trkpt>
      <trkpt lat="32.06634178705679" lon="118.59563573793127">
        <ele>40.7</ele>
        <time>2026-08-21T23:36:21Z</time>
        <extensions>
          <gpxtpx:TrackPointExtension>
            <gpxtpx:hr>175</gpxtpx:hr>
          </gpxtpx:TrackPointExtension>
        </extensions>
      </trkpt>
      <trkpt lat="32.06636979465372" lon="118.59562473606523">
        <ele>40.7</ele>
        <time>2026-08-21T23:36:22Z</time>
        <extensions>
          <gpxtpx:TrackPointExtension>
            <gpxtpx:hr>175</gpxtpx:hr>
          </gpxtpx:TrackPointExtension>
        </extensions>
      </trkpt>
      <trkpt lat="32.06640080263903" lon="118.59561573380482">
        <ele>40.7</ele>
        <time>2026-08-21T23:36:23Z</time>
        <extensions>
          <gpxtpx:TrackPointExtension>
            <gpxtpx:hr>175</gpxtpx:hr>
          </gpxtpx:TrackPointExtension>
        </extensions>
      </trkpt>
      <trkpt lat="32.06643081040132" lon="118.5956067316303">
        <ele>40.7</ele>
        <time>2026-08-21T23:36:24Z</time>
        <extensions>
          <gpxtpx:TrackPointExtension>
            <gpxtpx:hr>176</gpxtpx:hr>
          </gpxtpx:TrackPointExtension>
        </extensions>
      </trkpt>
      <trkpt lat="32.06645781710852" lon="118.5956007295476">
        <ele>40.7</ele>
        <time>2026-08-21T23:36:25Z</time>
        <extensions>
          <gpxtpx:TrackPointExtension>
            <gpxtpx:hr>176</gpxtpx:hr>
          </gpxtpx:TrackPointExtension>
        </extensions>
      </trkpt>
      <trkpt lat="32.066484823944954" lon="118.59559372752088">
        <ele>40.7</ele>
        <time>2026-08-21T23:36:26Z</time>
        <extensions>
          <gpxtpx:TrackPointExtension>
            <gpxtpx:hr>176</gpxtpx:hr>
          </gpxtpx:TrackPointExtension>
        </extensions>
      </trkpt>
      <trkpt lat="32.06651283112889" lon="118.5955857254589">
        <ele>40.7</ele>
        <time>2026-08-21T23:36:27Z</time>
        <extensions>
          <gpxtpx:TrackPointExtension>
            <gpxtpx:hr>176</gpxtpx:hr>
          </gpxtpx:TrackPointExtension>
        </extensions>
      </trkpt>
      <trkpt lat="32.06654383909763" lon="118.59557672318029">
        <ele>40.7</ele>
        <time>2026-08-21T23:36:28Z</time>
        <extensions>
          <gpxtpx:TrackPointExtension>
            <gpxtpx:hr>176</gpxtpx:hr>
          </gpxtpx:TrackPointExtension>
        </extensions>
      </trkpt>
      <trkpt lat="32.066571846534906" lon="118.59556672122419">
        <ele>40.7</ele>
        <time>2026-08-21T23:36:29Z</time>
        <extensions>
          <gpxtpx:TrackPointExtension>
            <gpxtpx:hr>175</gpxtpx:hr>
          </gpxtpx:TrackPointExtension>
        </extensions>
      </trkpt>
      <trkpt lat="32.066598853619034" lon="118.59555771929709">
        <ele>40.7</ele>
        <time>2026-08-21T23:36:30Z</time>
        <extensions>
          <gpxtpx:TrackPointExtension>
            <gpxtpx:hr>175</gpxtpx:hr>
          </gpxtpx:TrackPointExtension>
        </extensions>
      </trkpt>
      <trkpt lat="32.06662586069942" lon="118.59554871736579">
        <ele>40.7</ele>
        <time>2026-08-21T23:36:31Z</time>
        <extensions>
          <gpxtpx:TrackPointExtension>
            <gpxtpx:hr>175</gpxtpx:hr>
          </gpxtpx:TrackPointExtension>
        </extensions>
      </trkpt>
      <trkpt lat="32.066652867518684" lon="118.59554171532015">
        <ele>40.7</ele>
        <time>2026-08-21T23:36:32Z</time>
        <extensions>
          <gpxtpx:TrackPointExtension>
            <gpxtpx:hr>175</gpxtpx:hr>
          </gpxtpx:TrackPointExtension>
        </extensions>
      </trkpt>
      <trkpt lat="32.06668087468315" lon="118.59553371323662">
        <ele>40.7</ele>
        <time>2026-08-21T23:36:33Z</time>
        <extensions>
          <gpxtpx:TrackPointExtension>
            <gpxtpx:hr>175</gpxtpx:hr>
          </gpxtpx:TrackPointExtension>
        </extensions>
      </trkpt>
      <trkpt lat="32.066704880840014" lon="118.59552671145585">
        <ele>40.8</ele>
        <time>2026-08-21T23:36:34Z</time>
        <extensions>
          <gpxtpx:TrackPointExtension>
            <gpxtpx:hr>174</gpxtpx:hr>
          </gpxtpx:TrackPointExtension>
        </extensions>
      </trkpt>
      <trkpt lat="32.06673388847335" lon="118.5955167093837">
        <ele>40.8</ele>
        <time>2026-08-21T23:36:35Z</time>
        <extensions>
          <gpxtpx:TrackPointExtension>
            <gpxtpx:hr>174</gpxtpx:hr>
          </gpxtpx:TrackPointExtension>
        </extensions>
      </trkpt>
      <trkpt lat="32.06676289597486" lon="118.59550770725305">
        <ele>40.8</ele>
        <time>2026-08-21T23:36:36Z</time>
        <extensions>
          <gpxtpx:TrackPointExtension>
            <gpxtpx:hr>174</gpxtpx:hr>
          </gpxtpx:TrackPointExtension>
        </extensions>
      </trkpt>
      <trkpt lat="32.06679190334568" lon="118.5954997050653">
        <ele>40.8</ele>
        <time>2026-08-21T23:36:37Z</time>
        <extensions>
          <gpxtpx:TrackPointExtension>
            <gpxtpx:hr>174</gpxtpx:hr>
          </gpxtpx:TrackPointExtension>
        </extensions>
      </trkpt>
      <trkpt lat="32.06681991049439" lon="118.59549170296431">
        <ele>40.8</ele>
        <time>2026-08-21T23:36:38Z</time>
        <extensions>
          <gpxtpx:TrackPointExtension>
            <gpxtpx:hr>174</gpxtpx:hr>
          </gpxtpx:TrackPointExtension>
        </extensions>
      </trkpt>
      <trkpt lat="32.066844916603934" lon="118.59548670097377">
        <ele>40.8</ele>
        <time>2026-08-21T23:36:39Z</time>
        <extensions>
          <gpxtpx:TrackPointExtension>
            <gpxtpx:hr>175</gpxtpx:hr>
          </gpxtpx:TrackPointExtension>
        </extensions>
      </trkpt>
      <trkpt lat="32.0668739235885" lon="118.59548169862151">
        <ele>40.8</ele>
        <time>2026-08-21T23:36:40Z</time>
        <extensions>
          <gpxtpx:TrackPointExtension>
            <gpxtpx:hr>175</gpxtpx:hr>
          </gpxtpx:TrackPointExtension>
        </extensions>
      </trkpt>
      <trkpt lat="32.066902930445785" lon="118.5954776962162">
        <ele>40.8</ele>
        <time>2026-08-21T23:36:41Z</time>
        <extensions>
          <gpxtpx:TrackPointExtension>
            <gpxtpx:hr>175</gpxtpx:hr>
          </gpxtpx:TrackPointExtension>
        </extensions>
      </trkpt>
      <trkpt lat="32.066929937115496" lon="118.59547169409332">
        <ele>40.8</ele>
        <time>2026-08-21T23:36:42Z</time>
        <extensions>
          <gpxtpx:TrackPointExtension>
            <gpxtpx:hr>175</gpxtpx:hr>
          </gpxtpx:TrackPointExtension>
        </extensions>
      </trkpt>
      <trkpt lat="32.06695694403424" lon="118.59546369207081">
        <ele>40.8</ele>
        <time>2026-08-21T23:36:43Z</time>
        <extensions>
          <gpxtpx:TrackPointExtension>
            <gpxtpx:hr>175</gpxtpx:hr>
          </gpxtpx:TrackPointExtension>
        </extensions>
      </trkpt>
      <trkpt lat="32.06698295073094" lon="118.59545569013505">
        <ele>40.8</ele>
        <time>2026-08-21T23:36:44Z</time>
        <extensions>
          <gpxtpx:TrackPointExtension>
            <gpxtpx:hr>174</gpxtpx:hr>
          </gpxtpx:TrackPointExtension>
        </extensions>
      </trkpt>
      <trkpt lat="32.067007957205625" lon="118.5954476882861">
        <ele>40.8</ele>
        <time>2026-08-21T23:36:45Z</time>
        <extensions>
          <gpxtpx:TrackPointExtension>
            <gpxtpx:hr>174</gpxtpx:hr>
          </gpxtpx:TrackPointExtension>
        </extensions>
      </trkpt>
      <trkpt lat="32.06703296380165" lon="118.5954386864836">
        <ele>40.8</ele>
        <time>2026-08-21T23:36:46Z</time>
        <extensions>
          <gpxtpx:TrackPointExtension>
            <gpxtpx:hr>174</gpxtpx:hr>
          </gpxtpx:TrackPointExtension>
        </extensions>
      </trkpt>
      <trkpt lat="32.067058970489065" lon="118.59543068453749">
        <ele>40.8</ele>
        <time>2026-08-21T23:36:47Z</time>
        <extensions>
          <gpxtpx:TrackPointExtension>
            <gpxtpx:hr>174</gpxtpx:hr>
          </gpxtpx:TrackPointExtension>
        </extensions>
      </trkpt>
      <trkpt lat="32.0670849771735" lon="118.59542268258802">
        <ele>40.8</ele>
        <time>2026-08-21T23:36:48Z</time>
        <extensions>
          <gpxtpx:TrackPointExtension>
            <gpxtpx:hr>174</gpxtpx:hr>
          </gpxtpx:TrackPointExtension>
        </extensions>
      </trkpt>
      <trkpt lat="32.06711198395069" lon="118.59541568049661">
        <ele>40.7</ele>
        <time>2026-08-21T23:36:49Z</time>
        <extensions>
          <gpxtpx:TrackPointExtension>
            <gpxtpx:hr>174</gpxtpx:hr>
          </gpxtpx:TrackPointExtension>
        </extensions>
      </trkpt>
      <trkpt lat="32.06713598994554" lon="118.59540967862472">
        <ele>40.7</ele>
        <time>2026-08-21T23:36:50Z</time>
        <extensions>
          <gpxtpx:TrackPointExtension>
            <gpxtpx:hr>174</gpxtpx:hr>
          </gpxtpx:TrackPointExtension>
        </extensions>
      </trkpt>
      <trkpt lat="32.06716299671836" lon="118.59540267652858">
        <ele>40.7</ele>
        <time>2026-08-21T23:36:51Z</time>
        <extensions>
          <gpxtpx:TrackPointExtension>
            <gpxtpx:hr>174</gpxtpx:hr>
          </gpxtpx:TrackPointExtension>
        </extensions>
      </trkpt>
      <trkpt lat="32.06718800305087" lon="118.59539567461009">
        <ele>40.7</ele>
        <time>2026-08-21T23:36:52Z</time>
        <extensions>
          <gpxtpx:TrackPointExtension>
            <gpxtpx:hr>174</gpxtpx:hr>
          </gpxtpx:TrackPointExtension>
        </extensions>
      </trkpt>
      <trkpt lat="32.067213009625206" lon="118.59538667278329">
        <ele>40.7</ele>
        <time>2026-08-21T23:36:53Z</time>
        <extensions>
          <gpxtpx:TrackPointExtension>
            <gpxtpx:hr>174</gpxtpx:hr>
          </gpxtpx:TrackPointExtension>
        </extensions>
      </trkpt>
      <trkpt lat="32.06724101709591" lon="118.59537567077508">
        <ele>40.8</ele>
        <time>2026-08-21T23:36:54Z</time>
        <extensions>
          <gpxtpx:TrackPointExtension>
            <gpxtpx:hr>175</gpxtpx:hr>
          </gpxtpx:TrackPointExtension>
        </extensions>
      </trkpt>
      <trkpt lat="32.06726702400212" lon="118.59536566889484">
        <ele>40.8</ele>
        <time>2026-08-21T23:36:55Z</time>
        <extensions>
          <gpxtpx:TrackPointExtension>
            <gpxtpx:hr>175</gpxtpx:hr>
          </gpxtpx:TrackPointExtension>
        </extensions>
      </trkpt>
      <trkpt lat="32.067293030903784" lon="118.59535566700941">
        <ele>40.8</ele>
        <time>2026-08-21T23:36:56Z</time>
        <extensions>
          <gpxtpx:TrackPointExtension>
            <gpxtpx:hr>175</gpxtpx:hr>
          </gpxtpx:TrackPointExtension>
        </extensions>
      </trkpt>
      <trkpt lat="32.06732003814007" lon="118.5953446650736">
        <ele>40.8</ele>
        <time>2026-08-21T23:36:57Z</time>
        <extensions>
          <gpxtpx:TrackPointExtension>
            <gpxtpx:hr>175</gpxtpx:hr>
          </gpxtpx:TrackPointExtension>
        </extensions>
      </trkpt>
      <trkpt lat="32.06734604527166" lon="118.59533266326589">
        <ele>40.8</ele>
        <time>2026-08-21T23:36:58Z</time>
        <extensions>
          <gpxtpx:TrackPointExtension>
            <gpxtpx:hr>175</gpxtpx:hr>
          </gpxtpx:TrackPointExtension>
        </extensions>
      </trkpt>
      <trkpt lat="32.06737205215838" lon="118.59532266136334">
        <ele>40.8</ele>
        <time>2026-08-21T23:36:59Z</time>
        <extensions>
          <gpxtpx:TrackPointExtension>
            <gpxtpx:hr>175</gpxtpx:hr>
          </gpxtpx:TrackPointExtension>
        </extensions>
      </trkpt>
      <trkpt lat="32.06739505826497" lon="118.59531365968262">
        <ele>40.8</ele>
        <time>2026-08-21T23:37:00Z</time>
        <extensions>
          <gpxtpx:TrackPointExtension>
            <gpxtpx:hr>175</gpxtpx:hr>
          </gpxtpx:TrackPointExtension>
        </extensions>
      </trkpt>
      <trkpt lat="32.06742306569927" lon="118.59530265763271">
        <ele>40.8</ele>
        <time>2026-08-21T23:37:01Z</time>
        <extensions>
          <gpxtpx:TrackPointExtension>
            <gpxtpx:hr>175</gpxtpx:hr>
          </gpxtpx:TrackPointExtension>
        </extensions>
      </trkpt>
      <trkpt lat="32.067449072690295" lon="118.59529165575672">
        <ele>40.8</ele>
        <time>2026-08-21T23:37:02Z</time>
        <extensions>
          <gpxtpx:TrackPointExtension>
            <gpxtpx:hr>175</gpxtpx:hr>
          </gpxtpx:TrackPointExtension>
        </extensions>
      </trkpt>
      <trkpt lat="32.067476080129516" lon="118.59527865386737">
        <ele>40.8</ele>
        <time>2026-08-21T23:37:03Z</time>
        <extensions>
          <gpxtpx:TrackPointExtension>
            <gpxtpx:hr>175</gpxtpx:hr>
          </gpxtpx:TrackPointExtension>
        </extensions>
      </trkpt>
      <trkpt lat="32.06750308779468" lon="118.5952636520507">
        <ele>40.9</ele>
        <time>2026-08-21T23:37:04Z</time>
        <extensions>
          <gpxtpx:TrackPointExtension>
            <gpxtpx:hr>175</gpxtpx:hr>
          </gpxtpx:TrackPointExtension>
        </extensions>
      </trkpt>
      <trkpt lat="32.0675320956554" lon="118.59525064996224">
        <ele>40.9</ele>
        <time>2026-08-21T23:37:05Z</time>
        <extensions>
          <gpxtpx:TrackPointExtension>
            <gpxtpx:hr>175</gpxtpx:hr>
          </gpxtpx:TrackPointExtension>
        </extensions>
      </trkpt>
      <trkpt lat="32.06755910318636" lon="118.5952366480845">
        <ele>40.9</ele>
        <time>2026-08-21T23:37:06Z</time>
        <extensions>
          <gpxtpx:TrackPointExtension>
            <gpxtpx:hr>175</gpxtpx:hr>
          </gpxtpx:TrackPointExtension>
        </extensions>
      </trkpt>
      <trkpt lat="32.06758411015595" lon="118.59522364633821">
        <ele>40.9</ele>
        <time>2026-08-21T23:37:07Z</time>
        <extensions>
          <gpxtpx:TrackPointExtension>
            <gpxtpx:hr>175</gpxtpx:hr>
          </gpxtpx:TrackPointExtension>
        </extensions>
      </trkpt>
      <trkpt lat="32.06760911723238" lon="118.59520964462102">
        <ele>40.9</ele>
        <time>2026-08-21T23:37:08Z</time>
        <extensions>
          <gpxtpx:TrackPointExtension>
            <gpxtpx:hr>175</gpxtpx:hr>
          </gpxtpx:TrackPointExtension>
        </extensions>
      </trkpt>
      <trkpt lat="32.06763612519245" lon="118.59519164286165">
        <ele>41.0</ele>
        <time>2026-08-21T23:37:09Z</time>
        <extensions>
          <gpxtpx:TrackPointExtension>
            <gpxtpx:hr>173</gpxtpx:hr>
          </gpxtpx:TrackPointExtension>
        </extensions>
      </trkpt>
      <trkpt lat="32.067663133251" lon="118.59517264112141">
        <ele>41.0</ele>
        <time>2026-08-21T23:37:10Z</time>
        <extensions>
          <gpxtpx:TrackPointExtension>
            <gpxtpx:hr>173</gpxtpx:hr>
          </gpxtpx:TrackPointExtension>
        </extensions>
      </trkpt>
      <trkpt lat="32.06768914129861" lon="118.59515163952234">
        <ele>41.0</ele>
        <time>2026-08-21T23:37:11Z</time>
        <extensions>
          <gpxtpx:TrackPointExtension>
            <gpxtpx:hr>173</gpxtpx:hr>
          </gpxtpx:TrackPointExtension>
        </extensions>
      </trkpt>
      <trkpt lat="32.06771514932687" lon="118.59513063790034">
        <ele>41.0</ele>
        <time>2026-08-21T23:37:12Z</time>
        <extensions>
          <gpxtpx:TrackPointExtension>
            <gpxtpx:hr>173</gpxtpx:hr>
          </gpxtpx:TrackPointExtension>
        </extensions>
      </trkpt>
      <trkpt lat="32.067739157008184" lon="118.5951086364683">
        <ele>41.0</ele>
        <time>2026-08-21T23:37:13Z</time>
        <extensions>
          <gpxtpx:TrackPointExtension>
            <gpxtpx:hr>173</gpxtpx:hr>
          </gpxtpx:TrackPointExtension>
        </extensions>
      </trkpt>
      <trkpt lat="32.0677631646683" lon="118.59508663501109">
        <ele>41.0</ele>
        <time>2026-08-21T23:37:14Z</time>
        <extensions>
          <gpxtpx:TrackPointExtension>
            <gpxtpx:hr>174</gpxtpx:hr>
          </gpxtpx:TrackPointExtension>
        </extensions>
      </trkpt>
      <trkpt lat="32.06778917274481" lon="118.5950646333485">
        <ele>41.0</ele>
        <time>2026-08-21T23:37:15Z</time>
        <extensions>
          <gpxtpx:TrackPointExtension>
            <gpxtpx:hr>174</gpxtpx:hr>
          </gpxtpx:TrackPointExtension>
        </extensions>
      </trkpt>
      <trkpt lat="32.06781418068841" lon="118.59504163178">
        <ele>41.0</ele>
        <time>2026-08-21T23:37:16Z</time>
        <extensions>
          <gpxtpx:TrackPointExtension>
            <gpxtpx:hr>174</gpxtpx:hr>
          </gpxtpx:TrackPointExtension>
        </extensions>
      </trkpt>
      <trkpt lat="32.067840188721526" lon="118.59501963006595">
        <ele>41.0</ele>
        <time>2026-08-21T23:37:17Z</time>
        <extensions>
          <gpxtpx:TrackPointExtension>
            <gpxtpx:hr>174</gpxtpx:hr>
          </gpxtpx:TrackPointExtension>
        </extensions>
      </trkpt>
      <trkpt lat="32.06786619662825" lon="118.59499862829982">
        <ele>41.0</ele>
        <time>2026-08-21T23:37:18Z</time>
        <extensions>
          <gpxtpx:TrackPointExtension>
            <gpxtpx:hr>174</gpxtpx:hr>
          </gpxtpx:TrackPointExtension>
        </extensions>
      </trkpt>
      <trkpt lat="32.067892204411294" lon="118.5949786264849">
        <ele>41.0</ele>
        <time>2026-08-21T23:37:19Z</time>
        <extensions>
          <gpxtpx:TrackPointExtension>
            <gpxtpx:hr>174</gpxtpx:hr>
          </gpxtpx:TrackPointExtension>
        </extensions>
      </trkpt>
      <trkpt lat="32.06791821217675" lon="118.5949586246492">
        <ele>41.0</ele>
        <time>2026-08-21T23:37:20Z</time>
        <extensions>
          <gpxtpx:TrackPointExtension>
            <gpxtpx:hr>174</gpxtpx:hr>
          </gpxtpx:TrackPointExtension>
        </extensions>
      </trkpt>
      <trkpt lat="32.06794421992463" lon="118.59493862279265">
        <ele>41.0</ele>
        <time>2026-08-21T23:37:21Z</time>
        <extensions>
          <gpxtpx:TrackPointExtension>
            <gpxtpx:hr>174</gpxtpx:hr>
          </gpxtpx:TrackPointExtension>
        </extensions>
      </trkpt>
      <trkpt lat="32.06797022734955" lon="118.59492162084685">
        <ele>41.0</ele>
        <time>2026-08-21T23:37:22Z</time>
        <extensions>
          <gpxtpx:TrackPointExtension>
            <gpxtpx:hr>174</gpxtpx:hr>
          </gpxtpx:TrackPointExtension>
        </extensions>
      </trkpt>
      <trkpt lat="32.0679972347781" lon="118.59490661875176">
        <ele>41.0</ele>
        <time>2026-08-21T23:37:23Z</time>
        <extensions>
          <gpxtpx:TrackPointExtension>
            <gpxtpx:hr>174</gpxtpx:hr>
          </gpxtpx:TrackPointExtension>
        </extensions>
      </trkpt>
      <trkpt lat="32.06802324177674" lon="118.59489361669226">
        <ele>41.0</ele>
        <time>2026-08-21T23:37:24Z</time>
        <extensions>
          <gpxtpx:TrackPointExtension>
            <gpxtpx:hr>175</gpxtpx:hr>
          </gpxtpx:TrackPointExtension>
        </extensions>
      </trkpt>
      <trkpt lat="32.06804824854911" lon="118.59488061471409">
        <ele>41.0</ele>
        <time>2026-08-21T23:37:25Z</time>
        <extensions>
          <gpxtpx:TrackPointExtension>
            <gpxtpx:hr>175</gpxtpx:hr>
          </gpxtpx:TrackPointExtension>
        </extensions>
      </trkpt>
      <trkpt lat="32.068077256387674" lon="118.59486561240676">
        <ele>41.0</ele>
        <time>2026-08-21T23:37:26Z</time>
        <extensions>
          <gpxtpx:TrackPointExtension>
            <gpxtpx:hr>175</gpxtpx:hr>
          </gpxtpx:TrackPointExtension>
        </extensions>
      </trkpt>
      <trkpt lat="32.068101263023955" lon="118.59485161051903">
        <ele>41.0</ele>
        <time>2026-08-21T23:37:27Z</time>
        <extensions>
          <gpxtpx:TrackPointExtension>
            <gpxtpx:hr>175</gpxtpx:hr>
          </gpxtpx:TrackPointExtension>
        </extensions>
      </trkpt>
      <trkpt lat="32.06812526984787" lon="118.59483560865804">
        <ele>41.0</ele>
        <time>2026-08-21T23:37:28Z</time>
        <extensions>
          <gpxtpx:TrackPointExtension>
            <gpxtpx:hr>175</gpxtpx:hr>
          </gpxtpx:TrackPointExtension>
        </extensions>
      </trkpt>
      <trkpt lat="32.06814927704982" lon="118.59481560685367">
        <ele>40.9</ele>
        <time>2026-08-21T23:37:29Z</time>
        <extensions>
          <gpxtpx:TrackPointExtension>
            <gpxtpx:hr>175</gpxtpx:hr>
          </gpxtpx:TrackPointExtension>
        </extensions>
      </trkpt>
      <trkpt lat="32.06816928364849" lon="118.5947926054377">
        <ele>40.9</ele>
        <time>2026-08-21T23:37:30Z</time>
        <extensions>
          <gpxtpx:TrackPointExtension>
            <gpxtpx:hr>175</gpxtpx:hr>
          </gpxtpx:TrackPointExtension>
        </extensions>
      </trkpt>
      <trkpt lat="32.06818729016738" lon="118.59476560423393">
        <ele>40.9</ele>
        <time>2026-08-21T23:37:31Z</time>
        <extensions>
          <gpxtpx:TrackPointExtension>
            <gpxtpx:hr>175</gpxtpx:hr>
          </gpxtpx:TrackPointExtension>
        </extensions>
      </trkpt>
      <trkpt lat="32.06820129587373" lon="118.59473760336596">
        <ele>40.9</ele>
        <time>2026-08-21T23:37:32Z</time>
        <extensions>
          <gpxtpx:TrackPointExtension>
            <gpxtpx:hr>175</gpxtpx:hr>
          </gpxtpx:TrackPointExtension>
        </extensions>
      </trkpt>
      <trkpt lat="32.06821330120125" lon="118.59470860264918">
        <ele>40.9</ele>
        <time>2026-08-21T23:37:33Z</time>
        <extensions>
          <gpxtpx:TrackPointExtension>
            <gpxtpx:hr>175</gpxtpx:hr>
          </gpxtpx:TrackPointExtension>
        </extensions>
      </trkpt>
      <trkpt lat="32.068225306492145" lon="118.5946796018886">
        <ele>40.9</ele>
        <time>2026-08-21T23:37:34Z</time>
        <extensions>
          <gpxtpx:TrackPointExtension>
            <gpxtpx:hr>175</gpxtpx:hr>
          </gpxtpx:TrackPointExtension>
        </extensions>
      </trkpt>
      <trkpt lat="32.06823731174643" lon="118.59465060108421">
        <ele>40.9</ele>
        <time>2026-08-21T23:37:35Z</time>
        <extensions>
          <gpxtpx:TrackPointExtension>
            <gpxtpx:hr>175</gpxtpx:hr>
          </gpxtpx:TrackPointExtension>
        </extensions>
      </trkpt>
      <trkpt lat="32.068249317052874" lon="118.59462060024326">
        <ele>40.9</ele>
        <time>2026-08-21T23:37:36Z</time>
        <extensions>
          <gpxtpx:TrackPointExtension>
            <gpxtpx:hr>175</gpxtpx:hr>
          </gpxtpx:TrackPointExtension>
        </extensions>
      </trkpt>
      <trkpt lat="32.068261322320126" lon="118.59459059935541">
        <ele>40.9</ele>
        <time>2026-08-21T23:37:37Z</time>
        <extensions>
          <gpxtpx:TrackPointExtension>
            <gpxtpx:hr>175</gpxtpx:hr>
          </gpxtpx:TrackPointExtension>
        </extensions>
      </trkpt>
      <trkpt lat="32.06827332746199" lon="118.5945615984165">
        <ele>40.9</ele>
        <time>2026-08-21T23:37:38Z</time>
        <extensions>
          <gpxtpx:TrackPointExtension>
            <gpxtpx:hr>175</gpxtpx:hr>
          </gpxtpx:TrackPointExtension>
        </extensions>
      </trkpt>
      <trkpt lat="32.068286332870755" lon="118.59453159734628">
        <ele>40.9</ele>
        <time>2026-08-21T23:37:39Z</time>
        <extensions>
          <gpxtpx:TrackPointExtension>
            <gpxtpx:hr>175</gpxtpx:hr>
          </gpxtpx:TrackPointExtension>
        </extensions>
      </trkpt>
      <trkpt lat="32.06830033829166" lon="118.59450359613687">
        <ele>40.9</ele>
        <time>2026-08-21T23:37:40Z</time>
        <extensions>
          <gpxtpx:TrackPointExtension>
            <gpxtpx:hr>175</gpxtpx:hr>
          </gpxtpx:TrackPointExtension>
        </extensions>
      </trkpt>
      <trkpt lat="32.06831434367837" lon="118.59447559488657">
        <ele>40.9</ele>
        <time>2026-08-21T23:37:41Z</time>
        <extensions>
          <gpxtpx:TrackPointExtension>
            <gpxtpx:hr>175</gpxtpx:hr>
          </gpxtpx:TrackPointExtension>
        </extensions>
      </trkpt>
      <trkpt lat="32.06832834919328" lon="118.59444559359171">
        <ele>40.9</ele>
        <time>2026-08-21T23:37:42Z</time>
        <extensions>
          <gpxtpx:TrackPointExtension>
            <gpxtpx:hr>175</gpxtpx:hr>
          </gpxtpx:TrackPointExtension>
        </extensions>
      </trkpt>
      <trkpt lat="32.06834035439133" lon="118.5944135924231">
        <ele>40.9</ele>
        <time>2026-08-21T23:37:43Z</time>
        <extensions>
          <gpxtpx:TrackPointExtension>
            <gpxtpx:hr>175</gpxtpx:hr>
          </gpxtpx:TrackPointExtension>
        </extensions>
      </trkpt>
      <trkpt lat="32.06835335968496" lon="118.59438259111616">
        <ele>40.9</ele>
        <time>2026-08-21T23:37:44Z</time>
        <extensions>
          <gpxtpx:TrackPointExtension>
            <gpxtpx:hr>176</gpxtpx:hr>
          </gpxtpx:TrackPointExtension>
        </extensions>
      </trkpt>
      <trkpt lat="32.06836636493668" lon="118.59435158975906">
        <ele>40.9</ele>
        <time>2026-08-21T23:37:45Z</time>
        <extensions>
          <gpxtpx:TrackPointExtension>
            <gpxtpx:hr>176</gpxtpx:hr>
          </gpxtpx:TrackPointExtension>
        </extensions>
      </trkpt>
      <trkpt lat="32.06837937014649" lon="118.59432058835183">
        <ele>40.9</ele>
        <time>2026-08-21T23:37:46Z</time>
        <extensions>
          <gpxtpx:TrackPointExtension>
            <gpxtpx:hr>176</gpxtpx:hr>
          </gpxtpx:TrackPointExtension>
        </extensions>
      </trkpt>
      <trkpt lat="32.06839437560275" lon="118.5942915867342">
        <ele>40.9</ele>
        <time>2026-08-21T23:37:47Z</time>
        <extensions>
          <gpxtpx:TrackPointExtension>
            <gpxtpx:hr>176</gpxtpx:hr>
          </gpxtpx:TrackPointExtension>
        </extensions>
      </trkpt>
      <trkpt lat="32.068410381240895" lon="118.59426258498257">
        <ele>40.9</ele>
        <time>2026-08-21T23:37:48Z</time>
        <extensions>
          <gpxtpx:TrackPointExtension>
            <gpxtpx:hr>176</gpxtpx:hr>
          </gpxtpx:TrackPointExtension>
        </extensions>
      </trkpt>
      <trkpt lat="32.068427386988944" lon="118.59423458310987">
        <ele>40.8</ele>
        <time>2026-08-21T23:37:49Z</time>
        <extensions>
          <gpxtpx:TrackPointExtension>
            <gpxtpx:hr>175</gpxtpx:hr>
          </gpxtpx:TrackPointExtension>
        </extensions>
      </trkpt>
      <trkpt lat="32.06844439270273" lon="118.59420658119623">
        <ele>40.8</ele>
        <time>2026-08-21T23:37:50Z</time>
        <extensions>
          <gpxtpx:TrackPointExtension>
            <gpxtpx:hr>175</gpxtpx:hr>
          </gpxtpx:TrackPointExtension>
        </extensions>
      </trkpt>
      <trkpt lat="32.06846239853128" lon="118.59417957916735">
        <ele>40.8</ele>
        <time>2026-08-21T23:37:51Z</time>
        <extensions>
          <gpxtpx:TrackPointExtension>
            <gpxtpx:hr>175</gpxtpx:hr>
          </gpxtpx:TrackPointExtension>
        </extensions>
      </trkpt>
      <trkpt lat="32.068481404409646" lon="118.59415457704458">
        <ele>40.8</ele>
        <time>2026-08-21T23:37:52Z</time>
        <extensions>
          <gpxtpx:TrackPointExtension>
            <gpxtpx:hr>175</gpxtpx:hr>
          </gpxtpx:TrackPointExtension>
        </extensions>
      </trkpt>
      <trkpt lat="32.0685014104118" lon="118.59413057481741">
        <ele>40.8</ele>
        <time>2026-08-21T23:37:53Z</time>
        <extensions>
          <gpxtpx:TrackPointExtension>
            <gpxtpx:hr>175</gpxtpx:hr>
          </gpxtpx:TrackPointExtension>
        </extensions>
      </trkpt>
      <trkpt lat="32.068522416474416" lon="118.59410857250913">
        <ele>40.8</ele>
        <time>2026-08-21T23:37:54Z</time>
        <extensions>
          <gpxtpx:TrackPointExtension>
            <gpxtpx:hr>176</gpxtpx:hr>
          </gpxtpx:TrackPointExtension>
        </extensions>
      </trkpt>
      <trkpt lat="32.06854442260322" lon="118.59408857012663">
        <ele>40.8</ele>
        <time>2026-08-21T23:37:55Z</time>
        <extensions>
          <gpxtpx:TrackPointExtension>
            <gpxtpx:hr>176</gpxtpx:hr>
          </gpxtpx:TrackPointExtension>
        </extensions>
      </trkpt>
      <trkpt lat="32.06856642858487" lon="118.59407056776628">
        <ele>40.8</ele>
        <time>2026-08-21T23:37:56Z</time>
        <extensions>
          <gpxtpx:TrackPointExtension>
            <gpxtpx:hr>176</gpxtpx:hr>
          </gpxtpx:TrackPointExtension>
        </extensions>
      </trkpt>
      <trkpt lat="32.068590434989325" lon="118.5940525652088">
        <ele>40.8</ele>
        <time>2026-08-21T23:37:57Z</time>
        <extensions>
          <gpxtpx:TrackPointExtension>
            <gpxtpx:hr>176</gpxtpx:hr>
          </gpxtpx:TrackPointExtension>
        </extensions>
      </trkpt>
      <trkpt lat="32.068615441408056" lon="118.59403756261409">
        <ele>40.8</ele>
        <time>2026-08-21T23:37:58Z</time>
        <extensions>
          <gpxtpx:TrackPointExtension>
            <gpxtpx:hr>176</gpxtpx:hr>
          </gpxtpx:TrackPointExtension>
        </extensions>
      </trkpt>
      <trkpt lat="32.068640447691244" lon="118.5940245600555">
        <ele>40.9</ele>
        <time>2026-08-21T23:37:59Z</time>
        <extensions>
          <gpxtpx:TrackPointExtension>
            <gpxtpx:hr>175</gpxtpx:hr>
          </gpxtpx:TrackPointExtension>
        </extensions>
      </trkpt>
      <trkpt lat="32.06866645406081" lon="118.59401355744698">
        <ele>40.9</ele>
        <time>2026-08-21T23:38:00Z</time>
        <extensions>
          <gpxtpx:TrackPointExtension>
            <gpxtpx:hr>175</gpxtpx:hr>
          </gpxtpx:TrackPointExtension>
        </extensions>
      </trkpt>
      <trkpt lat="32.06869146014451" lon="118.59400355494724">
        <ele>40.9</ele>
        <time>2026-08-21T23:38:01Z</time>
        <extensions>
          <gpxtpx:TrackPointExtension>
            <gpxtpx:hr>175</gpxtpx:hr>
          </gpxtpx:TrackPointExtension>
        </extensions>
      </trkpt>
      <trkpt lat="32.06871846672205" lon="118.59399255223653">
        <ele>40.9</ele>
        <time>2026-08-21T23:38:02Z</time>
        <extensions>
          <gpxtpx:TrackPointExtension>
            <gpxtpx:hr>175</gpxtpx:hr>
          </gpxtpx:TrackPointExtension>
        </extensions>
      </trkpt>
      <trkpt lat="32.06874847407132" lon="118.59397954919683">
        <ele>40.9</ele>
        <time>2026-08-21T23:38:03Z</time>
        <extensions>
          <gpxtpx:TrackPointExtension>
            <gpxtpx:hr>175</gpxtpx:hr>
          </gpxtpx:TrackPointExtension>
        </extensions>
      </trkpt>
      <trkpt lat="32.06877948151075" lon="118.59396854611191">
        <ele>41.0</ele>
        <time>2026-08-21T23:38:04Z</time>
        <extensions>
          <gpxtpx:TrackPointExtension>
            <gpxtpx:hr>171</gpxtpx:hr>
          </gpxtpx:TrackPointExtension>
        </extensions>
      </trkpt>
      <trkpt lat="32.068808488387816" lon="118.59395954325551">
        <ele>41.0</ele>
        <time>2026-08-21T23:38:05Z</time>
        <extensions>
          <gpxtpx:TrackPointExtension>
            <gpxtpx:hr>171</gpxtpx:hr>
          </gpxtpx:TrackPointExtension>
        </extensions>
      </trkpt>
      <trkpt lat="32.06883649516169" lon="118.59394854042938">
        <ele>41.0</ele>
        <time>2026-08-21T23:38:06Z</time>
        <extensions>
          <gpxtpx:TrackPointExtension>
            <gpxtpx:hr>171</gpxtpx:hr>
          </gpxtpx:TrackPointExtension>
        </extensions>
      </trkpt>
      <trkpt lat="32.068864501989026" lon="118.59393653756848">
        <ele>41.0</ele>
        <time>2026-08-21T23:38:07Z</time>
        <extensions>
          <gpxtpx:TrackPointExtension>
            <gpxtpx:hr>171</gpxtpx:hr>
          </gpxtpx:TrackPointExtension>
        </extensions>
      </trkpt>
      <trkpt lat="32.06889350914505" lon="118.59392253455164">
        <ele>41.0</ele>
        <time>2026-08-21T23:38:08Z</time>
        <extensions>
          <gpxtpx:TrackPointExtension>
            <gpxtpx:hr>171</gpxtpx:hr>
          </gpxtpx:TrackPointExtension>
        </extensions>
      </trkpt>
      <trkpt lat="32.068921516131546" lon="118.59390753158466">
        <ele>41.3</ele>
        <time>2026-08-21T23:38:09Z</time>
        <extensions>
          <gpxtpx:TrackPointExtension>
            <gpxtpx:hr>173</gpxtpx:hr>
          </gpxtpx:TrackPointExtension>
        </extensions>
      </trkpt>
      <trkpt lat="32.06894852300354" lon="118.59389052863436">
        <ele>41.3</ele>
        <time>2026-08-21T23:38:10Z</time>
        <extensions>
          <gpxtpx:TrackPointExtension>
            <gpxtpx:hr>173</gpxtpx:hr>
          </gpxtpx:TrackPointExtension>
        </extensions>
      </trkpt>
      <trkpt lat="32.068974529700476" lon="118.59387252572726">
        <ele>41.3</ele>
        <time>2026-08-21T23:38:11Z</time>
        <extensions>
          <gpxtpx:TrackPointExtension>
            <gpxtpx:hr>173</gpxtpx:hr>
          </gpxtpx:TrackPointExtension>
        </extensions>
      </trkpt>
      <trkpt lat="32.06900053638305" lon="118.59385452280321">
        <ele>41.3</ele>
        <time>2026-08-21T23:38:12Z</time>
        <extensions>
          <gpxtpx:TrackPointExtension>
            <gpxtpx:hr>173</gpxtpx:hr>
          </gpxtpx:TrackPointExtension>
        </extensions>
      </trkpt>
      <trkpt lat="32.06902354245065" lon="118.59383552009878">
        <ele>41.3</ele>
        <time>2026-08-21T23:38:13Z</time>
        <extensions>
          <gpxtpx:TrackPointExtension>
            <gpxtpx:hr>173</gpxtpx:hr>
          </gpxtpx:TrackPointExtension>
        </extensions>
      </trkpt>
      <trkpt lat="32.069043547793406" lon="118.59381751768052">
        <ele>41.3</ele>
        <time>2026-08-21T23:38:14Z</time>
        <extensions>
          <gpxtpx:TrackPointExtension>
            <gpxtpx:hr>173</gpxtpx:hr>
          </gpxtpx:TrackPointExtension>
        </extensions>
      </trkpt>
      <trkpt lat="32.06906655414684" lon="118.5937925147242">
        <ele>41.3</ele>
        <time>2026-08-21T23:38:15Z</time>
        <extensions>
          <gpxtpx:TrackPointExtension>
            <gpxtpx:hr>173</gpxtpx:hr>
          </gpxtpx:TrackPointExtension>
        </extensions>
      </trkpt>
      <trkpt lat="32.06908756008763" lon="118.59376651187804">
        <ele>41.3</ele>
        <time>2026-08-21T23:38:16Z</time>
        <extensions>
          <gpxtpx:TrackPointExtension>
            <gpxtpx:hr>173</gpxtpx:hr>
          </gpxtpx:TrackPointExtension>
        </extensions>
      </trkpt>
      <trkpt lat="32.06910456482204" lon="118.59374650958839">
        <ele>41.3</ele>
        <time>2026-08-21T23:38:17Z</time>
        <extensions>
          <gpxtpx:TrackPointExtension>
            <gpxtpx:hr>173</gpxtpx:hr>
          </gpxtpx:TrackPointExtension>
        </extensions>
      </trkpt>
      <trkpt lat="32.06912557071031" lon="118.59372050667963">
        <ele>41.3</ele>
        <time>2026-08-21T23:38:18Z</time>
        <extensions>
          <gpxtpx:TrackPointExtension>
            <gpxtpx:hr>173</gpxtpx:hr>
          </gpxtpx:TrackPointExtension>
        </extensions>
      </trkpt>
      <trkpt lat="32.069146576713905" lon="118.59369150361184">
        <ele>41.4</ele>
        <time>2026-08-21T23:38:19Z</time>
        <extensions>
          <gpxtpx:TrackPointExtension>
            <gpxtpx:hr>172</gpxtpx:hr>
          </gpxtpx:TrackPointExtension>
        </extensions>
      </trkpt>
      <trkpt lat="32.069161581087734" lon="118.5936685012966">
        <ele>41.4</ele>
        <time>2026-08-21T23:38:20Z</time>
        <extensions>
          <gpxtpx:TrackPointExtension>
            <gpxtpx:hr>172</gpxtpx:hr>
          </gpxtpx:TrackPointExtension>
        </extensions>
      </trkpt>
      <trkpt lat="32.06917758584138" lon="118.59364149868833">
        <ele>41.4</ele>
        <time>2026-08-21T23:38:21Z</time>
        <extensions>
          <gpxtpx:TrackPointExtension>
            <gpxtpx:hr>172</gpxtpx:hr>
          </gpxtpx:TrackPointExtension>
        </extensions>
      </trkpt>
      <trkpt lat="32.06919259052399" lon="118.59361049595026">
        <ele>41.4</ele>
        <time>2026-08-21T23:38:22Z</time>
        <extensions>
          <gpxtpx:TrackPointExtension>
            <gpxtpx:hr>172</gpxtpx:hr>
          </gpxtpx:TrackPointExtension>
        </extensions>
      </trkpt>
      <trkpt lat="32.06920759529442" lon="118.59357649302015">
        <ele>41.4</ele>
        <time>2026-08-21T23:38:23Z</time>
        <extensions>
          <gpxtpx:TrackPointExtension>
            <gpxtpx:hr>172</gpxtpx:hr>
          </gpxtpx:TrackPointExtension>
        </extensions>
      </trkpt>
      <trkpt lat="32.0692226001393" lon="118.59353948988198">
        <ele>41.5</ele>
        <time>2026-08-21T23:38:24Z</time>
        <extensions>
          <gpxtpx:TrackPointExtension>
            <gpxtpx:hr>172</gpxtpx:hr>
          </gpxtpx:TrackPointExtension>
        </extensions>
      </trkpt>
      <trkpt lat="32.06923460394784" lon="118.59351048735027">
        <ele>41.5</ele>
        <time>2026-08-21T23:38:25Z</time>
        <extensions>
          <gpxtpx:TrackPointExtension>
            <gpxtpx:hr>172</gpxtpx:hr>
          </gpxtpx:TrackPointExtension>
        </extensions>
      </trkpt>
      <trkpt lat="32.06924460724379" lon="118.59348248500697">
        <ele>41.5</ele>
        <time>2026-08-21T23:38:26Z</time>
        <extensions>
          <gpxtpx:TrackPointExtension>
            <gpxtpx:hr>172</gpxtpx:hr>
          </gpxtpx:TrackPointExtension>
        </extensions>
      </trkpt>
      <trkpt lat="32.06925661113103" lon="118.59344948217318">
        <ele>41.5</ele>
        <time>2026-08-21T23:38:27Z</time>
        <extensions>
          <gpxtpx:TrackPointExtension>
            <gpxtpx:hr>172</gpxtpx:hr>
          </gpxtpx:TrackPointExtension>
        </extensions>
      </trkpt>
      <trkpt lat="32.069266614425025" lon="118.5934194796294">
        <ele>41.5</ele>
        <time>2026-08-21T23:38:28Z</time>
        <extensions>
          <gpxtpx:TrackPointExtension>
            <gpxtpx:hr>172</gpxtpx:hr>
          </gpxtpx:TrackPointExtension>
        </extensions>
      </trkpt>
      <trkpt lat="32.069276617749644" lon="118.59338747692412">
        <ele>41.6</ele>
        <time>2026-08-21T23:38:29Z</time>
        <extensions>
          <gpxtpx:TrackPointExtension>
            <gpxtpx:hr>173</gpxtpx:hr>
          </gpxtpx:TrackPointExtension>
        </extensions>
      </trkpt>
      <trkpt lat="32.06928762134823" lon="118.59335247389812">
        <ele>41.6</ele>
        <time>2026-08-21T23:38:30Z</time>
        <extensions>
          <gpxtpx:TrackPointExtension>
            <gpxtpx:hr>173</gpxtpx:hr>
          </gpxtpx:TrackPointExtension>
        </extensions>
      </trkpt>
      <trkpt lat="32.06929762470674" lon="118.59331647083707">
        <ele>41.6</ele>
        <time>2026-08-21T23:38:31Z</time>
        <extensions>
          <gpxtpx:TrackPointExtension>
            <gpxtpx:hr>173</gpxtpx:hr>
          </gpxtpx:TrackPointExtension>
        </extensions>
      </trkpt>
      <trkpt lat="32.06930762800849" lon="118.59328046770807">
        <ele>41.6</ele>
        <time>2026-08-21T23:38:32Z</time>
        <extensions>
          <gpxtpx:TrackPointExtension>
            <gpxtpx:hr>173</gpxtpx:hr>
          </gpxtpx:TrackPointExtension>
        </extensions>
      </trkpt>
      <trkpt lat="32.069315630730536" lon="118.59324746488522">
        <ele>41.6</ele>
        <time>2026-08-21T23:38:33Z</time>
        <extensions>
          <gpxtpx:TrackPointExtension>
            <gpxtpx:hr>173</gpxtpx:hr>
          </gpxtpx:TrackPointExtension>
        </extensions>
      </trkpt>
      <trkpt lat="32.06932263310418" lon="118.59321746229402">
        <ele>41.5</ele>
        <time>2026-08-21T23:38:34Z</time>
        <extensions>
          <gpxtpx:TrackPointExtension>
            <gpxtpx:hr>173</gpxtpx:hr>
          </gpxtpx:TrackPointExtension>
        </extensions>
      </trkpt>
      <trkpt lat="32.069328635376586" lon="118.59318145933848">
        <ele>41.5</ele>
        <time>2026-08-21T23:38:35Z</time>
        <extensions>
          <gpxtpx:TrackPointExtension>
            <gpxtpx:hr>173</gpxtpx:hr>
          </gpxtpx:TrackPointExtension>
        </extensions>
      </trkpt>
      <trkpt lat="32.06933163688849" lon="118.59314745672499">
        <ele>41.5</ele>
        <time>2026-08-21T23:38:36Z</time>
        <extensions>
          <gpxtpx:TrackPointExtension>
            <gpxtpx:hr>173</gpxtpx:hr>
          </gpxtpx:TrackPointExtension>
        </extensions>
      </trkpt>
      <trkpt lat="32.06933263791316" lon="118.59311345423104">
        <ele>41.5</ele>
        <time>2026-08-21T23:38:37Z</time>
        <extensions>
          <gpxtpx:TrackPointExtension>
            <gpxtpx:hr>173</gpxtpx:hr>
          </gpxtpx:TrackPointExtension>
        </extensions>
      </trkpt>
      <trkpt lat="32.06933263866889" lon="118.59307945176654">
        <ele>41.5</ele>
        <time>2026-08-21T23:38:38Z</time>
        <extensions>
          <gpxtpx:TrackPointExtension>
            <gpxtpx:hr>173</gpxtpx:hr>
          </gpxtpx:TrackPointExtension>
        </extensions>
      </trkpt>
      <trkpt lat="32.069331639175616" lon="118.59304444925627">
        <ele>41.4</ele>
        <time>2026-08-21T23:38:39Z</time>
        <extensions>
          <gpxtpx:TrackPointExtension>
            <gpxtpx:hr>174</gpxtpx:hr>
          </gpxtpx:TrackPointExtension>
        </extensions>
      </trkpt>
      <trkpt lat="32.06933063961022" lon="118.59301044675871">
        <ele>41.4</ele>
        <time>2026-08-21T23:38:40Z</time>
        <extensions>
          <gpxtpx:TrackPointExtension>
            <gpxtpx:hr>174</gpxtpx:hr>
          </gpxtpx:TrackPointExtension>
        </extensions>
      </trkpt>
      <trkpt lat="32.069327639506454" lon="118.59297944461677">
        <ele>41.4</ele>
        <time>2026-08-21T23:38:41Z</time>
        <extensions>
          <gpxtpx:TrackPointExtension>
            <gpxtpx:hr>174</gpxtpx:hr>
          </gpxtpx:TrackPointExtension>
        </extensions>
      </trkpt>
      <trkpt lat="32.0693236392359" lon="118.592942442032">
        <ele>41.4</ele>
        <time>2026-08-21T23:38:42Z</time>
        <extensions>
          <gpxtpx:TrackPointExtension>
            <gpxtpx:hr>174</gpxtpx:hr>
          </gpxtpx:TrackPointExtension>
        </extensions>
      </trkpt>
      <trkpt lat="32.06931863867313" lon="118.59290643954789">
        <ele>41.4</ele>
        <time>2026-08-21T23:38:43Z</time>
        <extensions>
          <gpxtpx:TrackPointExtension>
            <gpxtpx:hr>174</gpxtpx:hr>
          </gpxtpx:TrackPointExtension>
        </extensions>
      </trkpt>
      <trkpt lat="32.06931163755477" lon="118.59287543759706">
        <ele>41.3</ele>
        <time>2026-08-21T23:38:44Z</time>
        <extensions>
          <gpxtpx:TrackPointExtension>
            <gpxtpx:hr>119</gpxtpx:hr>
          </gpxtpx:TrackPointExtension>
        </extensions>
      </trkpt>
      <trkpt lat="32.06930263601297" lon="118.59283943534665">
        <ele>41.3</ele>
        <time>2026-08-21T23:38:45Z</time>
        <extensions>
          <gpxtpx:TrackPointExtension>
            <gpxtpx:hr>119</gpxtpx:hr>
          </gpxtpx:TrackPointExtension>
        </extensions>
      </trkpt>
      <trkpt lat="32.069290633768716" lon="118.59280243321058">
        <ele>41.3</ele>
        <time>2026-08-21T23:38:46Z</time>
        <extensions>
          <gpxtpx:TrackPointExtension>
            <gpxtpx:hr>119</gpxtpx:hr>
          </gpxtpx:TrackPointExtension>
        </extensions>
      </trkpt>
      <trkpt lat="32.069278631448825" lon="118.5927674311822">
        <ele>41.3</ele>
        <time>2026-08-21T23:38:47Z</time>
        <extensions>
          <gpxtpx:TrackPointExtension>
            <gpxtpx:hr>119</gpxtpx:hr>
          </gpxtpx:TrackPointExtension>
        </extensions>
      </trkpt>
      <trkpt lat="32.06926562883784" lon="118.5927354294541">
        <ele>41.3</ele>
        <time>2026-08-21T23:38:48Z</time>
        <extensions>
          <gpxtpx:TrackPointExtension>
            <gpxtpx:hr>119</gpxtpx:hr>
          </gpxtpx:TrackPointExtension>
        </extensions>
      </trkpt>
      <trkpt lat="32.06925262616667" lon="118.59270642795133">
        <ele>41.1</ele>
        <time>2026-08-21T23:38:49Z</time>
        <extensions>
          <gpxtpx:TrackPointExtension>
            <gpxtpx:hr>122</gpxtpx:hr>
          </gpxtpx:TrackPointExtension>
        </extensions>
      </trkpt>
      <trkpt lat="32.069235622600274" lon="118.59267342638634">
        <ele>41.1</ele>
        <time>2026-08-21T23:38:50Z</time>
        <extensions>
          <gpxtpx:TrackPointExtension>
            <gpxtpx:hr>122</gpxtpx:hr>
          </gpxtpx:TrackPointExtension>
        </extensions>
      </trkpt>
      <trkpt lat="32.06921761876311" lon="118.59264242504698">
        <ele>41.1</ele>
        <time>2026-08-21T23:38:51Z</time>
        <extensions>
          <gpxtpx:TrackPointExtension>
            <gpxtpx:hr>122</gpxtpx:hr>
          </gpxtpx:TrackPointExtension>
        </extensions>
      </trkpt>
      <trkpt lat="32.06919861466432" lon="118.59261242384511">
        <ele>41.1</ele>
        <time>2026-08-21T23:38:52Z</time>
        <extensions>
          <gpxtpx:TrackPointExtension>
            <gpxtpx:hr>122</gpxtpx:hr>
          </gpxtpx:TrackPointExtension>
        </extensions>
      </trkpt>
      <trkpt lat="32.06917861030785" lon="118.5925834227855">
        <ele>41.1</ele>
        <time>2026-08-21T23:38:53Z</time>
        <extensions>
          <gpxtpx:TrackPointExtension>
            <gpxtpx:hr>122</gpxtpx:hr>
          </gpxtpx:TrackPointExtension>
        </extensions>
      </trkpt>
      <trkpt lat="32.06916060635824" lon="118.5925594220056">
        <ele>40.9</ele>
        <time>2026-08-21T23:38:54Z</time>
        <extensions>
          <gpxtpx:TrackPointExtension>
            <gpxtpx:hr>128</gpxtpx:hr>
          </gpxtpx:TrackPointExtension>
        </extensions>
      </trkpt>
      <trkpt lat="32.06913960172572" lon="118.59253442136372">
        <ele>40.9</ele>
        <time>2026-08-21T23:38:55Z</time>
        <extensions>
          <gpxtpx:TrackPointExtension>
            <gpxtpx:hr>128</gpxtpx:hr>
          </gpxtpx:TrackPointExtension>
        </extensions>
      </trkpt>
      <trkpt lat="32.06912059751611" lon="118.59251342092168">
        <ele>40.9</ele>
        <time>2026-08-21T23:38:56Z</time>
        <extensions>
          <gpxtpx:TrackPointExtension>
            <gpxtpx:hr>128</gpxtpx:hr>
          </gpxtpx:TrackPointExtension>
        </extensions>
      </trkpt>
      <trkpt lat="32.06909959285453" lon="118.59249342074084">
        <ele>40.9</ele>
        <time>2026-08-21T23:38:57Z</time>
        <extensions>
          <gpxtpx:TrackPointExtension>
            <gpxtpx:hr>128</gpxtpx:hr>
          </gpxtpx:TrackPointExtension>
        </extensions>
      </trkpt>
      <trkpt lat="32.06907058639133" lon="118.59246642052187">
        <ele>40.9</ele>
        <time>2026-08-21T23:38:58Z</time>
        <extensions>
          <gpxtpx:TrackPointExtension>
            <gpxtpx:hr>128</gpxtpx:hr>
          </gpxtpx:TrackPointExtension>
        </extensions>
      </trkpt>
      <trkpt lat="32.06902257567103" lon="118.59242842079611">
        <ele>40.3</ele>
        <time>2026-08-21T23:38:59Z</time>
        <extensions>
          <gpxtpx:TrackPointExtension>
            <gpxtpx:hr>138</gpxtpx:hr>
          </gpxtpx:TrackPointExtension>
        </extensions>
      </trkpt>
      <trkpt lat="32.06891155076137" lon="118.59235242246808">
        <ele>39.4</ele>
        <time>2026-08-21T23:40:45Z</time>
        <extensions>
          <gpxtpx:TrackPointExtension>
            <gpxtpx:hr>169</gpxtpx:hr>
          </gpxtpx:TrackPointExtension>
        </extensions>
      </trkpt>
      <trkpt lat="32.06882253061473" lon="118.59229242369649">
        <ele>39.4</ele>
        <time>2026-08-21T23:40:46Z</time>
        <extensions>
          <gpxtpx:TrackPointExtension>
            <gpxtpx:hr>169</gpxtpx:hr>
          </gpxtpx:TrackPointExtension>
        </extensions>
      </trkpt>
      <trkpt lat="32.0688055267136" lon="118.59227842361645">
        <ele>39.4</ele>
        <time>2026-08-21T23:40:47Z</time>
        <extensions>
          <gpxtpx:TrackPointExtension>
            <gpxtpx:hr>169</gpxtpx:hr>
          </gpxtpx:TrackPointExtension>
        </extensions>
      </trkpt>
      <trkpt lat="32.06878652239532" lon="118.59226642393865">
        <ele>39.4</ele>
        <time>2026-08-21T23:40:48Z</time>
        <extensions>
          <gpxtpx:TrackPointExtension>
            <gpxtpx:hr>169</gpxtpx:hr>
          </gpxtpx:TrackPointExtension>
        </extensions>
      </trkpt>
      <trkpt lat="32.06876551763363" lon="118.59225442443346">
        <ele>39.9</ele>
        <time>2026-08-21T23:40:49Z</time>
        <extensions>
          <gpxtpx:TrackPointExtension>
            <gpxtpx:hr>170</gpxtpx:hr>
          </gpxtpx:TrackPointExtension>
        </extensions>
      </trkpt>
      <trkpt lat="32.06873951172704" lon="118.5922394250188">
        <ele>39.9</ele>
        <time>2026-08-21T23:40:50Z</time>
        <extensions>
          <gpxtpx:TrackPointExtension>
            <gpxtpx:hr>170</gpxtpx:hr>
          </gpxtpx:TrackPointExtension>
        </extensions>
      </trkpt>
      <trkpt lat="32.06871050515485" lon="118.59222442586258">
        <ele>39.9</ele>
        <time>2026-08-21T23:40:51Z</time>
        <extensions>
          <gpxtpx:TrackPointExtension>
            <gpxtpx:hr>170</gpxtpx:hr>
          </gpxtpx:TrackPointExtension>
        </extensions>
      </trkpt>
      <trkpt lat="32.068684499261344" lon="118.59221142666237">
        <ele>39.9</ele>
        <time>2026-08-21T23:40:52Z</time>
        <extensions>
          <gpxtpx:TrackPointExtension>
            <gpxtpx:hr>170</gpxtpx:hr>
          </gpxtpx:TrackPointExtension>
        </extensions>
      </trkpt>
      <trkpt lat="32.06866149403291" lon="118.59219942730262">
        <ele>39.9</ele>
        <time>2026-08-21T23:40:53Z</time>
        <extensions>
          <gpxtpx:TrackPointExtension>
            <gpxtpx:hr>170</gpxtpx:hr>
          </gpxtpx:TrackPointExtension>
        </extensions>
      </trkpt>
      <trkpt lat="32.068634487870646" lon="118.59218442793458">
        <ele>40.4</ele>
        <time>2026-08-21T23:40:54Z</time>
        <extensions>
          <gpxtpx:TrackPointExtension>
            <gpxtpx:hr>170</gpxtpx:hr>
          </gpxtpx:TrackPointExtension>
        </extensions>
      </trkpt>
      <trkpt lat="32.068606481498165" lon="118.59217042876601">
        <ele>40.4</ele>
        <time>2026-08-21T23:40:55Z</time>
        <extensions>
          <gpxtpx:TrackPointExtension>
            <gpxtpx:hr>170</gpxtpx:hr>
          </gpxtpx:TrackPointExtension>
        </extensions>
      </trkpt>
      <trkpt lat="32.06857847511681" lon="118.59215642958709">
        <ele>40.4</ele>
        <time>2026-08-21T23:40:56Z</time>
        <extensions>
          <gpxtpx:TrackPointExtension>
            <gpxtpx:hr>170</gpxtpx:hr>
          </gpxtpx:TrackPointExtension>
        </extensions>
      </trkpt>
      <trkpt lat="32.06855146898437" lon="118.59214443055296">
        <ele>40.4</ele>
        <time>2026-08-21T23:40:57Z</time>
        <extensions>
          <gpxtpx:TrackPointExtension>
            <gpxtpx:hr>170</gpxtpx:hr>
          </gpxtpx:TrackPointExtension>
        </extensions>
      </trkpt>
      <trkpt lat="32.068522462428334" lon="118.59213343181462">
        <ele>40.4</ele>
        <time>2026-08-21T23:40:58Z</time>
        <extensions>
          <gpxtpx:TrackPointExtension>
            <gpxtpx:hr>170</gpxtpx:hr>
          </gpxtpx:TrackPointExtension>
        </extensions>
      </trkpt>
      <trkpt lat="32.068493455887236" lon="118.59212343319358">
        <ele>40.6</ele>
        <time>2026-08-21T23:40:59Z</time>
        <extensions>
          <gpxtpx:TrackPointExtension>
            <gpxtpx:hr>170</gpxtpx:hr>
          </gpxtpx:TrackPointExtension>
        </extensions>
      </trkpt>
      <trkpt lat="32.068464449362374" lon="118.59211443469145">
        <ele>40.6</ele>
        <time>2026-08-21T23:41:00Z</time>
        <extensions>
          <gpxtpx:TrackPointExtension>
            <gpxtpx:hr>170</gpxtpx:hr>
          </gpxtpx:TrackPointExtension>
        </extensions>
      </trkpt>
      <trkpt lat="32.068435442876186" lon="118.59210743643415">
        <ele>40.6</ele>
        <time>2026-08-21T23:41:01Z</time>
        <extensions>
          <gpxtpx:TrackPointExtension>
            <gpxtpx:hr>170</gpxtpx:hr>
          </gpxtpx:TrackPointExtension>
        </extensions>
      </trkpt>
      <trkpt lat="32.068406436387576" lon="118.59210043817428">
        <ele>40.6</ele>
        <time>2026-08-21T23:41:02Z</time>
        <extensions>
          <gpxtpx:TrackPointExtension>
            <gpxtpx:hr>170</gpxtpx:hr>
          </gpxtpx:TrackPointExtension>
        </extensions>
      </trkpt>
      <trkpt lat="32.068376429721496" lon="118.59209544025231">
        <ele>40.6</ele>
        <time>2026-08-21T23:41:03Z</time>
        <extensions>
          <gpxtpx:TrackPointExtension>
            <gpxtpx:hr>170</gpxtpx:hr>
          </gpxtpx:TrackPointExtension>
        </extensions>
      </trkpt>
      <trkpt lat="32.06834642307595" lon="118.5920914424544">
        <ele>40.9</ele>
        <time>2026-08-21T23:41:04Z</time>
        <extensions>
          <gpxtpx:TrackPointExtension>
            <gpxtpx:hr>170</gpxtpx:hr>
          </gpxtpx:TrackPointExtension>
        </extensions>
      </trkpt>
      <trkpt lat="32.068316416473515" lon="118.59208944490666">
        <ele>40.9</ele>
        <time>2026-08-21T23:41:05Z</time>
        <extensions>
          <gpxtpx:TrackPointExtension>
            <gpxtpx:hr>170</gpxtpx:hr>
          </gpxtpx:TrackPointExtension>
        </extensions>
      </trkpt>
      <trkpt lat="32.06828841035196" lon="118.59208944742953">
        <ele>40.9</ele>
        <time>2026-08-21T23:41:06Z</time>
        <extensions>
          <gpxtpx:TrackPointExtension>
            <gpxtpx:hr>170</gpxtpx:hr>
          </gpxtpx:TrackPointExtension>
        </extensions>
      </trkpt>
      <trkpt lat="32.06826040429595" lon="118.59209245032854">
        <ele>40.9</ele>
        <time>2026-08-21T23:41:07Z</time>
      </trkpt>
      <trkpt lat="32.06822639701399" lon="118.59209945426781">
        <ele>40.9</ele>
        <time>2026-08-21T23:41:08Z</time>
      </trkpt>
      <trkpt lat="32.06819338996938" lon="118.59210745823893">
        <ele>41.2</ele>
        <time>2026-08-21T23:41:09Z</time>
      </trkpt>
      <trkpt lat="32.06816238344203" lon="118.5921194625224">
        <ele>41.2</ele>
        <time>2026-08-21T23:41:10Z</time>
      </trkpt>
      <trkpt lat="32.068132377166926" lon="118.59213346695456">
        <ele>41.2</ele>
        <time>2026-08-21T23:41:11Z</time>
      </trkpt>
      <trkpt lat="32.06810337114041" lon="118.59214947153097">
        <ele>41.2</ele>
        <time>2026-08-21T23:41:12Z</time>
      </trkpt>
      <trkpt lat="32.068074365121" lon="118.59216647621533">
        <ele>41.2</ele>
        <time>2026-08-21T23:41:13Z</time>
      </trkpt>
      <trkpt lat="32.068045359159704" lon="118.59218748136604">
        <ele>41.2</ele>
        <time>2026-08-21T23:41:14Z</time>
      </trkpt>
      <trkpt lat="32.06801735339746" lon="118.5922084864034">
        <ele>41.2</ele>
        <time>2026-08-21T23:41:15Z</time>
      </trkpt>
      <trkpt lat="32.06799134806884" lon="118.59223049135537">
        <ele>41.2</ele>
        <time>2026-08-21T23:41:16Z</time>
      </trkpt>
      <trkpt lat="32.06796534273352" lon="118.59225349639868">
        <ele>41.2</ele>
        <time>2026-08-21T23:41:17Z</time>
      </trkpt>
      <trkpt lat="32.067941337839656" lon="118.59227850146505">
        <ele>41.2</ele>
        <time>2026-08-21T23:41:18Z</time>
      </trkpt>
      <trkpt lat="32.06791833314944" lon="118.59230450652251">
        <ele>41.2</ele>
        <time>2026-08-21T23:41:19Z</time>
      </trkpt>
      <trkpt lat="32.06789732885543" lon="118.5923295112514">
        <ele>41.2</ele>
        <time>2026-08-21T23:41:20Z</time>
      </trkpt>
      <trkpt lat="32.067877324752565" lon="118.59235451585727">
        <ele>41.2</ele>
        <time>2026-08-21T23:41:21Z</time>
      </trkpt>
      <trkpt lat="32.06785932107802" lon="118.59238152047027">
        <ele>41.2</ele>
        <time>2026-08-21T23:41:22Z</time>
      </trkpt>
      <trkpt lat="32.0678403171605" lon="118.59240952524362">
        <ele>41.2</ele>
        <time>2026-08-21T23:41:23Z</time>
      </trkpt>
      <trkpt lat="32.067819312770865" lon="118.5924375301559">
        <ele>41.2</ele>
        <time>2026-08-21T23:41:24Z</time>
      </trkpt>
      <trkpt lat="32.06779830833004" lon="118.59246253470971">
        <ele>41.2</ele>
        <time>2026-08-21T23:41:25Z</time>
      </trkpt>
      <trkpt lat="32.06777630361504" lon="118.59248153869282">
        <ele>41.2</ele>
        <time>2026-08-21T23:41:26Z</time>
      </trkpt>
      <trkpt lat="32.067748297551034" lon="118.59249554267781">
        <ele>41.2</ele>
        <time>2026-08-21T23:41:27Z</time>
      </trkpt>
      <trkpt lat="32.06771929122971" lon="118.5925015459142">
        <ele>41.2</ele>
        <time>2026-08-21T23:41:28Z</time>
      </trkpt>
      <trkpt lat="32.06769428573936" lon="118.59249654764726">
        <ele>41.2</ele>
        <time>2026-08-21T23:41:29Z</time>
      </trkpt>
      <trkpt lat="32.06766727977407" lon="118.59248354872325">
        <ele>41.2</ele>
        <time>2026-08-21T23:41:30Z</time>
      </trkpt>
      <trkpt lat="32.06764027379055" lon="118.59246854957946">
        <ele>41.2</ele>
        <time>2026-08-21T23:41:31Z</time>
      </trkpt>
      <trkpt lat="32.06761426800975" lon="118.59245255022742">
        <ele>41.2</ele>
        <time>2026-08-21T23:41:32Z</time>
      </trkpt>
      <trkpt lat="32.0675882622242" lon="118.59243755096904">
        <ele>41.2</ele>
        <time>2026-08-21T23:41:33Z</time>
      </trkpt>
      <trkpt lat="32.06756225644317" lon="118.59242455191455">
        <ele>41.2</ele>
        <time>2026-08-21T23:41:34Z</time>
      </trkpt>
      <trkpt lat="32.067536250654484" lon="118.59241155285115">
        <ele>41.2</ele>
        <time>2026-08-21T23:41:35Z</time>
      </trkpt>
      <trkpt lat="32.06751024485817" lon="118.59239855377886">
        <ele>41.2</ele>
        <time>2026-08-21T23:41:36Z</time>
      </trkpt>
      <trkpt lat="32.06748423905421" lon="118.59238555469769">
        <ele>41.2</ele>
        <time>2026-08-21T23:41:37Z</time>
      </trkpt>
      <trkpt lat="32.06746023369941" lon="118.59237455564838">
        <ele>41.2</ele>
        <time>2026-08-21T23:41:38Z</time>
      </trkpt>
      <trkpt lat="32.067439229005736" lon="118.59236455643341">
        <ele>41.2</ele>
        <time>2026-08-21T23:41:39Z</time>
      </trkpt>
      <trkpt lat="32.0674152236508" lon="118.59235455748346">
        <ele>41.2</ele>
        <time>2026-08-21T23:41:40Z</time>
      </trkpt>
      <trkpt lat="32.067388217623744" lon="118.5923435586865">
        <ele>41.2</ele>
        <time>2026-08-21T23:41:41Z</time>
      </trkpt>
      <trkpt lat="32.06736421225919" lon="118.5923335597255">
        <ele>41.2</ele>
        <time>2026-08-21T23:41:42Z</time>
      </trkpt>
      <trkpt lat="32.0673392066594" lon="118.59232256073616">
        <ele>41.2</ele>
        <time>2026-08-21T23:41:43Z</time>
      </trkpt>
      <trkpt lat="32.06731420106631" lon="118.5923125618542">
        <ele>41.2</ele>
        <time>2026-08-21T23:41:44Z</time>
      </trkpt>
      <trkpt lat="32.0672871950559" lon="118.5923045633755">
        <ele>41.2</ele>
        <time>2026-08-21T23:41:45Z</time>
      </trkpt>
      <trkpt lat="32.06725918883635" lon="118.5922975650981">
        <ele>41.2</ele>
        <time>2026-08-21T23:41:46Z</time>
      </trkpt>
      <trkpt lat="32.067233183091616" lon="118.59229356698224">
        <ele>41.2</ele>
        <time>2026-08-21T23:41:47Z</time>
      </trkpt>
      <trkpt lat="32.06720617716638" lon="118.59229256930016">
        <ele>41.2</ele>
        <time>2026-08-21T23:41:48Z</time>
      </trkpt>
      <trkpt lat="32.067179171318784" lon="118.59229757230597">
        <ele>41.2</ele>
        <time>2026-08-21T23:41:49Z</time>
      </trkpt>
      <trkpt lat="32.06715316575143" lon="118.59230757579087">
        <ele>41.2</ele>
        <time>2026-08-21T23:41:50Z</time>
      </trkpt>
      <trkpt lat="32.06712816045776" lon="118.59232257974696">
        <ele>41.2</ele>
        <time>2026-08-21T23:41:51Z</time>
      </trkpt>
      <trkpt lat="32.0671041554061" lon="118.59234058393804">
        <ele>41.2</ele>
        <time>2026-08-21T23:41:52Z</time>
      </trkpt>
      <trkpt lat="32.06708115054884" lon="118.59235758791064">
        <ele>41.2</ele>
        <time>2026-08-21T23:41:53Z</time>
      </trkpt>
      <trkpt lat="32.06705814567869" lon="118.59237459186804">
        <ele>41.2</ele>
        <time>2026-08-21T23:41:54Z</time>
      </trkpt>
      <trkpt lat="32.06703314034889" lon="118.59239059588083">
        <ele>41.2</ele>
        <time>2026-08-21T23:41:55Z</time>
      </trkpt>
      <trkpt lat="32.06700813499956" lon="118.59240559977134">
        <ele>41.2</ele>
        <time>2026-08-21T23:41:56Z</time>
      </trkpt>
      <trkpt lat="32.066981129171936" lon="118.59241660339771">
        <ele>41.2</ele>
        <time>2026-08-21T23:41:57Z</time>
      </trkpt>
      <trkpt lat="32.06695512354346" lon="118.5924256067122">
        <ele>41.2</ele>
        <time>2026-08-21T23:41:58Z</time>
      </trkpt>
      <trkpt lat="32.06692611724029" lon="118.59243261007803">
        <ele>41.2</ele>
        <time>2026-08-21T23:41:59Z</time>
      </trkpt>
      <trkpt lat="32.06689711092807" lon="118.59243861333425">
        <ele>41.2</ele>
        <time>2026-08-21T23:42:00Z</time>
      </trkpt>
      <trkpt lat="32.06686910482022" lon="118.59244261628486">
        <ele>41.2</ele>
        <time>2026-08-21T23:42:01Z</time>
      </trkpt>
      <trkpt lat="32.066842098930515" lon="118.59244661914451">
        <ele>41.2</ele>
        <time>2026-08-21T23:42:02Z</time>
      </trkpt>
      <trkpt lat="32.06681409278961" lon="118.59244562156054">
        <ele>41.2</ele>
        <time>2026-08-21T23:42:03Z</time>
      </trkpt>
      <trkpt lat="32.06678708685466" lon="118.59244262367282">
        <ele>41.2</ele>
        <time>2026-08-21T23:42:04Z</time>
      </trkpt>
      <trkpt lat="32.06676008089231" lon="118.5924356253561">
        <ele>41.2</ele>
        <time>2026-08-21T23:42:05Z</time>
      </trkpt>
      <trkpt lat="32.06673407512522" lon="118.59242562662368">
        <ele>41.2</ele>
        <time>2026-08-21T23:42:06Z</time>
      </trkpt>
      <trkpt lat="32.06671006976079" lon="118.59241162727223">
        <ele>41.4</ele>
        <time>2026-08-21T23:42:07Z</time>
      </trkpt>
      <trkpt lat="32.066688064800275" lon="118.59239462740234">
        <ele>41.4</ele>
        <time>2026-08-21T23:42:08Z</time>
      </trkpt>
      <trkpt lat="32.06666605981755" lon="118.59237662740694">
        <ele>41.4</ele>
        <time>2026-08-21T23:42:09Z</time>
      </trkpt>
      <trkpt lat="32.06664405480001" lon="118.59235662717178">
        <ele>41.4</ele>
        <time>2026-08-21T23:42:10Z</time>
      </trkpt>
      <trkpt lat="32.06662405020304" lon="118.59233662673537">
        <ele>41.4</ele>
        <time>2026-08-21T23:42:11Z</time>
      </trkpt>
      <trkpt lat="32.06660304535716" lon="118.59231562625446">
        <ele>41.4</ele>
        <time>2026-08-21T23:42:12Z</time>
      </trkpt>
      <trkpt lat="32.066583040710924" lon="118.59229462566026">
        <ele>41.4</ele>
        <time>2026-08-21T23:42:13Z</time>
      </trkpt>
      <trkpt lat="32.06656203583987" lon="118.59227462524862">
        <ele>41.4</ele>
        <time>2026-08-21T23:42:14Z</time>
      </trkpt>
      <trkpt lat="32.0665410309511" lon="118.59225462481592">
        <ele>41.4</ele>
        <time>2026-08-21T23:42:15Z</time>
      </trkpt>
      <trkpt lat="32.06652002606018" lon="118.59223562447995">
        <ele>41.4</ele>
        <time>2026-08-21T23:42:16Z</time>
      </trkpt>
      <trkpt lat="32.06649802095046" lon="118.5922176243338">
        <ele>41.4</ele>
        <time>2026-08-21T23:42:17Z</time>
      </trkpt>
      <trkpt lat="32.06647501560712" lon="118.59219962426067">
        <ele>41.4</ele>
        <time>2026-08-21T23:42:18Z</time>
      </trkpt>
      <trkpt lat="32.066452010285175" lon="118.59218362441158">
        <ele>41.4</ele>
        <time>2026-08-21T23:42:19Z</time>
      </trkpt>
      <trkpt lat="32.06642800473259" lon="118.59216762463907">
        <ele>41.4</ele>
        <time>2026-08-21T23:42:20Z</time>
      </trkpt>
      <trkpt lat="32.06640299896859" lon="118.59215262506534">
        <ele>41.4</ele>
        <time>2026-08-21T23:42:21Z</time>
      </trkpt>
      <trkpt lat="32.066376992995124" lon="118.59213862569275">
        <ele>41.4</ele>
        <time>2026-08-21T23:42:22Z</time>
      </trkpt>
      <trkpt lat="32.06635498793062" lon="118.59212662619657">
        <ele>41.4</ele>
        <time>2026-08-21T23:42:23Z</time>
      </trkpt>
      <trkpt lat="32.066334983319" lon="118.59211562663673">
        <ele>41.4</ele>
        <time>2026-08-21T23:42:24Z</time>
      </trkpt>
      <trkpt lat="32.066309977562895" lon="118.59210262727152">
        <ele>41.4</ele>
        <time>2026-08-21T23:42:25Z</time>
      </trkpt>
      <trkpt lat="32.066281971119345" lon="118.59208862804222">
        <ele>41.4</ele>
        <time>2026-08-21T23:42:26Z</time>
      </trkpt>
      <trkpt lat="32.0662559651507" lon="118.59207662887479">
        <ele>41.4</ele>
        <time>2026-08-21T23:42:27Z</time>
      </trkpt>
      <trkpt lat="32.0662299591755" lon="118.59206462969976">
        <ele>41.4</ele>
        <time>2026-08-21T23:42:28Z</time>
      </trkpt>
      <trkpt lat="32.066204953413056" lon="118.59205263042703">
        <ele>41.4</ele>
        <time>2026-08-21T23:42:29Z</time>
      </trkpt>
      <trkpt lat="32.06617894747299" lon="118.59204263149279">
        <ele>41.4</ele>
        <time>2026-08-21T23:42:30Z</time>
      </trkpt>
      <trkpt lat="32.06615394174763" lon="118.59203263246317">
        <ele>41.4</ele>
        <time>2026-08-21T23:42:31Z</time>
      </trkpt>
      <trkpt lat="32.06612493514043" lon="118.59202263378867">
        <ele>41.4</ele>
        <time>2026-08-21T23:42:32Z</time>
      </trkpt>
      <trkpt lat="32.066097928941794" lon="118.59201163479915">
        <ele>41.4</ele>
        <time>2026-08-21T23:42:33Z</time>
      </trkpt>
      <trkpt lat="32.066071922956915" lon="118.59200063571316">
        <ele>41.4</ele>
        <time>2026-08-21T23:42:34Z</time>
      </trkpt>
      <trkpt lat="32.06604691718585" lon="118.59198963653068">
        <ele>41.4</ele>
        <time>2026-08-21T23:42:35Z</time>
      </trkpt>
      <trkpt lat="32.066022911682296" lon="118.59198063751427">
        <ele>41.4</ele>
        <time>2026-08-21T23:42:36Z</time>
        <extensions>
          <gpxtpx:TrackPointExtension>
            <gpxtpx:hr>170</gpxtpx:hr>
          </gpxtpx:TrackPointExtension>
        </extensions>
      </trkpt>
      <trkpt lat="32.06599890620216" lon="118.5919726386252">
        <ele>41.4</ele>
        <time>2026-08-21T23:42:37Z</time>
        <extensions>
          <gpxtpx:TrackPointExtension>
            <gpxtpx:hr>170</gpxtpx:hr>
          </gpxtpx:TrackPointExtension>
        </extensions>
      </trkpt>
      <trkpt lat="32.065973900554596" lon="118.59196664008685">
        <ele>41.4</ele>
        <time>2026-08-21T23:42:38Z</time>
        <extensions>
          <gpxtpx:TrackPointExtension>
            <gpxtpx:hr>170</gpxtpx:hr>
          </gpxtpx:TrackPointExtension>
        </extensions>
      </trkpt>
      <trkpt lat="32.06594889493291" lon="118.59196164167884">
        <ele>41.4</ele>
        <time>2026-08-21T23:42:39Z</time>
        <extensions>
          <gpxtpx:TrackPointExtension>
            <gpxtpx:hr>170</gpxtpx:hr>
          </gpxtpx:TrackPointExtension>
        </extensions>
      </trkpt>
      <trkpt lat="32.0659218889268" lon="118.59195864371453">
        <ele>41.4</ele>
        <time>2026-08-21T23:42:40Z</time>
        <extensions>
          <gpxtpx:TrackPointExtension>
            <gpxtpx:hr>170</gpxtpx:hr>
          </gpxtpx:TrackPointExtension>
        </extensions>
      </trkpt>
      <trkpt lat="32.06589488294795" lon="118.59195664588223">
        <ele>41.4</ele>
        <time>2026-08-21T23:42:41Z</time>
        <extensions>
          <gpxtpx:TrackPointExtension>
            <gpxtpx:hr>170</gpxtpx:hr>
          </gpxtpx:TrackPointExtension>
        </extensions>
      </trkpt>
      <trkpt lat="32.06586687674931" lon="118.59195464813982">
        <ele>41.4</ele>
        <time>2026-08-21T23:42:42Z</time>
        <extensions>
          <gpxtpx:TrackPointExtension>
            <gpxtpx:hr>170</gpxtpx:hr>
          </gpxtpx:TrackPointExtension>
        </extensions>
      </trkpt>
      <trkpt lat="32.065838870550245" lon="118.59195265039719">
        <ele>41.4</ele>
        <time>2026-08-21T23:42:43Z</time>
        <extensions>
          <gpxtpx:TrackPointExtension>
            <gpxtpx:hr>170</gpxtpx:hr>
          </gpxtpx:TrackPointExtension>
        </extensions>
      </trkpt>
      <trkpt lat="32.0658148652565" lon="118.59195165242673">
        <ele>41.4</ele>
        <time>2026-08-21T23:42:44Z</time>
        <extensions>
          <gpxtpx:TrackPointExtension>
            <gpxtpx:hr>170</gpxtpx:hr>
          </gpxtpx:TrackPointExtension>
        </extensions>
      </trkpt>
      <trkpt lat="32.065787859360434" lon="118.59195265499197">
        <ele>41.4</ele>
        <time>2026-08-21T23:42:45Z</time>
        <extensions>
          <gpxtpx:TrackPointExtension>
            <gpxtpx:hr>170</gpxtpx:hr>
          </gpxtpx:TrackPointExtension>
        </extensions>
      </trkpt>
      <trkpt lat="32.06575885308114" lon="118.59195565800248">
        <ele>41.4</ele>
        <time>2026-08-21T23:42:46Z</time>
        <extensions>
          <gpxtpx:TrackPointExtension>
            <gpxtpx:hr>170</gpxtpx:hr>
          </gpxtpx:TrackPointExtension>
        </extensions>
      </trkpt>
      <trkpt lat="32.06573384773437" lon="118.59196066091677">
        <ele>41.4</ele>
        <time>2026-08-21T23:42:47Z</time>
        <extensions>
          <gpxtpx:TrackPointExtension>
            <gpxtpx:hr>170</gpxtpx:hr>
          </gpxtpx:TrackPointExtension>
        </extensions>
      </trkpt>
      <trkpt lat="32.06570784216687" lon="118.59196566391984">
        <ele>41.4</ele>
        <time>2026-08-21T23:42:48Z</time>
        <extensions>
          <gpxtpx:TrackPointExtension>
            <gpxtpx:hr>170</gpxtpx:hr>
          </gpxtpx:TrackPointExtension>
        </extensions>
      </trkpt>
      <trkpt lat="32.06567783574748" lon="118.59197166741366">
        <ele>41.4</ele>
        <time>2026-08-21T23:42:49Z</time>
        <extensions>
          <gpxtpx:TrackPointExtension>
            <gpxtpx:hr>170</gpxtpx:hr>
          </gpxtpx:TrackPointExtension>
        </extensions>
      </trkpt>
      <trkpt lat="32.06564782932623" lon="118.59197767090556">
        <ele>41.4</ele>
        <time>2026-08-21T23:42:50Z</time>
        <extensions>
          <gpxtpx:TrackPointExtension>
            <gpxtpx:hr>170</gpxtpx:hr>
          </gpxtpx:TrackPointExtension>
        </extensions>
      </trkpt>
      <trkpt lat="32.06562282397377" lon="118.59198267381404">
        <ele>41.4</ele>
        <time>2026-08-21T23:42:51Z</time>
        <extensions>
          <gpxtpx:TrackPointExtension>
            <gpxtpx:hr>170</gpxtpx:hr>
          </gpxtpx:TrackPointExtension>
        </extensions>
      </trkpt>
      <trkpt lat="32.065598818839476" lon="118.59198767663112">
        <ele>41.4</ele>
        <time>2026-08-21T23:42:52Z</time>
        <extensions>
          <gpxtpx:TrackPointExtension>
            <gpxtpx:hr>170</gpxtpx:hr>
          </gpxtpx:TrackPointExtension>
        </extensions>
      </trkpt>
      <trkpt lat="32.065574813730166" lon="118.5919936795774">
        <ele>41.4</ele>
        <time>2026-08-21T23:42:53Z</time>
        <extensions>
          <gpxtpx:TrackPointExtension>
            <gpxtpx:hr>170</gpxtpx:hr>
          </gpxtpx:TrackPointExtension>
        </extensions>
      </trkpt>
      <trkpt lat="32.06555080872259" lon="118.59200368304218">
        <ele>41.4</ele>
        <time>2026-08-21T23:42:54Z</time>
        <extensions>
          <gpxtpx:TrackPointExtension>
            <gpxtpx:hr>171</gpxtpx:hr>
          </gpxtpx:TrackPointExtension>
        </extensions>
      </trkpt>
      <trkpt lat="32.06552780392993" lon="118.59201368641159">
        <ele>41.4</ele>
        <time>2026-08-21T23:42:55Z</time>
        <extensions>
          <gpxtpx:TrackPointExtension>
            <gpxtpx:hr>171</gpxtpx:hr>
          </gpxtpx:TrackPointExtension>
        </extensions>
      </trkpt>
      <trkpt lat="32.065504799157594" lon="118.59202468990463">
        <ele>41.4</ele>
        <time>2026-08-21T23:42:56Z</time>
        <extensions>
          <gpxtpx:TrackPointExtension>
            <gpxtpx:hr>171</gpxtpx:hr>
          </gpxtpx:TrackPointExtension>
        </extensions>
      </trkpt>
      <trkpt lat="32.06548079411141" lon="118.59203369322466">
        <ele>41.4</ele>
        <time>2026-08-21T23:42:57Z</time>
        <extensions>
          <gpxtpx:TrackPointExtension>
            <gpxtpx:hr>171</gpxtpx:hr>
          </gpxtpx:TrackPointExtension>
        </extensions>
      </trkpt>
      <trkpt lat="32.06545778925691" lon="118.59204169632238">
        <ele>41.4</ele>
        <time>2026-08-21T23:42:58Z</time>
        <extensions>
          <gpxtpx:TrackPointExtension>
            <gpxtpx:hr>171</gpxtpx:hr>
          </gpxtpx:TrackPointExtension>
        </extensions>
      </trkpt>
      <trkpt lat="32.06543178378829" lon="118.59205169994202">
        <ele>41.4</ele>
        <time>2026-08-21T23:42:59Z</time>
        <extensions>
          <gpxtpx:TrackPointExtension>
            <gpxtpx:hr>172</gpxtpx:hr>
          </gpxtpx:TrackPointExtension>
        </extensions>
      </trkpt>
      <trkpt lat="32.06540377799161" lon="118.59206670437058">
        <ele>41.4</ele>
        <time>2026-08-21T23:43:00Z</time>
        <extensions>
          <gpxtpx:TrackPointExtension>
            <gpxtpx:hr>172</gpxtpx:hr>
          </gpxtpx:TrackPointExtension>
        </extensions>
      </trkpt>
      <trkpt lat="32.06537977306296" lon="118.5920817084269">
        <ele>41.4</ele>
        <time>2026-08-21T23:43:01Z</time>
        <extensions>
          <gpxtpx:TrackPointExtension>
            <gpxtpx:hr>172</gpxtpx:hr>
          </gpxtpx:TrackPointExtension>
        </extensions>
      </trkpt>
      <trkpt lat="32.06535676836545" lon="118.59209771250633">
        <ele>41.4</ele>
        <time>2026-08-21T23:43:02Z</time>
        <extensions>
          <gpxtpx:TrackPointExtension>
            <gpxtpx:hr>172</gpxtpx:hr>
          </gpxtpx:TrackPointExtension>
        </extensions>
      </trkpt>
      <trkpt lat="32.065332763457874" lon="118.59211471678653">
        <ele>41.4</ele>
        <time>2026-08-21T23:43:03Z</time>
        <extensions>
          <gpxtpx:TrackPointExtension>
            <gpxtpx:hr>172</gpxtpx:hr>
          </gpxtpx:TrackPointExtension>
        </extensions>
      </trkpt>
      <trkpt lat="32.06531075895636" lon="118.592130720748">
        <ele>41.4</ele>
        <time>2026-08-21T23:43:04Z</time>
        <extensions>
          <gpxtpx:TrackPointExtension>
            <gpxtpx:hr>172</gpxtpx:hr>
          </gpxtpx:TrackPointExtension>
        </extensions>
      </trkpt>
      <trkpt lat="32.06529275530219" lon="118.59214572421317">
        <ele>41.4</ele>
        <time>2026-08-21T23:43:05Z</time>
        <extensions>
          <gpxtpx:TrackPointExtension>
            <gpxtpx:hr>172</gpxtpx:hr>
          </gpxtpx:TrackPointExtension>
        </extensions>
      </trkpt>
      <trkpt lat="32.06527275125531" lon="118.59216372821156">
        <ele>41.4</ele>
        <time>2026-08-21T23:43:06Z</time>
        <extensions>
          <gpxtpx:TrackPointExtension>
            <gpxtpx:hr>172</gpxtpx:hr>
          </gpxtpx:TrackPointExtension>
        </extensions>
      </trkpt>
      <trkpt lat="32.0652517469924" lon="118.59218273240356">
        <ele>41.4</ele>
        <time>2026-08-21T23:43:07Z</time>
        <extensions>
          <gpxtpx:TrackPointExtension>
            <gpxtpx:hr>172</gpxtpx:hr>
          </gpxtpx:TrackPointExtension>
        </extensions>
      </trkpt>
      <trkpt lat="32.06523074274753" lon="118.59220373681552">
        <ele>41.4</ele>
        <time>2026-08-21T23:43:08Z</time>
        <extensions>
          <gpxtpx:TrackPointExtension>
            <gpxtpx:hr>172</gpxtpx:hr>
          </gpxtpx:TrackPointExtension>
        </extensions>
      </trkpt>
      <trkpt lat="32.065207738123696" lon="118.59222974197549">
        <ele>41.3</ele>
        <time>2026-08-21T23:43:09Z</time>
        <extensions>
          <gpxtpx:TrackPointExtension>
            <gpxtpx:hr>171</gpxtpx:hr>
          </gpxtpx:TrackPointExtension>
        </extensions>
      </trkpt>
      <trkpt lat="32.065188734318895" lon="118.59225374650595">
        <ele>41.3</ele>
        <time>2026-08-21T23:43:10Z</time>
        <extensions>
          <gpxtpx:TrackPointExtension>
            <gpxtpx:hr>171</gpxtpx:hr>
          </gpxtpx:TrackPointExtension>
        </extensions>
      </trkpt>
      <trkpt lat="32.065170730735616" lon="118.59227975114698">
        <ele>41.3</ele>
        <time>2026-08-21T23:43:11Z</time>
        <extensions>
          <gpxtpx:TrackPointExtension>
            <gpxtpx:hr>171</gpxtpx:hr>
          </gpxtpx:TrackPointExtension>
        </extensions>
      </trkpt>
      <trkpt lat="32.065151726902904" lon="118.59230575584249">
        <ele>41.3</ele>
        <time>2026-08-21T23:43:12Z</time>
        <extensions>
          <gpxtpx:TrackPointExtension>
            <gpxtpx:hr>171</gpxtpx:hr>
          </gpxtpx:TrackPointExtension>
        </extensions>
      </trkpt>
      <trkpt lat="32.0651367238615" lon="118.59232675957783">
        <ele>41.3</ele>
        <time>2026-08-21T23:43:13Z</time>
        <extensions>
          <gpxtpx:TrackPointExtension>
            <gpxtpx:hr>171</gpxtpx:hr>
          </gpxtpx:TrackPointExtension>
        </extensions>
      </trkpt>
      <trkpt lat="32.06511872017353" lon="118.5923507638956">
        <ele>41.2</ele>
        <time>2026-08-21T23:43:14Z</time>
        <extensions>
          <gpxtpx:TrackPointExtension>
            <gpxtpx:hr>171</gpxtpx:hr>
          </gpxtpx:TrackPointExtension>
        </extensions>
      </trkpt>
      <trkpt lat="32.065101716707964" lon="118.592377768424">
        <ele>41.2</ele>
        <time>2026-08-21T23:43:15Z</time>
        <extensions>
          <gpxtpx:TrackPointExtension>
            <gpxtpx:hr>171</gpxtpx:hr>
          </gpxtpx:TrackPointExtension>
        </extensions>
      </trkpt>
      <trkpt lat="32.06508671364953" lon="118.59240477273386">
        <ele>41.2</ele>
        <time>2026-08-21T23:43:16Z</time>
        <extensions>
          <gpxtpx:TrackPointExtension>
            <gpxtpx:hr>171</gpxtpx:hr>
          </gpxtpx:TrackPointExtension>
        </extensions>
      </trkpt>
      <trkpt lat="32.065072710778615" lon="118.59243177691525">
        <ele>41.2</ele>
        <time>2026-08-21T23:43:17Z</time>
        <extensions>
          <gpxtpx:TrackPointExtension>
            <gpxtpx:hr>171</gpxtpx:hr>
          </gpxtpx:TrackPointExtension>
        </extensions>
      </trkpt>
      <trkpt lat="32.065059708100996" lon="118.59245978107415">
        <ele>41.2</ele>
        <time>2026-08-21T23:43:18Z</time>
        <extensions>
          <gpxtpx:TrackPointExtension>
            <gpxtpx:hr>171</gpxtpx:hr>
          </gpxtpx:TrackPointExtension>
        </extensions>
      </trkpt>
      <trkpt lat="32.065047705613" lon="118.59248878520619">
        <ele>41.0</ele>
        <time>2026-08-21T23:43:19Z</time>
        <extensions>
          <gpxtpx:TrackPointExtension>
            <gpxtpx:hr>171</gpxtpx:hr>
          </gpxtpx:TrackPointExtension>
        </extensions>
      </trkpt>
      <trkpt lat="32.06503670331081" lon="118.59251878930674">
        <ele>41.0</ele>
        <time>2026-08-21T23:43:20Z</time>
        <extensions>
          <gpxtpx:TrackPointExtension>
            <gpxtpx:hr>171</gpxtpx:hr>
          </gpxtpx:TrackPointExtension>
        </extensions>
      </trkpt>
      <trkpt lat="32.06502770141014" lon="118.59254979328104">
        <ele>41.0</ele>
        <time>2026-08-21T23:43:21Z</time>
        <extensions>
          <gpxtpx:TrackPointExtension>
            <gpxtpx:hr>171</gpxtpx:hr>
          </gpxtpx:TrackPointExtension>
        </extensions>
      </trkpt>
      <trkpt lat="32.06502069990654" lon="118.59258079702457">
        <ele>41.0</ele>
        <time>2026-08-21T23:43:22Z</time>
        <extensions>
          <gpxtpx:TrackPointExtension>
            <gpxtpx:hr>171</gpxtpx:hr>
          </gpxtpx:TrackPointExtension>
        </extensions>
      </trkpt>
      <trkpt lat="32.0650146985794" lon="118.5926128007254">
        <ele>41.0</ele>
        <time>2026-08-21T23:43:23Z</time>
        <extensions>
          <gpxtpx:TrackPointExtension>
            <gpxtpx:hr>171</gpxtpx:hr>
          </gpxtpx:TrackPointExtension>
        </extensions>
      </trkpt>
      <trkpt lat="32.065007696989994" lon="118.59264380436623">
        <ele>40.8</ele>
        <time>2026-08-21T23:43:24Z</time>
        <extensions>
          <gpxtpx:TrackPointExtension>
            <gpxtpx:hr>171</gpxtpx:hr>
          </gpxtpx:TrackPointExtension>
        </extensions>
      </trkpt>
      <trkpt lat="32.064998694896" lon="118.59268080870366">
        <ele>40.8</ele>
        <time>2026-08-21T23:43:25Z</time>
        <extensions>
          <gpxtpx:TrackPointExtension>
            <gpxtpx:hr>171</gpxtpx:hr>
          </gpxtpx:TrackPointExtension>
        </extensions>
      </trkpt>
      <trkpt lat="32.06499069297265" lon="118.59271581269414">
        <ele>40.8</ele>
        <time>2026-08-21T23:43:26Z</time>
        <extensions>
          <gpxtpx:TrackPointExtension>
            <gpxtpx:hr>171</gpxtpx:hr>
          </gpxtpx:TrackPointExtension>
        </extensions>
      </trkpt>
      <trkpt lat="32.06498269104378" lon="118.59274381598428">
        <ele>40.8</ele>
        <time>2026-08-21T23:43:27Z</time>
        <extensions>
          <gpxtpx:TrackPointExtension>
            <gpxtpx:hr>171</gpxtpx:hr>
          </gpxtpx:TrackPointExtension>
        </extensions>
      </trkpt>
      <trkpt lat="32.064973688820416" lon="118.59277681977045">
        <ele>40.8</ele>
        <time>2026-08-21T23:43:28Z</time>
        <extensions>
          <gpxtpx:TrackPointExtension>
            <gpxtpx:hr>171</gpxtpx:hr>
          </gpxtpx:TrackPointExtension>
        </extensions>
      </trkpt>
      <trkpt lat="32.06496468653958" lon="118.5928108235869">
        <ele>40.5</ele>
        <time>2026-08-21T23:43:29Z</time>
        <extensions>
          <gpxtpx:TrackPointExtension>
            <gpxtpx:hr>171</gpxtpx:hr>
          </gpxtpx:TrackPointExtension>
        </extensions>
      </trkpt>
      <trkpt lat="32.06495568426332" lon="118.59283982691333">
        <ele>40.5</ele>
        <time>2026-08-21T23:43:30Z</time>
        <extensions>
          <gpxtpx:TrackPointExtension>
            <gpxtpx:hr>171</gpxtpx:hr>
          </gpxtpx:TrackPointExtension>
        </extensions>
      </trkpt>
      <trkpt lat="32.064945681705915" lon="118.59287083045449">
        <ele>40.5</ele>
        <time>2026-08-21T23:43:31Z</time>
        <extensions>
          <gpxtpx:TrackPointExtension>
            <gpxtpx:hr>171</gpxtpx:hr>
          </gpxtpx:TrackPointExtension>
        </extensions>
      </trkpt>
      <trkpt lat="32.06493567909264" lon="118.59290283402785">
        <ele>40.5</ele>
        <time>2026-08-21T23:43:32Z</time>
        <extensions>
          <gpxtpx:TrackPointExtension>
            <gpxtpx:hr>171</gpxtpx:hr>
          </gpxtpx:TrackPointExtension>
        </extensions>
      </trkpt>
      <trkpt lat="32.06492367601016" lon="118.59293383764658">
        <ele>40.5</ele>
        <time>2026-08-21T23:43:33Z</time>
        <extensions>
          <gpxtpx:TrackPointExtension>
            <gpxtpx:hr>171</gpxtpx:hr>
          </gpxtpx:TrackPointExtension>
        </extensions>
      </trkpt>
      <trkpt lat="32.06490867216034" lon="118.59296884180235">
        <ele>40.1</ele>
        <time>2026-08-21T23:43:34Z</time>
        <extensions>
          <gpxtpx:TrackPointExtension>
            <gpxtpx:hr>172</gpxtpx:hr>
          </gpxtpx:TrackPointExtension>
        </extensions>
      </trkpt>
      <trkpt lat="32.06489466854867" lon="118.59299984549381">
        <ele>40.1</ele>
        <time>2026-08-21T23:43:35Z</time>
        <extensions>
          <gpxtpx:TrackPointExtension>
            <gpxtpx:hr>172</gpxtpx:hr>
          </gpxtpx:TrackPointExtension>
        </extensions>
      </trkpt>
      <trkpt lat="32.064880664952604" lon="118.5930278489067">
        <ele>40.1</ele>
        <time>2026-08-21T23:43:36Z</time>
        <extensions>
          <gpxtpx:TrackPointExtension>
            <gpxtpx:hr>172</gpxtpx:hr>
          </gpxtpx:TrackPointExtension>
        </extensions>
      </trkpt>
      <trkpt lat="32.06486466078004" lon="118.59306085283116">
        <ele>40.1</ele>
        <time>2026-08-21T23:43:37Z</time>
        <extensions>
          <gpxtpx:TrackPointExtension>
            <gpxtpx:hr>172</gpxtpx:hr>
          </gpxtpx:TrackPointExtension>
        </extensions>
      </trkpt>
      <trkpt lat="32.064848656669575" lon="118.59308885633457">
        <ele>40.1</ele>
        <time>2026-08-21T23:43:38Z</time>
        <extensions>
          <gpxtpx:TrackPointExtension>
            <gpxtpx:hr>172</gpxtpx:hr>
          </gpxtpx:TrackPointExtension>
        </extensions>
      </trkpt>
      <trkpt lat="32.06483265252468" lon="118.59311685979682">
        <ele>39.6</ele>
        <time>2026-08-21T23:43:39Z</time>
        <extensions>
          <gpxtpx:TrackPointExtension>
            <gpxtpx:hr>172</gpxtpx:hr>
          </gpxtpx:TrackPointExtension>
        </extensions>
      </trkpt>
      <trkpt lat="32.06481664836966" lon="118.59314386314793">
        <ele>39.6</ele>
        <time>2026-08-21T23:43:40Z</time>
        <extensions>
          <gpxtpx:TrackPointExtension>
            <gpxtpx:hr>172</gpxtpx:hr>
          </gpxtpx:TrackPointExtension>
        </extensions>
      </trkpt>
      <trkpt lat="32.06480064418262" lon="118.5931708664608">
        <ele>39.6</ele>
        <time>2026-08-21T23:43:41Z</time>
        <extensions>
          <gpxtpx:TrackPointExtension>
            <gpxtpx:hr>172</gpxtpx:hr>
          </gpxtpx:TrackPointExtension>
        </extensions>
      </trkpt>
      <trkpt lat="32.064781639197456" lon="118.593201870274">
        <ele>39.6</ele>
        <time>2026-08-21T23:43:42Z</time>
        <extensions>
          <gpxtpx:TrackPointExtension>
            <gpxtpx:hr>172</gpxtpx:hr>
          </gpxtpx:TrackPointExtension>
        </extensions>
      </trkpt>
      <trkpt lat="32.064764634721925" lon="118.5932288735948">
        <ele>39.6</ele>
        <time>2026-08-21T23:43:43Z</time>
        <extensions>
          <gpxtpx:TrackPointExtension>
            <gpxtpx:hr>172</gpxtpx:hr>
          </gpxtpx:TrackPointExtension>
        </extensions>
      </trkpt>
      <trkpt lat="32.06474562977491" lon="118.5932558770575">
        <ele>39.4</ele>
        <time>2026-08-21T23:43:44Z</time>
        <extensions>
          <gpxtpx:TrackPointExtension>
            <gpxtpx:hr>173</gpxtpx:hr>
          </gpxtpx:TrackPointExtension>
        </extensions>
      </trkpt>
      <trkpt lat="32.064724624386734" lon="118.59328188059942">
        <ele>39.4</ele>
        <time>2026-08-21T23:43:45Z</time>
        <extensions>
          <gpxtpx:TrackPointExtension>
            <gpxtpx:hr>173</gpxtpx:hr>
          </gpxtpx:TrackPointExtension>
        </extensions>
      </trkpt>
      <trkpt lat="32.064702618749074" lon="118.59330788419597">
        <ele>39.4</ele>
        <time>2026-08-21T23:43:46Z</time>
        <extensions>
          <gpxtpx:TrackPointExtension>
            <gpxtpx:hr>173</gpxtpx:hr>
          </gpxtpx:TrackPointExtension>
        </extensions>
      </trkpt>
      <trkpt lat="32.0646826136188" lon="118.59333088739649">
        <ele>39.4</ele>
        <time>2026-08-21T23:43:47Z</time>
        <extensions>
          <gpxtpx:TrackPointExtension>
            <gpxtpx:hr>173</gpxtpx:hr>
          </gpxtpx:TrackPointExtension>
        </extensions>
      </trkpt>
      <trkpt lat="32.064663608718455" lon="118.59335289042015">
        <ele>39.4</ele>
        <time>2026-08-21T23:43:48Z</time>
        <extensions>
          <gpxtpx:TrackPointExtension>
            <gpxtpx:hr>173</gpxtpx:hr>
          </gpxtpx:TrackPointExtension>
        </extensions>
      </trkpt>
      <trkpt lat="32.06464360350817" lon="118.59337689362424">
        <ele>38.9</ele>
        <time>2026-08-21T23:43:49Z</time>
        <extensions>
          <gpxtpx:TrackPointExtension>
            <gpxtpx:hr>172</gpxtpx:hr>
          </gpxtpx:TrackPointExtension>
        </extensions>
      </trkpt>
      <trkpt lat="32.064621597726216" lon="118.5934038971477">
        <ele>38.9</ele>
        <time>2026-08-21T23:43:50Z</time>
        <extensions>
          <gpxtpx:TrackPointExtension>
            <gpxtpx:hr>172</gpxtpx:hr>
          </gpxtpx:TrackPointExtension>
        </extensions>
      </trkpt>
      <trkpt lat="32.06459859172926" lon="118.59342990066801">
        <ele>38.9</ele>
        <time>2026-08-21T23:43:51Z</time>
        <extensions>
          <gpxtpx:TrackPointExtension>
            <gpxtpx:hr>172</gpxtpx:hr>
          </gpxtpx:TrackPointExtension>
        </extensions>
      </trkpt>
      <trkpt lat="32.06457658599815" lon="118.59345390395542">
        <ele>38.9</ele>
        <time>2026-08-21T23:43:52Z</time>
        <extensions>
          <gpxtpx:TrackPointExtension>
            <gpxtpx:hr>172</gpxtpx:hr>
          </gpxtpx:TrackPointExtension>
        </extensions>
      </trkpt>
      <trkpt lat="32.06455458024168" lon="118.59347790721262">
        <ele>38.9</ele>
        <time>2026-08-21T23:43:53Z</time>
        <extensions>
          <gpxtpx:TrackPointExtension>
            <gpxtpx:hr>172</gpxtpx:hr>
          </gpxtpx:TrackPointExtension>
        </extensions>
      </trkpt>
      <trkpt lat="32.06453157428001" lon="118.59350091047845">
        <ele>38.4</ele>
        <time>2026-08-21T23:43:54Z</time>
        <extensions>
          <gpxtpx:TrackPointExtension>
            <gpxtpx:hr>173</gpxtpx:hr>
          </gpxtpx:TrackPointExtension>
        </extensions>
      </trkpt>
      <trkpt lat="32.06450356707306" lon="118.59352691431707">
        <ele>38.4</ele>
        <time>2026-08-21T23:43:55Z</time>
        <extensions>
          <gpxtpx:TrackPointExtension>
            <gpxtpx:hr>173</gpxtpx:hr>
          </gpxtpx:TrackPointExtension>
        </extensions>
      </trkpt>
      <trkpt lat="32.06447856062211" lon="118.59354991770407">
        <ele>38.4</ele>
        <time>2026-08-21T23:43:56Z</time>
        <extensions>
          <gpxtpx:TrackPointExtension>
            <gpxtpx:hr>173</gpxtpx:hr>
          </gpxtpx:TrackPointExtension>
        </extensions>
      </trkpt>
      <trkpt lat="32.064453554276824" lon="118.59356992092049">
        <ele>38.4</ele>
        <time>2026-08-21T23:43:57Z</time>
        <extensions>
          <gpxtpx:TrackPointExtension>
            <gpxtpx:hr>173</gpxtpx:hr>
          </gpxtpx:TrackPointExtension>
        </extensions>
      </trkpt>
      <trkpt lat="32.064426547561716" lon="118.59358792420277">
        <ele>38.4</ele>
        <time>2026-08-21T23:43:58Z</time>
        <extensions>
          <gpxtpx:TrackPointExtension>
            <gpxtpx:hr>173</gpxtpx:hr>
          </gpxtpx:TrackPointExtension>
        </extensions>
      </trkpt>
      <trkpt lat="32.06439954092113" lon="118.59360392737638">
        <ele>38.1</ele>
        <time>2026-08-21T23:43:59Z</time>
        <extensions>
          <gpxtpx:TrackPointExtension>
            <gpxtpx:hr>170</gpxtpx:hr>
          </gpxtpx:TrackPointExtension>
        </extensions>
      </trkpt>
      <trkpt lat="32.064371534049286" lon="118.59361993062666">
        <ele>38.1</ele>
        <time>2026-08-21T23:44:00Z</time>
        <extensions>
          <gpxtpx:TrackPointExtension>
            <gpxtpx:hr>170</gpxtpx:hr>
          </gpxtpx:TrackPointExtension>
        </extensions>
      </trkpt>
      <trkpt lat="32.06434452738587" lon="118.59363593377346">
        <ele>38.1</ele>
        <time>2026-08-21T23:44:01Z</time>
        <extensions>
          <gpxtpx:TrackPointExtension>
            <gpxtpx:hr>170</gpxtpx:hr>
          </gpxtpx:TrackPointExtension>
        </extensions>
      </trkpt>
      <trkpt lat="32.064315520271315" lon="118.59365193708702">
        <ele>38.1</ele>
        <time>2026-08-21T23:44:02Z</time>
        <extensions>
          <gpxtpx:TrackPointExtension>
            <gpxtpx:hr>170</gpxtpx:hr>
          </gpxtpx:TrackPointExtension>
        </extensions>
      </trkpt>
      <trkpt lat="32.06428951394637" lon="118.593664939989">
        <ele>38.1</ele>
        <time>2026-08-21T23:44:03Z</time>
        <extensions>
          <gpxtpx:TrackPointExtension>
            <gpxtpx:hr>170</gpxtpx:hr>
          </gpxtpx:TrackPointExtension>
        </extensions>
      </trkpt>
      <trkpt lat="32.064264507928925" lon="118.59367594270788">
        <ele>37.4</ele>
        <time>2026-08-21T23:44:04Z</time>
        <extensions>
          <gpxtpx:TrackPointExtension>
            <gpxtpx:hr>169</gpxtpx:hr>
          </gpxtpx:TrackPointExtension>
        </extensions>
      </trkpt>
      <trkpt lat="32.06423750146624" lon="118.5936869456006">
        <ele>37.4</ele>
        <time>2026-08-21T23:44:05Z</time>
        <extensions>
          <gpxtpx:TrackPointExtension>
            <gpxtpx:hr>169</gpxtpx:hr>
          </gpxtpx:TrackPointExtension>
        </extensions>
      </trkpt>
      <trkpt lat="32.064209494681" lon="118.59369994865894">
        <ele>37.4</ele>
        <time>2026-08-21T23:44:06Z</time>
        <extensions>
          <gpxtpx:TrackPointExtension>
            <gpxtpx:hr>169</gpxtpx:hr>
          </gpxtpx:TrackPointExtension>
        </extensions>
      </trkpt>
      <trkpt lat="32.06418248810805" lon="118.59371295161834">
        <ele>37.4</ele>
        <time>2026-08-21T23:44:07Z</time>
        <extensions>
          <gpxtpx:TrackPointExtension>
            <gpxtpx:hr>169</gpxtpx:hr>
          </gpxtpx:TrackPointExtension>
        </extensions>
      </trkpt>
      <trkpt lat="32.06415548137806" lon="118.59372895468721">
        <ele>37.4</ele>
        <time>2026-08-21T23:44:08Z</time>
        <extensions>
          <gpxtpx:TrackPointExtension>
            <gpxtpx:hr>169</gpxtpx:hr>
          </gpxtpx:TrackPointExtension>
        </extensions>
      </trkpt>
      <trkpt lat="32.0641324755669" lon="118.59374395734379">
        <ele>36.8</ele>
        <time>2026-08-21T23:44:09Z</time>
        <extensions>
          <gpxtpx:TrackPointExtension>
            <gpxtpx:hr>164</gpxtpx:hr>
          </gpxtpx:TrackPointExtension>
        </extensions>
      </trkpt>
      <trkpt lat="32.06411247040553" lon="118.59375895971833">
        <ele>36.8</ele>
        <time>2026-08-21T23:44:10Z</time>
        <extensions>
          <gpxtpx:TrackPointExtension>
            <gpxtpx:hr>164</gpxtpx:hr>
          </gpxtpx:TrackPointExtension>
        </extensions>
      </trkpt>
      <trkpt lat="32.0640924650265" lon="118.59377796222869">
        <ele>36.8</ele>
        <time>2026-08-21T23:44:11Z</time>
        <extensions>
          <gpxtpx:TrackPointExtension>
            <gpxtpx:hr>164</gpxtpx:hr>
          </gpxtpx:TrackPointExtension>
        </extensions>
      </trkpt>
      <trkpt lat="32.064072459578696" lon="118.59379796475595">
        <ele>36.8</ele>
        <time>2026-08-21T23:44:12Z</time>
        <extensions>
          <gpxtpx:TrackPointExtension>
            <gpxtpx:hr>164</gpxtpx:hr>
          </gpxtpx:TrackPointExtension>
        </extensions>
      </trkpt>
      <trkpt lat="32.06405545466552" lon="118.59381996706132">
        <ele>36.8</ele>
        <time>2026-08-21T23:44:13Z</time>
        <extensions>
          <gpxtpx:TrackPointExtension>
            <gpxtpx:hr>164</gpxtpx:hr>
          </gpxtpx:TrackPointExtension>
        </extensions>
      </trkpt>
      <trkpt lat="32.06403744907127" lon="118.59384996969739">
        <ele>36.5</ele>
        <time>2026-08-21T23:44:14Z</time>
        <extensions>
          <gpxtpx:TrackPointExtension>
            <gpxtpx:hr>164</gpxtpx:hr>
          </gpxtpx:TrackPointExtension>
        </extensions>
      </trkpt>
      <trkpt lat="32.06402444465024" lon="118.5938779717729">
        <ele>36.5</ele>
        <time>2026-08-21T23:44:15Z</time>
        <extensions>
          <gpxtpx:TrackPointExtension>
            <gpxtpx:hr>164</gpxtpx:hr>
          </gpxtpx:TrackPointExtension>
        </extensions>
      </trkpt>
      <trkpt lat="32.064014440797166" lon="118.59390697356723">
        <ele>36.5</ele>
        <time>2026-08-21T23:44:16Z</time>
        <extensions>
          <gpxtpx:TrackPointExtension>
            <gpxtpx:hr>164</gpxtpx:hr>
          </gpxtpx:TrackPointExtension>
        </extensions>
      </trkpt>
      <trkpt lat="32.06400643722935" lon="118.59393797519436">
        <ele>36.5</ele>
        <time>2026-08-21T23:44:17Z</time>
        <extensions>
          <gpxtpx:TrackPointExtension>
            <gpxtpx:hr>164</gpxtpx:hr>
          </gpxtpx:TrackPointExtension>
        </extensions>
      </trkpt>
      <trkpt lat="32.06400043436072" lon="118.59396397645638">
        <ele>36.5</ele>
        <time>2026-08-21T23:44:18Z</time>
        <extensions>
          <gpxtpx:TrackPointExtension>
            <gpxtpx:hr>164</gpxtpx:hr>
          </gpxtpx:TrackPointExtension>
        </extensions>
      </trkpt>
      <trkpt lat="32.06399643165706" lon="118.59399397760531">
        <ele>35.9</ele>
        <time>2026-08-21T23:44:19Z</time>
        <extensions>
          <gpxtpx:TrackPointExtension>
            <gpxtpx:hr>163</gpxtpx:hr>
          </gpxtpx:TrackPointExtension>
        </extensions>
      </trkpt>
      <trkpt lat="32.06399642973119" lon="118.59402497837075">
        <ele>35.9</ele>
        <time>2026-08-21T23:44:20Z</time>
        <extensions>
          <gpxtpx:TrackPointExtension>
            <gpxtpx:hr>163</gpxtpx:hr>
          </gpxtpx:TrackPointExtension>
        </extensions>
      </trkpt>
      <trkpt lat="32.06400042921884" lon="118.59404697852315">
        <ele>35.9</ele>
        <time>2026-08-21T23:44:21Z</time>
        <extensions>
          <gpxtpx:TrackPointExtension>
            <gpxtpx:hr>163</gpxtpx:hr>
          </gpxtpx:TrackPointExtension>
        </extensions>
      </trkpt>
      <trkpt lat="32.064002427007885" lon="118.59408797923106">
        <ele>35.9</ele>
        <time>2026-08-21T23:44:22Z</time>
        <extensions>
          <gpxtpx:TrackPointExtension>
            <gpxtpx:hr>163</gpxtpx:hr>
          </gpxtpx:TrackPointExtension>
        </extensions>
      </trkpt>
      <trkpt lat="32.06400442425118" lon="118.594135979979">
        <ele>34.6</ele>
        <time>2026-08-21T23:44:32Z</time>
        <extensions>
          <gpxtpx:TrackPointExtension>
            <gpxtpx:hr>162</gpxtpx:hr>
          </gpxtpx:TrackPointExtension>
        </extensions>
      </trkpt>
      <trkpt lat="32.06401242409974" lon="118.59416397974411">
        <ele>34.6</ele>
        <time>2026-08-21T23:44:33Z</time>
        <extensions>
          <gpxtpx:TrackPointExtension>
            <gpxtpx:hr>162</gpxtpx:hr>
          </gpxtpx:TrackPointExtension>
        </extensions>
      </trkpt>
      <trkpt lat="32.06402042419407" lon="118.59418797940722">
        <ele>34.5</ele>
        <time>2026-08-21T23:44:34Z</time>
        <extensions>
          <gpxtpx:TrackPointExtension>
            <gpxtpx:hr>162</gpxtpx:hr>
          </gpxtpx:TrackPointExtension>
        </extensions>
      </trkpt>
      <trkpt lat="32.06402942434124" lon="118.5942139789783">
        <ele>34.5</ele>
        <time>2026-08-21T23:44:35Z</time>
        <extensions>
          <gpxtpx:TrackPointExtension>
            <gpxtpx:hr>162</gpxtpx:hr>
          </gpxtpx:TrackPointExtension>
        </extensions>
      </trkpt>
      <trkpt lat="32.06403942417254" lon="118.59424697851124">
        <ele>34.5</ele>
        <time>2026-08-21T23:44:36Z</time>
        <extensions>
          <gpxtpx:TrackPointExtension>
            <gpxtpx:hr>162</gpxtpx:hr>
          </gpxtpx:TrackPointExtension>
        </extensions>
      </trkpt>
      <trkpt lat="32.0640494242517" lon="118.59427597794469">
        <ele>34.5</ele>
        <time>2026-08-21T23:44:37Z</time>
        <extensions>
          <gpxtpx:TrackPointExtension>
            <gpxtpx:hr>162</gpxtpx:hr>
          </gpxtpx:TrackPointExtension>
        </extensions>
      </trkpt>
      <trkpt lat="32.064059424144055" lon="118.59430697735262">
        <ele>34.5</ele>
        <time>2026-08-21T23:44:38Z</time>
        <extensions>
          <gpxtpx:TrackPointExtension>
            <gpxtpx:hr>162</gpxtpx:hr>
          </gpxtpx:TrackPointExtension>
        </extensions>
      </trkpt>
      <trkpt lat="32.06406942407094" lon="118.59433697670285">
        <ele>34.3</ele>
        <time>2026-08-21T23:44:39Z</time>
        <extensions>
          <gpxtpx:TrackPointExtension>
            <gpxtpx:hr>163</gpxtpx:hr>
          </gpxtpx:TrackPointExtension>
        </extensions>
      </trkpt>
      <trkpt lat="32.0640774233632" lon="118.59436897619821">
        <ele>34.3</ele>
        <time>2026-08-21T23:44:40Z</time>
        <extensions>
          <gpxtpx:TrackPointExtension>
            <gpxtpx:hr>163</gpxtpx:hr>
          </gpxtpx:TrackPointExtension>
        </extensions>
      </trkpt>
      <trkpt lat="32.064085422610844" lon="118.59440097564017">
        <ele>34.3</ele>
        <time>2026-08-21T23:44:41Z</time>
        <extensions>
          <gpxtpx:TrackPointExtension>
            <gpxtpx:hr>163</gpxtpx:hr>
          </gpxtpx:TrackPointExtension>
        </extensions>
      </trkpt>
      <trkpt lat="32.06409142185673" lon="118.59442697519245">
        <ele>34.3</ele>
        <time>2026-08-21T23:44:42Z</time>
        <extensions>
          <gpxtpx:TrackPointExtension>
            <gpxtpx:hr>163</gpxtpx:hr>
          </gpxtpx:TrackPointExtension>
        </extensions>
      </trkpt>
      <trkpt lat="32.06409742058365" lon="118.59445897471774">
        <ele>34.3</ele>
        <time>2026-08-21T23:44:43Z</time>
        <extensions>
          <gpxtpx:TrackPointExtension>
            <gpxtpx:hr>163</gpxtpx:hr>
          </gpxtpx:TrackPointExtension>
        </extensions>
      </trkpt>
      <trkpt lat="32.064102419046044" lon="118.59449097427972">
        <ele>33.7</ele>
        <time>2026-08-21T23:44:44Z</time>
        <extensions>
          <gpxtpx:TrackPointExtension>
            <gpxtpx:hr>164</gpxtpx:hr>
          </gpxtpx:TrackPointExtension>
        </extensions>
      </trkpt>
      <trkpt lat="32.064104416804064" lon="118.59452297405856">
        <ele>33.7</ele>
        <time>2026-08-21T23:44:45Z</time>
        <extensions>
          <gpxtpx:TrackPointExtension>
            <gpxtpx:hr>164</gpxtpx:hr>
          </gpxtpx:TrackPointExtension>
        </extensions>
      </trkpt>
      <trkpt lat="32.06410241320779" lon="118.59455997412482">
        <ele>33.7</ele>
        <time>2026-08-21T23:44:46Z</time>
        <extensions>
          <gpxtpx:TrackPointExtension>
            <gpxtpx:hr>164</gpxtpx:hr>
          </gpxtpx:TrackPointExtension>
        </extensions>
      </trkpt>
      <trkpt lat="32.06409940959498" lon="118.59459397422748">
        <ele>33.7</ele>
        <time>2026-08-21T23:44:47Z</time>
        <extensions>
          <gpxtpx:TrackPointExtension>
            <gpxtpx:hr>164</gpxtpx:hr>
          </gpxtpx:TrackPointExtension>
        </extensions>
      </trkpt>
      <trkpt lat="32.06409140492127" lon="118.59462697472789">
        <ele>33.7</ele>
        <time>2026-08-21T23:44:48Z</time>
        <extensions>
          <gpxtpx:TrackPointExtension>
            <gpxtpx:hr>164</gpxtpx:hr>
          </gpxtpx:TrackPointExtension>
        </extensions>
      </trkpt>
      <trkpt lat="32.064081399850735" lon="118.59465897536096">
        <ele>33.1</ele>
        <time>2026-08-21T23:44:49Z</time>
        <extensions>
          <gpxtpx:TrackPointExtension>
            <gpxtpx:hr>165</gpxtpx:hr>
          </gpxtpx:TrackPointExtension>
        </extensions>
      </trkpt>
      <trkpt lat="32.064071395194155" lon="118.59468597599437">
        <ele>33.1</ele>
        <time>2026-08-21T23:44:50Z</time>
        <extensions>
          <gpxtpx:TrackPointExtension>
            <gpxtpx:hr>165</gpxtpx:hr>
          </gpxtpx:TrackPointExtension>
        </extensions>
      </trkpt>
      <trkpt lat="32.06405638912763" lon="118.59471597700397">
        <ele>33.1</ele>
        <time>2026-08-21T23:44:51Z</time>
        <extensions>
          <gpxtpx:TrackPointExtension>
            <gpxtpx:hr>165</gpxtpx:hr>
          </gpxtpx:TrackPointExtension>
        </extensions>
      </trkpt>
      <trkpt lat="32.064039382676185" lon="118.59474497816058">
        <ele>33.1</ele>
        <time>2026-08-21T23:44:52Z</time>
        <extensions>
          <gpxtpx:TrackPointExtension>
            <gpxtpx:hr>165</gpxtpx:hr>
          </gpxtpx:TrackPointExtension>
        </extensions>
      </trkpt>
      <trkpt lat="32.06402037584359" lon="118.59477297946873">
        <ele>33.1</ele>
        <time>2026-08-21T23:44:53Z</time>
        <extensions>
          <gpxtpx:TrackPointExtension>
            <gpxtpx:hr>165</gpxtpx:hr>
          </gpxtpx:TrackPointExtension>
        </extensions>
      </trkpt>
      <trkpt lat="32.06399936863347" lon="118.5947999809328">
        <ele>32.8</ele>
        <time>2026-08-21T23:44:54Z</time>
        <extensions>
          <gpxtpx:TrackPointExtension>
            <gpxtpx:hr>166</gpxtpx:hr>
          </gpxtpx:TrackPointExtension>
        </extensions>
      </trkpt>
      <trkpt lat="32.063980362222004" lon="118.59482298225014">
        <ele>32.8</ele>
        <time>2026-08-21T23:44:55Z</time>
        <extensions>
          <gpxtpx:TrackPointExtension>
            <gpxtpx:hr>166</gpxtpx:hr>
          </gpxtpx:TrackPointExtension>
        </extensions>
      </trkpt>
      <trkpt lat="32.06395835502895" lon="118.59484698379123">
        <ele>32.8</ele>
        <time>2026-08-21T23:44:56Z</time>
        <extensions>
          <gpxtpx:TrackPointExtension>
            <gpxtpx:hr>166</gpxtpx:hr>
          </gpxtpx:TrackPointExtension>
        </extensions>
      </trkpt>
      <trkpt lat="32.06393634761138" lon="118.59487298526176">
        <ele>32.8</ele>
        <time>2026-08-21T23:44:57Z</time>
        <extensions>
          <gpxtpx:TrackPointExtension>
            <gpxtpx:hr>166</gpxtpx:hr>
          </gpxtpx:TrackPointExtension>
        </extensions>
      </trkpt>
      <trkpt lat="32.063916341007314" lon="118.59489498660331">
        <ele>32.8</ele>
        <time>2026-08-21T23:44:58Z</time>
        <extensions>
          <gpxtpx:TrackPointExtension>
            <gpxtpx:hr>166</gpxtpx:hr>
          </gpxtpx:TrackPointExtension>
        </extensions>
      </trkpt>
      <trkpt lat="32.06389433394212" lon="118.59491698809983">
        <ele>32.2</ele>
        <time>2026-08-21T23:44:59Z</time>
        <extensions>
          <gpxtpx:TrackPointExtension>
            <gpxtpx:hr>166</gpxtpx:hr>
          </gpxtpx:TrackPointExtension>
        </extensions>
      </trkpt>
      <trkpt lat="32.063872326855765" lon="118.59493898957118">
        <ele>32.2</ele>
        <time>2026-08-21T23:45:00Z</time>
        <extensions>
          <gpxtpx:TrackPointExtension>
            <gpxtpx:hr>166</gpxtpx:hr>
          </gpxtpx:TrackPointExtension>
        </extensions>
      </trkpt>
      <trkpt lat="32.06384931932106" lon="118.59496299105749">
        <ele>32.2</ele>
        <time>2026-08-21T23:45:01Z</time>
        <extensions>
          <gpxtpx:TrackPointExtension>
            <gpxtpx:hr>166</gpxtpx:hr>
          </gpxtpx:TrackPointExtension>
        </extensions>
      </trkpt>
      <trkpt lat="32.063827311981186" lon="118.59498699242373">
        <ele>32.2</ele>
        <time>2026-08-21T23:45:02Z</time>
        <extensions>
          <gpxtpx:TrackPointExtension>
            <gpxtpx:hr>166</gpxtpx:hr>
          </gpxtpx:TrackPointExtension>
        </extensions>
      </trkpt>
      <trkpt lat="32.06380430460749" lon="118.59500899390504">
        <ele>32.2</ele>
        <time>2026-08-21T23:45:03Z</time>
        <extensions>
          <gpxtpx:TrackPointExtension>
            <gpxtpx:hr>166</gpxtpx:hr>
          </gpxtpx:TrackPointExtension>
        </extensions>
      </trkpt>
      <trkpt lat="32.063782297432645" lon="118.5950309952711">
        <ele>31.6</ele>
        <time>2026-08-21T23:45:04Z</time>
        <extensions>
          <gpxtpx:TrackPointExtension>
            <gpxtpx:hr>167</gpxtpx:hr>
          </gpxtpx:TrackPointExtension>
        </extensions>
      </trkpt>
      <trkpt lat="32.063759290339036" lon="118.59504999679098">
        <ele>31.6</ele>
        <time>2026-08-21T23:45:05Z</time>
        <extensions>
          <gpxtpx:TrackPointExtension>
            <gpxtpx:hr>167</gpxtpx:hr>
          </gpxtpx:TrackPointExtension>
        </extensions>
      </trkpt>
      <trkpt lat="32.06373128191285" lon="118.59507099868132">
        <ele>31.6</ele>
        <time>2026-08-21T23:45:06Z</time>
        <extensions>
          <gpxtpx:TrackPointExtension>
            <gpxtpx:hr>167</gpxtpx:hr>
          </gpxtpx:TrackPointExtension>
        </extensions>
      </trkpt>
      <trkpt lat="32.06370727456586" lon="118.59509000025176">
        <ele>31.6</ele>
        <time>2026-08-21T23:45:07Z</time>
        <extensions>
          <gpxtpx:TrackPointExtension>
            <gpxtpx:hr>167</gpxtpx:hr>
          </gpxtpx:TrackPointExtension>
        </extensions>
      </trkpt>
      <trkpt lat="32.063687268412956" lon="118.59510600154071">
        <ele>31.6</ele>
        <time>2026-08-21T23:45:08Z</time>
        <extensions>
          <gpxtpx:TrackPointExtension>
            <gpxtpx:hr>167</gpxtpx:hr>
          </gpxtpx:TrackPointExtension>
        </extensions>
      </trkpt>
      <trkpt lat="32.06366426136749" lon="118.59512400301993">
        <ele>31.4</ele>
        <time>2026-08-21T23:45:09Z</time>
        <extensions>
          <gpxtpx:TrackPointExtension>
            <gpxtpx:hr>167</gpxtpx:hr>
          </gpxtpx:TrackPointExtension>
        </extensions>
      </trkpt>
      <trkpt lat="32.06364025386485" lon="118.59514400450361">
        <ele>31.4</ele>
        <time>2026-08-21T23:45:10Z</time>
        <extensions>
          <gpxtpx:TrackPointExtension>
            <gpxtpx:hr>167</gpxtpx:hr>
          </gpxtpx:TrackPointExtension>
        </extensions>
      </trkpt>
      <trkpt lat="32.06361624623231" lon="118.59516500593098">
        <ele>31.4</ele>
        <time>2026-08-21T23:45:11Z</time>
        <extensions>
          <gpxtpx:TrackPointExtension>
            <gpxtpx:hr>167</gpxtpx:hr>
          </gpxtpx:TrackPointExtension>
        </extensions>
      </trkpt>
      <trkpt lat="32.063592238467116" lon="118.59518700729879">
        <ele>31.4</ele>
        <time>2026-08-21T23:45:12Z</time>
        <extensions>
          <gpxtpx:TrackPointExtension>
            <gpxtpx:hr>167</gpxtpx:hr>
          </gpxtpx:TrackPointExtension>
        </extensions>
      </trkpt>
      <trkpt lat="32.06357123156957" lon="118.59520700844674">
        <ele>31.4</ele>
        <time>2026-08-21T23:45:13Z</time>
        <extensions>
          <gpxtpx:TrackPointExtension>
            <gpxtpx:hr>167</gpxtpx:hr>
          </gpxtpx:TrackPointExtension>
        </extensions>
      </trkpt>
      <trkpt lat="32.06355222509472" lon="118.59522700939371">
        <ele>31.1</ele>
        <time>2026-08-21T23:45:14Z</time>
        <extensions>
          <gpxtpx:TrackPointExtension>
            <gpxtpx:hr>167</gpxtpx:hr>
          </gpxtpx:TrackPointExtension>
        </extensions>
      </trkpt>
      <trkpt lat="32.06353221838232" lon="118.59524701040998">
        <ele>31.1</ele>
        <time>2026-08-21T23:45:15Z</time>
        <extensions>
          <gpxtpx:TrackPointExtension>
            <gpxtpx:hr>167</gpxtpx:hr>
          </gpxtpx:TrackPointExtension>
        </extensions>
      </trkpt>
      <trkpt lat="32.063509210407474" lon="118.59527201147094">
        <ele>31.1</ele>
        <time>2026-08-21T23:45:16Z</time>
        <extensions>
          <gpxtpx:TrackPointExtension>
            <gpxtpx:hr>167</gpxtpx:hr>
          </gpxtpx:TrackPointExtension>
        </extensions>
      </trkpt>
      <trkpt lat="32.063485201948914" lon="118.59529901250463">
        <ele>31.1</ele>
        <time>2026-08-21T23:45:17Z</time>
        <extensions>
          <gpxtpx:TrackPointExtension>
            <gpxtpx:hr>167</gpxtpx:hr>
          </gpxtpx:TrackPointExtension>
        </extensions>
      </trkpt>
      <trkpt lat="32.06346619515556" lon="118.59532101326886">
        <ele>31.1</ele>
        <time>2026-08-21T23:45:18Z</time>
        <extensions>
          <gpxtpx:TrackPointExtension>
            <gpxtpx:hr>167</gpxtpx:hr>
          </gpxtpx:TrackPointExtension>
        </extensions>
      </trkpt>
      <trkpt lat="32.06344818856124" lon="118.59534301391787">
        <ele>31.0</ele>
        <time>2026-08-21T23:45:19Z</time>
        <extensions>
          <gpxtpx:TrackPointExtension>
            <gpxtpx:hr>167</gpxtpx:hr>
          </gpxtpx:TrackPointExtension>
        </extensions>
      </trkpt>
      <trkpt lat="32.06343118192374" lon="118.59536701435971">
        <ele>31.0</ele>
        <time>2026-08-21T23:45:20Z</time>
        <extensions>
          <gpxtpx:TrackPointExtension>
            <gpxtpx:hr>167</gpxtpx:hr>
          </gpxtpx:TrackPointExtension>
        </extensions>
      </trkpt>
      <trkpt lat="32.06341017401386" lon="118.59539401498996">
        <ele>31.0</ele>
        <time>2026-08-21T23:45:21Z</time>
        <extensions>
          <gpxtpx:TrackPointExtension>
            <gpxtpx:hr>167</gpxtpx:hr>
          </gpxtpx:TrackPointExtension>
        </extensions>
      </trkpt>
      <trkpt lat="32.063390166662714" lon="118.59541801563853">
        <ele>31.0</ele>
        <time>2026-08-21T23:45:22Z</time>
        <extensions>
          <gpxtpx:TrackPointExtension>
            <gpxtpx:hr>167</gpxtpx:hr>
          </gpxtpx:TrackPointExtension>
        </extensions>
      </trkpt>
      <trkpt lat="32.06337115975536" lon="118.59544001626685">
        <ele>31.0</ele>
        <time>2026-08-21T23:45:23Z</time>
        <extensions>
          <gpxtpx:TrackPointExtension>
            <gpxtpx:hr>167</gpxtpx:hr>
          </gpxtpx:TrackPointExtension>
        </extensions>
      </trkpt>
      <trkpt lat="32.063351152606785" lon="118.59546201696014">
        <ele>30.9</ele>
        <time>2026-08-21T23:45:24Z</time>
        <extensions>
          <gpxtpx:TrackPointExtension>
            <gpxtpx:hr>167</gpxtpx:hr>
          </gpxtpx:TrackPointExtension>
        </extensions>
      </trkpt>
      <trkpt lat="32.063331145689496" lon="118.59548201773242">
        <ele>30.9</ele>
        <time>2026-08-21T23:45:25Z</time>
        <extensions>
          <gpxtpx:TrackPointExtension>
            <gpxtpx:hr>167</gpxtpx:hr>
          </gpxtpx:TrackPointExtension>
        </extensions>
      </trkpt>
      <trkpt lat="32.06331113888175" lon="118.59550101853694">
        <ele>30.9</ele>
        <time>2026-08-21T23:45:26Z</time>
        <extensions>
          <gpxtpx:TrackPointExtension>
            <gpxtpx:hr>167</gpxtpx:hr>
          </gpxtpx:TrackPointExtension>
        </extensions>
      </trkpt>
      <trkpt lat="32.06329113205825" lon="118.59552001932273">
        <ele>30.9</ele>
        <time>2026-08-21T23:45:27Z</time>
        <extensions>
          <gpxtpx:TrackPointExtension>
            <gpxtpx:hr>166</gpxtpx:hr>
          </gpxtpx:TrackPointExtension>
        </extensions>
      </trkpt>
      <trkpt lat="32.06327012499882" lon="118.59553902017987">
        <ele>30.9</ele>
        <time>2026-08-21T23:45:28Z</time>
        <extensions>
          <gpxtpx:TrackPointExtension>
            <gpxtpx:hr>166</gpxtpx:hr>
          </gpxtpx:TrackPointExtension>
        </extensions>
      </trkpt>
      <trkpt lat="32.0632511187521" lon="118.59555502100571">
        <ele>30.9</ele>
        <time>2026-08-21T23:45:29Z</time>
        <extensions>
          <gpxtpx:TrackPointExtension>
            <gpxtpx:hr>166</gpxtpx:hr>
          </gpxtpx:TrackPointExtension>
        </extensions>
      </trkpt>
      <trkpt lat="32.06323411306454" lon="118.59557002169464">
        <ele>30.9</ele>
        <time>2026-08-21T23:45:30Z</time>
        <extensions>
          <gpxtpx:TrackPointExtension>
            <gpxtpx:hr>166</gpxtpx:hr>
          </gpxtpx:TrackPointExtension>
        </extensions>
      </trkpt>
      <trkpt lat="32.06321210613556" lon="118.595586022765">
        <ele>30.9</ele>
        <time>2026-08-21T23:45:31Z</time>
        <extensions>
          <gpxtpx:TrackPointExtension>
            <gpxtpx:hr>166</gpxtpx:hr>
          </gpxtpx:TrackPointExtension>
        </extensions>
      </trkpt>
      <trkpt lat="32.063187098271996" lon="118.59560402397582">
        <ele>30.9</ele>
        <time>2026-08-21T23:45:32Z</time>
        <extensions>
          <gpxtpx:TrackPointExtension>
            <gpxtpx:hr>166</gpxtpx:hr>
          </gpxtpx:TrackPointExtension>
        </extensions>
      </trkpt>
      <trkpt lat="32.06316609180351" lon="118.5956180250461">
        <ele>30.8</ele>
        <time>2026-08-21T23:45:33Z</time>
        <extensions>
          <gpxtpx:TrackPointExtension>
            <gpxtpx:hr>166</gpxtpx:hr>
          </gpxtpx:TrackPointExtension>
        </extensions>
      </trkpt>
      <trkpt lat="32.06314708589946" lon="118.59563102598575">
        <ele>30.8</ele>
        <time>2026-08-21T23:45:34Z</time>
        <extensions>
          <gpxtpx:TrackPointExtension>
            <gpxtpx:hr>166</gpxtpx:hr>
          </gpxtpx:TrackPointExtension>
        </extensions>
      </trkpt>
      <trkpt lat="32.06312707963459" lon="118.59564502694634">
        <ele>30.8</ele>
        <time>2026-08-21T23:45:35Z</time>
        <extensions>
          <gpxtpx:TrackPointExtension>
            <gpxtpx:hr>166</gpxtpx:hr>
          </gpxtpx:TrackPointExtension>
        </extensions>
      </trkpt>
      <trkpt lat="32.06310407256662" lon="118.59566002810581">
        <ele>30.8</ele>
        <time>2026-08-21T23:45:36Z</time>
        <extensions>
          <gpxtpx:TrackPointExtension>
            <gpxtpx:hr>166</gpxtpx:hr>
          </gpxtpx:TrackPointExtension>
        </extensions>
      </trkpt>
      <trkpt lat="32.063079065182755" lon="118.59567402949578">
        <ele>30.8</ele>
        <time>2026-08-21T23:45:37Z</time>
        <extensions>
          <gpxtpx:TrackPointExtension>
            <gpxtpx:hr>166</gpxtpx:hr>
          </gpxtpx:TrackPointExtension>
        </extensions>
      </trkpt>
      <trkpt lat="32.06305805907618" lon="118.59568503070302">
        <ele>30.8</ele>
        <time>2026-08-21T23:45:38Z</time>
        <extensions>
          <gpxtpx:TrackPointExtension>
            <gpxtpx:hr>166</gpxtpx:hr>
          </gpxtpx:TrackPointExtension>
        </extensions>
      </trkpt>
      <trkpt lat="32.06303405203259" lon="118.59569803204798">
        <ele>30.8</ele>
        <time>2026-08-21T23:45:39Z</time>
        <extensions>
          <gpxtpx:TrackPointExtension>
            <gpxtpx:hr>166</gpxtpx:hr>
          </gpxtpx:TrackPointExtension>
        </extensions>
      </trkpt>
      <trkpt lat="32.063010044981525" lon="118.59571103338418">
        <ele>30.8</ele>
        <time>2026-08-21T23:45:40Z</time>
        <extensions>
          <gpxtpx:TrackPointExtension>
            <gpxtpx:hr>166</gpxtpx:hr>
          </gpxtpx:TrackPointExtension>
        </extensions>
      </trkpt>
      <trkpt lat="32.06299103929743" lon="118.59572203439015">
        <ele>30.8</ele>
        <time>2026-08-21T23:45:41Z</time>
        <extensions>
          <gpxtpx:TrackPointExtension>
            <gpxtpx:hr>166</gpxtpx:hr>
          </gpxtpx:TrackPointExtension>
        </extensions>
      </trkpt>
      <trkpt lat="32.062969032810166" lon="118.5957340355951">
        <ele>30.8</ele>
        <time>2026-08-21T23:45:42Z</time>
        <extensions>
          <gpxtpx:TrackPointExtension>
            <gpxtpx:hr>166</gpxtpx:hr>
          </gpxtpx:TrackPointExtension>
        </extensions>
      </trkpt>
      <trkpt lat="32.06294202521515" lon="118.595746037243">
        <ele>30.8</ele>
        <time>2026-08-21T23:45:43Z</time>
        <extensions>
          <gpxtpx:TrackPointExtension>
            <gpxtpx:hr>166</gpxtpx:hr>
          </gpxtpx:TrackPointExtension>
        </extensions>
      </trkpt>
      <trkpt lat="32.06291701846833" lon="118.59575503890194">
        <ele>30.8</ele>
        <time>2026-08-21T23:45:44Z</time>
        <extensions>
          <gpxtpx:TrackPointExtension>
            <gpxtpx:hr>166</gpxtpx:hr>
          </gpxtpx:TrackPointExtension>
        </extensions>
      </trkpt>
      <trkpt lat="32.06289201185614" lon="118.59576304062328">
        <ele>30.8</ele>
        <time>2026-08-21T23:45:45Z</time>
        <extensions>
          <gpxtpx:TrackPointExtension>
            <gpxtpx:hr>166</gpxtpx:hr>
          </gpxtpx:TrackPointExtension>
        </extensions>
      </trkpt>
      <trkpt lat="32.06286800546129" lon="118.5957710422512">
        <ele>30.8</ele>
        <time>2026-08-21T23:45:46Z</time>
        <extensions>
          <gpxtpx:TrackPointExtension>
            <gpxtpx:hr>166</gpxtpx:hr>
          </gpxtpx:TrackPointExtension>
        </extensions>
      </trkpt>
      <trkpt lat="32.06284299856513" lon="118.59578104383102">
        <ele>30.9</ele>
        <time>2026-08-21T23:45:47Z</time>
        <extensions>
          <gpxtpx:TrackPointExtension>
            <gpxtpx:hr>167</gpxtpx:hr>
          </gpxtpx:TrackPointExtension>
        </extensions>
      </trkpt>
      <trkpt lat="32.06281799166445" lon="118.59579104540566">
        <ele>30.9</ele>
        <time>2026-08-21T23:45:48Z</time>
        <extensions>
          <gpxtpx:TrackPointExtension>
            <gpxtpx:hr>167</gpxtpx:hr>
          </gpxtpx:TrackPointExtension>
        </extensions>
      </trkpt>
      <trkpt lat="32.062792984899204" lon="118.59580004704361">
        <ele>30.9</ele>
        <time>2026-08-21T23:45:49Z</time>
        <extensions>
          <gpxtpx:TrackPointExtension>
            <gpxtpx:hr>167</gpxtpx:hr>
          </gpxtpx:TrackPointExtension>
        </extensions>
      </trkpt>
      <trkpt lat="32.06276697805019" lon="118.59580804883639">
        <ele>30.9</ele>
        <time>2026-08-21T23:45:50Z</time>
        <extensions>
          <gpxtpx:TrackPointExtension>
            <gpxtpx:hr>167</gpxtpx:hr>
          </gpxtpx:TrackPointExtension>
        </extensions>
      </trkpt>
      <trkpt lat="32.06274197141855" lon="118.59581605053573">
        <ele>30.9</ele>
        <time>2026-08-21T23:45:51Z</time>
        <extensions>
          <gpxtpx:TrackPointExtension>
            <gpxtpx:hr>167</gpxtpx:hr>
          </gpxtpx:TrackPointExtension>
        </extensions>
      </trkpt>
      <trkpt lat="32.06271596456363" lon="118.59582405232187">
        <ele>31.0</ele>
        <time>2026-08-21T23:45:52Z</time>
        <extensions>
          <gpxtpx:TrackPointExtension>
            <gpxtpx:hr>167</gpxtpx:hr>
          </gpxtpx:TrackPointExtension>
        </extensions>
      </trkpt>
      <trkpt lat="32.06269095806734" lon="118.59583105408471">
        <ele>31.0</ele>
        <time>2026-08-21T23:45:53Z</time>
        <extensions>
          <gpxtpx:TrackPointExtension>
            <gpxtpx:hr>167</gpxtpx:hr>
          </gpxtpx:TrackPointExtension>
        </extensions>
      </trkpt>
      <trkpt lat="32.06266695164755" lon="118.59583905568445">
        <ele>31.0</ele>
        <time>2026-08-21T23:45:54Z</time>
        <extensions>
          <gpxtpx:TrackPointExtension>
            <gpxtpx:hr>167</gpxtpx:hr>
          </gpxtpx:TrackPointExtension>
        </extensions>
      </trkpt>
      <trkpt lat="32.06264194486249" lon="118.59584805730003">
        <ele>31.0</ele>
        <time>2026-08-21T23:45:55Z</time>
        <extensions>
          <gpxtpx:TrackPointExtension>
            <gpxtpx:hr>167</gpxtpx:hr>
          </gpxtpx:TrackPointExtension>
        </extensions>
      </trkpt>
      <trkpt lat="32.06261593785339" lon="118.59585705900149">
        <ele>31.0</ele>
        <time>2026-08-21T23:45:56Z</time>
        <extensions>
          <gpxtpx:TrackPointExtension>
            <gpxtpx:hr>167</gpxtpx:hr>
          </gpxtpx:TrackPointExtension>
        </extensions>
      </trkpt>
      <trkpt lat="32.06259093106095" lon="118.59586606060867">
        <ele>30.9</ele>
        <time>2026-08-21T23:45:57Z</time>
        <extensions>
          <gpxtpx:TrackPointExtension>
            <gpxtpx:hr>167</gpxtpx:hr>
          </gpxtpx:TrackPointExtension>
        </extensions>
      </trkpt>
      <trkpt lat="32.06256692448522" lon="118.59587506212158">
        <ele>30.9</ele>
        <time>2026-08-21T23:45:58Z</time>
        <extensions>
          <gpxtpx:TrackPointExtension>
            <gpxtpx:hr>167</gpxtpx:hr>
          </gpxtpx:TrackPointExtension>
        </extensions>
      </trkpt>
      <trkpt lat="32.06254291776227" lon="118.59588506355743">
        <ele>30.9</ele>
        <time>2026-08-21T23:45:59Z</time>
        <extensions>
          <gpxtpx:TrackPointExtension>
            <gpxtpx:hr>167</gpxtpx:hr>
          </gpxtpx:TrackPointExtension>
        </extensions>
      </trkpt>
      <trkpt lat="32.062514909865115" lon="118.59589706520157">
        <ele>30.9</ele>
        <time>2026-08-21T23:46:00Z</time>
        <extensions>
          <gpxtpx:TrackPointExtension>
            <gpxtpx:hr>167</gpxtpx:hr>
          </gpxtpx:TrackPointExtension>
        </extensions>
      </trkpt>
      <trkpt lat="32.06248990291188" lon="118.59590706671611">
        <ele>30.9</ele>
        <time>2026-08-21T23:46:01Z</time>
        <extensions>
          <gpxtpx:TrackPointExtension>
            <gpxtpx:hr>167</gpxtpx:hr>
          </gpxtpx:TrackPointExtension>
        </extensions>
      </trkpt>
      <trkpt lat="32.06246489595413" lon="118.59591706822548">
        <ele>30.8</ele>
        <time>2026-08-21T23:46:02Z</time>
        <extensions>
          <gpxtpx:TrackPointExtension>
            <gpxtpx:hr>166</gpxtpx:hr>
          </gpxtpx:TrackPointExtension>
        </extensions>
      </trkpt>
      <trkpt lat="32.06243988899188" lon="118.59592706972968">
        <ele>30.8</ele>
        <time>2026-08-21T23:46:03Z</time>
        <extensions>
          <gpxtpx:TrackPointExtension>
            <gpxtpx:hr>166</gpxtpx:hr>
          </gpxtpx:TrackPointExtension>
        </extensions>
      </trkpt>
      <trkpt lat="32.06241588239136" lon="118.59593607121415">
        <ele>30.8</ele>
        <time>2026-08-21T23:46:04Z</time>
        <extensions>
          <gpxtpx:TrackPointExtension>
            <gpxtpx:hr>166</gpxtpx:hr>
          </gpxtpx:TrackPointExtension>
        </extensions>
      </trkpt>
      <trkpt lat="32.06239087556673" lon="118.59594507278452">
        <ele>30.8</ele>
        <time>2026-08-21T23:46:05Z</time>
        <extensions>
          <gpxtpx:TrackPointExtension>
            <gpxtpx:hr>166</gpxtpx:hr>
          </gpxtpx:TrackPointExtension>
        </extensions>
      </trkpt>
      <trkpt lat="32.062366868958854" lon="118.59595407426062">
        <ele>30.8</ele>
        <time>2026-08-21T23:46:06Z</time>
        <extensions>
          <gpxtpx:TrackPointExtension>
            <gpxtpx:hr>166</gpxtpx:hr>
          </gpxtpx:TrackPointExtension>
        </extensions>
      </trkpt>
      <trkpt lat="32.062341862126864" lon="118.5959630758226">
        <ele>30.6</ele>
        <time>2026-08-21T23:46:07Z</time>
        <extensions>
          <gpxtpx:TrackPointExtension>
            <gpxtpx:hr>166</gpxtpx:hr>
          </gpxtpx:TrackPointExtension>
        </extensions>
      </trkpt>
      <trkpt lat="32.062317855216904" lon="118.59597407713544">
        <ele>30.6</ele>
        <time>2026-08-21T23:46:08Z</time>
        <extensions>
          <gpxtpx:TrackPointExtension>
            <gpxtpx:hr>166</gpxtpx:hr>
          </gpxtpx:TrackPointExtension>
        </extensions>
      </trkpt>
      <trkpt lat="32.06229284808107" lon="118.5959850785321">
        <ele>30.6</ele>
        <time>2026-08-21T23:46:09Z</time>
        <extensions>
          <gpxtpx:TrackPointExtension>
            <gpxtpx:hr>166</gpxtpx:hr>
          </gpxtpx:TrackPointExtension>
        </extensions>
      </trkpt>
      <trkpt lat="32.06226684057096" lon="118.59599707993392">
        <ele>30.6</ele>
        <time>2026-08-21T23:46:10Z</time>
        <extensions>
          <gpxtpx:TrackPointExtension>
            <gpxtpx:hr>166</gpxtpx:hr>
          </gpxtpx:TrackPointExtension>
        </extensions>
      </trkpt>
      <trkpt lat="32.06223983283395" lon="118.5960090814184">
        <ele>30.6</ele>
        <time>2026-08-21T23:46:11Z</time>
        <extensions>
          <gpxtpx:TrackPointExtension>
            <gpxtpx:hr>166</gpxtpx:hr>
          </gpxtpx:TrackPointExtension>
        </extensions>
      </trkpt>
      <trkpt lat="32.06221682627129" lon="118.59601908269481">
        <ele>30.4</ele>
        <time>2026-08-21T23:46:12Z</time>
        <extensions>
          <gpxtpx:TrackPointExtension>
            <gpxtpx:hr>167</gpxtpx:hr>
          </gpxtpx:TrackPointExtension>
        </extensions>
      </trkpt>
      <trkpt lat="32.06219181896348" lon="118.59603108398545">
        <ele>30.4</ele>
        <time>2026-08-21T23:46:13Z</time>
        <extensions>
          <gpxtpx:TrackPointExtension>
            <gpxtpx:hr>167</gpxtpx:hr>
          </gpxtpx:TrackPointExtension>
        </extensions>
      </trkpt>
      <trkpt lat="32.06216180994479" lon="118.59604708539443">
        <ele>30.4</ele>
        <time>2026-08-21T23:46:14Z</time>
        <extensions>
          <gpxtpx:TrackPointExtension>
            <gpxtpx:hr>167</gpxtpx:hr>
          </gpxtpx:TrackPointExtension>
        </extensions>
      </trkpt>
      <trkpt lat="32.06213180106604" lon="118.59606208687224">
        <ele>30.4</ele>
        <time>2026-08-21T23:46:15Z</time>
        <extensions>
          <gpxtpx:TrackPointExtension>
            <gpxtpx:hr>167</gpxtpx:hr>
          </gpxtpx:TrackPointExtension>
        </extensions>
      </trkpt>
      <trkpt lat="32.06210879417636" lon="118.59607408795603">
        <ele>30.4</ele>
        <time>2026-08-21T23:46:16Z</time>
        <extensions>
          <gpxtpx:TrackPointExtension>
            <gpxtpx:hr>167</gpxtpx:hr>
          </gpxtpx:TrackPointExtension>
        </extensions>
      </trkpt>
      <trkpt lat="32.06208678780528" lon="118.59608408910873">
        <ele>30.2</ele>
        <time>2026-08-21T23:46:17Z</time>
        <extensions>
          <gpxtpx:TrackPointExtension>
            <gpxtpx:hr>166</gpxtpx:hr>
          </gpxtpx:TrackPointExtension>
        </extensions>
      </trkpt>
      <trkpt lat="32.062061780768126" lon="118.5960940905265">
        <ele>30.2</ele>
        <time>2026-08-21T23:46:18Z</time>
        <extensions>
          <gpxtpx:TrackPointExtension>
            <gpxtpx:hr>166</gpxtpx:hr>
          </gpxtpx:TrackPointExtension>
        </extensions>
      </trkpt>
      <trkpt lat="32.06203577350593" lon="118.59610409202918">
        <ele>30.2</ele>
        <time>2026-08-21T23:46:19Z</time>
        <extensions>
          <gpxtpx:TrackPointExtension>
            <gpxtpx:hr>166</gpxtpx:hr>
          </gpxtpx:TrackPointExtension>
        </extensions>
      </trkpt>
      <trkpt lat="32.06201376712142" lon="118.59611409316636">
        <ele>30.2</ele>
        <time>2026-08-21T23:46:20Z</time>
        <extensions>
          <gpxtpx:TrackPointExtension>
            <gpxtpx:hr>166</gpxtpx:hr>
          </gpxtpx:TrackPointExtension>
        </extensions>
      </trkpt>
      <trkpt lat="32.061990760204026" lon="118.59612609421787">
        <ele>30.2</ele>
        <time>2026-08-21T23:46:21Z</time>
        <extensions>
          <gpxtpx:TrackPointExtension>
            <gpxtpx:hr>166</gpxtpx:hr>
          </gpxtpx:TrackPointExtension>
        </extensions>
      </trkpt>
      <trkpt lat="32.06196575283912" lon="118.5961380954421">
        <ele>30.1</ele>
        <time>2026-08-21T23:46:22Z</time>
        <extensions>
          <gpxtpx:TrackPointExtension>
            <gpxtpx:hr>166</gpxtpx:hr>
          </gpxtpx:TrackPointExtension>
        </extensions>
      </trkpt>
      <trkpt lat="32.06194074546783" lon="118.59615009665887">
        <ele>30.1</ele>
        <time>2026-08-21T23:46:23Z</time>
        <extensions>
          <gpxtpx:TrackPointExtension>
            <gpxtpx:hr>166</gpxtpx:hr>
          </gpxtpx:TrackPointExtension>
        </extensions>
      </trkpt>
      <trkpt lat="32.061914737714005" lon="118.59616309787108">
        <ele>30.1</ele>
        <time>2026-08-21T23:46:24Z</time>
        <extensions>
          <gpxtpx:TrackPointExtension>
            <gpxtpx:hr>166</gpxtpx:hr>
          </gpxtpx:TrackPointExtension>
        </extensions>
      </trkpt>
      <trkpt lat="32.061893731211725" lon="118.59617509871201">
        <ele>30.1</ele>
        <time>2026-08-21T23:46:25Z</time>
        <extensions>
          <gpxtpx:TrackPointExtension>
            <gpxtpx:hr>166</gpxtpx:hr>
          </gpxtpx:TrackPointExtension>
        </extensions>
      </trkpt>
      <trkpt lat="32.061869723571306" lon="118.59619009955004">
        <ele>30.1</ele>
        <time>2026-08-21T23:46:26Z</time>
        <extensions>
          <gpxtpx:TrackPointExtension>
            <gpxtpx:hr>166</gpxtpx:hr>
          </gpxtpx:TrackPointExtension>
        </extensions>
      </trkpt>
      <trkpt lat="32.061846716141595" lon="118.59620510028634">
        <ele>29.9</ele>
        <time>2026-08-21T23:46:27Z</time>
        <extensions>
          <gpxtpx:TrackPointExtension>
            <gpxtpx:hr>166</gpxtpx:hr>
          </gpxtpx:TrackPointExtension>
        </extensions>
      </trkpt>
      <trkpt lat="32.061822708323376" lon="118.59622110101087">
        <ele>29.9</ele>
        <time>2026-08-21T23:46:28Z</time>
        <extensions>
          <gpxtpx:TrackPointExtension>
            <gpxtpx:hr>166</gpxtpx:hr>
          </gpxtpx:TrackPointExtension>
        </extensions>
      </trkpt>
      <trkpt lat="32.06179870065268" lon="118.59623610181323">
        <ele>29.9</ele>
        <time>2026-08-21T23:46:29Z</time>
        <extensions>
          <gpxtpx:TrackPointExtension>
            <gpxtpx:hr>166</gpxtpx:hr>
          </gpxtpx:TrackPointExtension>
        </extensions>
      </trkpt>
      <trkpt lat="32.06177669341336" lon="118.59625110242379">
        <ele>29.9</ele>
        <time>2026-08-21T23:46:30Z</time>
        <extensions>
          <gpxtpx:TrackPointExtension>
            <gpxtpx:hr>166</gpxtpx:hr>
          </gpxtpx:TrackPointExtension>
        </extensions>
      </trkpt>
      <trkpt lat="32.06175368626352" lon="118.59626410329787">
        <ele>29.9</ele>
        <time>2026-08-21T23:46:31Z</time>
        <extensions>
          <gpxtpx:TrackPointExtension>
            <gpxtpx:hr>166</gpxtpx:hr>
          </gpxtpx:TrackPointExtension>
        </extensions>
      </trkpt>
      <trkpt lat="32.0617296787251" lon="118.59627810416012">
        <ele>29.9</ele>
        <time>2026-08-21T23:46:32Z</time>
        <extensions>
          <gpxtpx:TrackPointExtension>
            <gpxtpx:hr>167</gpxtpx:hr>
          </gpxtpx:TrackPointExtension>
        </extensions>
      </trkpt>
      <trkpt lat="32.061704671118534" lon="118.59629110519624">
        <ele>29.9</ele>
        <time>2026-08-21T23:46:33Z</time>
        <extensions>
          <gpxtpx:TrackPointExtension>
            <gpxtpx:hr>167</gpxtpx:hr>
          </gpxtpx:TrackPointExtension>
        </extensions>
      </trkpt>
      <trkpt lat="32.0616796635045" lon="118.59630410622363">
        <ele>29.9</ele>
        <time>2026-08-21T23:46:34Z</time>
        <extensions>
          <gpxtpx:TrackPointExtension>
            <gpxtpx:hr>167</gpxtpx:hr>
          </gpxtpx:TrackPointExtension>
        </extensions>
      </trkpt>
      <trkpt lat="32.06165265560388" lon="118.59631610751762">
        <ele>29.9</ele>
        <time>2026-08-21T23:46:35Z</time>
        <extensions>
          <gpxtpx:TrackPointExtension>
            <gpxtpx:hr>167</gpxtpx:hr>
          </gpxtpx:TrackPointExtension>
        </extensions>
      </trkpt>
      <trkpt lat="32.061629649067385" lon="118.59632510873098">
        <ele>29.9</ele>
        <time>2026-08-21T23:46:36Z</time>
        <extensions>
          <gpxtpx:TrackPointExtension>
            <gpxtpx:hr>167</gpxtpx:hr>
          </gpxtpx:TrackPointExtension>
        </extensions>
      </trkpt>
      <trkpt lat="32.06160464224884" lon="118.59633311021638">
        <ele>29.6</ele>
        <time>2026-08-21T23:46:37Z</time>
        <extensions>
          <gpxtpx:TrackPointExtension>
            <gpxtpx:hr>167</gpxtpx:hr>
          </gpxtpx:TrackPointExtension>
        </extensions>
      </trkpt>
      <trkpt lat="32.061575634218045" lon="118.59634311186579">
        <ele>29.6</ele>
        <time>2026-08-21T23:46:38Z</time>
        <extensions>
          <gpxtpx:TrackPointExtension>
            <gpxtpx:hr>167</gpxtpx:hr>
          </gpxtpx:TrackPointExtension>
        </extensions>
      </trkpt>
      <trkpt lat="32.0615496270085" lon="118.59635211333683">
        <ele>29.6</ele>
        <time>2026-08-21T23:46:39Z</time>
        <extensions>
          <gpxtpx:TrackPointExtension>
            <gpxtpx:hr>167</gpxtpx:hr>
          </gpxtpx:TrackPointExtension>
        </extensions>
      </trkpt>
      <trkpt lat="32.06152362028743" lon="118.59635811509592">
        <ele>29.6</ele>
        <time>2026-08-21T23:46:40Z</time>
        <extensions>
          <gpxtpx:TrackPointExtension>
            <gpxtpx:hr>167</gpxtpx:hr>
          </gpxtpx:TrackPointExtension>
        </extensions>
      </trkpt>
      <trkpt lat="32.061497613564605" lon="118.59636411685317">
        <ele>29.6</ele>
        <time>2026-08-21T23:46:41Z</time>
        <extensions>
          <gpxtpx:TrackPointExtension>
            <gpxtpx:hr>167</gpxtpx:hr>
          </gpxtpx:TrackPointExtension>
        </extensions>
      </trkpt>
      <trkpt lat="32.06147260706074" lon="118.59637011851845">
        <ele>29.3</ele>
        <time>2026-08-21T23:46:42Z</time>
        <extensions>
          <gpxtpx:TrackPointExtension>
            <gpxtpx:hr>167</gpxtpx:hr>
          </gpxtpx:TrackPointExtension>
        </extensions>
      </trkpt>
      <trkpt lat="32.061444600057754" lon="118.59637512055035">
        <ele>29.3</ele>
        <time>2026-08-21T23:46:43Z</time>
        <extensions>
          <gpxtpx:TrackPointExtension>
            <gpxtpx:hr>167</gpxtpx:hr>
          </gpxtpx:TrackPointExtension>
        </extensions>
      </trkpt>
      <trkpt lat="32.061413592226316" lon="118.59638112275272">
        <ele>29.3</ele>
        <time>2026-08-21T23:46:44Z</time>
        <extensions>
          <gpxtpx:TrackPointExtension>
            <gpxtpx:hr>167</gpxtpx:hr>
          </gpxtpx:TrackPointExtension>
        </extensions>
      </trkpt>
      <trkpt lat="32.06138758582709" lon="118.59638512470036">
        <ele>29.3</ele>
        <time>2026-08-21T23:46:45Z</time>
        <extensions>
          <gpxtpx:TrackPointExtension>
            <gpxtpx:hr>167</gpxtpx:hr>
          </gpxtpx:TrackPointExtension>
        </extensions>
      </trkpt>
      <trkpt lat="32.06136057937156" lon="118.59638812683617">
        <ele>29.3</ele>
        <time>2026-08-21T23:46:46Z</time>
        <extensions>
          <gpxtpx:TrackPointExtension>
            <gpxtpx:hr>167</gpxtpx:hr>
          </gpxtpx:TrackPointExtension>
        </extensions>
      </trkpt>
      <trkpt lat="32.06133157247392" lon="118.59639112915168">
        <ele>29.2</ele>
        <time>2026-08-21T23:46:47Z</time>
        <extensions>
          <gpxtpx:TrackPointExtension>
            <gpxtpx:hr>167</gpxtpx:hr>
          </gpxtpx:TrackPointExtension>
        </extensions>
      </trkpt>
      <trkpt lat="32.06130856706571" lon="118.5963931310254">
        <ele>29.2</ele>
        <time>2026-08-21T23:46:48Z</time>
        <extensions>
          <gpxtpx:TrackPointExtension>
            <gpxtpx:hr>167</gpxtpx:hr>
          </gpxtpx:TrackPointExtension>
        </extensions>
      </trkpt>
      <trkpt lat="32.06128156093968" lon="118.59639413335844">
        <ele>29.2</ele>
        <time>2026-08-21T23:46:49Z</time>
        <extensions>
          <gpxtpx:TrackPointExtension>
            <gpxtpx:hr>167</gpxtpx:hr>
          </gpxtpx:TrackPointExtension>
        </extensions>
      </trkpt>
      <trkpt lat="32.06125555536524" lon="118.59639313579973">
        <ele>29.2</ele>
        <time>2026-08-21T23:46:50Z</time>
        <extensions>
          <gpxtpx:TrackPointExtension>
            <gpxtpx:hr>167</gpxtpx:hr>
          </gpxtpx:TrackPointExtension>
        </extensions>
      </trkpt>
      <trkpt lat="32.061229549790575" lon="118.59639213824096">
        <ele>29.2</ele>
        <time>2026-08-21T23:46:51Z</time>
        <extensions>
          <gpxtpx:TrackPointExtension>
            <gpxtpx:hr>167</gpxtpx:hr>
          </gpxtpx:TrackPointExtension>
        </extensions>
      </trkpt>
      <trkpt lat="32.061198543277115" lon="118.59639014123157">
        <ele>28.9</ele>
        <time>2026-08-21T23:46:52Z</time>
        <extensions>
          <gpxtpx:TrackPointExtension>
            <gpxtpx:hr>168</gpxtpx:hr>
          </gpxtpx:TrackPointExtension>
        </extensions>
      </trkpt>
      <trkpt lat="32.06117053742559" lon="118.59638814395171">
        <ele>28.9</ele>
        <time>2026-08-21T23:46:53Z</time>
        <extensions>
          <gpxtpx:TrackPointExtension>
            <gpxtpx:hr>168</gpxtpx:hr>
          </gpxtpx:TrackPointExtension>
        </extensions>
      </trkpt>
      <trkpt lat="32.06114253190396" lon="118.59638414686908">
        <ele>28.9</ele>
        <time>2026-08-21T23:46:54Z</time>
        <extensions>
          <gpxtpx:TrackPointExtension>
            <gpxtpx:hr>168</gpxtpx:hr>
          </gpxtpx:TrackPointExtension>
        </extensions>
      </trkpt>
      <trkpt lat="32.061114526381424" lon="118.59638014978565">
        <ele>28.9</ele>
        <time>2026-08-21T23:46:55Z</time>
        <extensions>
          <gpxtpx:TrackPointExtension>
            <gpxtpx:hr>168</gpxtpx:hr>
          </gpxtpx:TrackPointExtension>
        </extensions>
      </trkpt>
      <trkpt lat="32.06109252218288" lon="118.59637615216089">
        <ele>28.9</ele>
        <time>2026-08-21T23:46:56Z</time>
        <extensions>
          <gpxtpx:TrackPointExtension>
            <gpxtpx:hr>168</gpxtpx:hr>
          </gpxtpx:TrackPointExtension>
        </extensions>
      </trkpt>
      <trkpt lat="32.06106751748561" lon="118.59637115490357">
        <ele>28.5</ele>
        <time>2026-08-21T23:46:57Z</time>
        <extensions>
          <gpxtpx:TrackPointExtension>
            <gpxtpx:hr>168</gpxtpx:hr>
          </gpxtpx:TrackPointExtension>
        </extensions>
      </trkpt>
      <trkpt lat="32.06103651179065" lon="118.59636415838082">
        <ele>28.5</ele>
        <time>2026-08-21T23:46:58Z</time>
        <extensions>
          <gpxtpx:TrackPointExtension>
            <gpxtpx:hr>168</gpxtpx:hr>
          </gpxtpx:TrackPointExtension>
        </extensions>
      </trkpt>
      <trkpt lat="32.06101050736143" lon="118.59635616150238">
        <ele>28.5</ele>
        <time>2026-08-21T23:46:59Z</time>
        <extensions>
          <gpxtpx:TrackPointExtension>
            <gpxtpx:hr>168</gpxtpx:hr>
          </gpxtpx:TrackPointExtension>
        </extensions>
      </trkpt>
      <trkpt lat="32.06098450276568" lon="118.59634916452382">
        <ele>28.5</ele>
        <time>2026-08-21T23:47:00Z</time>
        <extensions>
          <gpxtpx:TrackPointExtension>
            <gpxtpx:hr>168</gpxtpx:hr>
          </gpxtpx:TrackPointExtension>
        </extensions>
      </trkpt>
      <trkpt lat="32.06095849816763" lon="118.59634216754272">
        <ele>28.5</ele>
        <time>2026-08-21T23:47:01Z</time>
        <extensions>
          <gpxtpx:TrackPointExtension>
            <gpxtpx:hr>168</gpxtpx:hr>
          </gpxtpx:TrackPointExtension>
        </extensions>
      </trkpt>
      <trkpt lat="32.0609334939511" lon="118.5963341705651">
        <ele>28.3</ele>
        <time>2026-08-21T23:47:02Z</time>
        <extensions>
          <gpxtpx:TrackPointExtension>
            <gpxtpx:hr>168</gpxtpx:hr>
          </gpxtpx:TrackPointExtension>
        </extensions>
      </trkpt>
      <trkpt lat="32.06090748918546" lon="118.5963281734828">
        <ele>28.3</ele>
        <time>2026-08-21T23:47:03Z</time>
        <extensions>
          <gpxtpx:TrackPointExtension>
            <gpxtpx:hr>168</gpxtpx:hr>
          </gpxtpx:TrackPointExtension>
        </extensions>
      </trkpt>
      <trkpt lat="32.06088348469737" lon="118.596323176123">
        <ele>28.3</ele>
        <time>2026-08-21T23:47:04Z</time>
        <extensions>
          <gpxtpx:TrackPointExtension>
            <gpxtpx:hr>168</gpxtpx:hr>
          </gpxtpx:TrackPointExtension>
        </extensions>
      </trkpt>
      <trkpt lat="32.06085347872044" lon="118.59631917920709">
        <ele>28.3</ele>
        <time>2026-08-21T23:47:05Z</time>
        <extensions>
          <gpxtpx:TrackPointExtension>
            <gpxtpx:hr>168</gpxtpx:hr>
          </gpxtpx:TrackPointExtension>
        </extensions>
      </trkpt>
      <trkpt lat="32.06082647308088" lon="118.59631718182976">
        <ele>28.3</ele>
        <time>2026-08-21T23:47:06Z</time>
        <extensions>
          <gpxtpx:TrackPointExtension>
            <gpxtpx:hr>168</gpxtpx:hr>
          </gpxtpx:TrackPointExtension>
        </extensions>
      </trkpt>
      <trkpt lat="32.060798466733445" lon="118.59631818425676">
        <ele>28.0</ele>
        <time>2026-08-21T23:47:07Z</time>
        <extensions>
          <gpxtpx:TrackPointExtension>
            <gpxtpx:hr>168</gpxtpx:hr>
          </gpxtpx:TrackPointExtension>
        </extensions>
      </trkpt>
      <trkpt lat="32.06076845994391" lon="118.59631918686388">
        <ele>28.0</ele>
        <time>2026-08-21T23:47:08Z</time>
        <extensions>
          <gpxtpx:TrackPointExtension>
            <gpxtpx:hr>168</gpxtpx:hr>
          </gpxtpx:TrackPointExtension>
        </extensions>
      </trkpt>
      <trkpt lat="32.06074045327114" lon="118.59632218909994">
        <ele>28.0</ele>
        <time>2026-08-21T23:47:09Z</time>
        <extensions>
          <gpxtpx:TrackPointExtension>
            <gpxtpx:hr>168</gpxtpx:hr>
          </gpxtpx:TrackPointExtension>
        </extensions>
      </trkpt>
      <trkpt lat="32.060712446435154" lon="118.59632619123987">
        <ele>28.0</ele>
        <time>2026-08-21T23:47:10Z</time>
        <extensions>
          <gpxtpx:TrackPointExtension>
            <gpxtpx:hr>168</gpxtpx:hr>
          </gpxtpx:TrackPointExtension>
        </extensions>
      </trkpt>
      <trkpt lat="32.06068844048201" lon="118.59633019301866">
        <ele>28.0</ele>
        <time>2026-08-21T23:47:11Z</time>
        <extensions>
          <gpxtpx:TrackPointExtension>
            <gpxtpx:hr>168</gpxtpx:hr>
          </gpxtpx:TrackPointExtension>
        </extensions>
      </trkpt>
      <trkpt lat="32.06066343365491" lon="118.59633819450193">
        <ele>27.8</ele>
        <time>2026-08-21T23:47:12Z</time>
        <extensions>
          <gpxtpx:TrackPointExtension>
            <gpxtpx:hr>169</gpxtpx:hr>
          </gpxtpx:TrackPointExtension>
        </extensions>
      </trkpt>
      <trkpt lat="32.06063642589236" lon="118.59634919587168">
        <ele>27.8</ele>
        <time>2026-08-21T23:47:13Z</time>
        <extensions>
          <gpxtpx:TrackPointExtension>
            <gpxtpx:hr>169</gpxtpx:hr>
          </gpxtpx:TrackPointExtension>
        </extensions>
      </trkpt>
      <trkpt lat="32.06060841773933" lon="118.59636119722781">
        <ele>27.8</ele>
        <time>2026-08-21T23:47:14Z</time>
        <extensions>
          <gpxtpx:TrackPointExtension>
            <gpxtpx:hr>169</gpxtpx:hr>
          </gpxtpx:TrackPointExtension>
        </extensions>
      </trkpt>
      <trkpt lat="32.06057840897329" lon="118.59637419865852">
        <ele>27.8</ele>
        <time>2026-08-21T23:47:15Z</time>
        <extensions>
          <gpxtpx:TrackPointExtension>
            <gpxtpx:hr>169</gpxtpx:hr>
          </gpxtpx:TrackPointExtension>
        </extensions>
      </trkpt>
      <trkpt lat="32.06055540191175" lon="118.59638619954877">
        <ele>27.8</ele>
        <time>2026-08-21T23:47:16Z</time>
        <extensions>
          <gpxtpx:TrackPointExtension>
            <gpxtpx:hr>169</gpxtpx:hr>
          </gpxtpx:TrackPointExtension>
        </extensions>
      </trkpt>
      <trkpt lat="32.060534395120065" lon="118.596399200152">
        <ele>27.8</ele>
        <time>2026-08-21T23:47:17Z</time>
        <extensions>
          <gpxtpx:TrackPointExtension>
            <gpxtpx:hr>168</gpxtpx:hr>
          </gpxtpx:TrackPointExtension>
        </extensions>
      </trkpt>
      <trkpt lat="32.06051138737987" lon="118.59641520062608">
        <ele>27.8</ele>
        <time>2026-08-21T23:47:18Z</time>
        <extensions>
          <gpxtpx:TrackPointExtension>
            <gpxtpx:hr>168</gpxtpx:hr>
          </gpxtpx:TrackPointExtension>
        </extensions>
      </trkpt>
      <trkpt lat="32.06048737924034" lon="118.5964322010759">
        <ele>27.8</ele>
        <time>2026-08-21T23:47:19Z</time>
        <extensions>
          <gpxtpx:TrackPointExtension>
            <gpxtpx:hr>168</gpxtpx:hr>
          </gpxtpx:TrackPointExtension>
        </extensions>
      </trkpt>
      <trkpt lat="32.06046337125609" lon="118.59644820161279">
        <ele>27.8</ele>
        <time>2026-08-21T23:47:20Z</time>
        <extensions>
          <gpxtpx:TrackPointExtension>
            <gpxtpx:hr>168</gpxtpx:hr>
          </gpxtpx:TrackPointExtension>
        </extensions>
      </trkpt>
      <trkpt lat="32.060439363092065" lon="118.59646520203366">
        <ele>27.8</ele>
        <time>2026-08-21T23:47:21Z</time>
        <extensions>
          <gpxtpx:TrackPointExtension>
            <gpxtpx:hr>168</gpxtpx:hr>
          </gpxtpx:TrackPointExtension>
        </extensions>
      </trkpt>
      <trkpt lat="32.06041735569603" lon="118.59648020246681">
        <ele>27.7</ele>
        <time>2026-08-21T23:47:22Z</time>
        <extensions>
          <gpxtpx:TrackPointExtension>
            <gpxtpx:hr>168</gpxtpx:hr>
          </gpxtpx:TrackPointExtension>
        </extensions>
      </trkpt>
      <trkpt lat="32.060395348460034" lon="118.59649420299273">
        <ele>27.7</ele>
        <time>2026-08-21T23:47:23Z</time>
        <extensions>
          <gpxtpx:TrackPointExtension>
            <gpxtpx:hr>168</gpxtpx:hr>
          </gpxtpx:TrackPointExtension>
        </extensions>
      </trkpt>
      <trkpt lat="32.06037534165751" lon="118.59650820332836">
        <ele>27.7</ele>
        <time>2026-08-21T23:47:24Z</time>
        <extensions>
          <gpxtpx:TrackPointExtension>
            <gpxtpx:hr>168</gpxtpx:hr>
          </gpxtpx:TrackPointExtension>
        </extensions>
      </trkpt>
      <trkpt lat="32.06035633489638" lon="118.59652320345799">
        <ele>27.7</ele>
        <time>2026-08-21T23:47:25Z</time>
        <extensions>
          <gpxtpx:TrackPointExtension>
            <gpxtpx:hr>168</gpxtpx:hr>
          </gpxtpx:TrackPointExtension>
        </extensions>
      </trkpt>
      <trkpt lat="32.06033732761005" lon="118.59654120325592">
        <ele>27.7</ele>
        <time>2026-08-21T23:47:26Z</time>
        <extensions>
          <gpxtpx:TrackPointExtension>
            <gpxtpx:hr>168</gpxtpx:hr>
          </gpxtpx:TrackPointExtension>
        </extensions>
      </trkpt>
      <trkpt lat="32.060315318609895" lon="118.59656520266024">
        <ele>27.6</ele>
        <time>2026-08-21T23:47:27Z</time>
        <extensions>
          <gpxtpx:TrackPointExtension>
            <gpxtpx:hr>168</gpxtpx:hr>
          </gpxtpx:TrackPointExtension>
        </extensions>
      </trkpt>
      <trkpt lat="32.06029631059574" lon="118.59658720198301">
        <ele>27.6</ele>
        <time>2026-08-21T23:47:28Z</time>
        <extensions>
          <gpxtpx:TrackPointExtension>
            <gpxtpx:hr>168</gpxtpx:hr>
          </gpxtpx:TrackPointExtension>
        </extensions>
      </trkpt>
      <trkpt lat="32.060277302735415" lon="118.59660820139109">
        <ele>27.6</ele>
        <time>2026-08-21T23:47:29Z</time>
        <extensions>
          <gpxtpx:TrackPointExtension>
            <gpxtpx:hr>168</gpxtpx:hr>
          </gpxtpx:TrackPointExtension>
        </extensions>
      </trkpt>
      <trkpt lat="32.06026029529813" lon="118.59662920059627">
        <ele>27.6</ele>
        <time>2026-08-21T23:47:30Z</time>
        <extensions>
          <gpxtpx:TrackPointExtension>
            <gpxtpx:hr>168</gpxtpx:hr>
          </gpxtpx:TrackPointExtension>
        </extensions>
      </trkpt>
      <trkpt lat="32.060243287841786" lon="118.5966501997787">
        <ele>27.6</ele>
        <time>2026-08-21T23:47:31Z</time>
        <extensions>
          <gpxtpx:TrackPointExtension>
            <gpxtpx:hr>168</gpxtpx:hr>
          </gpxtpx:TrackPointExtension>
        </extensions>
      </trkpt>
      <trkpt lat="32.06022728023243" lon="118.59667319862126">
        <ele>27.6</ele>
        <time>2026-08-21T23:47:32Z</time>
        <extensions>
          <gpxtpx:TrackPointExtension>
            <gpxtpx:hr>169</gpxtpx:hr>
          </gpxtpx:TrackPointExtension>
        </extensions>
      </trkpt>
      <trkpt lat="32.06021327304239" lon="118.5966961972564">
        <ele>27.6</ele>
        <time>2026-08-21T23:47:33Z</time>
        <extensions>
          <gpxtpx:TrackPointExtension>
            <gpxtpx:hr>169</gpxtpx:hr>
          </gpxtpx:TrackPointExtension>
        </extensions>
      </trkpt>
      <trkpt lat="32.06019826560846" lon="118.59671919595439">
        <ele>27.6</ele>
        <time>2026-08-21T23:47:34Z</time>
        <extensions>
          <gpxtpx:TrackPointExtension>
            <gpxtpx:hr>169</gpxtpx:hr>
          </gpxtpx:TrackPointExtension>
        </extensions>
      </trkpt>
      <trkpt lat="32.060185258593876" lon="118.59674219444494">
        <ele>27.6</ele>
        <time>2026-08-21T23:47:35Z</time>
        <extensions>
          <gpxtpx:TrackPointExtension>
            <gpxtpx:hr>169</gpxtpx:hr>
          </gpxtpx:TrackPointExtension>
        </extensions>
      </trkpt>
      <trkpt lat="32.060169249985165" lon="118.59677019258622">
        <ele>27.6</ele>
        <time>2026-08-21T23:47:36Z</time>
        <extensions>
          <gpxtpx:TrackPointExtension>
            <gpxtpx:hr>169</gpxtpx:hr>
          </gpxtpx:TrackPointExtension>
        </extensions>
      </trkpt>
      <trkpt lat="32.06015524251622" lon="118.59679419098663">
        <ele>27.5</ele>
        <time>2026-08-21T23:47:37Z</time>
        <extensions>
          <gpxtpx:TrackPointExtension>
            <gpxtpx:hr>169</gpxtpx:hr>
          </gpxtpx:TrackPointExtension>
        </extensions>
      </trkpt>
      <trkpt lat="32.06014223524353" lon="118.5968181892673">
        <ele>27.5</ele>
        <time>2026-08-21T23:47:38Z</time>
        <extensions>
          <gpxtpx:TrackPointExtension>
            <gpxtpx:hr>169</gpxtpx:hr>
          </gpxtpx:TrackPointExtension>
        </extensions>
      </trkpt>
      <trkpt lat="32.060129227761195" lon="118.59684318739599">
        <ele>27.5</ele>
        <time>2026-08-21T23:47:39Z</time>
        <extensions>
          <gpxtpx:TrackPointExtension>
            <gpxtpx:hr>169</gpxtpx:hr>
          </gpxtpx:TrackPointExtension>
        </extensions>
      </trkpt>
      <trkpt lat="32.0601172201011" lon="118.59687018515505">
        <ele>27.5</ele>
        <time>2026-08-21T23:47:40Z</time>
        <extensions>
          <gpxtpx:TrackPointExtension>
            <gpxtpx:hr>169</gpxtpx:hr>
          </gpxtpx:TrackPointExtension>
        </extensions>
      </trkpt>
      <trkpt lat="32.06010521240964" lon="118.5968971828766">
        <ele>27.5</ele>
        <time>2026-08-21T23:47:41Z</time>
        <extensions>
          <gpxtpx:TrackPointExtension>
            <gpxtpx:hr>169</gpxtpx:hr>
          </gpxtpx:TrackPointExtension>
        </extensions>
      </trkpt>
      <trkpt lat="32.06009620516176" lon="118.59692518016385">
        <ele>27.6</ele>
        <time>2026-08-21T23:47:42Z</time>
        <extensions>
          <gpxtpx:TrackPointExtension>
            <gpxtpx:hr>169</gpxtpx:hr>
          </gpxtpx:TrackPointExtension>
        </extensions>
      </trkpt>
      <trkpt lat="32.06009019835389" lon="118.59695417701249">
        <ele>27.6</ele>
        <time>2026-08-21T23:47:43Z</time>
        <extensions>
          <gpxtpx:TrackPointExtension>
            <gpxtpx:hr>169</gpxtpx:hr>
          </gpxtpx:TrackPointExtension>
        </extensions>
      </trkpt>
      <trkpt lat="32.060085192112666" lon="118.59698117398675">
        <ele>27.6</ele>
        <time>2026-08-21T23:47:44Z</time>
        <extensions>
          <gpxtpx:TrackPointExtension>
            <gpxtpx:hr>169</gpxtpx:hr>
          </gpxtpx:TrackPointExtension>
        </extensions>
      </trkpt>
      <trkpt lat="32.06008118567725" lon="118.59701017057166">
        <ele>27.6</ele>
        <time>2026-08-21T23:47:45Z</time>
        <extensions>
          <gpxtpx:TrackPointExtension>
            <gpxtpx:hr>169</gpxtpx:hr>
          </gpxtpx:TrackPointExtension>
        </extensions>
      </trkpt>
      <trkpt lat="32.06007817962009" lon="118.59703816715565">
        <ele>27.6</ele>
        <time>2026-08-21T23:47:46Z</time>
        <extensions>
          <gpxtpx:TrackPointExtension>
            <gpxtpx:hr>169</gpxtpx:hr>
          </gpxtpx:TrackPointExtension>
        </extensions>
      </trkpt>
      <trkpt lat="32.06007617355592" lon="118.59706716347537">
        <ele>27.6</ele>
        <time>2026-08-21T23:47:47Z</time>
        <extensions>
          <gpxtpx:TrackPointExtension>
            <gpxtpx:hr>170</gpxtpx:hr>
          </gpxtpx:TrackPointExtension>
        </extensions>
      </trkpt>
      <trkpt lat="32.06007316723454" lon="118.59709615984194">
        <ele>27.6</ele>
        <time>2026-08-21T23:47:48Z</time>
        <extensions>
          <gpxtpx:TrackPointExtension>
            <gpxtpx:hr>170</gpxtpx:hr>
          </gpxtpx:TrackPointExtension>
        </extensions>
      </trkpt>
      <trkpt lat="32.0600721611223" lon="118.59712615584823">
        <ele>27.6</ele>
        <time>2026-08-21T23:47:49Z</time>
        <extensions>
          <gpxtpx:TrackPointExtension>
            <gpxtpx:hr>170</gpxtpx:hr>
          </gpxtpx:TrackPointExtension>
        </extensions>
      </trkpt>
      <trkpt lat="32.06007415583305" lon="118.59715515167642">
        <ele>27.6</ele>
        <time>2026-08-21T23:47:50Z</time>
        <extensions>
          <gpxtpx:TrackPointExtension>
            <gpxtpx:hr>170</gpxtpx:hr>
          </gpxtpx:TrackPointExtension>
        </extensions>
      </trkpt>
      <trkpt lat="32.060077150928315" lon="118.59718314751116">
        <ele>27.6</ele>
        <time>2026-08-21T23:47:51Z</time>
        <extensions>
          <gpxtpx:TrackPointExtension>
            <gpxtpx:hr>170</gpxtpx:hr>
          </gpxtpx:TrackPointExtension>
        </extensions>
      </trkpt>
      <trkpt lat="32.060081146211054" lon="118.59721114321555">
        <ele>27.8</ele>
        <time>2026-08-21T23:47:52Z</time>
        <extensions>
          <gpxtpx:TrackPointExtension>
            <gpxtpx:hr>170</gpxtpx:hr>
          </gpxtpx:TrackPointExtension>
        </extensions>
      </trkpt>
      <trkpt lat="32.06008514146017" lon="118.59723913887963">
        <ele>27.8</ele>
        <time>2026-08-21T23:47:53Z</time>
        <extensions>
          <gpxtpx:TrackPointExtension>
            <gpxtpx:hr>170</gpxtpx:hr>
          </gpxtpx:TrackPointExtension>
        </extensions>
      </trkpt>
      <trkpt lat="32.0600891368787" lon="118.59726613464755">
        <ele>27.8</ele>
        <time>2026-08-21T23:47:54Z</time>
        <extensions>
          <gpxtpx:TrackPointExtension>
            <gpxtpx:hr>170</gpxtpx:hr>
          </gpxtpx:TrackPointExtension>
        </extensions>
      </trkpt>
      <trkpt lat="32.060094132282885" lon="118.59729413014246">
        <ele>27.8</ele>
        <time>2026-08-21T23:47:55Z</time>
        <extensions>
          <gpxtpx:TrackPointExtension>
            <gpxtpx:hr>170</gpxtpx:hr>
          </gpxtpx:TrackPointExtension>
        </extensions>
      </trkpt>
      <trkpt lat="32.060101128301056" lon="118.59732112556388">
        <ele>27.8</ele>
        <time>2026-08-21T23:47:56Z</time>
        <extensions>
          <gpxtpx:TrackPointExtension>
            <gpxtpx:hr>170</gpxtpx:hr>
          </gpxtpx:TrackPointExtension>
        </extensions>
      </trkpt>
      <trkpt lat="32.06011012493669" lon="118.59734712091596">
        <ele>28.3</ele>
        <time>2026-08-21T23:47:57Z</time>
        <extensions>
          <gpxtpx:TrackPointExtension>
            <gpxtpx:hr>170</gpxtpx:hr>
          </gpxtpx:TrackPointExtension>
        </extensions>
      </trkpt>
      <trkpt lat="32.06011912216596" lon="118.59737011668187">
        <ele>28.3</ele>
        <time>2026-08-21T23:47:58Z</time>
        <extensions>
          <gpxtpx:TrackPointExtension>
            <gpxtpx:hr>170</gpxtpx:hr>
          </gpxtpx:TrackPointExtension>
        </extensions>
      </trkpt>
      <trkpt lat="32.06013211963133" lon="118.59739611160825">
        <ele>28.3</ele>
        <time>2026-08-21T23:47:59Z</time>
        <extensions>
          <gpxtpx:TrackPointExtension>
            <gpxtpx:hr>170</gpxtpx:hr>
          </gpxtpx:TrackPointExtension>
        </extensions>
      </trkpt>
      <trkpt lat="32.06014511727738" lon="118.59742110665199">
        <ele>28.3</ele>
        <time>2026-08-21T23:48:00Z</time>
        <extensions>
          <gpxtpx:TrackPointExtension>
            <gpxtpx:hr>170</gpxtpx:hr>
          </gpxtpx:TrackPointExtension>
        </extensions>
      </trkpt>
      <trkpt lat="32.06015911532841" lon="118.59744510172689">
        <ele>28.3</ele>
        <time>2026-08-21T23:48:01Z</time>
        <extensions>
          <gpxtpx:TrackPointExtension>
            <gpxtpx:hr>170</gpxtpx:hr>
          </gpxtpx:TrackPointExtension>
        </extensions>
      </trkpt>
      <trkpt lat="32.06017411378749" lon="118.59746809683664">
        <ele>28.7</ele>
        <time>2026-08-21T23:48:02Z</time>
        <extensions>
          <gpxtpx:TrackPointExtension>
            <gpxtpx:hr>170</gpxtpx:hr>
          </gpxtpx:TrackPointExtension>
        </extensions>
      </trkpt>
      <trkpt lat="32.06018811242801" lon="118.59748909232049">
        <ele>28.7</ele>
        <time>2026-08-21T23:48:03Z</time>
        <extensions>
          <gpxtpx:TrackPointExtension>
            <gpxtpx:hr>170</gpxtpx:hr>
          </gpxtpx:TrackPointExtension>
        </extensions>
      </trkpt>
      <trkpt lat="32.06020311148412" lon="118.59750908784825">
        <ele>28.7</ele>
        <time>2026-08-21T23:48:04Z</time>
        <extensions>
          <gpxtpx:TrackPointExtension>
            <gpxtpx:hr>170</gpxtpx:hr>
          </gpxtpx:TrackPointExtension>
        </extensions>
      </trkpt>
      <trkpt lat="32.06021911117259" lon="118.59752708358047">
        <ele>28.7</ele>
        <time>2026-08-21T23:48:05Z</time>
        <extensions>
          <gpxtpx:TrackPointExtension>
            <gpxtpx:hr>170</gpxtpx:hr>
          </gpxtpx:TrackPointExtension>
        </extensions>
      </trkpt>
      <trkpt lat="32.06023611128314" lon="118.59754407936438">
        <ele>28.7</ele>
        <time>2026-08-21T23:48:06Z</time>
        <extensions>
          <gpxtpx:TrackPointExtension>
            <gpxtpx:hr>170</gpxtpx:hr>
          </gpxtpx:TrackPointExtension>
        </extensions>
      </trkpt>
      <trkpt lat="32.06025411181793" lon="118.59756007520261">
        <ele>29.6</ele>
        <time>2026-08-21T23:48:07Z</time>
        <extensions>
          <gpxtpx:TrackPointExtension>
            <gpxtpx:hr>170</gpxtpx:hr>
          </gpxtpx:TrackPointExtension>
        </extensions>
      </trkpt>
      <trkpt lat="32.060273112562726" lon="118.5975760709376">
        <ele>29.6</ele>
        <time>2026-08-21T23:48:08Z</time>
        <extensions>
          <gpxtpx:TrackPointExtension>
            <gpxtpx:hr>170</gpxtpx:hr>
          </gpxtpx:TrackPointExtension>
        </extensions>
      </trkpt>
      <trkpt lat="32.060294114172436" lon="118.59759006680086">
        <ele>29.6</ele>
        <time>2026-08-21T23:48:09Z</time>
        <extensions>
          <gpxtpx:TrackPointExtension>
            <gpxtpx:hr>170</gpxtpx:hr>
          </gpxtpx:TrackPointExtension>
        </extensions>
      </trkpt>
      <trkpt lat="32.06031811665423" lon="118.59760306254523">
        <ele>29.6</ele>
        <time>2026-08-21T23:48:10Z</time>
        <extensions>
          <gpxtpx:TrackPointExtension>
            <gpxtpx:hr>170</gpxtpx:hr>
          </gpxtpx:TrackPointExtension>
        </extensions>
      </trkpt>
      <trkpt lat="32.060342119128634" lon="118.59761605828093">
        <ele>29.6</ele>
        <time>2026-08-21T23:48:11Z</time>
        <extensions>
          <gpxtpx:TrackPointExtension>
            <gpxtpx:hr>170</gpxtpx:hr>
          </gpxtpx:TrackPointExtension>
        </extensions>
      </trkpt>
      <trkpt lat="32.06036712181666" lon="118.59762905391788">
        <ele>30.7</ele>
        <time>2026-08-21T23:48:12Z</time>
        <extensions>
          <gpxtpx:TrackPointExtension>
            <gpxtpx:hr>171</gpxtpx:hr>
          </gpxtpx:TrackPointExtension>
        </extensions>
      </trkpt>
      <trkpt lat="32.06039112405712" lon="118.59764304947285">
        <ele>30.7</ele>
        <time>2026-08-21T23:48:13Z</time>
        <extensions>
          <gpxtpx:TrackPointExtension>
            <gpxtpx:hr>171</gpxtpx:hr>
          </gpxtpx:TrackPointExtension>
        </extensions>
      </trkpt>
      <trkpt lat="32.06041412584823" lon="118.59765804494366">
        <ele>30.7</ele>
        <time>2026-08-21T23:48:14Z</time>
        <extensions>
          <gpxtpx:TrackPointExtension>
            <gpxtpx:hr>171</gpxtpx:hr>
          </gpxtpx:TrackPointExtension>
        </extensions>
      </trkpt>
      <trkpt lat="32.06043612718808" lon="118.59767404032802">
        <ele>30.7</ele>
        <time>2026-08-21T23:48:15Z</time>
        <extensions>
          <gpxtpx:TrackPointExtension>
            <gpxtpx:hr>171</gpxtpx:hr>
          </gpxtpx:TrackPointExtension>
        </extensions>
      </trkpt>
      <trkpt lat="32.06045812829566" lon="118.59769103553339">
        <ele>30.7</ele>
        <time>2026-08-21T23:48:16Z</time>
        <extensions>
          <gpxtpx:TrackPointExtension>
            <gpxtpx:hr>171</gpxtpx:hr>
          </gpxtpx:TrackPointExtension>
        </extensions>
      </trkpt>
      <trkpt lat="32.06047912872577" lon="118.59771003048041">
        <ele>31.2</ele>
        <time>2026-08-21T23:48:17Z</time>
        <extensions>
          <gpxtpx:TrackPointExtension>
            <gpxtpx:hr>154</gpxtpx:hr>
          </gpxtpx:TrackPointExtension>
        </extensions>
      </trkpt>
      <trkpt lat="32.06050012891745" lon="118.59773002524103">
        <ele>31.2</ele>
        <time>2026-08-21T23:48:18Z</time>
        <extensions>
          <gpxtpx:TrackPointExtension>
            <gpxtpx:hr>154</gpxtpx:hr>
          </gpxtpx:TrackPointExtension>
        </extensions>
      </trkpt>
      <trkpt lat="32.06052012864715" lon="118.59775101990233">
        <ele>31.2</ele>
        <time>2026-08-21T23:48:19Z</time>
        <extensions>
          <gpxtpx:TrackPointExtension>
            <gpxtpx:hr>154</gpxtpx:hr>
          </gpxtpx:TrackPointExtension>
        </extensions>
      </trkpt>
      <trkpt lat="32.060540127908446" lon="118.59777401420084">
        <ele>31.2</ele>
        <time>2026-08-21T23:48:20Z</time>
        <extensions>
          <gpxtpx:TrackPointExtension>
            <gpxtpx:hr>154</gpxtpx:hr>
          </gpxtpx:TrackPointExtension>
        </extensions>
      </trkpt>
      <trkpt lat="32.060557127161154" lon="118.59779400925625">
        <ele>31.2</ele>
        <time>2026-08-21T23:48:21Z</time>
        <extensions>
          <gpxtpx:TrackPointExtension>
            <gpxtpx:hr>154</gpxtpx:hr>
          </gpxtpx:TrackPointExtension>
        </extensions>
      </trkpt>
      <trkpt lat="32.06057512707052" lon="118.59781200454536">
        <ele>32.1</ele>
        <time>2026-08-21T23:48:22Z</time>
        <extensions>
          <gpxtpx:TrackPointExtension>
            <gpxtpx:hr>155</gpxtpx:hr>
          </gpxtpx:TrackPointExtension>
        </extensions>
      </trkpt>
      <trkpt lat="32.06059412809519" lon="118.59782600041946">
        <ele>32.1</ele>
        <time>2026-08-21T23:48:23Z</time>
        <extensions>
          <gpxtpx:TrackPointExtension>
            <gpxtpx:hr>155</gpxtpx:hr>
          </gpxtpx:TrackPointExtension>
        </extensions>
      </trkpt>
      <trkpt lat="32.0606141313789" lon="118.5978309977531">
        <ele>32.1</ele>
        <time>2026-08-21T23:48:24Z</time>
        <extensions>
          <gpxtpx:TrackPointExtension>
            <gpxtpx:hr>155</gpxtpx:hr>
          </gpxtpx:TrackPointExtension>
        </extensions>
      </trkpt>
      <trkpt lat="32.06063413602513" lon="118.59782999612449">
        <ele>32.1</ele>
        <time>2026-08-21T23:48:25Z</time>
        <extensions>
          <gpxtpx:TrackPointExtension>
            <gpxtpx:hr>155</gpxtpx:hr>
          </gpxtpx:TrackPointExtension>
        </extensions>
      </trkpt>
      <trkpt lat="32.06065314181219" lon="118.59782299562276">
        <ele>32.1</ele>
        <time>2026-08-21T23:48:26Z</time>
        <extensions>
          <gpxtpx:TrackPointExtension>
            <gpxtpx:hr>155</gpxtpx:hr>
          </gpxtpx:TrackPointExtension>
        </extensions>
      </trkpt>
      <trkpt lat="32.060673148044536" lon="118.5978149952007">
        <ele>32.9</ele>
        <time>2026-08-21T23:48:27Z</time>
        <extensions>
          <gpxtpx:TrackPointExtension>
            <gpxtpx:hr>155</gpxtpx:hr>
          </gpxtpx:TrackPointExtension>
        </extensions>
      </trkpt>
      <trkpt lat="32.06069315427403" lon="118.59780699477538">
        <ele>32.9</ele>
        <time>2026-08-21T23:48:28Z</time>
        <extensions>
          <gpxtpx:TrackPointExtension>
            <gpxtpx:hr>155</gpxtpx:hr>
          </gpxtpx:TrackPointExtension>
        </extensions>
      </trkpt>
      <trkpt lat="32.06071516071666" lon="118.59779999399515">
        <ele>32.9</ele>
        <time>2026-08-21T23:48:29Z</time>
        <extensions>
          <gpxtpx:TrackPointExtension>
            <gpxtpx:hr>155</gpxtpx:hr>
          </gpxtpx:TrackPointExtension>
        </extensions>
      </trkpt>
      <trkpt lat="32.060738167152394" lon="118.5977939929512">
        <ele>32.9</ele>
        <time>2026-08-21T23:48:30Z</time>
        <extensions>
          <gpxtpx:TrackPointExtension>
            <gpxtpx:hr>155</gpxtpx:hr>
          </gpxtpx:TrackPointExtension>
        </extensions>
      </trkpt>
      <trkpt lat="32.060762173581956" lon="118.5977889916444">
        <ele>32.9</ele>
        <time>2026-08-21T23:48:31Z</time>
        <extensions>
          <gpxtpx:TrackPointExtension>
            <gpxtpx:hr>155</gpxtpx:hr>
          </gpxtpx:TrackPointExtension>
        </extensions>
      </trkpt>
      <trkpt lat="32.060781178680536" lon="118.59778499061608">
        <ele>34.4</ele>
        <time>2026-08-21T23:48:32Z</time>
        <extensions>
          <gpxtpx:TrackPointExtension>
            <gpxtpx:hr>158</gpxtpx:hr>
          </gpxtpx:TrackPointExtension>
        </extensions>
      </trkpt>
      <trkpt lat="32.06083719285142" lon="118.59777698693544">
        <ele>34.4</ele>
        <time>2026-08-21T23:48:33Z</time>
        <extensions>
          <gpxtpx:TrackPointExtension>
            <gpxtpx:hr>158</gpxtpx:hr>
          </gpxtpx:TrackPointExtension>
        </extensions>
      </trkpt>
      <trkpt lat="32.06090520944458" lon="118.59776998200059">
        <ele>36.1</ele>
        <time>2026-08-21T23:49:05Z</time>
        <extensions>
          <gpxtpx:TrackPointExtension>
            <gpxtpx:hr>166</gpxtpx:hr>
          </gpxtpx:TrackPointExtension>
        </extensions>
      </trkpt>
      <trkpt lat="32.06094121806936" lon="118.59776697926718">
        <ele>36.1</ele>
        <time>2026-08-21T23:49:06Z</time>
        <extensions>
          <gpxtpx:TrackPointExtension>
            <gpxtpx:hr>166</gpxtpx:hr>
          </gpxtpx:TrackPointExtension>
        </extensions>
      </trkpt>
      <trkpt lat="32.06096522359439" lon="118.59776597727492">
        <ele>36.2</ele>
        <time>2026-08-21T23:49:07Z</time>
        <extensions>
          <gpxtpx:TrackPointExtension>
            <gpxtpx:hr>167</gpxtpx:hr>
          </gpxtpx:TrackPointExtension>
        </extensions>
      </trkpt>
      <trkpt lat="32.06099022956442" lon="118.59776397536218">
        <ele>36.2</ele>
        <time>2026-08-21T23:49:08Z</time>
        <extensions>
          <gpxtpx:TrackPointExtension>
            <gpxtpx:hr>167</gpxtpx:hr>
          </gpxtpx:TrackPointExtension>
        </extensions>
      </trkpt>
      <trkpt lat="32.061014235537485" lon="118.59776097370884">
        <ele>36.2</ele>
        <time>2026-08-21T23:49:09Z</time>
        <extensions>
          <gpxtpx:TrackPointExtension>
            <gpxtpx:hr>167</gpxtpx:hr>
          </gpxtpx:TrackPointExtension>
        </extensions>
      </trkpt>
      <trkpt lat="32.06103624084423" lon="118.59775897206585">
        <ele>36.2</ele>
        <time>2026-08-21T23:49:10Z</time>
        <extensions>
          <gpxtpx:TrackPointExtension>
            <gpxtpx:hr>167</gpxtpx:hr>
          </gpxtpx:TrackPointExtension>
        </extensions>
      </trkpt>
      <trkpt lat="32.06106224748197" lon="118.59775497040077">
        <ele>36.2</ele>
        <time>2026-08-21T23:49:11Z</time>
        <extensions>
          <gpxtpx:TrackPointExtension>
            <gpxtpx:hr>167</gpxtpx:hr>
          </gpxtpx:TrackPointExtension>
        </extensions>
      </trkpt>
      <trkpt lat="32.06109025500794" lon="118.59774896889253">
        <ele>36.0</ele>
        <time>2026-08-21T23:49:12Z</time>
        <extensions>
          <gpxtpx:TrackPointExtension>
            <gpxtpx:hr>168</gpxtpx:hr>
          </gpxtpx:TrackPointExtension>
        </extensions>
      </trkpt>
      <trkpt lat="32.061116262313945" lon="118.59774196773115">
        <ele>36.0</ele>
        <time>2026-08-21T23:49:13Z</time>
        <extensions>
          <gpxtpx:TrackPointExtension>
            <gpxtpx:hr>168</gpxtpx:hr>
          </gpxtpx:TrackPointExtension>
        </extensions>
      </trkpt>
      <trkpt lat="32.06113926873213" lon="118.59773596666935">
        <ele>36.0</ele>
        <time>2026-08-21T23:49:14Z</time>
        <extensions>
          <gpxtpx:TrackPointExtension>
            <gpxtpx:hr>168</gpxtpx:hr>
          </gpxtpx:TrackPointExtension>
        </extensions>
      </trkpt>
      <trkpt lat="32.06116627647749" lon="118.59772796558104">
        <ele>36.0</ele>
        <time>2026-08-21T23:49:15Z</time>
        <extensions>
          <gpxtpx:TrackPointExtension>
            <gpxtpx:hr>168</gpxtpx:hr>
          </gpxtpx:TrackPointExtension>
        </extensions>
      </trkpt>
      <trkpt lat="32.06119228399911" lon="118.59771996457954">
        <ele>36.0</ele>
        <time>2026-08-21T23:49:16Z</time>
        <extensions>
          <gpxtpx:TrackPointExtension>
            <gpxtpx:hr>168</gpxtpx:hr>
          </gpxtpx:TrackPointExtension>
        </extensions>
      </trkpt>
      <trkpt lat="32.06121328996958" lon="118.59771396369113">
        <ele>35.6</ele>
        <time>2026-08-21T23:49:17Z</time>
        <extensions>
          <gpxtpx:TrackPointExtension>
            <gpxtpx:hr>168</gpxtpx:hr>
          </gpxtpx:TrackPointExtension>
        </extensions>
      </trkpt>
      <trkpt lat="32.061235296824805" lon="118.59770496321089">
        <ele>35.6</ele>
        <time>2026-08-21T23:49:18Z</time>
        <extensions>
          <gpxtpx:TrackPointExtension>
            <gpxtpx:hr>168</gpxtpx:hr>
          </gpxtpx:TrackPointExtension>
        </extensions>
      </trkpt>
      <trkpt lat="32.06125430301411" lon="118.59769596299674">
        <ele>35.6</ele>
        <time>2026-08-21T23:49:19Z</time>
        <extensions>
          <gpxtpx:TrackPointExtension>
            <gpxtpx:hr>168</gpxtpx:hr>
          </gpxtpx:TrackPointExtension>
        </extensions>
      </trkpt>
      <trkpt lat="32.06127631030415" lon="118.59768496283945">
        <ele>35.6</ele>
        <time>2026-08-21T23:49:20Z</time>
        <extensions>
          <gpxtpx:TrackPointExtension>
            <gpxtpx:hr>168</gpxtpx:hr>
          </gpxtpx:TrackPointExtension>
        </extensions>
      </trkpt>
      <trkpt lat="32.06130131847162" lon="118.59767296257073">
        <ele>35.6</ele>
        <time>2026-08-21T23:49:21Z</time>
        <extensions>
          <gpxtpx:TrackPointExtension>
            <gpxtpx:hr>168</gpxtpx:hr>
          </gpxtpx:TrackPointExtension>
        </extensions>
      </trkpt>
      <trkpt lat="32.061326326632745" lon="118.59766096229463">
        <ele>35.5</ele>
        <time>2026-08-21T23:49:22Z</time>
        <extensions>
          <gpxtpx:TrackPointExtension>
            <gpxtpx:hr>169</gpxtpx:hr>
          </gpxtpx:TrackPointExtension>
        </extensions>
      </trkpt>
      <trkpt lat="32.06134933456544" lon="118.59764796235504">
        <ele>35.5</ele>
        <time>2026-08-21T23:49:23Z</time>
        <extensions>
          <gpxtpx:TrackPointExtension>
            <gpxtpx:hr>169</gpxtpx:hr>
          </gpxtpx:TrackPointExtension>
        </extensions>
      </trkpt>
      <trkpt lat="32.06137334314906" lon="118.59763296264263">
        <ele>35.5</ele>
        <time>2026-08-21T23:49:24Z</time>
        <extensions>
          <gpxtpx:TrackPointExtension>
            <gpxtpx:hr>169</gpxtpx:hr>
          </gpxtpx:TrackPointExtension>
        </extensions>
      </trkpt>
      <trkpt lat="32.06139635172022" lon="118.59761696317094">
        <ele>35.5</ele>
        <time>2026-08-21T23:49:25Z</time>
        <extensions>
          <gpxtpx:TrackPointExtension>
            <gpxtpx:hr>169</gpxtpx:hr>
          </gpxtpx:TrackPointExtension>
        </extensions>
      </trkpt>
      <trkpt lat="32.06141836005956" lon="118.59760096377619">
        <ele>35.5</ele>
        <time>2026-08-21T23:49:26Z</time>
        <extensions>
          <gpxtpx:TrackPointExtension>
            <gpxtpx:hr>169</gpxtpx:hr>
          </gpxtpx:TrackPointExtension>
        </extensions>
      </trkpt>
      <trkpt lat="32.06144136839182" lon="118.59758596411777">
        <ele>35.4</ele>
        <time>2026-08-21T23:49:27Z</time>
        <extensions>
          <gpxtpx:TrackPointExtension>
            <gpxtpx:hr>170</gpxtpx:hr>
          </gpxtpx:TrackPointExtension>
        </extensions>
      </trkpt>
      <trkpt lat="32.061463376493585" lon="118.59757096453787">
        <ele>35.4</ele>
        <time>2026-08-21T23:49:28Z</time>
        <extensions>
          <gpxtpx:TrackPointExtension>
            <gpxtpx:hr>170</gpxtpx:hr>
          </gpxtpx:TrackPointExtension>
        </extensions>
      </trkpt>
      <trkpt lat="32.061484384149416" lon="118.59755696487751">
        <ele>35.4</ele>
        <time>2026-08-21T23:49:29Z</time>
        <extensions>
          <gpxtpx:TrackPointExtension>
            <gpxtpx:hr>170</gpxtpx:hr>
          </gpxtpx:TrackPointExtension>
        </extensions>
      </trkpt>
      <trkpt lat="32.06150739245299" lon="118.59754196518524">
        <ele>35.4</ele>
        <time>2026-08-21T23:49:30Z</time>
        <extensions>
          <gpxtpx:TrackPointExtension>
            <gpxtpx:hr>170</gpxtpx:hr>
          </gpxtpx:TrackPointExtension>
        </extensions>
      </trkpt>
      <trkpt lat="32.061530400960955" lon="118.5975259656389">
        <ele>35.4</ele>
        <time>2026-08-21T23:49:31Z</time>
        <extensions>
          <gpxtpx:TrackPointExtension>
            <gpxtpx:hr>170</gpxtpx:hr>
          </gpxtpx:TrackPointExtension>
        </extensions>
      </trkpt>
      <trkpt lat="32.061552409450584" lon="118.59750896632609">
        <ele>35.7</ele>
        <time>2026-08-21T23:49:32Z</time>
        <extensions>
          <gpxtpx:TrackPointExtension>
            <gpxtpx:hr>171</gpxtpx:hr>
          </gpxtpx:TrackPointExtension>
        </extensions>
      </trkpt>
      <trkpt lat="32.06157441814038" lon="118.59749096715414">
        <ele>35.7</ele>
        <time>2026-08-21T23:49:33Z</time>
        <extensions>
          <gpxtpx:TrackPointExtension>
            <gpxtpx:hr>171</gpxtpx:hr>
          </gpxtpx:TrackPointExtension>
        </extensions>
      </trkpt>
      <trkpt lat="32.061596427239856" lon="118.5974709682749">
        <ele>35.7</ele>
        <time>2026-08-21T23:49:34Z</time>
        <extensions>
          <gpxtpx:TrackPointExtension>
            <gpxtpx:hr>171</gpxtpx:hr>
          </gpxtpx:TrackPointExtension>
        </extensions>
      </trkpt>
      <trkpt lat="32.06161943654273" lon="118.59745096928506">
        <ele>35.7</ele>
        <time>2026-08-21T23:49:35Z</time>
        <extensions>
          <gpxtpx:TrackPointExtension>
            <gpxtpx:hr>171</gpxtpx:hr>
          </gpxtpx:TrackPointExtension>
        </extensions>
      </trkpt>
      <trkpt lat="32.061641445607655" lon="118.59743097036478">
        <ele>35.7</ele>
        <time>2026-08-21T23:49:36Z</time>
        <extensions>
          <gpxtpx:TrackPointExtension>
            <gpxtpx:hr>171</gpxtpx:hr>
          </gpxtpx:TrackPointExtension>
        </extensions>
      </trkpt>
      <trkpt lat="32.06166845659516" lon="118.59740697157932">
        <ele>35.9</ele>
        <time>2026-08-21T23:49:37Z</time>
        <extensions>
          <gpxtpx:TrackPointExtension>
            <gpxtpx:hr>171</gpxtpx:hr>
          </gpxtpx:TrackPointExtension>
        </extensions>
      </trkpt>
      <trkpt lat="32.06169146605091" lon="118.59738597267408">
        <ele>35.9</ele>
        <time>2026-08-21T23:49:38Z</time>
        <extensions>
          <gpxtpx:TrackPointExtension>
            <gpxtpx:hr>171</gpxtpx:hr>
          </gpxtpx:TrackPointExtension>
        </extensions>
      </trkpt>
      <trkpt lat="32.06171647592889" lon="118.59736497356602">
        <ele>35.9</ele>
        <time>2026-08-21T23:49:39Z</time>
        <extensions>
          <gpxtpx:TrackPointExtension>
            <gpxtpx:hr>171</gpxtpx:hr>
          </gpxtpx:TrackPointExtension>
        </extensions>
      </trkpt>
      <trkpt lat="32.061741485168504" lon="118.5973469739908">
        <ele>35.9</ele>
        <time>2026-08-21T23:49:40Z</time>
        <extensions>
          <gpxtpx:TrackPointExtension>
            <gpxtpx:hr>171</gpxtpx:hr>
          </gpxtpx:TrackPointExtension>
        </extensions>
      </trkpt>
      <trkpt lat="32.0617644939528" lon="118.59732897457911">
        <ele>35.9</ele>
        <time>2026-08-21T23:49:41Z</time>
        <extensions>
          <gpxtpx:TrackPointExtension>
            <gpxtpx:hr>171</gpxtpx:hr>
          </gpxtpx:TrackPointExtension>
        </extensions>
      </trkpt>
      <trkpt lat="32.06178650229748" lon="118.59731197509446">
        <ele>36.2</ele>
        <time>2026-08-21T23:49:42Z</time>
        <extensions>
          <gpxtpx:TrackPointExtension>
            <gpxtpx:hr>173</gpxtpx:hr>
          </gpxtpx:TrackPointExtension>
        </extensions>
      </trkpt>
      <trkpt lat="32.06180851062963" lon="118.59729497559495">
        <ele>36.2</ele>
        <time>2026-08-21T23:49:43Z</time>
        <extensions>
          <gpxtpx:TrackPointExtension>
            <gpxtpx:hr>173</gpxtpx:hr>
          </gpxtpx:TrackPointExtension>
        </extensions>
      </trkpt>
      <trkpt lat="32.061831518762695" lon="118.59727997570097">
        <ele>36.2</ele>
        <time>2026-08-21T23:49:44Z</time>
        <extensions>
          <gpxtpx:TrackPointExtension>
            <gpxtpx:hr>173</gpxtpx:hr>
          </gpxtpx:TrackPointExtension>
        </extensions>
      </trkpt>
      <trkpt lat="32.061857526735494" lon="118.5972689749486">
        <ele>36.2</ele>
        <time>2026-08-21T23:49:45Z</time>
        <extensions>
          <gpxtpx:TrackPointExtension>
            <gpxtpx:hr>173</gpxtpx:hr>
          </gpxtpx:TrackPointExtension>
        </extensions>
      </trkpt>
      <trkpt lat="32.06188453431526" lon="118.59726097366865">
        <ele>36.2</ele>
        <time>2026-08-21T23:49:46Z</time>
        <extensions>
          <gpxtpx:TrackPointExtension>
            <gpxtpx:hr>173</gpxtpx:hr>
          </gpxtpx:TrackPointExtension>
        </extensions>
      </trkpt>
      <trkpt lat="32.06191254211265" lon="118.59725297229531">
        <ele>36.5</ele>
        <time>2026-08-21T23:49:47Z</time>
        <extensions>
          <gpxtpx:TrackPointExtension>
            <gpxtpx:hr>173</gpxtpx:hr>
          </gpxtpx:TrackPointExtension>
        </extensions>
      </trkpt>
      <trkpt lat="32.06194755145105" lon="118.59724497028809">
        <ele>36.5</ele>
        <time>2026-08-21T23:49:48Z</time>
        <extensions>
          <gpxtpx:TrackPointExtension>
            <gpxtpx:hr>173</gpxtpx:hr>
          </gpxtpx:TrackPointExtension>
        </extensions>
      </trkpt>
      <trkpt lat="32.06198456122746" lon="118.5972369680974">
        <ele>36.5</ele>
        <time>2026-08-21T23:49:49Z</time>
        <extensions>
          <gpxtpx:TrackPointExtension>
            <gpxtpx:hr>173</gpxtpx:hr>
          </gpxtpx:TrackPointExtension>
        </extensions>
      </trkpt>
      <trkpt lat="32.06201556947599" lon="118.5972299663017">
        <ele>36.5</ele>
        <time>2026-08-21T23:49:50Z</time>
        <extensions>
          <gpxtpx:TrackPointExtension>
            <gpxtpx:hr>173</gpxtpx:hr>
          </gpxtpx:TrackPointExtension>
        </extensions>
      </trkpt>
      <trkpt lat="32.06203857535409" lon="118.5972259647983">
        <ele>36.5</ele>
        <time>2026-08-21T23:49:51Z</time>
        <extensions>
          <gpxtpx:TrackPointExtension>
            <gpxtpx:hr>173</gpxtpx:hr>
          </gpxtpx:TrackPointExtension>
        </extensions>
      </trkpt>
      <trkpt lat="32.06205657992751" lon="118.59722296360263">
        <ele>36.6</ele>
        <time>2026-08-21T23:49:52Z</time>
        <extensions>
          <gpxtpx:TrackPointExtension>
            <gpxtpx:hr>173</gpxtpx:hr>
          </gpxtpx:TrackPointExtension>
        </extensions>
      </trkpt>
      <trkpt lat="32.062080586024656" lon="118.5972189620077">
        <ele>36.6</ele>
        <time>2026-08-21T23:49:53Z</time>
        <extensions>
          <gpxtpx:TrackPointExtension>
            <gpxtpx:hr>173</gpxtpx:hr>
          </gpxtpx:TrackPointExtension>
        </extensions>
      </trkpt>
      <trkpt lat="32.06211059364488" lon="118.59721396001288">
        <ele>36.6</ele>
        <time>2026-08-21T23:49:54Z</time>
        <extensions>
          <gpxtpx:TrackPointExtension>
            <gpxtpx:hr>173</gpxtpx:hr>
          </gpxtpx:TrackPointExtension>
        </extensions>
      </trkpt>
      <trkpt lat="32.06214160168484" lon="118.59720795806781">
        <ele>36.6</ele>
        <time>2026-08-21T23:49:55Z</time>
        <extensions>
          <gpxtpx:TrackPointExtension>
            <gpxtpx:hr>173</gpxtpx:hr>
          </gpxtpx:TrackPointExtension>
        </extensions>
      </trkpt>
      <trkpt lat="32.062172609522676" lon="118.59720295598008">
        <ele>36.6</ele>
        <time>2026-08-21T23:49:56Z</time>
        <extensions>
          <gpxtpx:TrackPointExtension>
            <gpxtpx:hr>173</gpxtpx:hr>
          </gpxtpx:TrackPointExtension>
        </extensions>
      </trkpt>
      <trkpt lat="32.06220361755924" lon="118.59719695403162">
        <ele>36.9</ele>
        <time>2026-08-21T23:49:57Z</time>
        <extensions>
          <gpxtpx:TrackPointExtension>
            <gpxtpx:hr>173</gpxtpx:hr>
          </gpxtpx:TrackPointExtension>
        </extensions>
      </trkpt>
      <trkpt lat="32.062231624732696" lon="118.5971919522113">
        <ele>36.9</ele>
        <time>2026-08-21T23:49:58Z</time>
        <extensions>
          <gpxtpx:TrackPointExtension>
            <gpxtpx:hr>173</gpxtpx:hr>
          </gpxtpx:TrackPointExtension>
        </extensions>
      </trkpt>
      <trkpt lat="32.06225363018264" lon="118.59718895065004">
        <ele>36.9</ele>
        <time>2026-08-21T23:49:59Z</time>
        <extensions>
          <gpxtpx:TrackPointExtension>
            <gpxtpx:hr>173</gpxtpx:hr>
          </gpxtpx:TrackPointExtension>
        </extensions>
      </trkpt>
      <trkpt lat="32.062278636892046" lon="118.59718294923778">
        <ele>36.9</ele>
        <time>2026-08-21T23:50:00Z</time>
        <extensions>
          <gpxtpx:TrackPointExtension>
            <gpxtpx:hr>173</gpxtpx:hr>
          </gpxtpx:TrackPointExtension>
        </extensions>
      </trkpt>
      <trkpt lat="32.062304643620955" lon="118.59717794759403">
        <ele>36.9</ele>
        <time>2026-08-21T23:50:01Z</time>
        <extensions>
          <gpxtpx:TrackPointExtension>
            <gpxtpx:hr>173</gpxtpx:hr>
          </gpxtpx:TrackPointExtension>
        </extensions>
      </trkpt>
      <trkpt lat="32.06233365120897" lon="118.59717194581803">
        <ele>37.2</ele>
        <time>2026-08-21T23:50:02Z</time>
        <extensions>
          <gpxtpx:TrackPointExtension>
            <gpxtpx:hr>173</gpxtpx:hr>
          </gpxtpx:TrackPointExtension>
        </extensions>
      </trkpt>
      <trkpt lat="32.06236265919257" lon="118.59716394431801">
        <ele>37.2</ele>
        <time>2026-08-21T23:50:03Z</time>
        <extensions>
          <gpxtpx:TrackPointExtension>
            <gpxtpx:hr>173</gpxtpx:hr>
          </gpxtpx:TrackPointExtension>
        </extensions>
      </trkpt>
      <trkpt lat="32.06239266719529" lon="118.59715694258611">
        <ele>37.2</ele>
        <time>2026-08-21T23:50:04Z</time>
        <extensions>
          <gpxtpx:TrackPointExtension>
            <gpxtpx:hr>173</gpxtpx:hr>
          </gpxtpx:TrackPointExtension>
        </extensions>
      </trkpt>
      <trkpt lat="32.06241967473239" lon="118.59714894126009">
        <ele>37.2</ele>
        <time>2026-08-21T23:50:05Z</time>
        <extensions>
          <gpxtpx:TrackPointExtension>
            <gpxtpx:hr>173</gpxtpx:hr>
          </gpxtpx:TrackPointExtension>
        </extensions>
      </trkpt>
      <trkpt lat="32.06243968032816" lon="118.59714294028592">
        <ele>37.2</ele>
        <time>2026-08-21T23:50:06Z</time>
        <extensions>
          <gpxtpx:TrackPointExtension>
            <gpxtpx:hr>173</gpxtpx:hr>
          </gpxtpx:TrackPointExtension>
        </extensions>
      </trkpt>
      <trkpt lat="32.06246568763966" lon="118.59713493904421">
        <ele>37.4</ele>
        <time>2026-08-21T23:50:07Z</time>
        <extensions>
          <gpxtpx:TrackPointExtension>
            <gpxtpx:hr>172</gpxtpx:hr>
          </gpxtpx:TrackPointExtension>
        </extensions>
      </trkpt>
      <trkpt lat="32.062491695342246" lon="118.59712493807304">
        <ele>37.4</ele>
        <time>2026-08-21T23:50:08Z</time>
        <extensions>
          <gpxtpx:TrackPointExtension>
            <gpxtpx:hr>172</gpxtpx:hr>
          </gpxtpx:TrackPointExtension>
        </extensions>
      </trkpt>
      <trkpt lat="32.06251170112811" lon="118.59711793722798">
        <ele>37.4</ele>
        <time>2026-08-21T23:50:09Z</time>
        <extensions>
          <gpxtpx:TrackPointExtension>
            <gpxtpx:hr>172</gpxtpx:hr>
          </gpxtpx:TrackPointExtension>
        </extensions>
      </trkpt>
      <trkpt lat="32.06253770882305" lon="118.59710793624805">
        <ele>37.4</ele>
        <time>2026-08-21T23:50:10Z</time>
        <extensions>
          <gpxtpx:TrackPointExtension>
            <gpxtpx:hr>172</gpxtpx:hr>
          </gpxtpx:TrackPointExtension>
        </extensions>
      </trkpt>
      <trkpt lat="32.06256471673388" lon="118.5970979351729">
        <ele>37.4</ele>
        <time>2026-08-21T23:50:11Z</time>
        <extensions>
          <gpxtpx:TrackPointExtension>
            <gpxtpx:hr>172</gpxtpx:hr>
          </gpxtpx:TrackPointExtension>
        </extensions>
      </trkpt>
      <trkpt lat="32.06259172483557" lon="118.59708693422752">
        <ele>37.6</ele>
        <time>2026-08-21T23:50:12Z</time>
        <extensions>
          <gpxtpx:TrackPointExtension>
            <gpxtpx:hr>173</gpxtpx:hr>
          </gpxtpx:TrackPointExtension>
        </extensions>
      </trkpt>
      <trkpt lat="32.0626257348641" lon="118.59707393291386">
        <ele>37.6</ele>
        <time>2026-08-21T23:50:13Z</time>
        <extensions>
          <gpxtpx:TrackPointExtension>
            <gpxtpx:hr>173</gpxtpx:hr>
          </gpxtpx:TrackPointExtension>
        </extensions>
      </trkpt>
      <trkpt lat="32.06265474358898" lon="118.59706193190837">
        <ele>37.6</ele>
        <time>2026-08-21T23:50:14Z</time>
        <extensions>
          <gpxtpx:TrackPointExtension>
            <gpxtpx:hr>173</gpxtpx:hr>
          </gpxtpx:TrackPointExtension>
        </extensions>
      </trkpt>
      <trkpt lat="32.062682752087085" lon="118.59704993098555">
        <ele>37.6</ele>
        <time>2026-08-21T23:50:15Z</time>
        <extensions>
          <gpxtpx:TrackPointExtension>
            <gpxtpx:hr>173</gpxtpx:hr>
          </gpxtpx:TrackPointExtension>
        </extensions>
      </trkpt>
      <trkpt lat="32.062710760578774" lon="118.59703793005532">
        <ele>37.6</ele>
        <time>2026-08-21T23:50:16Z</time>
        <extensions>
          <gpxtpx:TrackPointExtension>
            <gpxtpx:hr>173</gpxtpx:hr>
          </gpxtpx:TrackPointExtension>
        </extensions>
      </trkpt>
      <trkpt lat="32.06273776865097" lon="118.597026929076">
        <ele>37.6</ele>
        <time>2026-08-21T23:50:17Z</time>
        <extensions>
          <gpxtpx:TrackPointExtension>
            <gpxtpx:hr>172</gpxtpx:hr>
          </gpxtpx:TrackPointExtension>
        </extensions>
      </trkpt>
      <trkpt lat="32.06276377726627" lon="118.59701192870513">
        <ele>37.6</ele>
        <time>2026-08-21T23:50:18Z</time>
        <extensions>
          <gpxtpx:TrackPointExtension>
            <gpxtpx:hr>172</gpxtpx:hr>
          </gpxtpx:TrackPointExtension>
        </extensions>
      </trkpt>
      <trkpt lat="32.06278578632973" lon="118.59698992959365">
        <ele>37.6</ele>
        <time>2026-08-21T23:50:19Z</time>
        <extensions>
          <gpxtpx:TrackPointExtension>
            <gpxtpx:hr>172</gpxtpx:hr>
          </gpxtpx:TrackPointExtension>
        </extensions>
      </trkpt>
      <trkpt lat="32.062807794801365" lon="118.5969709300707">
        <ele>37.6</ele>
        <time>2026-08-21T23:50:20Z</time>
        <extensions>
          <gpxtpx:TrackPointExtension>
            <gpxtpx:hr>172</gpxtpx:hr>
          </gpxtpx:TrackPointExtension>
        </extensions>
      </trkpt>
      <trkpt lat="32.062831803129136" lon="118.59695492996491">
        <ele>37.6</ele>
        <time>2026-08-21T23:50:21Z</time>
        <extensions>
          <gpxtpx:TrackPointExtension>
            <gpxtpx:hr>172</gpxtpx:hr>
          </gpxtpx:TrackPointExtension>
        </extensions>
      </trkpt>
      <trkpt lat="32.06285481084738" lon="118.59694092968135">
        <ele>37.6</ele>
        <time>2026-08-21T23:50:22Z</time>
        <extensions>
          <gpxtpx:TrackPointExtension>
            <gpxtpx:hr>172</gpxtpx:hr>
          </gpxtpx:TrackPointExtension>
        </extensions>
      </trkpt>
      <trkpt lat="32.0628768185252" lon="118.59692592960444">
        <ele>37.6</ele>
        <time>2026-08-21T23:50:23Z</time>
        <extensions>
          <gpxtpx:TrackPointExtension>
            <gpxtpx:hr>172</gpxtpx:hr>
          </gpxtpx:TrackPointExtension>
        </extensions>
      </trkpt>
      <trkpt lat="32.06290282763752" lon="118.5969079295329">
        <ele>37.6</ele>
        <time>2026-08-21T23:50:24Z</time>
        <extensions>
          <gpxtpx:TrackPointExtension>
            <gpxtpx:hr>172</gpxtpx:hr>
          </gpxtpx:TrackPointExtension>
        </extensions>
      </trkpt>
      <trkpt lat="32.06292583607489" lon="118.59688992971495">
        <ele>37.6</ele>
        <time>2026-08-21T23:50:25Z</time>
        <extensions>
          <gpxtpx:TrackPointExtension>
            <gpxtpx:hr>172</gpxtpx:hr>
          </gpxtpx:TrackPointExtension>
        </extensions>
      </trkpt>
      <trkpt lat="32.06294584309257" lon="118.59687592965481">
        <ele>37.6</ele>
        <time>2026-08-21T23:50:26Z</time>
        <extensions>
          <gpxtpx:TrackPointExtension>
            <gpxtpx:hr>172</gpxtpx:hr>
          </gpxtpx:TrackPointExtension>
        </extensions>
      </trkpt>
      <trkpt lat="32.06296785072791" lon="118.59686092952772">
        <ele>37.6</ele>
        <time>2026-08-21T23:50:27Z</time>
        <extensions>
          <gpxtpx:TrackPointExtension>
            <gpxtpx:hr>172</gpxtpx:hr>
          </gpxtpx:TrackPointExtension>
        </extensions>
      </trkpt>
      <trkpt lat="32.06298985816842" lon="118.5968469292665">
        <ele>37.6</ele>
        <time>2026-08-21T23:50:28Z</time>
        <extensions>
          <gpxtpx:TrackPointExtension>
            <gpxtpx:hr>172</gpxtpx:hr>
          </gpxtpx:TrackPointExtension>
        </extensions>
      </trkpt>
      <trkpt lat="32.06301186560036" lon="118.59683292899521">
        <ele>37.6</ele>
        <time>2026-08-21T23:50:29Z</time>
        <extensions>
          <gpxtpx:TrackPointExtension>
            <gpxtpx:hr>172</gpxtpx:hr>
          </gpxtpx:TrackPointExtension>
        </extensions>
      </trkpt>
      <trkpt lat="32.06303287280349" lon="118.5968189288039">
        <ele>37.6</ele>
        <time>2026-08-21T23:50:30Z</time>
      </trkpt>
      <trkpt lat="32.063053880181265" lon="118.59680392872288">
        <ele>37.6</ele>
        <time>2026-08-21T23:50:31Z</time>
      </trkpt>
      <trkpt lat="32.06307488754924" lon="118.59678892863025">
        <ele>37.6</ele>
        <time>2026-08-21T23:50:32Z</time>
      </trkpt>
      <trkpt lat="32.06309489486906" lon="118.59677292873488">
        <ele>37.6</ele>
        <time>2026-08-21T23:50:33Z</time>
      </trkpt>
      <trkpt lat="32.06311990364111" lon="118.5967549286116">
        <ele>37.6</ele>
        <time>2026-08-21T23:50:34Z</time>
      </trkpt>
      <trkpt lat="32.063143911998495" lon="118.59673792844482">
        <ele>37.6</ele>
        <time>2026-08-21T23:50:35Z</time>
      </trkpt>
      <trkpt lat="32.06316892038385" lon="118.59672192805697">
        <ele>37.6</ele>
        <time>2026-08-21T23:50:36Z</time>
      </trkpt>
      <trkpt lat="32.06319492879922" lon="118.59670692745051">
        <ele>37.6</ele>
        <time>2026-08-21T23:50:37Z</time>
      </trkpt>
      <trkpt lat="32.06321993698451" lon="118.59669192692257">
        <ele>37.6</ele>
        <time>2026-08-21T23:50:38Z</time>
      </trkpt>
      <trkpt lat="32.063244944982195" lon="118.5966779262692">
        <ele>37.6</ele>
        <time>2026-08-21T23:50:39Z</time>
      </trkpt>
      <trkpt lat="32.06326795235371" lon="118.59666492567277">
        <ele>37.6</ele>
        <time>2026-08-21T23:50:40Z</time>
      </trkpt>
      <trkpt lat="32.0632909597178" lon="118.59665192506762">
        <ele>37.6</ele>
        <time>2026-08-21T23:50:41Z</time>
      </trkpt>
      <trkpt lat="32.063310966237864" lon="118.59663992461216">
        <ele>37.6</ele>
        <time>2026-08-21T23:50:42Z</time>
      </trkpt>
      <trkpt lat="32.063336974248145" lon="118.59662692371998">
        <ele>37.6</ele>
        <time>2026-08-21T23:50:43Z</time>
      </trkpt>
      <trkpt lat="32.063360981460534" lon="118.59661592277808">
        <ele>37.6</ele>
        <time>2026-08-21T23:50:44Z</time>
      </trkpt>
      <trkpt lat="32.06338498866755" lon="118.59660492182994">
        <ele>37.6</ele>
        <time>2026-08-21T23:50:45Z</time>
        <extensions>
          <gpxtpx:TrackPointExtension>
            <gpxtpx:hr>172</gpxtpx:hr>
          </gpxtpx:TrackPointExtension>
        </extensions>
      </trkpt>
      <trkpt lat="32.06340999643754" lon="118.59659192100439">
        <ele>37.6</ele>
        <time>2026-08-21T23:50:46Z</time>
        <extensions>
          <gpxtpx:TrackPointExtension>
            <gpxtpx:hr>172</gpxtpx:hr>
          </gpxtpx:TrackPointExtension>
        </extensions>
      </trkpt>
      <trkpt lat="32.06343500437356" lon="118.59657792027885">
        <ele>37.6</ele>
        <time>2026-08-21T23:50:47Z</time>
        <extensions>
          <gpxtpx:TrackPointExtension>
            <gpxtpx:hr>172</gpxtpx:hr>
          </gpxtpx:TrackPointExtension>
        </extensions>
      </trkpt>
      <trkpt lat="32.063460012128076" lon="118.5965649194352">
        <ele>37.6</ele>
        <time>2026-08-21T23:50:48Z</time>
        <extensions>
          <gpxtpx:TrackPointExtension>
            <gpxtpx:hr>172</gpxtpx:hr>
          </gpxtpx:TrackPointExtension>
        </extensions>
      </trkpt>
      <trkpt lat="32.063486020267554" lon="118.59655091860006">
        <ele>37.6</ele>
        <time>2026-08-21T23:50:49Z</time>
        <extensions>
          <gpxtpx:TrackPointExtension>
            <gpxtpx:hr>172</gpxtpx:hr>
          </gpxtpx:TrackPointExtension>
        </extensions>
      </trkpt>
      <trkpt lat="32.063512028226675" lon="118.5965379176482">
        <ele>37.6</ele>
        <time>2026-08-21T23:50:50Z</time>
        <extensions>
          <gpxtpx:TrackPointExtension>
            <gpxtpx:hr>172</gpxtpx:hr>
          </gpxtpx:TrackPointExtension>
        </extensions>
      </trkpt>
      <trkpt lat="32.06353303490663" lon="118.59652591703211">
        <ele>37.6</ele>
        <time>2026-08-21T23:50:51Z</time>
        <extensions>
          <gpxtpx:TrackPointExtension>
            <gpxtpx:hr>172</gpxtpx:hr>
          </gpxtpx:TrackPointExtension>
        </extensions>
      </trkpt>
      <trkpt lat="32.06355604253237" lon="118.59651091654435">
        <ele>37.6</ele>
        <time>2026-08-21T23:50:52Z</time>
        <extensions>
          <gpxtpx:TrackPointExtension>
            <gpxtpx:hr>172</gpxtpx:hr>
          </gpxtpx:TrackPointExtension>
        </extensions>
      </trkpt>
      <trkpt lat="32.06358105058843" lon="118.59649591586478">
        <ele>37.7</ele>
        <time>2026-08-21T23:50:53Z</time>
        <extensions>
          <gpxtpx:TrackPointExtension>
            <gpxtpx:hr>172</gpxtpx:hr>
          </gpxtpx:TrackPointExtension>
        </extensions>
      </trkpt>
      <trkpt lat="32.06360805839726" lon="118.59648491457827">
        <ele>37.7</ele>
        <time>2026-08-21T23:50:54Z</time>
        <extensions>
          <gpxtpx:TrackPointExtension>
            <gpxtpx:hr>172</gpxtpx:hr>
          </gpxtpx:TrackPointExtension>
        </extensions>
      </trkpt>
      <trkpt lat="32.063631064982324" lon="118.59647591343912">
        <ele>37.7</ele>
        <time>2026-08-21T23:50:55Z</time>
        <extensions>
          <gpxtpx:TrackPointExtension>
            <gpxtpx:hr>172</gpxtpx:hr>
          </gpxtpx:TrackPointExtension>
        </extensions>
      </trkpt>
      <trkpt lat="32.0636500705148" lon="118.59646791255318">
        <ele>37.7</ele>
        <time>2026-08-21T23:50:56Z</time>
        <extensions>
          <gpxtpx:TrackPointExtension>
            <gpxtpx:hr>172</gpxtpx:hr>
          </gpxtpx:TrackPointExtension>
        </extensions>
      </trkpt>
      <trkpt lat="32.06367007626445" lon="118.59645991157385">
        <ele>37.7</ele>
        <time>2026-08-21T23:50:57Z</time>
        <extensions>
          <gpxtpx:TrackPointExtension>
            <gpxtpx:hr>172</gpxtpx:hr>
          </gpxtpx:TrackPointExtension>
        </extensions>
      </trkpt>
      <trkpt lat="32.063689082295106" lon="118.59644891098762">
        <ele>37.7</ele>
        <time>2026-08-21T23:50:58Z</time>
        <extensions>
          <gpxtpx:TrackPointExtension>
            <gpxtpx:hr>173</gpxtpx:hr>
          </gpxtpx:TrackPointExtension>
        </extensions>
      </trkpt>
      <trkpt lat="32.06370808798548" lon="118.59643991019212">
        <ele>37.7</ele>
        <time>2026-08-21T23:50:59Z</time>
        <extensions>
          <gpxtpx:TrackPointExtension>
            <gpxtpx:hr>173</gpxtpx:hr>
          </gpxtpx:TrackPointExtension>
        </extensions>
      </trkpt>
      <trkpt lat="32.06373209460529" lon="118.59643190884086">
        <ele>37.7</ele>
        <time>2026-08-21T23:51:00Z</time>
        <extensions>
          <gpxtpx:TrackPointExtension>
            <gpxtpx:hr>173</gpxtpx:hr>
          </gpxtpx:TrackPointExtension>
        </extensions>
      </trkpt>
      <trkpt lat="32.06375710127536" lon="118.59642490729541">
        <ele>37.7</ele>
        <time>2026-08-21T23:51:01Z</time>
        <extensions>
          <gpxtpx:TrackPointExtension>
            <gpxtpx:hr>173</gpxtpx:hr>
          </gpxtpx:TrackPointExtension>
        </extensions>
      </trkpt>
      <trkpt lat="32.063783108163136" lon="118.59641790565736">
        <ele>37.7</ele>
        <time>2026-08-21T23:51:02Z</time>
        <extensions>
          <gpxtpx:TrackPointExtension>
            <gpxtpx:hr>173</gpxtpx:hr>
          </gpxtpx:TrackPointExtension>
        </extensions>
      </trkpt>
      <trkpt lat="32.063807114442284" lon="118.59641190409685">
        <ele>37.7</ele>
        <time>2026-08-21T23:51:03Z</time>
        <extensions>
          <gpxtpx:TrackPointExtension>
            <gpxtpx:hr>174</gpxtpx:hr>
          </gpxtpx:TrackPointExtension>
        </extensions>
      </trkpt>
      <trkpt lat="32.063832121105754" lon="118.59640490254421">
        <ele>37.7</ele>
        <time>2026-08-21T23:51:04Z</time>
        <extensions>
          <gpxtpx:TrackPointExtension>
            <gpxtpx:hr>174</gpxtpx:hr>
          </gpxtpx:TrackPointExtension>
        </extensions>
      </trkpt>
      <trkpt lat="32.06385712760118" lon="118.59639890088958">
        <ele>37.7</ele>
        <time>2026-08-21T23:51:05Z</time>
        <extensions>
          <gpxtpx:TrackPointExtension>
            <gpxtpx:hr>174</gpxtpx:hr>
          </gpxtpx:TrackPointExtension>
        </extensions>
      </trkpt>
      <trkpt lat="32.063882134260346" lon="118.5963918993322">
        <ele>37.7</ele>
        <time>2026-08-21T23:51:06Z</time>
        <extensions>
          <gpxtpx:TrackPointExtension>
            <gpxtpx:hr>174</gpxtpx:hr>
          </gpxtpx:TrackPointExtension>
        </extensions>
      </trkpt>
      <trkpt lat="32.063907140752036" lon="118.59638589767356">
        <ele>37.7</ele>
        <time>2026-08-21T23:51:07Z</time>
        <extensions>
          <gpxtpx:TrackPointExtension>
            <gpxtpx:hr>174</gpxtpx:hr>
          </gpxtpx:TrackPointExtension>
        </extensions>
      </trkpt>
      <trkpt lat="32.06393214740691" lon="118.5963788961115">
        <ele>37.7</ele>
        <time>2026-08-21T23:51:08Z</time>
        <extensions>
          <gpxtpx:TrackPointExtension>
            <gpxtpx:hr>174</gpxtpx:hr>
          </gpxtpx:TrackPointExtension>
        </extensions>
      </trkpt>
      <trkpt lat="32.063958154114836" lon="118.59637289435872">
        <ele>37.7</ele>
        <time>2026-08-21T23:51:09Z</time>
        <extensions>
          <gpxtpx:TrackPointExtension>
            <gpxtpx:hr>174</gpxtpx:hr>
          </gpxtpx:TrackPointExtension>
        </extensions>
      </trkpt>
      <trkpt lat="32.0639831607654" lon="118.59636589279197">
        <ele>37.7</ele>
        <time>2026-08-21T23:51:10Z</time>
        <extensions>
          <gpxtpx:TrackPointExtension>
            <gpxtpx:hr>174</gpxtpx:hr>
          </gpxtpx:TrackPointExtension>
        </extensions>
      </trkpt>
      <trkpt lat="32.0640141688974" lon="118.59635789077947">
        <ele>37.7</ele>
        <time>2026-08-21T23:51:11Z</time>
        <extensions>
          <gpxtpx:TrackPointExtension>
            <gpxtpx:hr>174</gpxtpx:hr>
          </gpxtpx:TrackPointExtension>
        </extensions>
      </trkpt>
      <trkpt lat="32.06404017576297" lon="118.59635088911719">
        <ele>37.7</ele>
        <time>2026-08-21T23:51:12Z</time>
        <extensions>
          <gpxtpx:TrackPointExtension>
            <gpxtpx:hr>174</gpxtpx:hr>
          </gpxtpx:TrackPointExtension>
        </extensions>
      </trkpt>
      <trkpt lat="32.064065182242864" lon="118.59634488744584">
        <ele>37.7</ele>
        <time>2026-08-21T23:51:13Z</time>
        <extensions>
          <gpxtpx:TrackPointExtension>
            <gpxtpx:hr>174</gpxtpx:hr>
          </gpxtpx:TrackPointExtension>
        </extensions>
      </trkpt>
      <trkpt lat="32.06408918866425" lon="118.59633788595903">
        <ele>37.7</ele>
        <time>2026-08-21T23:51:14Z</time>
        <extensions>
          <gpxtpx:TrackPointExtension>
            <gpxtpx:hr>174</gpxtpx:hr>
          </gpxtpx:TrackPointExtension>
        </extensions>
      </trkpt>
      <trkpt lat="32.064113194920495" lon="118.59633188437374">
        <ele>37.7</ele>
        <time>2026-08-21T23:51:15Z</time>
        <extensions>
          <gpxtpx:TrackPointExtension>
            <gpxtpx:hr>174</gpxtpx:hr>
          </gpxtpx:TrackPointExtension>
        </extensions>
      </trkpt>
      <trkpt lat="32.0641372013376" lon="118.59632488288223">
        <ele>37.7</ele>
        <time>2026-08-21T23:51:16Z</time>
        <extensions>
          <gpxtpx:TrackPointExtension>
            <gpxtpx:hr>174</gpxtpx:hr>
          </gpxtpx:TrackPointExtension>
        </extensions>
      </trkpt>
      <trkpt lat="32.06416120775243" lon="118.59631788138819">
        <ele>37.7</ele>
        <time>2026-08-21T23:51:17Z</time>
        <extensions>
          <gpxtpx:TrackPointExtension>
            <gpxtpx:hr>174</gpxtpx:hr>
          </gpxtpx:TrackPointExtension>
        </extensions>
      </trkpt>
      <trkpt lat="32.06419121564631" lon="118.59630987944595">
        <ele>37.7</ele>
        <time>2026-08-21T23:51:18Z</time>
        <extensions>
          <gpxtpx:TrackPointExtension>
            <gpxtpx:hr>173</gpxtpx:hr>
          </gpxtpx:TrackPointExtension>
        </extensions>
      </trkpt>
      <trkpt lat="32.064218222715894" lon="118.59630287767622">
        <ele>37.7</ele>
        <time>2026-08-21T23:51:19Z</time>
        <extensions>
          <gpxtpx:TrackPointExtension>
            <gpxtpx:hr>173</gpxtpx:hr>
          </gpxtpx:TrackPointExtension>
        </extensions>
      </trkpt>
      <trkpt lat="32.06424322918204" lon="118.59629687598998">
        <ele>37.7</ele>
        <time>2026-08-21T23:51:20Z</time>
        <extensions>
          <gpxtpx:TrackPointExtension>
            <gpxtpx:hr>173</gpxtpx:hr>
          </gpxtpx:TrackPointExtension>
        </extensions>
      </trkpt>
      <trkpt lat="32.06426923602739" lon="118.59628987430561">
        <ele>37.7</ele>
        <time>2026-08-21T23:51:21Z</time>
        <extensions>
          <gpxtpx:TrackPointExtension>
            <gpxtpx:hr>173</gpxtpx:hr>
          </gpxtpx:TrackPointExtension>
        </extensions>
      </trkpt>
      <trkpt lat="32.064295242709655" lon="118.59628387252525">
        <ele>37.7</ele>
        <time>2026-08-21T23:51:22Z</time>
        <extensions>
          <gpxtpx:TrackPointExtension>
            <gpxtpx:hr>173</gpxtpx:hr>
          </gpxtpx:TrackPointExtension>
        </extensions>
      </trkpt>
      <trkpt lat="32.064321249390154" lon="118.59627787074301">
        <ele>37.7</ele>
        <time>2026-08-21T23:51:23Z</time>
        <extensions>
          <gpxtpx:TrackPointExtension>
            <gpxtpx:hr>173</gpxtpx:hr>
          </gpxtpx:TrackPointExtension>
        </extensions>
      </trkpt>
      <trkpt lat="32.06434725590861" lon="118.596272868866">
        <ele>37.7</ele>
        <time>2026-08-21T23:51:24Z</time>
        <extensions>
          <gpxtpx:TrackPointExtension>
            <gpxtpx:hr>173</gpxtpx:hr>
          </gpxtpx:TrackPointExtension>
        </extensions>
      </trkpt>
      <trkpt lat="32.06437326258585" lon="118.59626686708036">
        <ele>37.7</ele>
        <time>2026-08-21T23:51:25Z</time>
        <extensions>
          <gpxtpx:TrackPointExtension>
            <gpxtpx:hr>173</gpxtpx:hr>
          </gpxtpx:TrackPointExtension>
        </extensions>
      </trkpt>
      <trkpt lat="32.064399269101514" lon="118.59626186520049">
        <ele>37.7</ele>
        <time>2026-08-21T23:51:26Z</time>
        <extensions>
          <gpxtpx:TrackPointExtension>
            <gpxtpx:hr>173</gpxtpx:hr>
          </gpxtpx:TrackPointExtension>
        </extensions>
      </trkpt>
      <trkpt lat="32.06442627599534" lon="118.59625586332135">
        <ele>37.7</ele>
        <time>2026-08-21T23:51:27Z</time>
        <extensions>
          <gpxtpx:TrackPointExtension>
            <gpxtpx:hr>173</gpxtpx:hr>
          </gpxtpx:TrackPointExtension>
        </extensions>
      </trkpt>
      <trkpt lat="32.0644472812497" lon="118.59625186179727">
        <ele>37.9</ele>
        <time>2026-08-21T23:51:28Z</time>
        <extensions>
          <gpxtpx:TrackPointExtension>
            <gpxtpx:hr>173</gpxtpx:hr>
          </gpxtpx:TrackPointExtension>
        </extensions>
      </trkpt>
      <trkpt lat="32.06446928672306" lon="118.59624786018226">
        <ele>37.9</ele>
        <time>2026-08-21T23:51:29Z</time>
        <extensions>
          <gpxtpx:TrackPointExtension>
            <gpxtpx:hr>173</gpxtpx:hr>
          </gpxtpx:TrackPointExtension>
        </extensions>
      </trkpt>
      <trkpt lat="32.06449329279425" lon="118.59624285847767">
        <ele>37.9</ele>
        <time>2026-08-21T23:51:30Z</time>
        <extensions>
          <gpxtpx:TrackPointExtension>
            <gpxtpx:hr>173</gpxtpx:hr>
          </gpxtpx:TrackPointExtension>
        </extensions>
      </trkpt>
      <trkpt lat="32.064518299242785" lon="118.5962368567728">
        <ele>37.9</ele>
        <time>2026-08-21T23:51:31Z</time>
        <extensions>
          <gpxtpx:TrackPointExtension>
            <gpxtpx:hr>173</gpxtpx:hr>
          </gpxtpx:TrackPointExtension>
        </extensions>
      </trkpt>
      <trkpt lat="32.06454530597063" lon="118.59623185479509">
        <ele>37.9</ele>
        <time>2026-08-21T23:51:32Z</time>
        <extensions>
          <gpxtpx:TrackPointExtension>
            <gpxtpx:hr>173</gpxtpx:hr>
          </gpxtpx:TrackPointExtension>
        </extensions>
      </trkpt>
      <trkpt lat="32.06456931187946" lon="118.59622785299577">
        <ele>38.2</ele>
        <time>2026-08-21T23:51:33Z</time>
        <extensions>
          <gpxtpx:TrackPointExtension>
            <gpxtpx:hr>173</gpxtpx:hr>
          </gpxtpx:TrackPointExtension>
        </extensions>
      </trkpt>
      <trkpt lat="32.06459731835002" lon="118.5962258506543">
        <ele>38.2</ele>
        <time>2026-08-21T23:51:34Z</time>
        <extensions>
          <gpxtpx:TrackPointExtension>
            <gpxtpx:hr>173</gpxtpx:hr>
          </gpxtpx:TrackPointExtension>
        </extensions>
      </trkpt>
      <trkpt lat="32.06462132378285" lon="118.59622484858257">
        <ele>38.2</ele>
        <time>2026-08-21T23:51:35Z</time>
        <extensions>
          <gpxtpx:TrackPointExtension>
            <gpxtpx:hr>173</gpxtpx:hr>
          </gpxtpx:TrackPointExtension>
        </extensions>
      </trkpt>
      <trkpt lat="32.064645329215466" lon="118.59622384651078">
        <ele>38.2</ele>
        <time>2026-08-21T23:51:36Z</time>
        <extensions>
          <gpxtpx:TrackPointExtension>
            <gpxtpx:hr>173</gpxtpx:hr>
          </gpxtpx:TrackPointExtension>
        </extensions>
      </trkpt>
      <trkpt lat="32.06466933464787" lon="118.59622284443893">
        <ele>38.2</ele>
        <time>2026-08-21T23:51:37Z</time>
        <extensions>
          <gpxtpx:TrackPointExtension>
            <gpxtpx:hr>173</gpxtpx:hr>
          </gpxtpx:TrackPointExtension>
        </extensions>
      </trkpt>
      <trkpt lat="32.06469334008005" lon="118.59622184236702">
        <ele>38.5</ele>
        <time>2026-08-21T23:51:38Z</time>
        <extensions>
          <gpxtpx:TrackPointExtension>
            <gpxtpx:hr>173</gpxtpx:hr>
          </gpxtpx:TrackPointExtension>
        </extensions>
      </trkpt>
      <trkpt lat="32.064717345353905" lon="118.59622184020478">
        <ele>38.5</ele>
        <time>2026-08-21T23:51:39Z</time>
        <extensions>
          <gpxtpx:TrackPointExtension>
            <gpxtpx:hr>173</gpxtpx:hr>
          </gpxtpx:TrackPointExtension>
        </extensions>
      </trkpt>
      <trkpt lat="32.064741350943756" lon="118.59621983822306">
        <ele>38.5</ele>
        <time>2026-08-21T23:51:40Z</time>
        <extensions>
          <gpxtpx:TrackPointExtension>
            <gpxtpx:hr>173</gpxtpx:hr>
          </gpxtpx:TrackPointExtension>
        </extensions>
      </trkpt>
      <trkpt lat="32.06477035778981" lon="118.59621683588074">
        <ele>38.5</ele>
        <time>2026-08-21T23:51:41Z</time>
        <extensions>
          <gpxtpx:TrackPointExtension>
            <gpxtpx:hr>173</gpxtpx:hr>
          </gpxtpx:TrackPointExtension>
        </extensions>
      </trkpt>
      <trkpt lat="32.06479636429155" lon="118.59621183398795">
        <ele>38.5</ele>
        <time>2026-08-21T23:51:42Z</time>
        <extensions>
          <gpxtpx:TrackPointExtension>
            <gpxtpx:hr>173</gpxtpx:hr>
          </gpxtpx:TrackPointExtension>
        </extensions>
      </trkpt>
      <trkpt lat="32.064821370572304" lon="118.59620683218394">
        <ele>39.1</ele>
        <time>2026-08-21T23:51:43Z</time>
        <extensions>
          <gpxtpx:TrackPointExtension>
            <gpxtpx:hr>173</gpxtpx:hr>
          </gpxtpx:TrackPointExtension>
        </extensions>
      </trkpt>
      <trkpt lat="32.06485037804503" lon="118.5961998301967">
        <ele>39.1</ele>
        <time>2026-08-21T23:51:44Z</time>
        <extensions>
          <gpxtpx:TrackPointExtension>
            <gpxtpx:hr>173</gpxtpx:hr>
          </gpxtpx:TrackPointExtension>
        </extensions>
      </trkpt>
      <trkpt lat="32.0648783851388" lon="118.5961938282082">
        <ele>39.1</ele>
        <time>2026-08-21T23:51:45Z</time>
        <extensions>
          <gpxtpx:TrackPointExtension>
            <gpxtpx:hr>173</gpxtpx:hr>
          </gpxtpx:TrackPointExtension>
        </extensions>
      </trkpt>
      <trkpt lat="32.06490139113236" lon="118.59618782666831">
        <ele>39.1</ele>
        <time>2026-08-21T23:51:46Z</time>
        <extensions>
          <gpxtpx:TrackPointExtension>
            <gpxtpx:hr>173</gpxtpx:hr>
          </gpxtpx:TrackPointExtension>
        </extensions>
      </trkpt>
      <trkpt lat="32.0649243971242" lon="118.59618182512655">
        <ele>39.1</ele>
        <time>2026-08-21T23:51:47Z</time>
        <extensions>
          <gpxtpx:TrackPointExtension>
            <gpxtpx:hr>173</gpxtpx:hr>
          </gpxtpx:TrackPointExtension>
        </extensions>
      </trkpt>
      <trkpt lat="32.064951403993" lon="118.59617582322255">
        <ele>39.6</ele>
        <time>2026-08-21T23:51:48Z</time>
        <extensions>
          <gpxtpx:TrackPointExtension>
            <gpxtpx:hr>173</gpxtpx:hr>
          </gpxtpx:TrackPointExtension>
        </extensions>
      </trkpt>
      <trkpt lat="32.06497941092379" lon="118.59617082113895">
        <ele>39.6</ele>
        <time>2026-08-21T23:51:49Z</time>
        <extensions>
          <gpxtpx:TrackPointExtension>
            <gpxtpx:hr>173</gpxtpx:hr>
          </gpxtpx:TrackPointExtension>
        </extensions>
      </trkpt>
      <trkpt lat="32.065007418008946" lon="118.59616481914145">
        <ele>39.6</ele>
        <time>2026-08-21T23:51:50Z</time>
        <extensions>
          <gpxtpx:TrackPointExtension>
            <gpxtpx:hr>173</gpxtpx:hr>
          </gpxtpx:TrackPointExtension>
        </extensions>
      </trkpt>
      <trkpt lat="32.06503342480841" lon="118.5961578174093">
        <ele>39.6</ele>
        <time>2026-08-21T23:51:51Z</time>
        <extensions>
          <gpxtpx:TrackPointExtension>
            <gpxtpx:hr>173</gpxtpx:hr>
          </gpxtpx:TrackPointExtension>
        </extensions>
      </trkpt>
      <trkpt lat="32.06505843154096" lon="118.59614981585132">
        <ele>39.6</ele>
        <time>2026-08-21T23:51:52Z</time>
        <extensions>
          <gpxtpx:TrackPointExtension>
            <gpxtpx:hr>173</gpxtpx:hr>
          </gpxtpx:TrackPointExtension>
        </extensions>
      </trkpt>
      <trkpt lat="32.06508743961291" lon="118.59613881418798">
        <ele>39.9</ele>
        <time>2026-08-21T23:51:53Z</time>
        <extensions>
          <gpxtpx:TrackPointExtension>
            <gpxtpx:hr>173</gpxtpx:hr>
          </gpxtpx:TrackPointExtension>
        </extensions>
      </trkpt>
      <trkpt lat="32.06511244649267" lon="118.59612981270773">
        <ele>39.9</ele>
        <time>2026-08-21T23:51:54Z</time>
        <extensions>
          <gpxtpx:TrackPointExtension>
            <gpxtpx:hr>173</gpxtpx:hr>
          </gpxtpx:TrackPointExtension>
        </extensions>
      </trkpt>
      <trkpt lat="32.0651384537421" lon="118.59611981121826">
        <ele>39.9</ele>
        <time>2026-08-21T23:51:55Z</time>
        <extensions>
          <gpxtpx:TrackPointExtension>
            <gpxtpx:hr>173</gpxtpx:hr>
          </gpxtpx:TrackPointExtension>
        </extensions>
      </trkpt>
      <trkpt lat="32.065162460547796" lon="118.59610980990381">
        <ele>39.9</ele>
        <time>2026-08-21T23:51:56Z</time>
        <extensions>
          <gpxtpx:TrackPointExtension>
            <gpxtpx:hr>173</gpxtpx:hr>
          </gpxtpx:TrackPointExtension>
        </extensions>
      </trkpt>
      <trkpt lat="32.065187467721444" lon="118.59609880857808">
        <ele>39.9</ele>
        <time>2026-08-21T23:51:57Z</time>
        <extensions>
          <gpxtpx:TrackPointExtension>
            <gpxtpx:hr>173</gpxtpx:hr>
          </gpxtpx:TrackPointExtension>
        </extensions>
      </trkpt>
      <trkpt lat="32.06521347510927" lon="118.596087807156">
        <ele>40.1</ele>
        <time>2026-08-21T23:51:58Z</time>
        <extensions>
          <gpxtpx:TrackPointExtension>
            <gpxtpx:hr>173</gpxtpx:hr>
          </gpxtpx:TrackPointExtension>
        </extensions>
      </trkpt>
      <trkpt lat="32.065240482559346" lon="118.59607780555471">
        <ele>40.1</ele>
        <time>2026-08-21T23:51:59Z</time>
        <extensions>
          <gpxtpx:TrackPointExtension>
            <gpxtpx:hr>173</gpxtpx:hr>
          </gpxtpx:TrackPointExtension>
        </extensions>
      </trkpt>
      <trkpt lat="32.06526749000489" lon="118.59606780394826">
        <ele>40.1</ele>
        <time>2026-08-21T23:52:00Z</time>
        <extensions>
          <gpxtpx:TrackPointExtension>
            <gpxtpx:hr>173</gpxtpx:hr>
          </gpxtpx:TrackPointExtension>
        </extensions>
      </trkpt>
      <trkpt lat="32.06529349722633" lon="118.59605780242671">
        <ele>40.1</ele>
        <time>2026-08-21T23:52:01Z</time>
        <extensions>
          <gpxtpx:TrackPointExtension>
            <gpxtpx:hr>173</gpxtpx:hr>
          </gpxtpx:TrackPointExtension>
        </extensions>
      </trkpt>
      <trkpt lat="32.0653225052525" lon="118.59604680071102">
        <ele>40.1</ele>
        <time>2026-08-21T23:52:02Z</time>
        <extensions>
          <gpxtpx:TrackPointExtension>
            <gpxtpx:hr>173</gpxtpx:hr>
          </gpxtpx:TrackPointExtension>
        </extensions>
      </trkpt>
      <trkpt lat="32.06534751239501" lon="118.59603579934944">
        <ele>40.3</ele>
        <time>2026-08-21T23:52:03Z</time>
        <extensions>
          <gpxtpx:TrackPointExtension>
            <gpxtpx:hr>173</gpxtpx:hr>
          </gpxtpx:TrackPointExtension>
        </extensions>
      </trkpt>
      <trkpt lat="32.06537351960199" lon="118.59602579781134">
        <ele>40.3</ele>
        <time>2026-08-21T23:52:04Z</time>
        <extensions>
          <gpxtpx:TrackPointExtension>
            <gpxtpx:hr>173</gpxtpx:hr>
          </gpxtpx:TrackPointExtension>
        </extensions>
      </trkpt>
      <trkpt lat="32.06540052702398" lon="118.596015796178">
        <ele>40.3</ele>
        <time>2026-08-21T23:52:05Z</time>
        <extensions>
          <gpxtpx:TrackPointExtension>
            <gpxtpx:hr>173</gpxtpx:hr>
          </gpxtpx:TrackPointExtension>
        </extensions>
      </trkpt>
      <trkpt lat="32.06542453363403" lon="118.59600679473057">
        <ele>40.3</ele>
        <time>2026-08-21T23:52:06Z</time>
        <extensions>
          <gpxtpx:TrackPointExtension>
            <gpxtpx:hr>173</gpxtpx:hr>
          </gpxtpx:TrackPointExtension>
        </extensions>
      </trkpt>
      <trkpt lat="32.06544754016933" lon="118.59599679344775">
        <ele>40.3</ele>
        <time>2026-08-21T23:52:07Z</time>
        <extensions>
          <gpxtpx:TrackPointExtension>
            <gpxtpx:hr>173</gpxtpx:hr>
          </gpxtpx:TrackPointExtension>
        </extensions>
      </trkpt>
      <trkpt lat="32.0654705471439" lon="118.59598379239402">
        <ele>40.3</ele>
        <time>2026-08-21T23:52:08Z</time>
        <extensions>
          <gpxtpx:TrackPointExtension>
            <gpxtpx:hr>173</gpxtpx:hr>
          </gpxtpx:TrackPointExtension>
        </extensions>
      </trkpt>
      <trkpt lat="32.06549255389152" lon="118.59597079142165">
        <ele>40.3</ele>
        <time>2026-08-21T23:52:09Z</time>
        <extensions>
          <gpxtpx:TrackPointExtension>
            <gpxtpx:hr>173</gpxtpx:hr>
          </gpxtpx:TrackPointExtension>
        </extensions>
      </trkpt>
      <trkpt lat="32.06551355997179" lon="118.5959607903004">
        <ele>40.3</ele>
        <time>2026-08-21T23:52:10Z</time>
        <extensions>
          <gpxtpx:TrackPointExtension>
            <gpxtpx:hr>173</gpxtpx:hr>
          </gpxtpx:TrackPointExtension>
        </extensions>
      </trkpt>
      <trkpt lat="32.065537566998856" lon="118.59594878905617">
        <ele>40.3</ele>
        <time>2026-08-21T23:52:11Z</time>
        <extensions>
          <gpxtpx:TrackPointExtension>
            <gpxtpx:hr>173</gpxtpx:hr>
          </gpxtpx:TrackPointExtension>
        </extensions>
      </trkpt>
      <trkpt lat="32.06555957328881" lon="118.59593878783343">
        <ele>40.3</ele>
        <time>2026-08-21T23:52:12Z</time>
        <extensions>
          <gpxtpx:TrackPointExtension>
            <gpxtpx:hr>173</gpxtpx:hr>
          </gpxtpx:TrackPointExtension>
        </extensions>
      </trkpt>
      <trkpt lat="32.06558057935484" lon="118.59592878669562">
        <ele>40.4</ele>
        <time>2026-08-21T23:52:13Z</time>
        <extensions>
          <gpxtpx:TrackPointExtension>
            <gpxtpx:hr>174</gpxtpx:hr>
          </gpxtpx:TrackPointExtension>
        </extensions>
      </trkpt>
      <trkpt lat="32.065602585635865" lon="118.59591878546253">
        <ele>40.4</ele>
        <time>2026-08-21T23:52:14Z</time>
        <extensions>
          <gpxtpx:TrackPointExtension>
            <gpxtpx:hr>174</gpxtpx:hr>
          </gpxtpx:TrackPointExtension>
        </extensions>
      </trkpt>
      <trkpt lat="32.06562259132887" lon="118.59590978433032">
        <ele>40.4</ele>
        <time>2026-08-21T23:52:15Z</time>
        <extensions>
          <gpxtpx:TrackPointExtension>
            <gpxtpx:hr>174</gpxtpx:hr>
          </gpxtpx:TrackPointExtension>
        </extensions>
      </trkpt>
      <trkpt lat="32.0656435972377" lon="118.59590078310379">
        <ele>40.4</ele>
        <time>2026-08-21T23:52:16Z</time>
        <extensions>
          <gpxtpx:TrackPointExtension>
            <gpxtpx:hr>174</gpxtpx:hr>
          </gpxtpx:TrackPointExtension>
        </extensions>
      </trkpt>
      <trkpt lat="32.065663602779544" lon="118.59589278188992">
        <ele>40.4</ele>
        <time>2026-08-21T23:52:17Z</time>
        <extensions>
          <gpxtpx:TrackPointExtension>
            <gpxtpx:hr>174</gpxtpx:hr>
          </gpxtpx:TrackPointExtension>
        </extensions>
      </trkpt>
      <trkpt lat="32.065688609989685" lon="118.59588078051335">
        <ele>40.5</ele>
        <time>2026-08-21T23:52:18Z</time>
        <extensions>
          <gpxtpx:TrackPointExtension>
            <gpxtpx:hr>173</gpxtpx:hr>
          </gpxtpx:TrackPointExtension>
        </extensions>
      </trkpt>
      <trkpt lat="32.06571061624925" lon="118.5958707792554">
        <ele>40.5</ele>
        <time>2026-08-21T23:52:19Z</time>
        <extensions>
          <gpxtpx:TrackPointExtension>
            <gpxtpx:hr>173</gpxtpx:hr>
          </gpxtpx:TrackPointExtension>
        </extensions>
      </trkpt>
      <trkpt lat="32.06573262250434" lon="118.59586077799229">
        <ele>40.5</ele>
        <time>2026-08-21T23:52:20Z</time>
        <extensions>
          <gpxtpx:TrackPointExtension>
            <gpxtpx:hr>173</gpxtpx:hr>
          </gpxtpx:TrackPointExtension>
        </extensions>
      </trkpt>
      <trkpt lat="32.06575462889705" lon="118.59584977679509">
        <ele>40.5</ele>
        <time>2026-08-21T23:52:21Z</time>
        <extensions>
          <gpxtpx:TrackPointExtension>
            <gpxtpx:hr>173</gpxtpx:hr>
          </gpxtpx:TrackPointExtension>
        </extensions>
      </trkpt>
      <trkpt lat="32.06577763536218" lon="118.59583977543099">
        <ele>40.5</ele>
        <time>2026-08-21T23:52:22Z</time>
        <extensions>
          <gpxtpx:TrackPointExtension>
            <gpxtpx:hr>173</gpxtpx:hr>
          </gpxtpx:TrackPointExtension>
        </extensions>
      </trkpt>
      <trkpt lat="32.065800641964" lon="118.59582877413173">
        <ele>40.5</ele>
        <time>2026-08-21T23:52:23Z</time>
        <extensions>
          <gpxtpx:TrackPointExtension>
            <gpxtpx:hr>172</gpxtpx:hr>
          </gpxtpx:TrackPointExtension>
        </extensions>
      </trkpt>
      <trkpt lat="32.06582364841973" lon="118.59581877275677">
        <ele>40.5</ele>
        <time>2026-08-21T23:52:24Z</time>
        <extensions>
          <gpxtpx:TrackPointExtension>
            <gpxtpx:hr>172</gpxtpx:hr>
          </gpxtpx:TrackPointExtension>
        </extensions>
      </trkpt>
      <trkpt lat="32.06584665487097" lon="118.59580877137662">
        <ele>40.5</ele>
        <time>2026-08-21T23:52:25Z</time>
        <extensions>
          <gpxtpx:TrackPointExtension>
            <gpxtpx:hr>172</gpxtpx:hr>
          </gpxtpx:TrackPointExtension>
        </extensions>
      </trkpt>
      <trkpt lat="32.06586966117784" lon="118.59579976992283">
        <ele>40.5</ele>
        <time>2026-08-21T23:52:26Z</time>
        <extensions>
          <gpxtpx:TrackPointExtension>
            <gpxtpx:hr>172</gpxtpx:hr>
          </gpxtpx:TrackPointExtension>
        </extensions>
      </trkpt>
      <trkpt lat="32.06589466791981" lon="118.59579076828467">
        <ele>40.5</ele>
        <time>2026-08-21T23:52:27Z</time>
        <extensions>
          <gpxtpx:TrackPointExtension>
            <gpxtpx:hr>172</gpxtpx:hr>
          </gpxtpx:TrackPointExtension>
        </extensions>
      </trkpt>
      <trkpt lat="32.06591767380177" lon="118.5957847666196">
        <ele>40.4</ele>
        <time>2026-08-21T23:52:28Z</time>
        <extensions>
          <gpxtpx:TrackPointExtension>
            <gpxtpx:hr>173</gpxtpx:hr>
          </gpxtpx:TrackPointExtension>
        </extensions>
      </trkpt>
      <trkpt lat="32.065938678965196" lon="118.59578076499798">
        <ele>40.4</ele>
        <time>2026-08-21T23:52:29Z</time>
        <extensions>
          <gpxtpx:TrackPointExtension>
            <gpxtpx:hr>173</gpxtpx:hr>
          </gpxtpx:TrackPointExtension>
        </extensions>
      </trkpt>
      <trkpt lat="32.06595968412779" lon="118.59577676337551">
        <ele>40.4</ele>
        <time>2026-08-21T23:52:30Z</time>
        <extensions>
          <gpxtpx:TrackPointExtension>
            <gpxtpx:hr>173</gpxtpx:hr>
          </gpxtpx:TrackPointExtension>
        </extensions>
      </trkpt>
      <trkpt lat="32.06598068956695" lon="118.5957707618863">
        <ele>40.4</ele>
        <time>2026-08-21T23:52:31Z</time>
        <extensions>
          <gpxtpx:TrackPointExtension>
            <gpxtpx:hr>173</gpxtpx:hr>
          </gpxtpx:TrackPointExtension>
        </extensions>
      </trkpt>
      <trkpt lat="32.06600269563874" lon="118.59576176050489">
        <ele>40.4</ele>
        <time>2026-08-21T23:52:32Z</time>
        <extensions>
          <gpxtpx:TrackPointExtension>
            <gpxtpx:hr>173</gpxtpx:hr>
          </gpxtpx:TrackPointExtension>
        </extensions>
      </trkpt>
      <trkpt lat="32.06602370162538" lon="118.5957517592754">
        <ele>40.4</ele>
        <time>2026-08-21T23:52:33Z</time>
        <extensions>
          <gpxtpx:TrackPointExtension>
            <gpxtpx:hr>173</gpxtpx:hr>
          </gpxtpx:TrackPointExtension>
        </extensions>
      </trkpt>
      <trkpt lat="32.06604470719519" lon="118.59574475784406">
        <ele>40.4</ele>
        <time>2026-08-21T23:52:34Z</time>
        <extensions>
          <gpxtpx:TrackPointExtension>
            <gpxtpx:hr>173</gpxtpx:hr>
          </gpxtpx:TrackPointExtension>
        </extensions>
      </trkpt>
      <trkpt lat="32.06607071413372" lon="118.59573575609014">
        <ele>40.4</ele>
        <time>2026-08-21T23:52:35Z</time>
        <extensions>
          <gpxtpx:TrackPointExtension>
            <gpxtpx:hr>173</gpxtpx:hr>
          </gpxtpx:TrackPointExtension>
        </extensions>
      </trkpt>
      <trkpt lat="32.06609372027382" lon="118.59572775453758">
        <ele>40.4</ele>
        <time>2026-08-21T23:52:36Z</time>
        <extensions>
          <gpxtpx:TrackPointExtension>
            <gpxtpx:hr>173</gpxtpx:hr>
          </gpxtpx:TrackPointExtension>
        </extensions>
      </trkpt>
      <trkpt lat="32.06611572619168" lon="118.59571975307179">
        <ele>40.4</ele>
        <time>2026-08-21T23:52:37Z</time>
        <extensions>
          <gpxtpx:TrackPointExtension>
            <gpxtpx:hr>173</gpxtpx:hr>
          </gpxtpx:TrackPointExtension>
        </extensions>
      </trkpt>
      <trkpt lat="32.06613973268131" lon="118.5957107514864">
        <ele>40.5</ele>
        <time>2026-08-21T23:52:38Z</time>
        <extensions>
          <gpxtpx:TrackPointExtension>
            <gpxtpx:hr>173</gpxtpx:hr>
          </gpxtpx:TrackPointExtension>
        </extensions>
      </trkpt>
      <trkpt lat="32.066163739302894" lon="118.59570074996019">
        <ele>40.5</ele>
        <time>2026-08-21T23:52:39Z</time>
        <extensions>
          <gpxtpx:TrackPointExtension>
            <gpxtpx:hr>173</gpxtpx:hr>
          </gpxtpx:TrackPointExtension>
        </extensions>
      </trkpt>
      <trkpt lat="32.06618874627444" lon="118.59568974840151">
        <ele>40.5</ele>
        <time>2026-08-21T23:52:40Z</time>
        <extensions>
          <gpxtpx:TrackPointExtension>
            <gpxtpx:hr>173</gpxtpx:hr>
          </gpxtpx:TrackPointExtension>
        </extensions>
      </trkpt>
      <trkpt lat="32.066213753240554" lon="118.59567874683654">
        <ele>40.5</ele>
        <time>2026-08-21T23:52:41Z</time>
        <extensions>
          <gpxtpx:TrackPointExtension>
            <gpxtpx:hr>173</gpxtpx:hr>
          </gpxtpx:TrackPointExtension>
        </extensions>
      </trkpt>
      <trkpt lat="32.06623876033541" lon="118.59566674532694">
        <ele>40.5</ele>
        <time>2026-08-21T23:52:42Z</time>
        <extensions>
          <gpxtpx:TrackPointExtension>
            <gpxtpx:hr>173</gpxtpx:hr>
          </gpxtpx:TrackPointExtension>
        </extensions>
      </trkpt>
      <trkpt lat="32.06626076636495" lon="118.59565774389701">
        <ele>40.5</ele>
        <time>2026-08-21T23:52:43Z</time>
        <extensions>
          <gpxtpx:TrackPointExtension>
            <gpxtpx:hr>174</gpxtpx:hr>
          </gpxtpx:TrackPointExtension>
        </extensions>
      </trkpt>
      <trkpt lat="32.06628177230493" lon="118.59564774261361">
        <ele>40.5</ele>
        <time>2026-08-21T23:52:44Z</time>
        <extensions>
          <gpxtpx:TrackPointExtension>
            <gpxtpx:hr>174</gpxtpx:hr>
          </gpxtpx:TrackPointExtension>
        </extensions>
      </trkpt>
      <trkpt lat="32.066302778107534" lon="118.59563874126492">
        <ele>40.5</ele>
        <time>2026-08-21T23:52:45Z</time>
        <extensions>
          <gpxtpx:TrackPointExtension>
            <gpxtpx:hr>174</gpxtpx:hr>
          </gpxtpx:TrackPointExtension>
        </extensions>
      </trkpt>
      <trkpt lat="32.066327784783475" lon="118.59562973955163">
        <ele>40.5</ele>
        <time>2026-08-21T23:52:46Z</time>
        <extensions>
          <gpxtpx:TrackPointExtension>
            <gpxtpx:hr>174</gpxtpx:hr>
          </gpxtpx:TrackPointExtension>
        </extensions>
      </trkpt>
      <trkpt lat="32.066355791981245" lon="118.59562173750462">
        <ele>40.5</ele>
        <time>2026-08-21T23:52:47Z</time>
        <extensions>
          <gpxtpx:TrackPointExtension>
            <gpxtpx:hr>174</gpxtpx:hr>
          </gpxtpx:TrackPointExtension>
        </extensions>
      </trkpt>
      <trkpt lat="32.06637879781605" lon="118.59561573578698">
        <ele>40.5</ele>
        <time>2026-08-21T23:52:48Z</time>
        <extensions>
          <gpxtpx:TrackPointExtension>
            <gpxtpx:hr>174</gpxtpx:hr>
          </gpxtpx:TrackPointExtension>
        </extensions>
      </trkpt>
      <trkpt lat="32.0663998032107" lon="118.59560973424767">
        <ele>40.5</ele>
        <time>2026-08-21T23:52:49Z</time>
        <extensions>
          <gpxtpx:TrackPointExtension>
            <gpxtpx:hr>174</gpxtpx:hr>
          </gpxtpx:TrackPointExtension>
        </extensions>
      </trkpt>
      <trkpt lat="32.06642380952405" lon="118.59560173255275">
        <ele>40.5</ele>
        <time>2026-08-21T23:52:50Z</time>
        <extensions>
          <gpxtpx:TrackPointExtension>
            <gpxtpx:hr>174</gpxtpx:hr>
          </gpxtpx:TrackPointExtension>
        </extensions>
      </trkpt>
      <trkpt lat="32.06645381728068" lon="118.5955927303717">
        <ele>40.5</ele>
        <time>2026-08-21T23:52:51Z</time>
        <extensions>
          <gpxtpx:TrackPointExtension>
            <gpxtpx:hr>174</gpxtpx:hr>
          </gpxtpx:TrackPointExtension>
        </extensions>
      </trkpt>
      <trkpt lat="32.06647882380695" lon="118.59558472857962">
        <ele>40.5</ele>
        <time>2026-08-21T23:52:52Z</time>
        <extensions>
          <gpxtpx:TrackPointExtension>
            <gpxtpx:hr>174</gpxtpx:hr>
          </gpxtpx:TrackPointExtension>
        </extensions>
      </trkpt>
      <trkpt lat="32.066503830330255" lon="118.59557672678423">
        <ele>40.4</ele>
        <time>2026-08-21T23:52:53Z</time>
        <extensions>
          <gpxtpx:TrackPointExtension>
            <gpxtpx:hr>173</gpxtpx:hr>
          </gpxtpx:TrackPointExtension>
        </extensions>
      </trkpt>
      <trkpt lat="32.0665268362823" lon="118.59556972510917">
        <ele>40.4</ele>
        <time>2026-08-21T23:52:54Z</time>
        <extensions>
          <gpxtpx:TrackPointExtension>
            <gpxtpx:hr>173</gpxtpx:hr>
          </gpxtpx:TrackPointExtension>
        </extensions>
      </trkpt>
      <trkpt lat="32.066550842321554" lon="118.59556372328524">
        <ele>40.4</ele>
        <time>2026-08-21T23:52:55Z</time>
        <extensions>
          <gpxtpx:TrackPointExtension>
            <gpxtpx:hr>173</gpxtpx:hr>
          </gpxtpx:TrackPointExtension>
        </extensions>
      </trkpt>
      <trkpt lat="32.066575848448785" lon="118.59555872131338">
        <ele>40.4</ele>
        <time>2026-08-21T23:52:56Z</time>
        <extensions>
          <gpxtpx:TrackPointExtension>
            <gpxtpx:hr>173</gpxtpx:hr>
          </gpxtpx:TrackPointExtension>
        </extensions>
      </trkpt>
      <trkpt lat="32.06659785391726" lon="118.59555371961054">
        <ele>40.4</ele>
        <time>2026-08-21T23:52:57Z</time>
        <extensions>
          <gpxtpx:TrackPointExtension>
            <gpxtpx:hr>173</gpxtpx:hr>
          </gpxtpx:TrackPointExtension>
        </extensions>
      </trkpt>
      <trkpt lat="32.06662085960365" lon="118.59554871781629">
        <ele>40.5</ele>
        <time>2026-08-21T23:52:58Z</time>
        <extensions>
          <gpxtpx:TrackPointExtension>
            <gpxtpx:hr>173</gpxtpx:hr>
          </gpxtpx:TrackPointExtension>
        </extensions>
      </trkpt>
      <trkpt lat="32.06664786616539" lon="118.59554371566034">
        <ele>40.5</ele>
        <time>2026-08-21T23:52:59Z</time>
        <extensions>
          <gpxtpx:TrackPointExtension>
            <gpxtpx:hr>173</gpxtpx:hr>
          </gpxtpx:TrackPointExtension>
        </extensions>
      </trkpt>
      <trkpt lat="32.06667487272581" lon="118.59553871350309">
        <ele>40.5</ele>
        <time>2026-08-21T23:53:00Z</time>
        <extensions>
          <gpxtpx:TrackPointExtension>
            <gpxtpx:hr>173</gpxtpx:hr>
          </gpxtpx:TrackPointExtension>
        </extensions>
      </trkpt>
      <trkpt lat="32.066701879413294" lon="118.59553271139922">
        <ele>40.5</ele>
        <time>2026-08-21T23:53:01Z</time>
        <extensions>
          <gpxtpx:TrackPointExtension>
            <gpxtpx:hr>173</gpxtpx:hr>
          </gpxtpx:TrackPointExtension>
        </extensions>
      </trkpt>
      <trkpt lat="32.06672788575176" lon="118.5955277093292">
        <ele>40.5</ele>
        <time>2026-08-21T23:53:02Z</time>
        <extensions>
          <gpxtpx:TrackPointExtension>
            <gpxtpx:hr>173</gpxtpx:hr>
          </gpxtpx:TrackPointExtension>
        </extensions>
      </trkpt>
      <trkpt lat="32.06675189177861" lon="118.5955217074922">
        <ele>40.5</ele>
        <time>2026-08-21T23:53:03Z</time>
        <extensions>
          <gpxtpx:TrackPointExtension>
            <gpxtpx:hr>173</gpxtpx:hr>
          </gpxtpx:TrackPointExtension>
        </extensions>
      </trkpt>
      <trkpt lat="32.06678089902683" lon="118.59551470525656">
        <ele>40.5</ele>
        <time>2026-08-21T23:53:04Z</time>
        <extensions>
          <gpxtpx:TrackPointExtension>
            <gpxtpx:hr>173</gpxtpx:hr>
          </gpxtpx:TrackPointExtension>
        </extensions>
      </trkpt>
      <trkpt lat="32.06680790583448" lon="118.59550770319858">
        <ele>40.5</ele>
        <time>2026-08-21T23:53:05Z</time>
        <extensions>
          <gpxtpx:TrackPointExtension>
            <gpxtpx:hr>173</gpxtpx:hr>
          </gpxtpx:TrackPointExtension>
        </extensions>
      </trkpt>
      <trkpt lat="32.06683091176343" lon="118.59550070149845">
        <ele>40.5</ele>
        <time>2026-08-21T23:53:06Z</time>
        <extensions>
          <gpxtpx:TrackPointExtension>
            <gpxtpx:hr>173</gpxtpx:hr>
          </gpxtpx:TrackPointExtension>
        </extensions>
      </trkpt>
      <trkpt lat="32.066851917251924" lon="118.59549369997598">
        <ele>40.5</ele>
        <time>2026-08-21T23:53:07Z</time>
        <extensions>
          <gpxtpx:TrackPointExtension>
            <gpxtpx:hr>173</gpxtpx:hr>
          </gpxtpx:TrackPointExtension>
        </extensions>
      </trkpt>
      <trkpt lat="32.06687392295724" lon="118.59548669836087">
        <ele>40.5</ele>
        <time>2026-08-21T23:53:08Z</time>
        <extensions>
          <gpxtpx:TrackPointExtension>
            <gpxtpx:hr>173</gpxtpx:hr>
          </gpxtpx:TrackPointExtension>
        </extensions>
      </trkpt>
      <trkpt lat="32.066896928879345" lon="118.5954796966531">
        <ele>40.5</ele>
        <time>2026-08-21T23:53:09Z</time>
        <extensions>
          <gpxtpx:TrackPointExtension>
            <gpxtpx:hr>173</gpxtpx:hr>
          </gpxtpx:TrackPointExtension>
        </extensions>
      </trkpt>
      <trkpt lat="32.06692093514396" lon="118.59547169490422">
        <ele>40.5</ele>
        <time>2026-08-21T23:53:10Z</time>
        <extensions>
          <gpxtpx:TrackPointExtension>
            <gpxtpx:hr>173</gpxtpx:hr>
          </gpxtpx:TrackPointExtension>
        </extensions>
      </trkpt>
      <trkpt lat="32.066949942500884" lon="118.5954636927015">
        <ele>40.5</ele>
        <time>2026-08-21T23:53:11Z</time>
        <extensions>
          <gpxtpx:TrackPointExtension>
            <gpxtpx:hr>173</gpxtpx:hr>
          </gpxtpx:TrackPointExtension>
        </extensions>
      </trkpt>
      <trkpt lat="32.06697394875956" lon="118.59545569094595">
        <ele>40.5</ele>
        <time>2026-08-21T23:53:12Z</time>
        <extensions>
          <gpxtpx:TrackPointExtension>
            <gpxtpx:hr>173</gpxtpx:hr>
          </gpxtpx:TrackPointExtension>
        </extensions>
      </trkpt>
      <trkpt lat="32.066996954920896" lon="118.59544668932742">
        <ele>40.4</ele>
        <time>2026-08-21T23:53:13Z</time>
        <extensions>
          <gpxtpx:TrackPointExtension>
            <gpxtpx:hr>173</gpxtpx:hr>
          </gpxtpx:TrackPointExtension>
        </extensions>
      </trkpt>
      <trkpt lat="32.06701996120277" lon="118.59543668775434">
        <ele>40.4</ele>
        <time>2026-08-21T23:53:14Z</time>
        <extensions>
          <gpxtpx:TrackPointExtension>
            <gpxtpx:hr>173</gpxtpx:hr>
          </gpxtpx:TrackPointExtension>
        </extensions>
      </trkpt>
      <trkpt lat="32.06704196713734" lon="118.59542768621701">
        <ele>40.4</ele>
        <time>2026-08-21T23:53:15Z</time>
        <extensions>
          <gpxtpx:TrackPointExtension>
            <gpxtpx:hr>173</gpxtpx:hr>
          </gpxtpx:TrackPointExtension>
        </extensions>
      </trkpt>
      <trkpt lat="32.067062972849236" lon="118.59541868476558">
        <ele>40.4</ele>
        <time>2026-08-21T23:53:16Z</time>
        <extensions>
          <gpxtpx:TrackPointExtension>
            <gpxtpx:hr>173</gpxtpx:hr>
          </gpxtpx:TrackPointExtension>
        </extensions>
      </trkpt>
      <trkpt lat="32.06708397843444" lon="118.59541068326163">
        <ele>40.4</ele>
        <time>2026-08-21T23:53:17Z</time>
        <extensions>
          <gpxtpx:TrackPointExtension>
            <gpxtpx:hr>173</gpxtpx:hr>
          </gpxtpx:TrackPointExtension>
        </extensions>
      </trkpt>
      <trkpt lat="32.06710998523444" lon="118.59540168135177">
        <ele>40.4</ele>
        <time>2026-08-21T23:53:18Z</time>
        <extensions>
          <gpxtpx:TrackPointExtension>
            <gpxtpx:hr>173</gpxtpx:hr>
          </gpxtpx:TrackPointExtension>
        </extensions>
      </trkpt>
      <trkpt lat="32.06713399134807" lon="118.59539467952301">
        <ele>40.4</ele>
        <time>2026-08-21T23:53:19Z</time>
        <extensions>
          <gpxtpx:TrackPointExtension>
            <gpxtpx:hr>173</gpxtpx:hr>
          </gpxtpx:TrackPointExtension>
        </extensions>
      </trkpt>
      <trkpt lat="32.06715899767838" lon="118.59538767760162">
        <ele>40.4</ele>
        <time>2026-08-21T23:53:20Z</time>
        <extensions>
          <gpxtpx:TrackPointExtension>
            <gpxtpx:hr>173</gpxtpx:hr>
          </gpxtpx:TrackPointExtension>
        </extensions>
      </trkpt>
      <trkpt lat="32.067184004128116" lon="118.59537967572442">
        <ele>40.4</ele>
        <time>2026-08-21T23:53:21Z</time>
        <extensions>
          <gpxtpx:TrackPointExtension>
            <gpxtpx:hr>173</gpxtpx:hr>
          </gpxtpx:TrackPointExtension>
        </extensions>
      </trkpt>
      <trkpt lat="32.06721001091522" lon="118.59537067380005">
        <ele>40.4</ele>
        <time>2026-08-21T23:53:22Z</time>
        <extensions>
          <gpxtpx:TrackPointExtension>
            <gpxtpx:hr>173</gpxtpx:hr>
          </gpxtpx:TrackPointExtension>
        </extensions>
      </trkpt>
      <trkpt lat="32.06723601769859" lon="118.59536167187146">
        <ele>40.5</ele>
        <time>2026-08-21T23:53:23Z</time>
        <extensions>
          <gpxtpx:TrackPointExtension>
            <gpxtpx:hr>173</gpxtpx:hr>
          </gpxtpx:TrackPointExtension>
        </extensions>
      </trkpt>
      <trkpt lat="32.06726302469719" lon="118.59535266984858">
        <ele>40.5</ele>
        <time>2026-08-21T23:53:24Z</time>
        <extensions>
          <gpxtpx:TrackPointExtension>
            <gpxtpx:hr>173</gpxtpx:hr>
          </gpxtpx:TrackPointExtension>
        </extensions>
      </trkpt>
      <trkpt lat="32.0672890312327" lon="118.59534566782182">
        <ele>40.5</ele>
        <time>2026-08-21T23:53:25Z</time>
        <extensions>
          <gpxtpx:TrackPointExtension>
            <gpxtpx:hr>173</gpxtpx:hr>
          </gpxtpx:TrackPointExtension>
        </extensions>
      </trkpt>
      <trkpt lat="32.067312037109055" lon="118.5953386660628">
        <ele>40.5</ele>
        <time>2026-08-21T23:53:26Z</time>
        <extensions>
          <gpxtpx:TrackPointExtension>
            <gpxtpx:hr>173</gpxtpx:hr>
          </gpxtpx:TrackPointExtension>
        </extensions>
      </trkpt>
      <trkpt lat="32.06733504298312" lon="118.59533166430126">
        <ele>40.5</ele>
        <time>2026-08-21T23:53:27Z</time>
        <extensions>
          <gpxtpx:TrackPointExtension>
            <gpxtpx:hr>173</gpxtpx:hr>
          </gpxtpx:TrackPointExtension>
        </extensions>
      </trkpt>
      <trkpt lat="32.067362049969184" lon="118.59532266226435">
        <ele>40.6</ele>
        <time>2026-08-21T23:53:28Z</time>
        <extensions>
          <gpxtpx:TrackPointExtension>
            <gpxtpx:hr>174</gpxtpx:hr>
          </gpxtpx:TrackPointExtension>
        </extensions>
      </trkpt>
      <trkpt lat="32.0673890569515" lon="118.59531366022323">
        <ele>40.6</ele>
        <time>2026-08-21T23:53:29Z</time>
        <extensions>
          <gpxtpx:TrackPointExtension>
            <gpxtpx:hr>174</gpxtpx:hr>
          </gpxtpx:TrackPointExtension>
        </extensions>
      </trkpt>
      <trkpt lat="32.067411062717056" lon="118.59530565858557">
        <ele>40.6</ele>
        <time>2026-08-21T23:53:30Z</time>
        <extensions>
          <gpxtpx:TrackPointExtension>
            <gpxtpx:hr>174</gpxtpx:hr>
          </gpxtpx:TrackPointExtension>
        </extensions>
      </trkpt>
      <trkpt lat="32.06743706959154" lon="118.59529565666898">
        <ele>40.6</ele>
        <time>2026-08-21T23:53:31Z</time>
        <extensions>
          <gpxtpx:TrackPointExtension>
            <gpxtpx:hr>174</gpxtpx:hr>
          </gpxtpx:TrackPointExtension>
        </extensions>
      </trkpt>
      <trkpt lat="32.06746807790868" lon="118.59528265442191">
        <ele>40.6</ele>
        <time>2026-08-21T23:53:32Z</time>
        <extensions>
          <gpxtpx:TrackPointExtension>
            <gpxtpx:hr>174</gpxtpx:hr>
          </gpxtpx:TrackPointExtension>
        </extensions>
      </trkpt>
      <trkpt lat="32.06749708578044" lon="118.59526965234629">
        <ele>40.8</ele>
        <time>2026-08-21T23:53:33Z</time>
        <extensions>
          <gpxtpx:TrackPointExtension>
            <gpxtpx:hr>174</gpxtpx:hr>
          </gpxtpx:TrackPointExtension>
        </extensions>
      </trkpt>
      <trkpt lat="32.06752609352818" lon="118.59525765022153">
        <ele>40.8</ele>
        <time>2026-08-21T23:53:34Z</time>
        <extensions>
          <gpxtpx:TrackPointExtension>
            <gpxtpx:hr>174</gpxtpx:hr>
          </gpxtpx:TrackPointExtension>
        </extensions>
      </trkpt>
      <trkpt lat="32.067554101050554" lon="118.59524564817939">
        <ele>40.8</ele>
        <time>2026-08-21T23:53:35Z</time>
        <extensions>
          <gpxtpx:TrackPointExtension>
            <gpxtpx:hr>174</gpxtpx:hr>
          </gpxtpx:TrackPointExtension>
        </extensions>
      </trkpt>
      <trkpt lat="32.0675781078064" lon="118.59523264652928">
        <ele>40.8</ele>
        <time>2026-08-21T23:53:36Z</time>
        <extensions>
          <gpxtpx:TrackPointExtension>
            <gpxtpx:hr>174</gpxtpx:hr>
          </gpxtpx:TrackPointExtension>
        </extensions>
      </trkpt>
      <trkpt lat="32.06760211478423" lon="118.59521764494707">
        <ele>40.8</ele>
        <time>2026-08-21T23:53:37Z</time>
        <extensions>
          <gpxtpx:TrackPointExtension>
            <gpxtpx:hr>174</gpxtpx:hr>
          </gpxtpx:TrackPointExtension>
        </extensions>
      </trkpt>
      <trkpt lat="32.0676251217613" lon="118.5952006435182">
        <ele>40.8</ele>
        <time>2026-08-21T23:53:38Z</time>
        <extensions>
          <gpxtpx:TrackPointExtension>
            <gpxtpx:hr>174</gpxtpx:hr>
          </gpxtpx:TrackPointExtension>
        </extensions>
      </trkpt>
      <trkpt lat="32.06764912883125" lon="118.59518464194764">
        <ele>40.8</ele>
        <time>2026-08-21T23:53:39Z</time>
        <extensions>
          <gpxtpx:TrackPointExtension>
            <gpxtpx:hr>174</gpxtpx:hr>
          </gpxtpx:TrackPointExtension>
        </extensions>
      </trkpt>
      <trkpt lat="32.06767313588991" lon="118.5951686403638">
        <ele>40.8</ele>
        <time>2026-08-21T23:53:40Z</time>
        <extensions>
          <gpxtpx:TrackPointExtension>
            <gpxtpx:hr>174</gpxtpx:hr>
          </gpxtpx:TrackPointExtension>
        </extensions>
      </trkpt>
      <trkpt lat="32.06769514238775" lon="118.59515363891191">
        <ele>40.8</ele>
        <time>2026-08-21T23:53:41Z</time>
        <extensions>
          <gpxtpx:TrackPointExtension>
            <gpxtpx:hr>174</gpxtpx:hr>
          </gpxtpx:TrackPointExtension>
        </extensions>
      </trkpt>
      <trkpt lat="32.06771614887933" lon="118.5951366376067">
        <ele>40.8</ele>
        <time>2026-08-21T23:53:42Z</time>
        <extensions>
          <gpxtpx:TrackPointExtension>
            <gpxtpx:hr>174</gpxtpx:hr>
          </gpxtpx:TrackPointExtension>
        </extensions>
      </trkpt>
      <trkpt lat="32.06773815579785" lon="118.59511763626264">
        <ele>40.9</ele>
        <time>2026-08-21T23:53:43Z</time>
        <extensions>
          <gpxtpx:TrackPointExtension>
            <gpxtpx:hr>174</gpxtpx:hr>
          </gpxtpx:TrackPointExtension>
        </extensions>
      </trkpt>
      <trkpt lat="32.06776016281007" lon="118.59509763493192">
        <ele>40.9</ele>
        <time>2026-08-21T23:53:44Z</time>
        <extensions>
          <gpxtpx:TrackPointExtension>
            <gpxtpx:hr>174</gpxtpx:hr>
          </gpxtpx:TrackPointExtension>
        </extensions>
      </trkpt>
      <trkpt lat="32.067783170132174" lon="118.59507663352127">
        <ele>40.9</ele>
        <time>2026-08-21T23:53:45Z</time>
        <extensions>
          <gpxtpx:TrackPointExtension>
            <gpxtpx:hr>174</gpxtpx:hr>
          </gpxtpx:TrackPointExtension>
        </extensions>
      </trkpt>
      <trkpt lat="32.06780517732385" lon="118.59505463220766">
        <ele>40.9</ele>
        <time>2026-08-21T23:53:46Z</time>
        <extensions>
          <gpxtpx:TrackPointExtension>
            <gpxtpx:hr>174</gpxtpx:hr>
          </gpxtpx:TrackPointExtension>
        </extensions>
      </trkpt>
      <trkpt lat="32.06782218308025" lon="118.59503563123313">
        <ele>40.9</ele>
        <time>2026-08-21T23:53:47Z</time>
        <extensions>
          <gpxtpx:TrackPointExtension>
            <gpxtpx:hr>174</gpxtpx:hr>
          </gpxtpx:TrackPointExtension>
        </extensions>
      </trkpt>
      <trkpt lat="32.06783918924448" lon="118.59501263035077">
        <ele>40.9</ele>
        <time>2026-08-21T23:53:48Z</time>
        <extensions>
          <gpxtpx:TrackPointExtension>
            <gpxtpx:hr>174</gpxtpx:hr>
          </gpxtpx:TrackPointExtension>
        </extensions>
      </trkpt>
      <trkpt lat="32.067861197002976" lon="118.59498462912194">
        <ele>40.9</ele>
        <time>2026-08-21T23:53:49Z</time>
        <extensions>
          <gpxtpx:TrackPointExtension>
            <gpxtpx:hr>174</gpxtpx:hr>
          </gpxtpx:TrackPointExtension>
        </extensions>
      </trkpt>
      <trkpt lat="32.06788120418636" lon="118.59495762800779">
        <ele>40.9</ele>
        <time>2026-08-21T23:53:50Z</time>
        <extensions>
          <gpxtpx:TrackPointExtension>
            <gpxtpx:hr>174</gpxtpx:hr>
          </gpxtpx:TrackPointExtension>
        </extensions>
      </trkpt>
      <trkpt lat="32.067900210402414" lon="118.59493762678093">
        <ele>40.9</ele>
        <time>2026-08-21T23:53:51Z</time>
        <extensions>
          <gpxtpx:TrackPointExtension>
            <gpxtpx:hr>174</gpxtpx:hr>
          </gpxtpx:TrackPointExtension>
        </extensions>
      </trkpt>
      <trkpt lat="32.06792221695198" lon="118.59492062519465">
        <ele>40.9</ele>
        <time>2026-08-21T23:53:52Z</time>
        <extensions>
          <gpxtpx:TrackPointExtension>
            <gpxtpx:hr>174</gpxtpx:hr>
          </gpxtpx:TrackPointExtension>
        </extensions>
      </trkpt>
      <trkpt lat="32.067947223740404" lon="118.59490762323475">
        <ele>40.9</ele>
        <time>2026-08-21T23:53:53Z</time>
        <extensions>
          <gpxtpx:TrackPointExtension>
            <gpxtpx:hr>174</gpxtpx:hr>
          </gpxtpx:TrackPointExtension>
        </extensions>
      </trkpt>
      <trkpt lat="32.06797523087523" lon="118.594897620931">
        <ele>40.9</ele>
        <time>2026-08-21T23:53:54Z</time>
        <extensions>
          <gpxtpx:TrackPointExtension>
            <gpxtpx:hr>174</gpxtpx:hr>
          </gpxtpx:TrackPointExtension>
        </extensions>
      </trkpt>
      <trkpt lat="32.06800223738488" lon="118.59489161862722">
        <ele>40.9</ele>
        <time>2026-08-21T23:53:55Z</time>
        <extensions>
          <gpxtpx:TrackPointExtension>
            <gpxtpx:hr>174</gpxtpx:hr>
          </gpxtpx:TrackPointExtension>
        </extensions>
      </trkpt>
      <trkpt lat="32.06802824367403" lon="118.59488561641164">
        <ele>40.9</ele>
        <time>2026-08-21T23:53:56Z</time>
        <extensions>
          <gpxtpx:TrackPointExtension>
            <gpxtpx:hr>174</gpxtpx:hr>
          </gpxtpx:TrackPointExtension>
        </extensions>
      </trkpt>
      <trkpt lat="32.06805925125488" lon="118.59487761378503">
        <ele>40.9</ele>
        <time>2026-08-21T23:53:57Z</time>
        <extensions>
          <gpxtpx:TrackPointExtension>
            <gpxtpx:hr>174</gpxtpx:hr>
          </gpxtpx:TrackPointExtension>
        </extensions>
      </trkpt>
      <trkpt lat="32.068086258156995" lon="118.59486761155577">
        <ele>40.8</ele>
        <time>2026-08-21T23:53:58Z</time>
        <extensions>
          <gpxtpx:TrackPointExtension>
            <gpxtpx:hr>175</gpxtpx:hr>
          </gpxtpx:TrackPointExtension>
        </extensions>
      </trkpt>
      <trkpt lat="32.06811126521083" lon="118.594851609618">
        <ele>40.8</ele>
        <time>2026-08-21T23:53:59Z</time>
        <extensions>
          <gpxtpx:TrackPointExtension>
            <gpxtpx:hr>175</gpxtpx:hr>
          </gpxtpx:TrackPointExtension>
        </extensions>
      </trkpt>
      <trkpt lat="32.068136272743395" lon="118.59483060775838">
        <ele>40.8</ele>
        <time>2026-08-21T23:54:00Z</time>
        <extensions>
          <gpxtpx:TrackPointExtension>
            <gpxtpx:hr>175</gpxtpx:hr>
          </gpxtpx:TrackPointExtension>
        </extensions>
      </trkpt>
      <trkpt lat="32.06815227790025" lon="118.59481360661803">
        <ele>40.8</ele>
        <time>2026-08-21T23:54:01Z</time>
        <extensions>
          <gpxtpx:TrackPointExtension>
            <gpxtpx:hr>175</gpxtpx:hr>
          </gpxtpx:TrackPointExtension>
        </extensions>
      </trkpt>
      <trkpt lat="32.068167283403575" lon="118.59479060565018">
        <ele>40.8</ele>
        <time>2026-08-21T23:54:02Z</time>
        <extensions>
          <gpxtpx:TrackPointExtension>
            <gpxtpx:hr>175</gpxtpx:hr>
          </gpxtpx:TrackPointExtension>
        </extensions>
      </trkpt>
      <trkpt lat="32.06818328967269" lon="118.59476160465306">
        <ele>40.8</ele>
        <time>2026-08-21T23:54:03Z</time>
        <extensions>
          <gpxtpx:TrackPointExtension>
            <gpxtpx:hr>175</gpxtpx:hr>
          </gpxtpx:TrackPointExtension>
        </extensions>
      </trkpt>
      <trkpt lat="32.068199296279396" lon="118.59472860366395">
        <ele>40.8</ele>
        <time>2026-08-21T23:54:04Z</time>
        <extensions>
          <gpxtpx:TrackPointExtension>
            <gpxtpx:hr>175</gpxtpx:hr>
          </gpxtpx:TrackPointExtension>
        </extensions>
      </trkpt>
      <trkpt lat="32.06821530293068" lon="118.59469460262925">
        <ele>40.8</ele>
        <time>2026-08-21T23:54:05Z</time>
        <extensions>
          <gpxtpx:TrackPointExtension>
            <gpxtpx:hr>175</gpxtpx:hr>
          </gpxtpx:TrackPointExtension>
        </extensions>
      </trkpt>
      <trkpt lat="32.06822830833181" lon="118.59466660174782">
        <ele>40.8</ele>
        <time>2026-08-21T23:54:06Z</time>
        <extensions>
          <gpxtpx:TrackPointExtension>
            <gpxtpx:hr>175</gpxtpx:hr>
          </gpxtpx:TrackPointExtension>
        </extensions>
      </trkpt>
      <trkpt lat="32.06824131369879" lon="118.59463860082555">
        <ele>40.8</ele>
        <time>2026-08-21T23:54:07Z</time>
        <extensions>
          <gpxtpx:TrackPointExtension>
            <gpxtpx:hr>175</gpxtpx:hr>
          </gpxtpx:TrackPointExtension>
        </extensions>
      </trkpt>
      <trkpt lat="32.068254319472764" lon="118.5946055998953">
        <ele>40.8</ele>
        <time>2026-08-21T23:54:08Z</time>
        <extensions>
          <gpxtpx:TrackPointExtension>
            <gpxtpx:hr>175</gpxtpx:hr>
          </gpxtpx:TrackPointExtension>
        </extensions>
      </trkpt>
      <trkpt lat="32.06826432410942" lon="118.59457759915432">
        <ele>40.8</ele>
        <time>2026-08-21T23:54:09Z</time>
        <extensions>
          <gpxtpx:TrackPointExtension>
            <gpxtpx:hr>175</gpxtpx:hr>
          </gpxtpx:TrackPointExtension>
        </extensions>
      </trkpt>
      <trkpt lat="32.06827532867333" lon="118.59455259827156">
        <ele>40.8</ele>
        <time>2026-08-21T23:54:10Z</time>
        <extensions>
          <gpxtpx:TrackPointExtension>
            <gpxtpx:hr>175</gpxtpx:hr>
          </gpxtpx:TrackPointExtension>
        </extensions>
      </trkpt>
      <trkpt lat="32.06828733376719" lon="118.59452359727521">
        <ele>40.8</ele>
        <time>2026-08-21T23:54:11Z</time>
        <extensions>
          <gpxtpx:TrackPointExtension>
            <gpxtpx:hr>175</gpxtpx:hr>
          </gpxtpx:TrackPointExtension>
        </extensions>
      </trkpt>
      <trkpt lat="32.068301339178326" lon="118.59449559605413">
        <ele>40.8</ele>
        <time>2026-08-21T23:54:12Z</time>
        <extensions>
          <gpxtpx:TrackPointExtension>
            <gpxtpx:hr>175</gpxtpx:hr>
          </gpxtpx:TrackPointExtension>
        </extensions>
      </trkpt>
      <trkpt lat="32.06831434425453" lon="118.59446859488298">
        <ele>40.8</ele>
        <time>2026-08-21T23:54:13Z</time>
        <extensions>
          <gpxtpx:TrackPointExtension>
            <gpxtpx:hr>175</gpxtpx:hr>
          </gpxtpx:TrackPointExtension>
        </extensions>
      </trkpt>
      <trkpt lat="32.06832834959852" lon="118.59444059358158">
        <ele>40.8</ele>
        <time>2026-08-21T23:54:14Z</time>
        <extensions>
          <gpxtpx:TrackPointExtension>
            <gpxtpx:hr>175</gpxtpx:hr>
          </gpxtpx:TrackPointExtension>
        </extensions>
      </trkpt>
      <trkpt lat="32.06834135476938" lon="118.59441159232576">
        <ele>40.8</ele>
        <time>2026-08-21T23:54:15Z</time>
        <extensions>
          <gpxtpx:TrackPointExtension>
            <gpxtpx:hr>175</gpxtpx:hr>
          </gpxtpx:TrackPointExtension>
        </extensions>
      </trkpt>
      <trkpt lat="32.06835035855788" lon="118.59438859141662">
        <ele>40.8</ele>
        <time>2026-08-21T23:54:16Z</time>
        <extensions>
          <gpxtpx:TrackPointExtension>
            <gpxtpx:hr>175</gpxtpx:hr>
          </gpxtpx:TrackPointExtension>
        </extensions>
      </trkpt>
      <trkpt lat="32.06836036285225" lon="118.59436159036508">
        <ele>40.8</ele>
        <time>2026-08-21T23:54:17Z</time>
        <extensions>
          <gpxtpx:TrackPointExtension>
            <gpxtpx:hr>175</gpxtpx:hr>
          </gpxtpx:TrackPointExtension>
        </extensions>
      </trkpt>
      <trkpt lat="32.06837336815172" lon="118.5943295889661">
        <ele>40.7</ele>
        <time>2026-08-21T23:54:18Z</time>
        <extensions>
          <gpxtpx:TrackPointExtension>
            <gpxtpx:hr>175</gpxtpx:hr>
          </gpxtpx:TrackPointExtension>
        </extensions>
      </trkpt>
      <trkpt lat="32.068387373325926" lon="118.59430158746164">
        <ele>40.7</ele>
        <time>2026-08-21T23:54:19Z</time>
        <extensions>
          <gpxtpx:TrackPointExtension>
            <gpxtpx:hr>175</gpxtpx:hr>
          </gpxtpx:TrackPointExtension>
        </extensions>
      </trkpt>
      <trkpt lat="32.06840237861081" lon="118.59427458583698">
        <ele>40.7</ele>
        <time>2026-08-21T23:54:20Z</time>
        <extensions>
          <gpxtpx:TrackPointExtension>
            <gpxtpx:hr>175</gpxtpx:hr>
          </gpxtpx:TrackPointExtension>
        </extensions>
      </trkpt>
      <trkpt lat="32.06841938422849" lon="118.5942485840063">
        <ele>40.7</ele>
        <time>2026-08-21T23:54:21Z</time>
        <extensions>
          <gpxtpx:TrackPointExtension>
            <gpxtpx:hr>175</gpxtpx:hr>
          </gpxtpx:TrackPointExtension>
        </extensions>
      </trkpt>
      <trkpt lat="32.06843738989223" lon="118.59422458207715">
        <ele>40.7</ele>
        <time>2026-08-21T23:54:22Z</time>
        <extensions>
          <gpxtpx:TrackPointExtension>
            <gpxtpx:hr>175</gpxtpx:hr>
          </gpxtpx:TrackPointExtension>
        </extensions>
      </trkpt>
      <trkpt lat="32.06845639574934" lon="118.59420058002783">
        <ele>40.7</ele>
        <time>2026-08-21T23:54:23Z</time>
        <extensions>
          <gpxtpx:TrackPointExtension>
            <gpxtpx:hr>175</gpxtpx:hr>
          </gpxtpx:TrackPointExtension>
        </extensions>
      </trkpt>
      <trkpt lat="32.068475401511755" lon="118.59417757796435">
        <ele>40.7</ele>
        <time>2026-08-21T23:54:24Z</time>
        <extensions>
          <gpxtpx:TrackPointExtension>
            <gpxtpx:hr>175</gpxtpx:hr>
          </gpxtpx:TrackPointExtension>
        </extensions>
      </trkpt>
      <trkpt lat="32.068497408111924" lon="118.59415157555144">
        <ele>40.7</ele>
        <time>2026-08-21T23:54:25Z</time>
        <extensions>
          <gpxtpx:TrackPointExtension>
            <gpxtpx:hr>175</gpxtpx:hr>
          </gpxtpx:TrackPointExtension>
        </extensions>
      </trkpt>
      <trkpt lat="32.068517414110836" lon="118.59412757332049">
        <ele>40.7</ele>
        <time>2026-08-21T23:54:26Z</time>
        <extensions>
          <gpxtpx:TrackPointExtension>
            <gpxtpx:hr>175</gpxtpx:hr>
          </gpxtpx:TrackPointExtension>
        </extensions>
      </trkpt>
      <trkpt lat="32.06853842017047" lon="118.59410557100877">
        <ele>40.7</ele>
        <time>2026-08-21T23:54:27Z</time>
        <extensions>
          <gpxtpx:TrackPointExtension>
            <gpxtpx:hr>175</gpxtpx:hr>
          </gpxtpx:TrackPointExtension>
        </extensions>
      </trkpt>
      <trkpt lat="32.06856042636198" lon="118.59408456860243">
        <ele>40.8</ele>
        <time>2026-08-21T23:54:28Z</time>
        <extensions>
          <gpxtpx:TrackPointExtension>
            <gpxtpx:hr>176</gpxtpx:hr>
          </gpxtpx:TrackPointExtension>
        </extensions>
      </trkpt>
      <trkpt lat="32.068579431490676" lon="118.59406956657344">
        <ele>40.8</ele>
        <time>2026-08-21T23:54:29Z</time>
        <extensions>
          <gpxtpx:TrackPointExtension>
            <gpxtpx:hr>176</gpxtpx:hr>
          </gpxtpx:TrackPointExtension>
        </extensions>
      </trkpt>
      <trkpt lat="32.068601437136714" lon="118.5940565643069">
        <ele>40.8</ele>
        <time>2026-08-21T23:54:30Z</time>
        <extensions>
          <gpxtpx:TrackPointExtension>
            <gpxtpx:hr>176</gpxtpx:hr>
          </gpxtpx:TrackPointExtension>
        </extensions>
      </trkpt>
      <trkpt lat="32.06862944414997" lon="118.59404256146799">
        <ele>40.8</ele>
        <time>2026-08-21T23:54:31Z</time>
        <extensions>
          <gpxtpx:TrackPointExtension>
            <gpxtpx:hr>176</gpxtpx:hr>
          </gpxtpx:TrackPointExtension>
        </extensions>
      </trkpt>
      <trkpt lat="32.068654450435886" lon="118.5940295589128">
        <ele>40.8</ele>
        <time>2026-08-21T23:54:32Z</time>
        <extensions>
          <gpxtpx:TrackPointExtension>
            <gpxtpx:hr>176</gpxtpx:hr>
          </gpxtpx:TrackPointExtension>
        </extensions>
      </trkpt>
      <trkpt lat="32.06867845649572" lon="118.59401655643886">
        <ele>40.9</ele>
        <time>2026-08-21T23:54:33Z</time>
        <extensions>
          <gpxtpx:TrackPointExtension>
            <gpxtpx:hr>174</gpxtpx:hr>
          </gpxtpx:TrackPointExtension>
        </extensions>
      </trkpt>
      <trkpt lat="32.06870346276649" lon="118.59400355386599">
        <ele>40.9</ele>
        <time>2026-08-21T23:54:34Z</time>
        <extensions>
          <gpxtpx:TrackPointExtension>
            <gpxtpx:hr>174</gpxtpx:hr>
          </gpxtpx:TrackPointExtension>
        </extensions>
      </trkpt>
      <trkpt lat="32.06872846890697" lon="118.59399255133549">
        <ele>40.9</ele>
        <time>2026-08-21T23:54:35Z</time>
        <extensions>
          <gpxtpx:TrackPointExtension>
            <gpxtpx:hr>174</gpxtpx:hr>
          </gpxtpx:TrackPointExtension>
        </extensions>
      </trkpt>
      <trkpt lat="32.068754475077455" lon="118.59398454878671">
        <ele>40.9</ele>
        <time>2026-08-21T23:54:36Z</time>
        <extensions>
          <gpxtpx:TrackPointExtension>
            <gpxtpx:hr>174</gpxtpx:hr>
          </gpxtpx:TrackPointExtension>
        </extensions>
      </trkpt>
      <trkpt lat="32.06877948090495" lon="118.59397854637734">
        <ele>40.9</ele>
        <time>2026-08-21T23:54:37Z</time>
        <extensions>
          <gpxtpx:TrackPointExtension>
            <gpxtpx:hr>174</gpxtpx:hr>
          </gpxtpx:TrackPointExtension>
        </extensions>
      </trkpt>
      <trkpt lat="32.06880848772552" lon="118.59397054355237">
        <ele>40.9</ele>
        <time>2026-08-21T23:54:38Z</time>
        <extensions>
          <gpxtpx:TrackPointExtension>
            <gpxtpx:hr>175</gpxtpx:hr>
          </gpxtpx:TrackPointExtension>
        </extensions>
      </trkpt>
      <trkpt lat="32.068835494166194" lon="118.59396154087713">
        <ele>40.9</ele>
        <time>2026-08-21T23:54:39Z</time>
        <extensions>
          <gpxtpx:TrackPointExtension>
            <gpxtpx:hr>175</gpxtpx:hr>
          </gpxtpx:TrackPointExtension>
        </extensions>
      </trkpt>
      <trkpt lat="32.06886050022585" lon="118.5939515383502">
        <ele>40.9</ele>
        <time>2026-08-21T23:54:40Z</time>
        <extensions>
          <gpxtpx:TrackPointExtension>
            <gpxtpx:hr>175</gpxtpx:hr>
          </gpxtpx:TrackPointExtension>
        </extensions>
      </trkpt>
      <trkpt lat="32.06888650655854" lon="118.59394053569967">
        <ele>40.9</ele>
        <time>2026-08-21T23:54:41Z</time>
        <extensions>
          <gpxtpx:TrackPointExtension>
            <gpxtpx:hr>175</gpxtpx:hr>
          </gpxtpx:TrackPointExtension>
        </extensions>
      </trkpt>
      <trkpt lat="32.06891151278454" lon="118.59392753307515">
        <ele>40.9</ele>
        <time>2026-08-21T23:54:42Z</time>
        <extensions>
          <gpxtpx:TrackPointExtension>
            <gpxtpx:hr>175</gpxtpx:hr>
          </gpxtpx:TrackPointExtension>
        </extensions>
      </trkpt>
      <trkpt lat="32.06893451862409" lon="118.59391353059232">
        <ele>41.1</ele>
        <time>2026-08-21T23:54:43Z</time>
        <extensions>
          <gpxtpx:TrackPointExtension>
            <gpxtpx:hr>175</gpxtpx:hr>
          </gpxtpx:TrackPointExtension>
        </extensions>
      </trkpt>
      <trkpt lat="32.06895752462677" lon="118.59389652800778">
        <ele>41.1</ele>
        <time>2026-08-21T23:54:44Z</time>
        <extensions>
          <gpxtpx:TrackPointExtension>
            <gpxtpx:hr>175</gpxtpx:hr>
          </gpxtpx:TrackPointExtension>
        </extensions>
      </trkpt>
      <trkpt lat="32.06898253110994" lon="118.59387852519643">
        <ele>41.1</ele>
        <time>2026-08-21T23:54:45Z</time>
        <extensions>
          <gpxtpx:TrackPointExtension>
            <gpxtpx:hr>175</gpxtpx:hr>
          </gpxtpx:TrackPointExtension>
        </extensions>
      </trkpt>
      <trkpt lat="32.06901053828958" lon="118.59385952206534">
        <ele>41.1</ele>
        <time>2026-08-21T23:54:46Z</time>
        <extensions>
          <gpxtpx:TrackPointExtension>
            <gpxtpx:hr>175</gpxtpx:hr>
          </gpxtpx:TrackPointExtension>
        </extensions>
      </trkpt>
      <trkpt lat="32.069034544470014" lon="118.59384251934267">
        <ele>41.1</ele>
        <time>2026-08-21T23:54:47Z</time>
        <extensions>
          <gpxtpx:TrackPointExtension>
            <gpxtpx:hr>175</gpxtpx:hr>
          </gpxtpx:TrackPointExtension>
        </extensions>
      </trkpt>
      <trkpt lat="32.06905655025498" lon="118.59382451675077">
        <ele>41.3</ele>
        <time>2026-08-21T23:54:48Z</time>
        <extensions>
          <gpxtpx:TrackPointExtension>
            <gpxtpx:hr>175</gpxtpx:hr>
          </gpxtpx:TrackPointExtension>
        </extensions>
      </trkpt>
      <trkpt lat="32.069077555913736" lon="118.59380451416139">
        <ele>41.3</ele>
        <time>2026-08-21T23:54:49Z</time>
        <extensions>
          <gpxtpx:TrackPointExtension>
            <gpxtpx:hr>175</gpxtpx:hr>
          </gpxtpx:TrackPointExtension>
        </extensions>
      </trkpt>
      <trkpt lat="32.06909556084742" lon="118.59378551185779">
        <ele>41.3</ele>
        <time>2026-08-21T23:54:50Z</time>
        <extensions>
          <gpxtpx:TrackPointExtension>
            <gpxtpx:hr>175</gpxtpx:hr>
          </gpxtpx:TrackPointExtension>
        </extensions>
      </trkpt>
      <trkpt lat="32.069113565971065" lon="118.59376250938539">
        <ele>41.3</ele>
        <time>2026-08-21T23:54:51Z</time>
        <extensions>
          <gpxtpx:TrackPointExtension>
            <gpxtpx:hr>175</gpxtpx:hr>
          </gpxtpx:TrackPointExtension>
        </extensions>
      </trkpt>
      <trkpt lat="32.06913257144074" lon="118.59373650667864">
        <ele>41.3</ele>
        <time>2026-08-21T23:54:52Z</time>
        <extensions>
          <gpxtpx:TrackPointExtension>
            <gpxtpx:hr>175</gpxtpx:hr>
          </gpxtpx:TrackPointExtension>
        </extensions>
      </trkpt>
      <trkpt lat="32.06914857602896" lon="118.59371450436758">
        <ele>41.3</ele>
        <time>2026-08-21T23:54:53Z</time>
        <extensions>
          <gpxtpx:TrackPointExtension>
            <gpxtpx:hr>175</gpxtpx:hr>
          </gpxtpx:TrackPointExtension>
        </extensions>
      </trkpt>
      <trkpt lat="32.069166581225545" lon="118.5936885016856">
        <ele>41.3</ele>
        <time>2026-08-21T23:54:54Z</time>
        <extensions>
          <gpxtpx:TrackPointExtension>
            <gpxtpx:hr>175</gpxtpx:hr>
          </gpxtpx:TrackPointExtension>
        </extensions>
      </trkpt>
      <trkpt lat="32.069183586221115" lon="118.5936614990155">
        <ele>41.3</ele>
        <time>2026-08-21T23:54:55Z</time>
        <extensions>
          <gpxtpx:TrackPointExtension>
            <gpxtpx:hr>175</gpxtpx:hr>
          </gpxtpx:TrackPointExtension>
        </extensions>
      </trkpt>
      <trkpt lat="32.069199591012136" lon="118.59363349635302">
        <ele>41.3</ele>
        <time>2026-08-21T23:54:56Z</time>
        <extensions>
          <gpxtpx:TrackPointExtension>
            <gpxtpx:hr>175</gpxtpx:hr>
          </gpxtpx:TrackPointExtension>
        </extensions>
      </trkpt>
      <trkpt lat="32.069214595594964" lon="118.59360449369377">
        <ele>41.3</ele>
        <time>2026-08-21T23:54:57Z</time>
        <extensions>
          <gpxtpx:TrackPointExtension>
            <gpxtpx:hr>175</gpxtpx:hr>
          </gpxtpx:TrackPointExtension>
        </extensions>
      </trkpt>
      <trkpt lat="32.06922860005201" lon="118.59357249093826">
        <ele>41.4</ele>
        <time>2026-08-21T23:54:58Z</time>
        <extensions>
          <gpxtpx:TrackPointExtension>
            <gpxtpx:hr>176</gpxtpx:hr>
          </gpxtpx:TrackPointExtension>
        </extensions>
      </trkpt>
      <trkpt lat="32.06924260442253" lon="118.59354148817826">
        <ele>41.4</ele>
        <time>2026-08-21T23:54:59Z</time>
        <extensions>
          <gpxtpx:TrackPointExtension>
            <gpxtpx:hr>176</gpxtpx:hr>
          </gpxtpx:TrackPointExtension>
        </extensions>
      </trkpt>
      <trkpt lat="32.06925660871058" lon="118.59351148541869">
        <ele>41.4</ele>
        <time>2026-08-21T23:55:00Z</time>
        <extensions>
          <gpxtpx:TrackPointExtension>
            <gpxtpx:hr>176</gpxtpx:hr>
          </gpxtpx:TrackPointExtension>
        </extensions>
      </trkpt>
      <trkpt lat="32.06927161337239" lon="118.59347648225972">
        <ele>41.4</ele>
        <time>2026-08-21T23:55:01Z</time>
        <extensions>
          <gpxtpx:TrackPointExtension>
            <gpxtpx:hr>176</gpxtpx:hr>
          </gpxtpx:TrackPointExtension>
        </extensions>
      </trkpt>
      <trkpt lat="32.069282617032556" lon="118.59344347950567">
        <ele>41.4</ele>
        <time>2026-08-21T23:55:02Z</time>
        <extensions>
          <gpxtpx:TrackPointExtension>
            <gpxtpx:hr>176</gpxtpx:hr>
          </gpxtpx:TrackPointExtension>
        </extensions>
      </trkpt>
      <trkpt lat="32.06929262046267" lon="118.5934094767286">
        <ele>41.5</ele>
        <time>2026-08-21T23:55:03Z</time>
        <extensions>
          <gpxtpx:TrackPointExtension>
            <gpxtpx:hr>176</gpxtpx:hr>
          </gpxtpx:TrackPointExtension>
        </extensions>
      </trkpt>
      <trkpt lat="32.0693026238766" lon="118.59337447383305">
        <ele>41.5</ele>
        <time>2026-08-21T23:55:04Z</time>
        <extensions>
          <gpxtpx:TrackPointExtension>
            <gpxtpx:hr>176</gpxtpx:hr>
          </gpxtpx:TrackPointExtension>
        </extensions>
      </trkpt>
      <trkpt lat="32.06930962638397" lon="118.5933454715011">
        <ele>41.5</ele>
        <time>2026-08-21T23:55:05Z</time>
        <extensions>
          <gpxtpx:TrackPointExtension>
            <gpxtpx:hr>176</gpxtpx:hr>
          </gpxtpx:TrackPointExtension>
        </extensions>
      </trkpt>
      <trkpt lat="32.06931562879499" lon="118.59331146890979">
        <ele>41.5</ele>
        <time>2026-08-21T23:55:06Z</time>
        <extensions>
          <gpxtpx:TrackPointExtension>
            <gpxtpx:hr>176</gpxtpx:hr>
          </gpxtpx:TrackPointExtension>
        </extensions>
      </trkpt>
      <trkpt lat="32.06932263161352" lon="118.59326946566216">
        <ele>41.5</ele>
        <time>2026-08-21T23:55:07Z</time>
        <extensions>
          <gpxtpx:TrackPointExtension>
            <gpxtpx:hr>176</gpxtpx:hr>
          </gpxtpx:TrackPointExtension>
        </extensions>
      </trkpt>
      <trkpt lat="32.0693286340524" lon="118.59323046260872">
        <ele>41.5</ele>
        <time>2026-08-21T23:55:08Z</time>
        <extensions>
          <gpxtpx:TrackPointExtension>
            <gpxtpx:hr>176</gpxtpx:hr>
          </gpxtpx:TrackPointExtension>
        </extensions>
      </trkpt>
      <trkpt lat="32.06933163563728" lon="118.59319646008264">
        <ele>41.5</ele>
        <time>2026-08-21T23:55:09Z</time>
        <extensions>
          <gpxtpx:TrackPointExtension>
            <gpxtpx:hr>176</gpxtpx:hr>
          </gpxtpx:TrackPointExtension>
        </extensions>
      </trkpt>
      <trkpt lat="32.0693346370707" lon="118.59316645777157">
        <ele>41.5</ele>
        <time>2026-08-21T23:55:10Z</time>
        <extensions>
          <gpxtpx:TrackPointExtension>
            <gpxtpx:hr>176</gpxtpx:hr>
          </gpxtpx:TrackPointExtension>
        </extensions>
      </trkpt>
      <trkpt lat="32.069336638341966" lon="118.59313245522142">
        <ele>41.5</ele>
        <time>2026-08-21T23:55:11Z</time>
        <extensions>
          <gpxtpx:TrackPointExtension>
            <gpxtpx:hr>176</gpxtpx:hr>
          </gpxtpx:TrackPointExtension>
        </extensions>
      </trkpt>
      <trkpt lat="32.06933763934428" lon="118.59309845270072">
        <ele>41.5</ele>
        <time>2026-08-21T23:55:12Z</time>
        <extensions>
          <gpxtpx:TrackPointExtension>
            <gpxtpx:hr>176</gpxtpx:hr>
          </gpxtpx:TrackPointExtension>
        </extensions>
      </trkpt>
      <trkpt lat="32.06933663988017" lon="118.59306345022534">
        <ele>41.3</ele>
        <time>2026-08-21T23:55:13Z</time>
        <extensions>
          <gpxtpx:TrackPointExtension>
            <gpxtpx:hr>178</gpxtpx:hr>
          </gpxtpx:TrackPointExtension>
        </extensions>
      </trkpt>
      <trkpt lat="32.069333639925766" lon="118.59302844786589">
        <ele>41.3</ele>
        <time>2026-08-21T23:55:14Z</time>
        <extensions>
          <gpxtpx:TrackPointExtension>
            <gpxtpx:hr>178</gpxtpx:hr>
          </gpxtpx:TrackPointExtension>
        </extensions>
      </trkpt>
      <trkpt lat="32.069329639699376" lon="118.59299344553222">
        <ele>41.3</ele>
        <time>2026-08-21T23:55:15Z</time>
        <extensions>
          <gpxtpx:TrackPointExtension>
            <gpxtpx:hr>178</gpxtpx:hr>
          </gpxtpx:TrackPointExtension>
        </extensions>
      </trkpt>
      <trkpt lat="32.06932563943542" lon="118.59295744305444">
        <ele>41.3</ele>
        <time>2026-08-21T23:55:16Z</time>
        <extensions>
          <gpxtpx:TrackPointExtension>
            <gpxtpx:hr>178</gpxtpx:hr>
          </gpxtpx:TrackPointExtension>
        </extensions>
      </trkpt>
      <trkpt lat="32.06931963869257" lon="118.59292044060713">
        <ele>41.3</ele>
        <time>2026-08-21T23:55:17Z</time>
        <extensions>
          <gpxtpx:TrackPointExtension>
            <gpxtpx:hr>178</gpxtpx:hr>
          </gpxtpx:TrackPointExtension>
        </extensions>
      </trkpt>
      <trkpt lat="32.06931263769706" lon="118.59288143801055">
        <ele>41.1</ele>
        <time>2026-08-21T23:55:18Z</time>
        <extensions>
          <gpxtpx:TrackPointExtension>
            <gpxtpx:hr>177</gpxtpx:hr>
          </gpxtpx:TrackPointExtension>
        </extensions>
      </trkpt>
      <trkpt lat="32.06930563656748" lon="118.59284843584805">
        <ele>41.1</ele>
        <time>2026-08-21T23:55:19Z</time>
        <extensions>
          <gpxtpx:TrackPointExtension>
            <gpxtpx:hr>177</gpxtpx:hr>
          </gpxtpx:TrackPointExtension>
        </extensions>
      </trkpt>
      <trkpt lat="32.06929663497323" lon="118.59281343363398">
        <ele>41.1</ele>
        <time>2026-08-21T23:55:20Z</time>
        <extensions>
          <gpxtpx:TrackPointExtension>
            <gpxtpx:hr>177</gpxtpx:hr>
          </gpxtpx:TrackPointExtension>
        </extensions>
      </trkpt>
      <trkpt lat="32.06928463268674" lon="118.59277643144733">
        <ele>41.1</ele>
        <time>2026-08-21T23:55:21Z</time>
        <extensions>
          <gpxtpx:TrackPointExtension>
            <gpxtpx:hr>177</gpxtpx:hr>
          </gpxtpx:TrackPointExtension>
        </extensions>
      </trkpt>
      <trkpt lat="32.06927263030672" lon="118.59274442964428">
        <ele>41.1</ele>
        <time>2026-08-21T23:55:22Z</time>
        <extensions>
          <gpxtpx:TrackPointExtension>
            <gpxtpx:hr>177</gpxtpx:hr>
          </gpxtpx:TrackPointExtension>
        </extensions>
      </trkpt>
      <trkpt lat="32.06925762723212" lon="118.59271142796501">
        <ele>41.0</ele>
        <time>2026-08-21T23:55:23Z</time>
        <extensions>
          <gpxtpx:TrackPointExtension>
            <gpxtpx:hr>173</gpxtpx:hr>
          </gpxtpx:TrackPointExtension>
        </extensions>
      </trkpt>
      <trkpt lat="32.06924162389132" lon="118.5926784263186">
        <ele>41.0</ele>
        <time>2026-08-21T23:55:24Z</time>
        <extensions>
          <gpxtpx:TrackPointExtension>
            <gpxtpx:hr>173</gpxtpx:hr>
          </gpxtpx:TrackPointExtension>
        </extensions>
      </trkpt>
      <trkpt lat="32.06922261984517" lon="118.59264642498138">
        <ele>41.0</ele>
        <time>2026-08-21T23:55:25Z</time>
        <extensions>
          <gpxtpx:TrackPointExtension>
            <gpxtpx:hr>173</gpxtpx:hr>
          </gpxtpx:TrackPointExtension>
        </extensions>
      </trkpt>
      <trkpt lat="32.06920061509999" lon="118.5926134237628">
        <ele>41.0</ele>
        <time>2026-08-21T23:55:26Z</time>
        <extensions>
          <gpxtpx:TrackPointExtension>
            <gpxtpx:hr>173</gpxtpx:hr>
          </gpxtpx:TrackPointExtension>
        </extensions>
      </trkpt>
      <trkpt lat="32.06918261118208" lon="118.59258842292164">
        <ele>41.0</ele>
        <time>2026-08-21T23:55:27Z</time>
        <extensions>
          <gpxtpx:TrackPointExtension>
            <gpxtpx:hr>173</gpxtpx:hr>
          </gpxtpx:TrackPointExtension>
        </extensions>
      </trkpt>
      <trkpt lat="32.06916560745824" lon="118.59256642225873">
        <ele>40.9</ele>
        <time>2026-08-21T23:55:28Z</time>
        <extensions>
          <gpxtpx:TrackPointExtension>
            <gpxtpx:hr>173</gpxtpx:hr>
          </gpxtpx:TrackPointExtension>
        </extensions>
      </trkpt>
      <trkpt lat="32.069142602392404" lon="118.59253942160285">
        <ele>40.9</ele>
        <time>2026-08-21T23:55:29Z</time>
        <extensions>
          <gpxtpx:TrackPointExtension>
            <gpxtpx:hr>173</gpxtpx:hr>
          </gpxtpx:TrackPointExtension>
        </extensions>
      </trkpt>
      <trkpt lat="32.06911859707259" lon="118.59251142089552">
        <ele>40.9</ele>
        <time>2026-08-21T23:55:30Z</time>
        <extensions>
          <gpxtpx:TrackPointExtension>
            <gpxtpx:hr>173</gpxtpx:hr>
          </gpxtpx:TrackPointExtension>
        </extensions>
      </trkpt>
      <trkpt lat="32.069093591518104" lon="118.59248742065544">
        <ele>40.9</ele>
        <time>2026-08-21T23:55:31Z</time>
        <extensions>
          <gpxtpx:TrackPointExtension>
            <gpxtpx:hr>173</gpxtpx:hr>
          </gpxtpx:TrackPointExtension>
        </extensions>
      </trkpt>
      <trkpt lat="32.069068585949125" lon="118.59246542059645">
        <ele>40.9</ele>
        <time>2026-08-21T23:55:32Z</time>
        <extensions>
          <gpxtpx:TrackPointExtension>
            <gpxtpx:hr>173</gpxtpx:hr>
          </gpxtpx:TrackPointExtension>
        </extensions>
      </trkpt>
      <trkpt lat="32.069043580358674" lon="118.59244342051198">
        <ele>40.9</ele>
        <time>2026-08-21T23:55:33Z</time>
        <extensions>
          <gpxtpx:TrackPointExtension>
            <gpxtpx:hr>173</gpxtpx:hr>
          </gpxtpx:TrackPointExtension>
        </extensions>
      </trkpt>
      <trkpt lat="32.06901757453573" lon="118.59242242060009">
        <ele>40.9</ele>
        <time>2026-08-21T23:55:34Z</time>
        <extensions>
          <gpxtpx:TrackPointExtension>
            <gpxtpx:hr>173</gpxtpx:hr>
          </gpxtpx:TrackPointExtension>
        </extensions>
      </trkpt>
      <trkpt lat="32.06899056849123" lon="118.59240342097301">
        <ele>40.9</ele>
        <time>2026-08-21T23:55:35Z</time>
        <extensions>
          <gpxtpx:TrackPointExtension>
            <gpxtpx:hr>173</gpxtpx:hr>
          </gpxtpx:TrackPointExtension>
        </extensions>
      </trkpt>
      <trkpt lat="32.06896256221222" lon="118.59238442141704">
        <ele>40.9</ele>
        <time>2026-08-21T23:55:36Z</time>
      </trkpt>
      <trkpt lat="32.068934555956176" lon="118.5923694222853">
        <ele>40.9</ele>
        <time>2026-08-21T23:55:37Z</time>
      </trkpt>
      <trkpt lat="32.06891155082316" lon="118.59235842313674">
        <ele>40.9</ele>
        <time>2026-08-21T23:55:38Z</time>
      </trkpt>
      <trkpt lat="32.068904549263436" lon="118.59235542343337">
        <ele>40.9</ele>
        <time>2026-08-21T23:55:39Z</time>
      </trkpt>
    </trkseg>
  </trk>
</gpx>